all_awardings,associated_award,author,author_flair_background_color,author_flair_css_class,author_flair_richtext,author_flair_template_id,author_flair_text,author_flair_text_color,author_flair_type,author_fullname,author_patreon_flair,author_premium,awarders,body,collapsed_because_crowd_control,comment_type,created_utc,gildings,id,is_submitter,link_id,locked,no_follow,parent_id,permalink,retrieved_on,score,send_replies,stickied,subreddit,subreddit_id,top_awarded_type,total_awards_received,treatment_tags,author_cakeday
[],,DailyFrance69,#373c3f,,"[{'e': 'text', 't': 'Anarchist'}]",a8c9bc54-a6c7-11e9-b652-0e5542c49646,Anarchist,light,richtext,t2_glpz7,False,False,[],"&gt;It's insane to rationalize it as fair just because it disproportionately applies to more successful families.

No, it's insane to rationalize that just because your daddy is rich, you deserve to be rich too.

Everyone should earn their own living. No handouts.",,,1624449562,{},h2rbnrb,False,t3_nowina,False,True,t1_h0266k9,/r/Libertarian/comments/nowina/least_to_most_evil_taxes/h2rbnrb/,1624741162,0,False,False,Libertarian,t5_2qh63,,0,[],
[],,lardbeetle,#f3c817,,"[{'e': 'text', 't': 'Social Libertarian'}]",a1c701c6-1d82-11e2-a5e0-12313b0ce1e2,Social Libertarian,dark,richtext,t2_2ev0oxip,False,False,[],"Is it?

I have no idea why you care so much about this, what you think it will prove, or what your point even is.  The entire scientific community is very skeptical of the lab leak conspiracy theory and for very good reason.  His letter was and is factually accurate, and was well sourced with legitimate scientific data.

Failure to disclose a funding relationship is a slap on the wrist thing, and dozens of authors were involved in the drafting of that letter, whose conclusions have been independently confirmed by multiple research sources.

It's time for you to just move on.  Maybe he didn't properly disclose a tenuous conflict.  Maybe not.  I really don't give a fuck, because I'm not the Lancet and I'm not his boss, and what he said was still correct.",,,1624449559,{},h2rbnmw,False,t3_o60ebf,False,True,t1_h2rb6js,/r/Libertarian/comments/o60ebf/peter_daszak_recuses_himself_from_covid/h2rbnmw/,1624741160,2,True,False,Libertarian,t5_2qh63,,0,[],
[],,pennywise1235,,,[],,,,text,t2_165pqw,False,False,[],"This. And there’s only so many hours in the day, what with issues like critical race theory, Juneteenth, police and public disconnect, the housing and student loan markets about to implode, a Congress and senate that couldn’t be move divided, taxes tend to fall to the way side. They should be a priority, but that’s life.",,,1624449447,{},h2rbhyf,False,t3_o61153,False,False,t1_h2qd5u4,/r/Libertarian/comments/o61153/how_are_people_not_rioting_in_the_streets_about/h2rbhyf/,1624741072,6,True,False,Libertarian,t5_2qh63,,0,[],
[],,SeamlessR,,,[],,,,text,t2_8nag9,False,False,[],"Because they like the civilization they get for it. 

Also: USD is effectively monopoly money that is only valuable within the system supported and ran by the US government. 

I dont understand how, if you want to have your money, you're also on board with destabilizing your money's stability by way of short circuiting the country that develops it. 

I also don't understand how you can like money, want money, but not agree and accept all of the rules about how where and when that money works, which were the rules the money lived under that made it so awesome for you to want it in the first place. 

Capitalism thrives under stability. Maybe don't rock the boat if you like money.",,,1624449390,{},h2rbf2f,False,t3_o61153,False,False,t3_o61153,/r/Libertarian/comments/o61153/how_are_people_not_rioting_in_the_streets_about/h2rbf2f/,1624741027,1,False,False,Libertarian,t5_2qh63,,0,[],
[],,Basdad,,,[],,,,text,t2_h5673,False,False,[],"Sometimes they do, sometimes they don’t.",,,1624449370,{},h2rbe51,False,t3_o5p2t0,False,False,t3_o5p2t0,/r/Libertarian/comments/o5p2t0/colorado_court_slaps_baker_with_fine_for_refusing/h2rbe51/,1624741013,1,True,False,Libertarian,t5_2qh63,,0,[],True
[],,Doc_Holiday426,#f3c817,,"[{'e': 'text', 't': 'Anarcho Capitalist'}]",1a2345da-1cf2-11e2-8c00-12313b0ce1e2,Anarcho Capitalist,dark,richtext,t2_2rah0xa5,False,False,[],It’s sad that the bbc has to report on this because the US media doesn’t want their boy to look bad,,,1624449366,{},h2rbdwk,False,t3_o67sxp,False,False,t3_o67sxp,/r/Libertarian/comments/o67sxp/bidens_border_reforms_are_such_a_great_change/h2rbdwk/,1624741009,4,True,False,Libertarian,t5_2qh63,,0,[],
[],,ReasonReader,,,"[{'e': 'text', 't': 'Hard Line Libertarian'}]",,Hard Line Libertarian,dark,richtext,t2_95qh5,False,False,[],"Fuck off, slaver.  He has no moral obligation to obey the malicious litigant's demands.",,,1624449219,{},h2rb6lj,False,t3_o5p2t0,False,True,t1_h2r6144,/r/Libertarian/comments/o5p2t0/colorado_court_slaps_baker_with_fine_for_refusing/h2rb6lj/,1624740894,1,True,False,Libertarian,t5_2qh63,,0,[],
[],,Ok-Principle-8412,,,[],,,,text,t2_9u1sobks,False,False,[],It was an investigation. Not a letter nor paper. This is even worse.,,,1624449218,{},h2rb6js,False,t3_o60ebf,False,True,t1_h2rb4g1,/r/Libertarian/comments/o60ebf/peter_daszak_recuses_himself_from_covid/h2rb6js/,1624740893,1,True,False,Libertarian,t5_2qh63,,0,[],
[],,Talon1312,,,[],,,,text,t2_7l3s0qt6,False,False,[],100% Indiana. That state must be governed by an evil corn hoarding dragon or something.,,,1624449213,{},h2rb6ao,False,t3_o61mzw,False,False,t1_h2qe64u,/r/Libertarian/comments/o61mzw/connecticut_becomes_19th_state_to_legalize/h2rb6ao/,1624740889,6,True,False,Libertarian,t5_2qh63,,0,[],
[],,57_guy,,,[],,,,text,t2_c8hf383d,False,False,[],"Welcome to america where people with opposing views use goverment to bash each other over the head.

I wish i could channel the spirit of GW or BF for just 5 minutes to get their take on what we have become.",,,1624449205,{},h2rb5ww,False,t3_o5r3tn,False,True,t3_o5r3tn,/r/Libertarian/comments/o5r3tn/trump_wanted_his_justice_department_to_stop_snl/h2rb5ww/,1624740883,1,True,False,Libertarian,t5_2qh63,,0,[],
[],,userleansbot,,,[],,,,text,t2_3a4fedhv,False,False,[],"Author: /u/userleansbot
___
Analysis of /u/AnikiRabbit's activity in political subreddits over past comments and submissions.

Account Created: 4 years, 3 months, 11 days ago

Summary: **leans (51.72%) libertarian, and still has a Hillary2016 sticker on their Prius**

 Subreddit|Lean|No. of comments|Total comment karma|Median words / comment|Pct with profanity|Avg comment grade level|No. of posts|Total post karma|Top 3 words used|
 :--|:--|:--|:--|:--|:--|:--|:--|:--|:--|:--|:--
[/r/politics](https://redditsearch.io/?term=&amp;dataviz=false&amp;aggs=false&amp;subreddits=politics&amp;searchtype=posts,comments&amp;search=true&amp;start=0&amp;end=1624447760&amp;size=1000&amp;authors=AnikiRabbit)|left|9|28|37|44.4%|9|0|0|like, people, everyone
[/r/shitstatistssay](https://redditsearch.io/?term=&amp;dataviz=false&amp;aggs=false&amp;subreddits=shitstatistssay&amp;searchtype=posts,comments&amp;search=true&amp;start=0&amp;end=1624447760&amp;size=1000&amp;authors=AnikiRabbit)|libertarian|13|30|38|23.1%|11|0|0|want, make, could

***
 ^(Bleep, bloop, I'm a bot trying to help inform political discussions on Reddit.) ^| [^About](https://np.reddit.com/user/userleansbot/comments/au1pva/faq_about_userleansbot/)
 ___",,,1624449195,{},h2rb5fx,False,t3_nh4bi3,False,True,t1_h2raivd,/r/Libertarian/comments/nh4bi3/libertarians_defend_the_right_of_every_person_to/h2rb5fx/,1624740875,1,True,False,Libertarian,t5_2qh63,,0,[],
[],,lardbeetle,#f3c817,,"[{'e': 'text', 't': 'Social Libertarian'}]",a1c701c6-1d82-11e2-a5e0-12313b0ce1e2,Social Libertarian,dark,richtext,t2_2ev0oxip,False,False,[],"That was a letter, not a paper",,,1624449175,{},h2rb4g1,False,t3_o60ebf,False,True,t1_h2r9tcg,/r/Libertarian/comments/o60ebf/peter_daszak_recuses_himself_from_covid/h2rb4g1/,1624740859,2,True,False,Libertarian,t5_2qh63,,0,[],
[],,Talon1312,,,[],,,,text,t2_7l3s0qt6,False,False,[],Lights joint in Tennessee (fuck the law),,,1624449171,{},h2rb49c,False,t3_o61mzw,False,False,t1_h2qngr5,/r/Libertarian/comments/o61mzw/connecticut_becomes_19th_state_to_legalize/h2rb49c/,1624740856,9,True,False,Libertarian,t5_2qh63,,0,[],
[],,TechnologicalFugue,,,[],,,,text,t2_7ietn0o3,False,False,[],Idk but it’s growing fast. And there is every chance that it radically alters the way people see themselves and the world in the coming century.,,,1624449157,{},h2rb3jf,False,t3_o61mzw,False,True,t1_h2qprlz,/r/Libertarian/comments/o61mzw/connecticut_becomes_19th_state_to_legalize/h2rb3jf/,1624740845,1,True,False,Libertarian,t5_2qh63,,0,[],
[],,theekevinbacon,#f3c817,,"[{'e': 'text', 't': 'Capitalist'}]",4ec845f8-1f78-11e9-b161-0eeba41dde20,Capitalist,dark,richtext,t2_cubye,False,False,[],Your $180k/year assistant superintendent of 3 elementary schools would like to talk...,,,1624449082,{},h2raztn,False,t3_o61153,False,False,t1_h2prxkq,/r/Libertarian/comments/o61153/how_are_people_not_rioting_in_the_streets_about/h2raztn/,1624740787,5,True,False,Libertarian,t5_2qh63,,0,[],
[],,kingdomsaint,,,[],,,,text,t2_2or848sd,False,False,[],"As you think, so you behave.",,,1624449011,{},h2raw76,False,t3_o4m7yc,False,True,t1_h2qju2g,/r/Libertarian/comments/o4m7yc/the_libertarian_party_is_officially_seen_as_an/h2raw76/,1624740732,1,True,False,Libertarian,t5_2qh63,,0,[],
[],,HAIKU_4_YOUR_GW_PICS,,,[],,,,text,t2_s90ce4q,False,False,[],"It’s the fact it is presumably not transparent at the point of sale. They can have multiple web pages devoted it to, but if you’re not on the website and it also isn’t listed at the point of sale, you can be caught off guard. If a price says $5.99, you probably expect to pay a little over $6 with tax, but tax is also set by state and locality and is common knowledge to all citizens. A particular business dropping an extra $2 at the point of sale for an equity fee I’d say is hardly transparent unless it is clearly marked.",,,1624449001,{},h2ravoq,False,t3_o5qetj,False,True,t1_h2p2je5,/r/Libertarian/comments/o5qetj/restaurants_are_now_adding_equity_charges_to/h2ravoq/,1624740725,0,True,False,Libertarian,t5_2qh63,,0,[],
[],,theekevinbacon,#f3c817,,"[{'e': 'text', 't': 'Capitalist'}]",4ec845f8-1f78-11e9-b161-0eeba41dde20,Capitalist,dark,richtext,t2_cubye,False,False,[],"I understand what these taxes pay for, but what boils my blood is when you see the budget breakdown for the organizations that are paid for with them.  

Specifically PDs, School systems, and Municipalities having their budgets driven up with certified vendor purchasing, poor planning, and the most common...administration staffing. 

Working in government opened my eyes to the fact that it could honestly be run at 60% of the existing budget in many organizations, so when I pay 10k/year in taxes, knowing it could be 6k in a ""perfect"" world, the blood pressure goes up.",,,1624448990,{},h2rav5d,False,t3_o61153,False,True,t3_o61153,/r/Libertarian/comments/o61153/how_are_people_not_rioting_in_the_streets_about/h2rav5d/,1624740716,1,True,False,Libertarian,t5_2qh63,,0,[],
[],,Agitated_Ad_4359,,,[],,,,text,t2_8xsnag9o,False,False,[],It's literal slavery,,,1624448974,{},h2rauak,False,t3_o60vah,False,True,t3_o60vah,/r/Libertarian/comments/o60vah/how_do_yall_feel_about_jury_duty/h2rauak/,1624740703,1,True,False,Libertarian,t5_2qh63,,0,[],
[],,7hunderous,,,[],,,,text,t2_7gmvx,False,False,[],"I mean your certainly allowed to come to your own conclusion, but he did provide an unedited version of the stream to include sound checks.

https://youtu.be/ZnlC6OgiONM",,,1624448962,{},h2ratq1,False,t3_o5f7up,False,True,t1_h2qcv8t,/r/Libertarian/comments/o5f7up/steven_crowder_throws_a_fit_and_runs_away_from_a/h2ratq1/,1624740695,2,True,False,Libertarian,t5_2qh63,,0,[],
[],,neutral-chaotic,,,[],,,,text,t2_7dwc4s1s,False,False,[],"thank you! Like most things I find the answer to generally be down the middle.

&gt; as some school districts push to be less strict with finding correct answers in math and science with minority students...

Yeah that’s not doing them any favors.",,,1624448900,{},h2raqmk,False,t3_o5xf7p,False,True,t1_h2r968s,/r/Libertarian/comments/o5xf7p/what_is_a_libertarian/h2raqmk/,1624740647,1,True,False,Libertarian,t5_2qh63,,0,[],
[],,cosmicmangobear,#0dd3bb,,"[{'e': 'text', 't': 'Dignitarian'}]",d5a8eef8-6e8e-11eb-90f5-0e288e16a72d,Dignitarian,dark,richtext,t2_5vx4zcoe,False,False,[],You're the one who is uninformed. Look up the right to refuse service.,,,1624448833,{},h2rando,False,t3_o5p2t0,False,True,t1_h2ra9q9,/r/Libertarian/comments/o5p2t0/colorado_court_slaps_baker_with_fine_for_refusing/h2rando/,1624740596,2,True,False,Libertarian,t5_2qh63,,0,[],
[],,CaydestOfSixes,#f3c817,,"[{'e': 'text', 't': 'PaleoLibertarian'}]",a1c701c6-1d82-11e2-a5e0-12313b0ce1e2,PaleoLibertarian,dark,richtext,t2_4miytuc7,False,False,[],"It’s not my job to figure why things go against his beliefs, ask him yourself.",,,1624448813,{},h2ramd3,False,t3_o5p2t0,False,False,t1_h2r942p,/r/Libertarian/comments/o5p2t0/colorado_court_slaps_baker_with_fine_for_refusing/h2ramd3/,1624740581,1,True,False,Libertarian,t5_2qh63,,0,[],
[],,CaydestOfSixes,#f3c817,,"[{'e': 'text', 't': 'PaleoLibertarian'}]",a1c701c6-1d82-11e2-a5e0-12313b0ce1e2,PaleoLibertarian,dark,richtext,t2_4miytuc7,False,False,[],"Yes, if the utility is private and not coerced by the state to provide service then they can deal with whomever they like. But that isn’t the case at hand, the state handed out a fine.",,,1624448783,{},h2rakvy,False,t3_o5p2t0,False,True,t1_h2r95f2,/r/Libertarian/comments/o5p2t0/colorado_court_slaps_baker_with_fine_for_refusing/h2rakvy/,1624740558,1,True,False,Libertarian,t5_2qh63,,0,[],
[],,Bobwinsit,,,[],,,,text,t2_362ad5f6,False,False,[],"The trap was set, and get who stepped in it? Lol",,,1624448760,{},h2rajrn,False,t3_o60m8v,False,True,t1_h2q4xoo,/r/Libertarian/comments/o60m8v/the_week_inflation_panic_died/h2rajrn/,1624740540,2,True,False,Libertarian,t5_2qh63,,0,[],
[],,AnikiRabbit,,,[],,,,text,t2_163qe6,False,False,[],u/userleansbot,,,1624448741,{},h2raivd,False,t3_nh4bi3,False,False,t1_gyzejn0,/r/Libertarian/comments/nh4bi3/libertarians_defend_the_right_of_every_person_to/h2raivd/,1624740527,1,True,False,Libertarian,t5_2qh63,,0,[],
[],,Defiant_Lock_3359,,,[],,,,text,t2_cr80xhk2,False,False,[],No they don't.  Not hard to believe all the uninformed libertarians in this sub.,,,1624448618,{},h2racxd,False,t3_o5p2t0,False,True,t1_h2r1bw3,/r/Libertarian/comments/o5p2t0/colorado_court_slaps_baker_with_fine_for_refusing/h2racxd/,1624740435,-1,True,False,Libertarian,t5_2qh63,,0,[],
[],,TheAzureMage,#f3c817,,"[{'e': 'text', 't': 'Libertarian Party'}]",0df7f9c6-1cf3-11e2-ad4c-12313b088941,Libertarian Party,dark,richtext,t2_fhhbtfe,False,False,[],"By rate, perhaps, but values in CA are very high. 

Identical homes in higher rate/lower COL area may still be lower in $/yr.",,,1624448566,{},h2raaca,False,t3_o61153,False,True,t1_h2qih0w,/r/Libertarian/comments/o61153/how_are_people_not_rioting_in_the_streets_about/h2raaca/,1624740394,3,True,False,Libertarian,t5_2qh63,,0,[],
[],,Defiant_Lock_3359,,,[],,,,text,t2_cr80xhk2,False,False,[],That's not true at all.  You are very uninformed about your country.,,,1624448553,{},h2ra9q9,False,t3_o5p2t0,False,True,t1_h2nutdl,/r/Libertarian/comments/o5p2t0/colorado_court_slaps_baker_with_fine_for_refusing/h2ra9q9/,1624740384,-3,True,False,Libertarian,t5_2qh63,,0,[],
[],,Defiant_Lock_3359,,,[],,,,text,t2_cr80xhk2,False,False,[],"Ridding ourselves of trumptards one case at a time.  

Just get a bunch of gay/black people to apply and get the store shut down legally and quickly.",,,1624448510,{},h2ra7mf,False,t3_o5p2t0,False,True,t3_o5p2t0,/r/Libertarian/comments/o5p2t0/colorado_court_slaps_baker_with_fine_for_refusing/h2ra7mf/,1624740352,0,True,False,Libertarian,t5_2qh63,,0,[],
[],,HAIKU_4_YOUR_GW_PICS,,,[],,,,text,t2_s90ce4q,False,False,[],"I’m in a similar boat to you. I’d personally consider myself a libertarian leaning conservative, although I’ve been called everything from a libcuck anarchist commie to a fascist. My guiding principal is generally live and let live. 10 libertarians (or libertarian adjacent folks) will likely give you 10 different definitions of what it means to be a libertarian, but generally speaking, it’s wanting the government to be limited to only its most basic, essential functions and allowing people to live their lives to the fullest and freest (so long as it doesn’t infringe on other’s rights). But because of that, you’ll also find some particularly strong disagreement and varied opinions on certain topics, like abortion (bodily autonomy versus the fundamental right to life), or UBI. Pretty universally, the ATF can go fuck itself, though.

I personally think an important aspect is to be an independent thinker on issues. Whatever your particular beliefs or philosophy, it should be a guiding principle, and not a definition of you. You don’t owe anyone an explanation for what you believe or how you vote.",,,1624448509,{},h2ra7le,False,t3_o5xf7p,False,True,t3_o5xf7p,/r/Libertarian/comments/o5xf7p/what_is_a_libertarian/h2ra7le/,1624740352,1,True,False,Libertarian,t5_2qh63,,0,[],
[],,GrandmaesterFlash45,,,[],,,,text,t2_3aiink58,False,False,[],No. Now I know we’ve went through exactly this before. I understand that you think it’s inconsistent and keep getting hung up on that. But I think I’ve explained why. That’s why I always prefer to err on the side of gov’t staying out of citizens business when possible.,,,1624448371,{},h2ra0y2,False,t3_o5p2t0,False,True,t1_h2r92vn,/r/Libertarian/comments/o5p2t0/colorado_court_slaps_baker_with_fine_for_refusing/h2ra0y2/,1624740248,1,True,False,Libertarian,t5_2qh63,,0,[],
[],,TheAzureMage,#f3c817,,"[{'e': 'text', 't': 'Libertarian Party'}]",0df7f9c6-1cf3-11e2-ad4c-12313b088941,Libertarian Party,dark,richtext,t2_fhhbtfe,False,False,[],"Corporations such as Black rock get infinite, nearly free money to buy homes. This pushes up prices, driving up average property taxes. As you get forced to sell, the gov taxes you on the inflationary ""gains"" and you get to rent from a company forever instead of owning.

It's robbery, just with the fig leaf of fiscal policy.",,,1624448353,{},h2ra03n,False,t3_o61153,False,False,t3_o61153,/r/Libertarian/comments/o61153/how_are_people_not_rioting_in_the_streets_about/h2ra03n/,1624740235,5,True,False,Libertarian,t5_2qh63,,0,[],
[],,thepopeshatisdumb,,,[],,,,text,t2_9pp7qp7h,False,False,[],"It is not a strawman fallacy. It is a generally accepted fact that no laws and more guns leads to more violence. If this is a strawman then what is the part I got wrong? What is the argument I switched? I am confident you don't know what the straw man fallacy is. 

No, you didn't. I said ""more guns and less rules means more violence"" you said 'no' I list reasons, you threaten to kill me. There is zero strawman. You proved the point that people with guns and no laws will try to kill people.

January 6th did happen. There is overwhelming evidence that it did and zero that it did not.


You are a lost cause. You are completely uneducated and don't know how to think critically. You did not go to college even though you are pretending to have several degrees (your stupid, creepy, racist post history is public)",,,1624448330,{},h2r9z0w,False,t3_o185n8,False,True,t1_h2p1ffe,/r/Libertarian/comments/o185n8/colonial_america_had_the_right_idea_of_what/h2r9z0w/,1624740219,1,True,False,Libertarian,t5_2qh63,,0,[],
[],,Defiant_Lock_3359,,,[],,,,text,t2_cr80xhk2,False,False,[],"Uhm, everyone wants to see him rot in prison or a grave.  Nobody is over that traitor.  They want justice.",,,1624448319,{},h2r9ygz,False,t3_o5r3tn,False,False,t1_h2pp9pm,/r/Libertarian/comments/o5r3tn/trump_wanted_his_justice_department_to_stop_snl/h2r9ygz/,1624740211,5,True,False,Libertarian,t5_2qh63,,0,[],
[],,Username69x420,,,[],,,,text,t2_9eb5fvao,False,False,[],Its an oxymoron moron,,,1624448301,{},h2r9xnk,False,t3_o5f7up,False,True,t1_h2qby1w,/r/Libertarian/comments/o5f7up/steven_crowder_throws_a_fit_and_runs_away_from_a/h2r9xnk/,1624740199,1,True,False,Libertarian,t5_2qh63,,0,[],
[],,Defiant_Lock_3359,,,[],,,,text,t2_cr80xhk2,False,False,[],He was obese though.,,,1624448275,{},h2r9wdk,False,t3_o5r3tn,False,True,t1_h2q1tpk,/r/Libertarian/comments/o5r3tn/trump_wanted_his_justice_department_to_stop_snl/h2r9wdk/,1624740178,1,True,False,Libertarian,t5_2qh63,,0,[],
[],,iamTHESunDevil,#f3c817,,"[{'e': 'text', 't': 'Minarchist'}]",25c6421c-1cf1-11e2-89d6-12313d051e91,Minarchist,dark,richtext,t2_zqdzb,False,False,[],The numbers are what they are..are you disputing the numbers?,,,1624448270,{},h2r9w5p,False,t3_o67sxp,False,True,t1_h2r985s,/r/Libertarian/comments/o67sxp/bidens_border_reforms_are_such_a_great_change/h2r9w5p/,1624740175,-4,True,False,Libertarian,t5_2qh63,,0,[],
[],,Defiant_Lock_3359,,,[],,,,text,t2_cr80xhk2,False,False,[],but those were brown people and we're libertarian.,,,1624448247,{},h2r9v3n,False,t3_o5r3tn,False,True,t1_h2ops69,/r/Libertarian/comments/o5r3tn/trump_wanted_his_justice_department_to_stop_snl/h2r9v3n/,1624740159,-1,True,False,Libertarian,t5_2qh63,,0,[],
[],,quixoticM3,,,[],,,,text,t2_fh1ux3s,False,False,[],They should be allowed to act irrationally.,,,1624448240,{},h2r9upz,False,t3_o5p2t0,False,True,t1_h2og9v3,/r/Libertarian/comments/o5p2t0/colorado_court_slaps_baker_with_fine_for_refusing/h2r9upz/,1624740153,0,True,False,Libertarian,t5_2qh63,,0,[],
[],,Ok-Principle-8412,,,[],,,,text,t2_9u1sobks,False,False,[],Each scientist at the end of every paper has to disclose their conflicts of interest. The issue is. He didn’t disclose his,,,1624448212,{},h2r9tcg,False,t3_o60ebf,False,True,t1_h2r1ifw,/r/Libertarian/comments/o60ebf/peter_daszak_recuses_himself_from_covid/h2r9tcg/,1624740133,0,True,False,Libertarian,t5_2qh63,,0,[],
[],,Defiant_Lock_3359,,,[],,,,text,t2_cr80xhk2,False,False,[],"Snowflake is gonna snowflake.  Authoritarianism because he's butthurt.  lmao

This is triggering all the trumptards that pretend they're libertarian.  This should be an hourly post.  We need to rid the world of those snowflakes.",,,1624448198,{},h2r9sox,False,t3_o5r3tn,False,True,t3_o5r3tn,/r/Libertarian/comments/o5r3tn/trump_wanted_his_justice_department_to_stop_snl/h2r9sox/,1624740123,2,True,False,Libertarian,t5_2qh63,,0,[],
[],,TheAzureMage,#f3c817,,"[{'e': 'text', 't': 'Libertarian Party'}]",0df7f9c6-1cf3-11e2-ad4c-12313b088941,Libertarian Party,dark,richtext,t2_fhhbtfe,False,False,[],"Yes.

It's even worse than that. Inflation is an invisible tax, and SS provides garbage returns to the average investor. You're basically subsidizing gov spending with your retirement money. And of course there's a raft of fees baked into driving, building things, etc.

For most people, it's closer to a 50 percent bite if you accounted for everything.",,,1624448114,{},h2r9ol5,False,t3_o61153,False,False,t1_h2qd5u4,/r/Libertarian/comments/o61153/how_are_people_not_rioting_in_the_streets_about/h2r9ol5/,1624740062,15,True,False,Libertarian,t5_2qh63,,0,[],
[],,Defiant_Lock_3359,,,[],,,,text,t2_cr80xhk2,False,False,[],"This is why libertarianism is fringe.  

Move to Alaska and live off the land the way libertarians are supposed to, pussy.",,,1624448109,{},h2r9oc1,False,t3_o61153,False,True,t3_o61153,/r/Libertarian/comments/o61153/how_are_people_not_rioting_in_the_streets_about/h2r9oc1/,1624740058,1,True,False,Libertarian,t5_2qh63,,0,[],
[],,wingman43487,#f3c817,,"[{'e': 'text', 't': 'Right Libertarian'}]",b016ca8a-1cf2-11e2-97d4-12313b088941,Right Libertarian,dark,richtext,t2_14ixk1cq,False,False,[],This.  Jury nullification is awesome.,,,1624448076,{},h2r9mrh,False,t3_o60vah,False,True,t1_h2qiqr0,/r/Libertarian/comments/o60vah/how_do_yall_feel_about_jury_duty/h2r9mrh/,1624740035,2,True,False,Libertarian,t5_2qh63,,0,[],
[],,[deleted],,,,,,dark,,,,,[],[deleted],,,1624448051,{},h2r9lj4,False,t3_o64f6q,False,True,t1_h2qok62,/r/Libertarian/comments/o64f6q/total_cringe_at_a_school_board_meeting_to_discuss/h2r9lj4/,1624740014,1,True,False,Libertarian,t5_2qh63,,0,[],
[],,[deleted],,,,,,dark,,,,,[],[removed],,,1624447992,{},h2r9ioe,False,t3_o63arg,False,True,t3_o63arg,/r/Libertarian/comments/o63arg/as_libertarians_of_the_21st_century_we_should/h2r9ioe/,1624739969,1,True,False,Libertarian,t5_2qh63,,0,[],
[],,Stumphead101,,,[],,,,text,t2_ko58o,False,False,[],That's not very idealist of you,,,1624447930,{},h2r9fsb,False,t3_o5k3e0,False,True,t1_h2qg549,/r/Libertarian/comments/o5k3e0/how_an_equal_pay_law_in_colorado_is_backfiring/h2r9fsb/,1624739925,2,True,False,Libertarian,t5_2qh63,,0,[],
[],,Corwyntt,,,[],,,,text,t2_1295f6,False,True,[],"He talks about running in 2024, and being speaker for the house. If he doesn't do that he will play kingmaker for the GQP. How is he not relevant anymore? He wants back into leadership, probably just to punish the country more for not giving him a second term. If there is one thing Trump loves, it is to punish those that deny him something.",,,1624447773,{},h2r98fg,False,t3_o5r3tn,False,True,t1_h2ot52k,/r/Libertarian/comments/o5r3tn/trump_wanted_his_justice_department_to_stop_snl/h2r98fg/,1624739812,1,True,False,Libertarian,t5_2qh63,,0,[],
[],,FatBob12,,,[],,,,text,t2_o6b4r,False,False,[],"No way around it, immigration bad, says the anti-immigration think tank that drafted this “study”.",,,1624447767,{},h2r985s,False,t3_o67sxp,False,False,t1_h2r8g02,/r/Libertarian/comments/o67sxp/bidens_border_reforms_are_such_a_great_change/h2r985s/,1624739808,4,True,False,Libertarian,t5_2qh63,,0,[],
[],,HAIKU_4_YOUR_GW_PICS,,,[],,,,text,t2_s90ce4q,False,False,[],"I work in public education at the elementary level. It’s certainly being played up as the next big conservative boogeyman, but it’s just as disingenuous to act as though that’s all it is. It is 100% seeping into curriculum even in elementary school— at that level, it’s mostly terminology, but there are also assemblies with prominent leaders in the movement where the messaging is much more blatant.

Admittedly, some of what I’m about to say is based on my own observances and conclusions based on seeing it implemented or attempting to be implemented, but here goes. CRT is at its core a Marxist ideology that relies on a victim/oppressor dynamic, with the basis in this case being in race. It couches itself in and adapts verbiage to try and insulate itself from criticism. In particular, “anti-racist” ideology uses the CRT framework, because who wants to be racist? It uses legitimate historical grievances to drive a wedge between people based on race. It seeks more to identify and adapt policy to force more racially proportional outcomes than to dive deeper, understand the actual root cause of disparity and work to eliminate barriers leading to disparities (this is where you get the sardonic Fox headlines like “Math is now racist!”, as some school districts push to be less strict with finding correct answers in math and science with minority students based on historical oppression).

I think it, and many other similar sociological theories, does have a place, in particular with adults and older kids, having those tough conversations about our country’s failings that have often been ignored or glossed over. It’s absolutely not appropriate to use to cudgel little Timmy for his unearned privilege, especially because economic class is a much stronger indicator of opportunity in 2021 than skin tone. 

The TL;DR version- it absolutely is in schools, it is not as scary as many conservatives seem to think nor as innocuous as many liberals claim.",,,1624447726,{},h2r968s,False,t3_o5xf7p,False,False,t1_h2ppdpp,/r/Libertarian/comments/o5xf7p/what_is_a_libertarian/h2r968s/,1624739778,5,True,False,Libertarian,t5_2qh63,,0,[],
[],,Archivist_of_Lewds,,,[],,,,text,t2_48ph64hc,False,False,[],So a private utility company can deny him service?,,,1624447708,{},h2r95f2,False,t3_o5p2t0,False,False,t1_h2r8osj,/r/Libertarian/comments/o5p2t0/colorado_court_slaps_baker_with_fine_for_refusing/h2r95f2/,1624739764,1,True,False,Libertarian,t5_2qh63,,0,[],
[],,Archivist_of_Lewds,,,[],,,,text,t2_48ph64hc,False,False,[],And how does making a cake violate that beleif.,,,1624447680,{},h2r942p,False,t3_o5p2t0,False,True,t1_h2r8lll,/r/Libertarian/comments/o5p2t0/colorado_court_slaps_baker_with_fine_for_refusing/h2r942p/,1624739743,1,True,False,Libertarian,t5_2qh63,,0,[],
[],,Archivist_of_Lewds,,,[],,,,text,t2_48ph64hc,False,False,[],"But if they decided to, could they deny service?",,,1624447654,{},h2r92vn,False,t3_o5p2t0,False,True,t1_h2r8dru,/r/Libertarian/comments/o5p2t0/colorado_court_slaps_baker_with_fine_for_refusing/h2r92vn/,1624739722,1,True,False,Libertarian,t5_2qh63,,0,[],
[],,InForShortRidesUp,,,[],,,,text,t2_a046raw4,False,True,[],"In my analogy the transgender baker would be offended, but my stance is that any baker that does not want to bake a specific cake, with or without reason, should not have to bake it.",,,1624447581,{},h2r8zhk,False,t3_o5p2t0,False,True,t1_h2pdjti,/r/Libertarian/comments/o5p2t0/colorado_court_slaps_baker_with_fine_for_refusing/h2r8zhk/,1624739670,1,True,False,Libertarian,t5_2qh63,,0,[],
[],,canonmp11dx,,,[],,,,text,t2_ac4zi,False,False,[],"It is, but be careful giving that opinion on this sub.",,,1624447523,{},h2r8wta,False,t3_o64f6q,False,True,t1_h2qennu,/r/Libertarian/comments/o64f6q/total_cringe_at_a_school_board_meeting_to_discuss/h2r8wta/,1624739628,-3,True,False,Libertarian,t5_2qh63,,0,[],
[],,not_a_bot_494,#1404bd,,"[{'e': 'text', 't': 'Social democrat'}]",96f3dac4-6e8e-11eb-b794-0e046688e25f,Social democrat,dark,richtext,t2_3ir5e6tg,False,False,[],"&gt;Then why doesn't Sam just show up to a live event and humiliate Crowder with facts and logic? No need for weird duplicitous tag team nonsense

Because Crowder deliberately scedules everything last minute in part so he can avoid anyone who knows what they're doing showing up.",,,1624447431,{},h2r8sl1,False,t3_o5y63u,False,False,t1_h2qlmu8,/r/Libertarian/comments/o5y63u/this_post_might_be_a_shitpost_but_because_someone/h2r8sl1/,1624739561,6,True,False,Libertarian,t5_2qh63,,0,[],
[],,Houjix,,,[],,,,text,t2_10t8ic,False,False,[],"Some people can’t even pay their rent. In California they plan to cover those in debt during the pandemic but f u to the responsible ones that paid on time including those that paid their mortgages

Where did liberal California get this money from? Your taxes?",,,1624447424,{},h2r8s9o,False,t3_o61153,False,True,t3_o61153,/r/Libertarian/comments/o61153/how_are_people_not_rioting_in_the_streets_about/h2r8s9o/,1624739556,1,True,False,Libertarian,t5_2qh63,,0,[],
[],,CaydestOfSixes,#f3c817,,"[{'e': 'text', 't': 'PaleoLibertarian'}]",a1c701c6-1d82-11e2-a5e0-12313b0ce1e2,PaleoLibertarian,dark,richtext,t2_4miytuc7,False,False,[],"No, if the utility is private and not coerced by the state to provide service then they can deal with whomever they like. But that isn’t the case at hand, the state handed out a fine.",,,1624447348,{},h2r8osj,False,t3_o5p2t0,False,True,t1_h2r83sq,/r/Libertarian/comments/o5p2t0/colorado_court_slaps_baker_with_fine_for_refusing/h2r8osj/,1624739505,1,True,False,Libertarian,t5_2qh63,,0,[],
[],,Hermod_DB,,,[],,,,text,t2_6kpdfq1m,False,False,[],"Me too! You catch more flies with Honey. If liberals  want to convince others their ideas are in our best interest, prove it in you home state. Just look at quick change of cannabis laws.",,,1624447303,{},h2r8mo4,False,t3_o5k3e0,False,True,t1_h2qs753,/r/Libertarian/comments/o5k3e0/how_an_equal_pay_law_in_colorado_is_backfiring/h2r8mo4/,1624739473,1,True,False,Libertarian,t5_2qh63,,0,[],
[],,CaydestOfSixes,#f3c817,,"[{'e': 'text', 't': 'PaleoLibertarian'}]",a1c701c6-1d82-11e2-a5e0-12313b0ce1e2,PaleoLibertarian,dark,richtext,t2_4miytuc7,False,False,[],His belief that a biological man is a man and a biological woman is a woman.,,,1624447281,{},h2r8lll,False,t3_o5p2t0,False,True,t1_h2r829b,/r/Libertarian/comments/o5p2t0/colorado_court_slaps_baker_with_fine_for_refusing/h2r8lll/,1624739457,1,True,False,Libertarian,t5_2qh63,,0,[],
[],,thinkenboutlife,,,[],,,,text,t2_15o1hshu,False,False,[],"I have no idea why someone looking to improve their health would choose to ingest cannabis in the most health-wrecking way possible, but the best of luck to them.",,,1624447242,{},h2r8jql,False,t3_o61not,False,True,t3_o61not,/r/Libertarian/comments/o61not/louisiana_governor_signs_bill_to_legalize/h2r8jql/,1624739427,-2,True,False,Libertarian,t5_2qh63,,0,[],
[],,Ainjyll,,,[],,,,text,t2_88zuf,False,False,[],"It’s not done for every crop, but it is done for every commercial farm.",,,1624447221,{},h2r8isk,False,t3_o5ow34,False,False,t1_h2pb0r3,/r/Libertarian/comments/o5ow34/californias_100_million_marijuana_bailout_tells/h2r8isk/,1624739413,4,True,False,Libertarian,t5_2qh63,,0,[],
[],,InForShortRidesUp,,,[],,,,text,t2_a046raw4,False,True,[],"""force them to stop"" was a direct quote from your last comment.  I did not just make that up.",,,1624447188,{},h2r8hb9,False,t3_o5p2t0,False,True,t1_h2pnk0r,/r/Libertarian/comments/o5p2t0/colorado_court_slaps_baker_with_fine_for_refusing/h2r8hb9/,1624739390,1,True,False,Libertarian,t5_2qh63,,0,[],
[],,iamTHESunDevil,#f3c817,,"[{'e': 'text', 't': 'Minarchist'}]",25c6421c-1cf1-11e2-89d6-12313d051e91,Minarchist,dark,richtext,t2_zqdzb,False,False,[],"Illegal immigration is a net negative for the US economy absolutely no way around it, and this study doesn't even include the HUGE amount to educate illegal immigrant children or the cost of incarceration. https://www.thecentersquare.com/national/report-illegal-immigration-costs-taxpayers-116-billion-annually-californians-texans-floridians-pay-the-most/article_f942e522-c5b0-11e9-93e6-0ff213e44ae5.html",,,1624447160,{},h2r8g02,False,t3_o67sxp,False,False,t3_o67sxp,/r/Libertarian/comments/o67sxp/bidens_border_reforms_are_such_a_great_change/h2r8g02/,1624739369,-7,True,False,Libertarian,t5_2qh63,,0,[],
[],,GrandmaesterFlash45,,,[],,,,text,t2_3aiink58,False,False,[],"Doesn’t matter, to the best of my knowledge, utilities don’t get involved in who should or shouldn’t have utilities. If you can pay for them, you’ll get them.",,,1624447112,{},h2r8dru,False,t3_o5p2t0,False,True,t1_h2r815o,/r/Libertarian/comments/o5p2t0/colorado_court_slaps_baker_with_fine_for_refusing/h2r8dru/,1624739335,1,True,False,Libertarian,t5_2qh63,,0,[],
[],,InForShortRidesUp,,,[],,,,text,t2_a046raw4,False,True,[],Minimum wage takes away the liberty of an employee and employer to agree on a lower wage.  I am against just about everything that takes away liberty except that nobody should be allowed to harm another person unless it is in self defense.,,,1624446990,{},h2r88dv,False,t3_o5p2t0,False,True,t1_h2qapha,/r/Libertarian/comments/o5p2t0/colorado_court_slaps_baker_with_fine_for_refusing/h2r88dv/,1624739253,0,True,False,Libertarian,t5_2qh63,,0,[],
[],,Archivist_of_Lewds,,,[],,,,text,t2_48ph64hc,False,False,[],So youbare forcing a private utility to provide services?,,,1624446888,{},h2r83sq,False,t3_o5p2t0,False,True,t1_h2r4yt9,/r/Libertarian/comments/o5p2t0/colorado_court_slaps_baker_with_fine_for_refusing/h2r83sq/,1624739181,1,True,False,Libertarian,t5_2qh63,,0,[],
[],,Archivist_of_Lewds,,,[],,,,text,t2_48ph64hc,False,False,[],"""Violates his beleif""

What beleif?",,,1624446854,{},h2r829b,False,t3_o5p2t0,False,True,t1_h2r5721,/r/Libertarian/comments/o5p2t0/colorado_court_slaps_baker_with_fine_for_refusing/h2r829b/,1624739157,1,True,False,Libertarian,t5_2qh63,,0,[],
[],,Archivist_of_Lewds,,,[],,,,text,t2_48ph64hc,False,False,[],No they arnt. A buiness isn't a life necesity.,,,1624446830,{},h2r815o,False,t3_o5p2t0,False,True,t1_h2r68m9,/r/Libertarian/comments/o5p2t0/colorado_court_slaps_baker_with_fine_for_refusing/h2r815o/,1624739140,1,True,False,Libertarian,t5_2qh63,,0,[],
[],,SaintJames8th,#f3c817,,"[{'e': 'text', 't': 'Capitalist'}]",4ec845f8-1f78-11e9-b161-0eeba41dde20,Capitalist,dark,richtext,t2_4hwj2wti,False,False,[],Saw this in world news as much as he was an idoit for asking they didn't actually do anything. He only adked,,,1624446822,{},h2r80tp,False,t3_o5r3tn,False,False,t3_o5r3tn,/r/Libertarian/comments/o5r3tn/trump_wanted_his_justice_department_to_stop_snl/h2r80tp/,1624739135,1,True,False,Libertarian,t5_2qh63,,0,[],
[],,austinthebean,,,[],,,,text,t2_3rvmsfg1,False,False,[],Y’all forgot Utah and Idaho...,,,1624446742,{},h2r7x9a,False,t3_o61mzw,False,False,t1_h2qx612,/r/Libertarian/comments/o61mzw/connecticut_becomes_19th_state_to_legalize/h2r7x9a/,1624739082,4,True,False,Libertarian,t5_2qh63,,0,[],
[],,not_a_bot_494,#1404bd,,"[{'e': 'text', 't': 'Social democrat'}]",96f3dac4-6e8e-11eb-b794-0e046688e25f,Social democrat,dark,richtext,t2_3ir5e6tg,False,False,[],"There's several ways to create a monopoly that don't involve the government. Time dependant and ultra inelastic services like emergency care is a good example. If you're having a heart attack you don't have time to another provider, let alone checking wich one has the best price. You could easily charge insane markups and people would have to pay or die.

Another would be infrastructure. These are usually so expensive that they only make a profit if there's a monopoly, and the first person usually has to pay a lower price than any competitor since they got dibs on the best route. These are usually not a complete monopoly since there can be lesser alternatives available but they are often effectively almost a complete monopoly.",,,1624446666,{},h2r7tqe,False,t3_o61qcx,False,False,t1_h2pvcdm,/r/Libertarian/comments/o61qcx/monopolies/h2r7tqe/,1624739028,4,True,False,Libertarian,t5_2qh63,,0,[],
[],,[deleted],,,,,,dark,,,,,[],"and you will never solve that problem. People will always go for the ""lesser of the two evils"" there is not such thing as a perfect political candidate. it has always been based off the lesser of the two evils since democracy became a thing. don't like it? advocate for authoritarianism with all the problems that come with that.

&amp;#x200B;

i rather pick strategically the lesser of the two evils then ""rank my choices"" and risk the unpopular candidate winning because the top 3 candidates i ranked lost the race and couldn't secure enough votes to make it to the next round.

&amp;#x200B;

Again say i have 4 candidates to rank:

1. Jo jorgenson
2. Donald trump
3. howie hawkins
4. joe biden

now if the top 3 all lose the first 3 rounds my vote now goes to joe biden. why should my vote go to joe biden at all just simply because i ranked him dead last. This is a ridiculous system to implement simply because we want to avoid the ""lesser of two evils"" all this would lead to is the people ending up voting for the candidate they didn't want. if all their top choices didn't make it to the final round for they can vote for them.

&amp;#x200B;

maybe ranked choice voting makes a little bit more sense for primaries but for the general election i disagree firmly that it will ""improve"" the system.",,,1624446604,{},h2r7qyu,False,t3_o69nlp,False,False,t1_h2r2yva,/r/Libertarian/comments/o69nlp/the_reason_why_rcv_is_bad_and_people_should/h2r7qyu/,1624738986,1,True,False,Libertarian,t5_2qh63,,0,[],
[],,[deleted],,,,,,dark,,,,,[],[deleted],,,1624446585,{},h2r7q3s,False,t3_o61mzw,False,False,t1_h2qczvx,/r/Libertarian/comments/o61mzw/connecticut_becomes_19th_state_to_legalize/h2r7q3s/,1624738974,7,True,False,Libertarian,t5_2qh63,,0,[],
[],,somebody_odd,,,[],,,,text,t2_4hj45kug,False,False,[],Can a billboard company refuse an ad campaign for a KKK membership drive or a skinhead rally?,,,1624446524,{},h2r7nd7,False,t3_o5p2t0,False,False,t1_h2ppwm8,/r/Libertarian/comments/o5p2t0/colorado_court_slaps_baker_with_fine_for_refusing/h2r7nd7/,1624738932,3,True,False,Libertarian,t5_2qh63,,0,[],
[],,AltruisticMost3756,#dadada,,"[{'e': 'text', 't': 'Anarcho Nihilist'}]",e6717002-6e8e-11eb-818d-0ea05fb70615,Anarcho Nihilist,dark,richtext,t2_6n0q3736,False,False,[],"- ""Life 3.0"" — Max Tegmark

Non-fiction, but, like Michio Kaku's works, they speculate about the future of A.I. and the impact of the singularity. There is an audiobook version available, and there are also lectures.

- ""Daemon"" &amp; ""Freedom"" — Daniel Suarez 

Two-part techno thriller novel series. I liked Sword Art Online, the isekai anime, and found this series has somewhat of a similar theme. Imagine MMORPGs, networks, and corporations... I won't say any more because I'll spoil it. This is a good novel series. If you find audiobooks, you can't really go wrong with it.

- ""Physics of the Future"" — Michio Kaku 

Just a book about future speculation. If they like Science &amp; Sci-Fi genre, they will probably enjoy this.",,,1624446398,{},h2r7hla,False,t3_o640e4,False,True,t3_o640e4,/r/Libertarian/comments/o640e4/help_me_create_a_booklist/h2r7hla/,1624738844,2,True,False,Libertarian,t5_2qh63,,0,[],
[],,iamTHESunDevil,#f3c817,,"[{'e': 'text', 't': 'Minarchist'}]",25c6421c-1cf1-11e2-89d6-12313d051e91,Minarchist,dark,richtext,t2_zqdzb,False,False,[],Open boarders and a massive welfare state...what could go wrong?,,,1624446254,{},h2r7b04,False,t3_o67sxp,False,True,t1_h2r49el,/r/Libertarian/comments/o67sxp/bidens_border_reforms_are_such_a_great_change/h2r7b04/,1624738738,0,True,False,Libertarian,t5_2qh63,,0,[],
[],,chronic_crannog,,,[],,,,text,t2_zxulv,False,False,[],Now do US-linked news sites.,,,1624446140,{},h2r75y0,False,t3_o6aauu,False,True,t3_o6aauu,/r/Libertarian/comments/o6aauu/us_takes_down_iranlinked_news_sites_alleges/h2r75y0/,1624738657,1,True,False,Libertarian,t5_2qh63,,0,[],
[],,Vondis,,,[],,,,text,t2_bt828,False,False,[],"Are gun shops actually selling them though and ignoring federal law? I’m more curious to see if FFLs are willing to risk their licenses. Seems like something not worth the risk. States says fuck the fed, gun shop goes ok, in comes fed pulling FFLs ability to even purchase weapons anymore since they sold silencers and whatnot. Granted without state help atf will be spread too thin to address all issues but I am interested to see how this all plays out. Took 20 years for the pot to get close to 50% legal wonder how the nfa will fare 20 years from now",,,1624445842,{},h2r6swl,False,t3_o61mzw,False,False,t1_h2r5jhf,/r/Libertarian/comments/o61mzw/connecticut_becomes_19th_state_to_legalize/h2r6swl/,1624738451,5,True,False,Libertarian,t5_2qh63,,0,[],
[],,offacough,,,[],,,,text,t2_aegmw,False,False,[],"I accept the need for government. It is a necessary evil. 

I lean strongly -strongly- in favor of free-market imbalances over compulsory controls. There is no magic line here. 

Once you accept that taxation is in fact truly theft, and not just a slogan - and that all taxes are paid by force, under the threat of loss of property, freedom, and even life - at that point you can start having a rational discussion about what should be morally funded in this manner.",,,1624445806,{},h2r6rbi,False,t3_o5k3e0,False,True,t1_h2qmopu,/r/Libertarian/comments/o5k3e0/how_an_equal_pay_law_in_colorado_is_backfiring/h2r6rbi/,1624738425,1,True,False,Libertarian,t5_2qh63,,0,[],
[],,whichonespink04,,,[],,,,text,t2_2snseeag,False,False,[],I'd love to see your impressive resume of medical education that gives you the experience to talk so confidently about this stuff. It's clear you have no relevant experience in the field or you have such a personal fear of this stuff that it's clouding your judgment. And clearly you have no empathy for those that live their lives in excruciating pain with no other effective treatments. Opioids are never the first like approach and usually not the second or third either.,,,1624445691,{},h2r6mi9,False,t3_o5t97c,False,True,t1_h2ovcj9,/r/Libertarian/comments/o5t97c/alabama_mom_faces_felony_for_filling_doctors/h2r6mi9/,1624738349,1,True,False,Libertarian,t5_2qh63,,0,[],
[],,Ainjyll,,,[],,,,text,t2_88zuf,False,False,[],The 10th Amendment?,,,1624445619,{},h2r6jh0,False,t3_o5p2t0,False,False,t1_h2pigsp,/r/Libertarian/comments/o5p2t0/colorado_court_slaps_baker_with_fine_for_refusing/h2r6jh0/,1624738301,1,True,False,Libertarian,t5_2qh63,,0,[],
[],,wingman43487,#f3c817,,"[{'e': 'text', 't': 'Right Libertarian'}]",b016ca8a-1cf2-11e2-97d4-12313b088941,Right Libertarian,dark,richtext,t2_14ixk1cq,False,False,[],"Personally I think while serving in a position of authority, a person should have less rights than the average citizen, just because of the authority they are temporarily granted.  That is the price they pay for having that authority, and a safeguard the people have against that person.",,,1624445505,{},h2r6ei5,False,t3_nx3y64,False,True,t1_h2pl7t1,/r/Libertarian/comments/nx3y64/heres_why_californias_assault_weapon_ban_is/h2r6ei5/,1624738221,1,True,False,Libertarian,t5_2qh63,,0,[],
[],,wingman43487,#f3c817,,"[{'e': 'text', 't': 'Right Libertarian'}]",b016ca8a-1cf2-11e2-97d4-12313b088941,Right Libertarian,dark,richtext,t2_14ixk1cq,False,False,[],"Yeah, they might have worded things a bit different to exclude Nuclear, Chemical and biological weapons, but most certainly not machine guns, bombs, tanks, drones, ect.",,,1624445410,{},h2r6af6,False,t3_nx3y64,False,True,t1_h2plky5,/r/Libertarian/comments/nx3y64/heres_why_californias_assault_weapon_ban_is/h2r6af6/,1624738157,1,True,False,Libertarian,t5_2qh63,,0,[],
[],,GrandmaesterFlash45,,,[],,,,text,t2_3aiink58,False,False,[],"Pretty sure you can only be denied utilities for non payment or possibly credit history in some circumstances. Once again, utilities are considered a “life necessity” for lack of a better term.",,,1624445369,{},h2r68m9,False,t3_o5p2t0,False,False,t1_h2r4036,/r/Libertarian/comments/o5p2t0/colorado_court_slaps_baker_with_fine_for_refusing/h2r68m9/,1624738129,2,True,False,Libertarian,t5_2qh63,,0,[],
[],,wingman43487,#f3c817,,"[{'e': 'text', 't': 'Right Libertarian'}]",b016ca8a-1cf2-11e2-97d4-12313b088941,Right Libertarian,dark,richtext,t2_14ixk1cq,False,False,[],"How is that on him?  Challenge one person to a debate, you expect to debate that person, not some random guy the other person decides to pick.",,,1624445319,{},h2r66f6,False,t3_o5f7up,False,True,t1_h2pppou,/r/Libertarian/comments/o5f7up/steven_crowder_throws_a_fit_and_runs_away_from_a/h2r66f6/,1624738094,1,True,False,Libertarian,t5_2qh63,,0,[],
[],,aldsar,,,[],,,,text,t2_9w14o,False,False,[],So you agree? It's a ridiculously hyperbolic statement to say that compelling him to make a cake for whomever walks through his door is slavery.,,,1624445193,{},h2r6144,False,t3_o5p2t0,False,True,t1_h2q4u58,/r/Libertarian/comments/o5p2t0/colorado_court_slaps_baker_with_fine_for_refusing/h2r6144/,1624738010,0,True,False,Libertarian,t5_2qh63,,0,[],
[],,AltruisticMost3756,#dadada,,"[{'e': 'text', 't': 'Anarcho Nihilist'}]",e6717002-6e8e-11eb-818d-0ea05fb70615,Anarcho Nihilist,dark,richtext,t2_6n0q3736,False,False,[],"I was a better driver at 5 years old than most people in Detroit. Are you saying you wanna go back in time and make me unlearn my sick driving skills? I doubt Libertarians have the infinity stones to pull it off - they can't even get proper air time to voice their positions, and when they do, people just end up voting (D) or (R)!",,,1624445099,{},h2r5x99,False,t3_o64wbz,False,True,t3_o64wbz,/r/Libertarian/comments/o64wbz/the_drivers_license/h2r5x99/,1624737949,1,True,False,Libertarian,t5_2qh63,,0,[],
[],,aldsar,,,[],,,,text,t2_9w14o,False,False,[],"How do separate the surgery from her identity? She got the surgery in order to become who she is today. So body altering surgeries are the sin? Hope he never serves anyone with a tattoo, that goes against scripture. Or is it only certain kinds of body altering surgeries he objects to? In which case, we're right back at him objecting to *who she is*.",,,1624445097,{},h2r5x5a,False,t3_o5p2t0,False,True,t1_h2q8bh0,/r/Libertarian/comments/o5p2t0/colorado_court_slaps_baker_with_fine_for_refusing/h2r5x5a/,1624737947,0,True,False,Libertarian,t5_2qh63,,0,[],
[],,RygarHater,,,[],,,,text,t2_488a1z33,False,False,[],hahahaha!,,,1624445088,{},h2r5wro,False,t3_o5p2t0,False,True,t1_h2qs9q5,/r/Libertarian/comments/o5p2t0/colorado_court_slaps_baker_with_fine_for_refusing/h2r5wro/,1624737941,2,True,False,Libertarian,t5_2qh63,,0,[],
[],,ajamesc55,,,[],,,,text,t2_1364m2,False,False,[],"Most do, plus taxing the same dollar multiple times, it’s dumb",,,1624444900,{},h2r5p0g,False,t3_o61153,False,True,t1_h2qnvru,/r/Libertarian/comments/o61153/how_are_people_not_rioting_in_the_streets_about/h2r5p0g/,1624737817,1,True,False,Libertarian,t5_2qh63,,0,[],
[],,ajamesc55,,,[],,,,text,t2_1364m2,False,False,[],"To pay for property taxes I use my income, which has been taxed, to pay for a house which has other taxes, to then pay the annual tax, with more money that has already been taxed, a consumption tax makes more sense, get taxed when you buy something and that’s final.  Don’t need to tax the same dollar 12 different times",,,1624444809,{},h2r5lbe,False,t3_o61153,False,True,t1_h2qzcoj,/r/Libertarian/comments/o61153/how_are_people_not_rioting_in_the_streets_about/h2r5lbe/,1624737755,1,True,False,Libertarian,t5_2qh63,,0,[],
[],,mojopyro,,,[],,,,text,t2_14v4ba,False,False,[],"My eyes are on Texas, right now. Their efforts to circumvent NFA by legalizing the sale of suppressors without the need for a federal tax stamp is interesting. They are doing precisely what you say states aren't.",,,1624444765,{},h2r5jhf,False,t3_o61mzw,False,False,t1_h2r3mqh,/r/Libertarian/comments/o61mzw/connecticut_becomes_19th_state_to_legalize/h2r5jhf/,1624737727,5,True,False,Libertarian,t5_2qh63,,0,[],
[],,lardbeetle,#f3c817,,"[{'e': 'text', 't': 'Social Libertarian'}]",a1c701c6-1d82-11e2-a5e0-12313b0ce1e2,Social Libertarian,dark,richtext,t2_2ev0oxip,False,False,[],"And Biden is deporting far fewer than Trump did.

https://www.washingtonpost.com/national/ice-street-arrests-immigrants-fall-biden/2021/05/25/58681782-b972-11eb-bb84-6b92dedcd8ed_story.html

Most of the recent drop in deportations is due to a Trump era change in how we administratively return people we catch on the border illegally crossing - those are no longer given to ICE, but just immediately returned.  Which, fine, not really what I care about, I care more about internal removals.

But internal removals are dramatically dropping.  *Dramatically.* 

Here is an exploration of the policy changes under Obama and their results, for your edification.
  Do I think his administration's policy was perfect?  No.  But it was better than the Bush and Trump admins.  https://www.migrationpolicy.org/article/obama-record-deportations-deporter-chief-or-not",,,1624444731,{},h2r5i3p,False,t3_o4kp8m,False,True,t1_h2r4kk1,/r/Libertarian/comments/o4kp8m/time_for_biden_to_take_responsibilty/h2r5i3p/,1624737706,0,True,False,Libertarian,t5_2qh63,,0,[],
[],,516BIDEN2024,,,[],,,,text,t2_bhwq5cua,False,False,[],People on Reddit will believe anything,,,1624444726,{},h2r5hwk,False,t3_o5r3tn,False,True,t3_o5r3tn,/r/Libertarian/comments/o5r3tn/trump_wanted_his_justice_department_to_stop_snl/h2r5hwk/,1624737702,-4,True,False,Libertarian,t5_2qh63,,0,[],
[],,xSmokingBarrelx,,,[],,,,text,t2_mqn49jc,False,False,[],Just wait until they drastically over assess your property.  And also consider why they might have an interest in property values rising along with inflation.,,,1624444718,{},h2r5hmd,False,t3_o61153,False,False,t3_o61153,/r/Libertarian/comments/o61153/how_are_people_not_rioting_in_the_streets_about/h2r5hmd/,1624737697,6,True,False,Libertarian,t5_2qh63,,0,[],
[],,HoodCrowd,,,"[{'e': 'text', 't': 'Liberty is cool.'}]",,Liberty is cool.,dark,richtext,t2_2i5o7,False,False,[],Agreed,,,1624444600,{},h2r5cxz,True,t3_o5y63u,False,True,t1_h2qclqm,/r/Libertarian/comments/o5y63u/this_post_might_be_a_shitpost_but_because_someone/h2r5cxz/,1624737620,0,True,False,Libertarian,t5_2qh63,,0,[],
[],,HoodCrowd,,,"[{'e': 'text', 't': 'Liberty is cool.'}]",,Liberty is cool.,dark,richtext,t2_2i5o7,False,False,[],Personal attack,,,1624444579,{},h2r5c4r,False,t3_o5f7up,False,True,t1_h2qece2,/r/Libertarian/comments/o5f7up/steven_crowder_throws_a_fit_and_runs_away_from_a/h2r5c4r/,1624737606,0,True,False,Libertarian,t5_2qh63,,0,[],
[],,HoodCrowd,,,"[{'e': 'text', 't': 'Liberty is cool.'}]",,Liberty is cool.,dark,richtext,t2_2i5o7,False,False,[],Yes,,,1624444552,{},h2r5azy,True,t3_o5y63u,False,True,t1_h2qsj7v,/r/Libertarian/comments/o5y63u/this_post_might_be_a_shitpost_but_because_someone/h2r5azy/,1624737588,0,True,False,Libertarian,t5_2qh63,,0,[],
