all_awardings,associated_award,author,author_flair_background_color,author_flair_css_class,author_flair_richtext,author_flair_template_id,author_flair_text,author_flair_text_color,author_flair_type,author_fullname,author_patreon_flair,author_premium,awarders,body,collapsed_because_crowd_control,comment_type,created_utc,gildings,id,is_submitter,link_id,locked,no_follow,parent_id,permalink,retrieved_on,score,send_replies,stickied,subreddit,subreddit_id,top_awarded_type,total_awards_received,treatment_tags
[],,richardd08,#f3c817,,"[{'e': 'text', 't': 'Minarchist'}]",25c6421c-1cf1-11e2-89d6-12313d051e91,Minarchist,dark,richtext,t2_scds3qw,False,False,[],You don't have the right to be generous with someone else's wallet. The benefits of public programs are irrelevant if you're stealing from others to find them.,,,1617578955,{},gtebgeu,False,t3_mk4sp8,False,True,t1_gtdxn0a,/r/Libertarian/comments/mk4sp8/the_existence_of_the_lp_violates_libertarians/gtebgeu/,1617578965,1,True,False,Libertarian,t5_2qh63,,0,[]
[],,voice-of-hermes,#f3c817,,"[{'e': 'text', 't': 'anarchist'}]",a1c701c6-1d82-11e2-a5e0-12313b0ce1e2,anarchist,dark,richtext,t2_j32rw,False,True,[],Yeah.  Like they ever actually smelled it anyway.  Idiots actually thinking cops are honest....,,,1617578948,{},gtebfyv,False,t3_mjwp0d,False,True,t1_gtcinb1,/r/Libertarian/comments/mjwp0d/nypd_officers_can_no_longer_search_a_vehicle_due/gtebfyv/,1617578958,1,True,False,Libertarian,t5_2qh63,,0,[]
[],,OfficerBaconBits,,,[],,,,text,t2_5bz170cr,False,False,[],"You dont have to give it to me. It shows up immediately when running your dl and tag. Im not sure what your count tax office does but every one ive lived in requires address and phone number for tags. Your ssn, dob, address and firearms permit are associated with your dl number. Atleast in every single surrounding state. 

I could care less if you view what I do. I dont like the idea that if youre having a bad day and need some help, now there's a record forever showing your break down and or false crimes alleged against you. 

The on request is some bologna. If you remember the sunshine laws being used on people calling in covid 19 violations this past year. It was used to basically name every single person who reported violations to law enforcement. There will be plenty if ""cop watch"" or auditors who request everything and just publish it all. Guaranteed. 

I hope you dont have people in your community who commit violent crimes you want to help law enforcement stop. Be pretty bad if your name comes up at a complainant and reporter. Sincerely hope you're not falsely accused of a crime. Be pretty bad should a potential employer or romantic partner google your name and it pops up on an auditors page listed next to a sex crime or domestic violence charge. Be pretty bad if you tell me you are thinking of suicide so I call an ambulance and you go without incident. Now you've got a publicly accessible record of ""mental illness"". I cant see how that could possibly be used against you. 

Again I've seen people say it will be redacted or sanitized. If everything that could be used to identify you is redacted, the report will just read redacted redacted redacted. End of report.",,,1617578934,{},gtebf37,False,t3_mjmwgf,False,True,t1_gtcixfu,/r/Libertarian/comments/mjmwgf/police_in_virginia_can_no_longer_keep_all_their/gtebf37/,1617578945,1,True,False,Libertarian,t5_2qh63,,0,[]
[],,uknolickface,,,[],,,,text,t2_rn0x9pb,False,False,[],Belief in the NAP,,,1617578908,{},gtebddz,False,t3_mk536m,False,True,t3_mk536m,/r/Libertarian/comments/mk536m/people_that_hate_libertarians_tend_to_have_the/gtebddz/,1617578919,1,True,False,Libertarian,t5_2qh63,,0,[]
[],,Platinum247365,,,[],,,,text,t2_1ju3f6z2,False,False,[],Could you show me how arresting harmless restaurant owners maximizes individual liberty?,,,1617578895,{},gtebcia,True,t3_mjvztd,False,True,t1_gteaewt,/r/Libertarian/comments/mjvztd/michigan_restaurant_owner_jailed_after_not/gtebcia/,1617578905,1,True,False,Libertarian,t5_2qh63,,0,[]
[],,lobsterharmonica1667,,,[],,,,text,t2_156o1o,False,True,[],Are you saying that I should be able to avoid arrest for laws that I disagree with? What is your point?,,,1617578893,{},gtebced,False,t3_mjvztd,False,True,t1_gteb3bf,/r/Libertarian/comments/mjvztd/michigan_restaurant_owner_jailed_after_not/gtebced/,1617578904,1,True,False,Libertarian,t5_2qh63,,0,[]
[],,TinyNuggins92,#f3c817,,"[{'e': 'text', 't': 'political orphan'}]",a1c701c6-1d82-11e2-a5e0-12313b0ce1e2,political orphan,dark,richtext,t2_39otlp8u,False,True,[],"Ok. See. *You’re* part of the problem. Not all “statists” are as bad as the Nazis. Very few of them would enact a totalitarian dictatorship with two aims: take over the world and eliminate all ethnic minorities. If you *actually* want to be better than them, then you need to hold yourself to a higher behavioral standard. Your combative attitude guarantees bad outcomes and only serves to “confirm” what you already believe, because nobody wants to engage in honest debate with someone who comes out swinging and discounting everything they might believe as “evil” especially when it’s not evil, but just a differing opinion.",,,1617578888,{},gtebc3l,True,t3_mhtctg,False,True,t1_gte90pz,/r/Libertarian/comments/mhtctg/for_the_love_of_god_can_we_please_stop/gtebc3l/,1617578899,1,True,False,Libertarian,t5_2qh63,,0,[]
[],,zig-zag276,,,[],,,,text,t2_5pyingzx,False,False,[],Freedom,,,1617578822,{},gteb7sm,False,t3_mk536m,False,True,t3_mk536m,/r/Libertarian/comments/mk536m/people_that_hate_libertarians_tend_to_have_the/gteb7sm/,1617578833,1,True,False,Libertarian,t5_2qh63,,0,[]
[],,Lurker9605,,,[],,,,text,t2_2x7op31v,False,False,[],Didnt read. Usually wall of text posts are posted by the severely mentally ill or incompetent.,,,1617578797,{},gteb677,False,t3_mk5pkk,False,True,t3_mk5pkk,/r/Libertarian/comments/mk5pkk/i_found_a_very_odd_article_by_nbc/gteb677/,1617578809,1,True,False,Libertarian,t5_2qh63,,0,[]
[],,richardd08,#f3c817,,"[{'e': 'text', 't': 'Minarchist'}]",25c6421c-1cf1-11e2-89d6-12313d051e91,Minarchist,dark,richtext,t2_scds3qw,False,False,[],"r/""libertarian""",,,1617578752,{},gteb3bf,False,t3_mjvztd,False,True,t1_gtdbehg,/r/Libertarian/comments/mjvztd/michigan_restaurant_owner_jailed_after_not/gteb3bf/,1617578762,1,True,False,Libertarian,t5_2qh63,,0,[]
[],,willpower069,,,[],,,,text,t2_ziezb,False,False,[],Lol dude did not even fact check his own claim.,,,1617578706,{},gteb0eq,False,t3_mk03mc,False,True,t1_gte38xc,/r/Libertarian/comments/mk03mc/virginia_law_requires_colleges_that_used_slave/gteb0eq/,1617578717,1,True,False,Libertarian,t5_2qh63,,0,[]
[],,Yay295,,,[],,,,text,t2_93ixp,False,False,[],"&gt; Also instant results instead of waiting weeks.

No results until everyone has voted. If you start showing results before voting is over some people who haven't voted yet will see them and change their vote, or decide not to vote if they think they've already lost. Early results can vary wildly from the final result.",,,1617578648,{},gteawsi,False,t3_mivevc,False,True,t1_gta6qun,/r/Libertarian/comments/mivevc/a_major_study_finding_that_voter_id_laws_hurt/gteawsi/,1617578659,1,True,False,Libertarian,t5_2qh63,,0,[]
[],,Who_Cares99,,,[],,,,text,t2_hyuoe,False,False,[],"Evidently nobody here knows anything about police procedure and law.

Police are required to have a logical belief supported by facts and evidence that there is criminal activity in order to search a car. Someone “acting nervous” may result in an officer wanting to search your car, but as long as you’re firm that you don’t consent to a search then even if they search your car anyway they can’t use the evidence against you in court.",,,1617578501,{},gteaneh,False,t3_mjwp0d,False,True,t1_gtcinb1,/r/Libertarian/comments/mjwp0d/nypd_officers_can_no_longer_search_a_vehicle_due/gteaneh/,1617578512,1,True,False,Libertarian,t5_2qh63,,0,[]
[],,Archivist_of_Lewds,,,[],,,,text,t2_48ph64hc,False,False,[],"And the libertarian party does not speak for all libertarians. They are a rightwing shadow arm of the republican and corporate attempt to capture an ideology. 
Are you stupid professionally or is it just a hobby?

The comment your so incensed by is me literally saying that those are things that arnt representing of actual libertarian. Fucking dumbass waste of space and time.",,,1617578496,{},gtean53,False,t3_mk536m,False,True,t1_gtea35p,/r/Libertarian/comments/mk536m/people_that_hate_libertarians_tend_to_have_the/gtean53/,1617578507,1,True,False,Libertarian,t5_2qh63,,0,[]
[],,willpower069,,,[],,,,text,t2_ziezb,False,False,[],Do you think that after the civil war black people just had a good ol time?,,,1617578486,{},gteamhs,False,t3_mk03mc,False,True,t1_gtdll1g,/r/Libertarian/comments/mk03mc/virginia_law_requires_colleges_that_used_slave/gteamhs/,1617578497,1,True,False,Libertarian,t5_2qh63,,0,[]
[],,Izaya_Orihara170,,,[],,,,text,t2_8ivte7q1,False,False,[],"If the college was going to do anything about it, they had their chance.",,,1617578401,{},gteah2y,False,t3_mk03mc,False,True,t1_gtd8ajc,/r/Libertarian/comments/mk03mc/virginia_law_requires_colleges_that_used_slave/gteah2y/,1617578412,1,True,False,Libertarian,t5_2qh63,,0,[]
[],,runslow0148,#1404bd,,"[{'e': 'text', 't': 'Filthy Statist'}]",47ea47cc-1cf5-11e2-88c3-12313b0c247a,Filthy Statist,light,richtext,t2_2jauo91l,False,False,[],"Fundementally libertarianism is about maximizing liberty. If restrictions on corporations maximizes individual liberty then yes.

Libertarians in general believe that you can't impose your well on others property as long as they aren't violating NAP.. now what the lines of what violates NAP is up for debate (just look at all the threads on whether or not mask wearing and or mandates violate NAP)

If you take this to one extreme you end up with anarcho Capatalism.. but that's not the only approach..",,,1617578368,{},gteaewt,False,t3_mjvztd,False,True,t1_gtd3bpb,/r/Libertarian/comments/mjvztd/michigan_restaurant_owner_jailed_after_not/gteaewt/,1617578378,1,True,False,Libertarian,t5_2qh63,,0,[]
[],,willpower069,,,[],,,,text,t2_ziezb,False,False,[],"&gt;	The solution would be equality of opportunity among all races,

So how does one get there? Pretending like it never happened does not change the effects on generational wealth, for example.",,,1617578335,{},gteacu7,False,t3_mk03mc,False,True,t1_gtdfkux,/r/Libertarian/comments/mk03mc/virginia_law_requires_colleges_that_used_slave/gteacu7/,1617578346,1,True,False,Libertarian,t5_2qh63,,0,[]
[],,ninjacereal,,,[],,,,text,t2_jkvap,False,False,[],"What do people with active covid infections have to the people you're trying to control, most of whom aren't sick with covid.",,,1617578330,{},gteachv,False,t3_mhtctg,False,True,t1_gte8iz9,/r/Libertarian/comments/mhtctg/for_the_love_of_god_can_we_please_stop/gteachv/,1617578340,1,True,False,Libertarian,t5_2qh63,,0,[]
[],,Guac_in_my_rarri,,,[],,,,text,t2_11o855,False,False,[],"A friend's car was searched because he looked nervous and had california plates. Friend A's car was watches while friend B was driving to a job interview for a sale position. The cop pulled him over going slightly over the speed limit and searched the car because he was ""nervous and had cali plates.""
Weed was just made legal in california at the time. It's still bullshit what this officer did.",,,1617578276,{},gtea90f,False,t3_mjwp0d,False,True,t1_gtdz02a,/r/Libertarian/comments/mjwp0d/nypd_officers_can_no_longer_search_a_vehicle_due/gtea90f/,1617578288,1,True,False,Libertarian,t5_2qh63,,0,[]
[],,heavyirontech,,,[],,,,text,t2_2maemrgk,False,False,[],Well to be fair the debt we have is above 130% gdp the interest alone is getting hard to pay. So spending is debt these days no matter how you say it.,,,1617578260,{},gtea7zk,False,t3_mk36tz,False,True,t1_gtdy0pb,/r/Libertarian/comments/mk36tz/trumps_most_enduring_legacy_could_be_the_historic/gtea7zk/,1617578270,1,True,False,Libertarian,t5_2qh63,,0,[]
[],,challenge0707,,,[],,,,text,t2_59czz5ch,False,False,[],Unbelievable. That comment would make some of the world's most brutal dictators very happy.,,,1617578250,{},gtea7db,False,t3_mjvztd,False,True,t1_gtdr54h,/r/Libertarian/comments/mjvztd/michigan_restaurant_owner_jailed_after_not/gtea7db/,1617578261,1,True,False,Libertarian,t5_2qh63,,0,[]
[],,somerandomshmo,#f3c817,,"[{'e': 'text', 't': 'Capitalist'}]",4ec845f8-1f78-11e9-b161-0eeba41dde20,Capitalist,dark,richtext,t2_1evys0i7,False,False,[],"Don't search the car, but it becomes a DUI stop.",,,1617578231,{},gtea65a,False,t3_mjwp0d,False,True,t3_mjwp0d,/r/Libertarian/comments/mjwp0d/nypd_officers_can_no_longer_search_a_vehicle_due/gtea65a/,1617578242,1,True,False,Libertarian,t5_2qh63,,0,[]
[],,willpower069,,,[],,,,text,t2_ziezb,False,False,[],Something tells me he won’t be responding.,,,1617578205,{},gtea4gg,False,t3_mjy9k7,False,True,t1_gtd3gxg,/r/Libertarian/comments/mjy9k7/should_we_start_making_distinctions_between/gtea4gg/,1617578216,1,True,False,Libertarian,t5_2qh63,,0,[]
[],,Lurker9605,,,[],,,,text,t2_2x7op31v,False,False,[],"""Libertarians support free markets. We defend the right of individuals to form corporations, cooperatives, and other types of entities based on voluntary association. We oppose all forms of government subsidies and bailouts to business, labor, or any other special interest. Government should not compete with private enterprise.""

https://www.lp.org/platform/  

I believe the libertarian party speaks for itself.",,,1617578185,{},gtea35p,False,t3_mk536m,False,True,t1_gte6gkj,/r/Libertarian/comments/mk536m/people_that_hate_libertarians_tend_to_have_the/gtea35p/,1617578196,1,True,False,Libertarian,t5_2qh63,,0,[]
[],,Izaya_Orihara170,,,[],,,,text,t2_8ivte7q1,False,False,[],That conservatives will perpetually play the victim card and become increasingly unhinged until they start a new Reich? There's a chance.,,,1617578119,{},gte9yx9,True,t3_mk0fbz,False,True,t1_gte8m99,/r/Libertarian/comments/mk0fbz/facism_is_coming_tuckers_warned_us/gte9yx9/,1617578130,1,True,False,Libertarian,t5_2qh63,,0,[]
[],,Platinum247365,,,[],,,,text,t2_1ju3f6z2,False,False,[],"&gt;Sometimes, things must be sacrificed for the health and welfare of others. Its common sense.

You Nazi, Fascist, Communist, Totalitarian, you.",,,1617578059,{},gte9uzj,True,t3_mjvztd,False,True,t1_gtdr54h,/r/Libertarian/comments/mjvztd/michigan_restaurant_owner_jailed_after_not/gte9uzj/,1617578070,1,True,False,Libertarian,t5_2qh63,,0,[]
[],,Loki-Don,,,[],,,,text,t2_2id25m74,False,False,[],"What difference does it matter. You don’t get to choose specifically what your taxes go to in America. You elect representatives and they do. 

If everyone got to choose then no rich blue state would send all of its surplus to the toothless meth addicts in Kentucky to pay for their 14 kids to go to public school.  

And if some recent immigrant disagrees with what their tax dollars are being spent on, they can vote another way next time, run for office themselves or leave. 

You keep conflating the “person” with the nation. I wasn’t alive in the late 60s when black people had to piss in a separate bathroom, ride in the back of the bus and couldn’t get loans. 

But I live in the nation that legislated those wrongs and benefited from it, and so do you. 

You don’t get to take advantage of all the historical benefits and wealth of the United States and decide to ignore how it got there.",,,1617578052,{},gte9ui5,False,t3_mk03mc,False,True,t1_gte7wnd,/r/Libertarian/comments/mk03mc/virginia_law_requires_colleges_that_used_slave/gte9ui5/,1617578063,1,True,False,Libertarian,t5_2qh63,,0,[]
[],,livefreeordont,,,[],,,,text,t2_8a6av,False,False,[],"There is no direct evidence that people worshipping Yahweh sojourned in ancient Egypt, let alone during the time the Exodus is believed to have happened. There is indirect evidence that at least some did.

https://www.haaretz.com/israel-news/were-hebrews-ever-slaves-in-ancient-egypt-yes-1.5429843",,,1617578051,{},gte9uhq,False,t3_mk03mc,False,True,t1_gte8kj4,/r/Libertarian/comments/mk03mc/virginia_law_requires_colleges_that_used_slave/gte9uhq/,1617578062,1,True,False,Libertarian,t5_2qh63,,0,[]
[],,runslow0148,#1404bd,,"[{'e': 'text', 't': 'Filthy Statist'}]",47ea47cc-1cf5-11e2-88c3-12313b0c247a,Filthy Statist,light,richtext,t2_2jauo91l,False,False,[],"This dude isn't getting it..

Disagreeing with a law is one thing.. but you don't get do whatever you want just because you disagree with it. We still live in a society, is we communally decide on a stupid law you still have to follow it.",,,1617577949,{},gte9o14,False,t3_mjvztd,False,True,t1_gtdnpu1,/r/Libertarian/comments/mjvztd/michigan_restaurant_owner_jailed_after_not/gte9o14/,1617577960,1,True,False,Libertarian,t5_2qh63,,0,[]
[],,heavyirontech,,,[],,,,text,t2_2maemrgk,False,False,[],"I agree especially when it comes to spending. Congress supposedly has the purse strings. Dems had the house, Repubs the Senate. It was a mutual agreement to screw it all up.",,,1617577881,{},gte9jop,False,t3_mk36tz,False,True,t1_gte6yii,/r/Libertarian/comments/mk36tz/trumps_most_enduring_legacy_could_be_the_historic/gte9jop/,1617577892,1,True,False,Libertarian,t5_2qh63,,0,[]
[],,ReasonReader,,,"[{'e': 'text', 't': 'Hard Line Libertarian'}]",,Hard Line Libertarian,dark,richtext,t2_95qh5,False,False,[],Presidents don't have the power of the purse.   The national debt is always entirely the fault of the congress.,,,1617577830,{},gte9gei,False,t3_mk36tz,False,True,t3_mk36tz,/r/Libertarian/comments/mk36tz/trumps_most_enduring_legacy_could_be_the_historic/gte9gei/,1617577841,1,True,False,Libertarian,t5_2qh63,,0,[]
[],,After-Season9338,#f3c817,,"[{'e': 'text', 't': 'Voluntaryist'}]",39fc62f6-1cf2-11e2-839f-12313b0c247a,Voluntaryist,dark,richtext,t2_aa9y9dwe,False,True,[],"Explain libertarianism through outlook and keep it simple. Progressive statists see the world as extremely unequal and see the state as a means to progress toward balancing the inequality in the world. Conservative statists see their values, culture, and tradition as inherently good, honorable, and natural. Conservatives want the state to protect the current status quo ie values, culture, and tradition. Progressives don't like the current status quo and want to progress away from it.  Conservatives like the current status quo and want to conserve it or go back to a previous status quo.  Statists view statism as good and normal. To an antistatist, statism is bad, abnormal, and dangerous. 

Liberal means you are allowed to do and say stuff. Illiberal means you are not allowed to do and say stuff. Libertarians are anti-statist liberals. Libertarians are extremely liberal. There are degrees of antistatism with anarchism being on the end of the spectrum. A lot of libertarians are minarchists.",,,1617577738,{},gte9afi,False,t3_mk536m,False,True,t3_mk536m,/r/Libertarian/comments/mk536m/people_that_hate_libertarians_tend_to_have_the/gte9afi/,1617577748,1,True,False,Libertarian,t5_2qh63,,0,[]
[],,YoitsSean610,,,[],,,dark,text,t2_3ym5lp9u,False,False,[],I would never let a bunch of white 20-year-old middle-class yanks get to me. These mongoloids are just a bunch of larping revolutionaries who serve me coffee each morning and can't figure out why they are broke and have nothing to show for.,,,1617577613,{},gte92fg,False,t3_mjwwvi,False,True,t1_gte2zft,/r/Libertarian/comments/mjwwvi/why_is_the_sub_suddenly_over_run_with_socialists/gte92fg/,1617577624,1,True,False,Libertarian,t5_2qh63,,0,[]
[],,EliReeves,,,[],,,,text,t2_9jeep,False,False,[],"Mining isn't that profitable (for every dollar you make you might have spent 99 cents on electricity), and with competition and the recent rise in GPU prices it's certainly not the modus for which people garner BTC now.

Even in the Silkroad era though there was plenty of Exchange traffic (Read up on MtGox, now defunct with all assets seized), most Silkroad customers were probably not miners, instead buying on exchanges.

A Bitcoin ATM is operated by a private company and turns Fiat to BTC or BTC to Fiat, KYC on them is potentially quite minimal. Seems as if Gaetz alleged associate was allegedly attempting to use profits to buy miners, and cashing out Miner profits via Bitcoin ATM. None of the article suggests they were allegedly accepting BTC as payment for alleged sex crimes though.",,,1617577606,{},gte9215,False,t3_mk38d6,False,True,t1_gtdsn7v,/r/Libertarian/comments/mk38d6/matt_gaetzs_sex_trafficking_buddy_mightve_used_a/gte9215/,1617577617,1,True,False,Libertarian,t5_2qh63,,0,[]
[],,Princess180613,,,[],,,,text,t2_35lnndyi,False,False,[],"I'll stop when they decide to engage in honest debate. It's happened before. I've met plenty of lib-left homies that just don't like free markets. That don't make em evil. What makes someone evil is being a filthy statist. And let's face it, they're all about as bad as the Nazis or worse. When they stop spewing statist bullshit, I'll stop comparing them to other statists. And again, the policy is still fucked. No libertarian should support that.",,,1617577585,{},gte90pz,False,t3_mhtctg,False,True,t1_gte8mdv,/r/Libertarian/comments/mhtctg/for_the_love_of_god_can_we_please_stop/gte90pz/,1617577596,1,True,False,Libertarian,t5_2qh63,,0,[]
[],,lootcaker,,,[],,,,text,t2_i0unt,False,False,[],"Or that you were acting suspicious, or driving erratically, or being uncooperative or basically any other fucking shit.

Sorry, hits close to home for me.",,,1617577529,{},gte8x4s,False,t3_mjwp0d,False,True,t1_gtdsdm0,/r/Libertarian/comments/mjwp0d/nypd_officers_can_no_longer_search_a_vehicle_due/gte8x4s/,1617577541,1,True,False,Libertarian,t5_2qh63,,0,[]
[],,WorkReddit1191,,,[],,,,text,t2_14rt3r,False,False,[],"The standard one now already is ""your licence plate light is out"" your plates are already reflective and miss I'm wrong they're not a ticketable offense.",,,1617577523,{},gte8wpv,False,t3_mjwp0d,False,True,t1_gtcinb1,/r/Libertarian/comments/mjwp0d/nypd_officers_can_no_longer_search_a_vehicle_due/gte8wpv/,1617577533,1,True,False,Libertarian,t5_2qh63,,0,[]
[],,MF3010,,,[],,,,text,t2_7ty92ufr,False,False,[],Yeah I don’t feel comfortable with a private police wtf no one would trust them (not that anyone trusts the police now). I think police like the military is one of the few things that should be solely the monopoly of the government,,,1617577418,{},gte8pvi,False,t3_mk0zew,False,True,t3_mk0zew,/r/Libertarian/comments/mk0zew/privatizing_the_police/gte8pvi/,1617577429,1,True,False,Libertarian,t5_2qh63,,0,[]
[],,EliReeves,,,[],,,,text,t2_9jeep,False,False,[],"Interesting and very stupid attempt to money launder. The following is ALLEGEDLY:

As far as I follow, Greenburg (the apparent ""pimp"" of the ring) spent $90,000 in sex trafficking profits on bitcoin miners, his plan to mine bitcoin and cash out via a Bitcoin ATM. In the process of setting up the miners, he blew two different circuit breakers and started an electrical fire. 

The weird part is him and Gaetz going through disposal drivers licenses. I would think this would be either (A) fake customers for whatever bitcoin based business they're tying to launder under or (B) fake KYC for crypto exchanges?",,,1617577407,{},gte8p7u,False,t3_mk38d6,False,True,t3_mk38d6,/r/Libertarian/comments/mk38d6/matt_gaetzs_sex_trafficking_buddy_mightve_used_a/gte8p7u/,1617577419,1,True,False,Libertarian,t5_2qh63,,0,[]
[],,RoyceAli,,,[],,,,text,t2_vjwixsk,False,False,[],"It's not the anarcho capitalists, per se, it's those who pretend to be ancaps but are really just alt right.",,,1617577373,{},gte8n24,False,t3_mk536m,False,True,t3_mk536m,/r/Libertarian/comments/mk536m/people_that_hate_libertarians_tend_to_have_the/gte8n24/,1617577384,1,True,False,Libertarian,t5_2qh63,,0,[]
[],,TinyNuggins92,#f3c817,,"[{'e': 'text', 't': 'political orphan'}]",a1c701c6-1d82-11e2-a5e0-12313b0ce1e2,political orphan,dark,richtext,t2_39otlp8u,False,True,[],"That’s because I disagree. Regardless, *you’ve* ignored my point that it doesn’t matter who started it. Who started it is irrelevant. It’s still a stupid, harmful, disrespectful, dishonest thing to do b",,,1617577363,{},gte8mdv,True,t3_mhtctg,False,True,t1_gte8566,/r/Libertarian/comments/mhtctg/for_the_love_of_god_can_we_please_stop/gte8mdv/,1617577375,1,True,False,Libertarian,t5_2qh63,,0,[]
[],,OhYeahGetSchwifty,#f3c817,,"[{'e': 'text', 't': 'Actual Libertarian'}]",a1c701c6-1d82-11e2-a5e0-12313b0ce1e2,Actual Libertarian,dark,richtext,t2_3dry1n17,False,True,[],What if... hes right?,,,1617577361,{},gte8m99,False,t3_mk0fbz,False,True,t1_gtdkt02,/r/Libertarian/comments/mk0fbz/facism_is_coming_tuckers_warned_us/gte8m99/,1617577373,1,True,False,Libertarian,t5_2qh63,,0,[]
[],,o_mh_c,,,[],,,,text,t2_dackk,False,False,[],Dude... the spending bill has little to do with the virus. I invite you to read more about it at Reason.,,,1617577345,{},gte8l79,False,t3_mjoze7,False,True,t1_gte568e,/r/Libertarian/comments/mjoze7/on_live_tv_during_march_madness_someone_is_saying/gte8l79/,1617577356,1,True,False,Libertarian,t5_2qh63,,0,[]
[],,OhYeahGetSchwifty,#f3c817,,"[{'e': 'text', 't': 'Actual Libertarian'}]",a1c701c6-1d82-11e2-a5e0-12313b0ce1e2,Actual Libertarian,dark,richtext,t2_3dry1n17,False,True,[],You cant be serious LMAO,,,1617577335,{},gte8kj4,False,t3_mk03mc,False,True,t1_gte3jgr,/r/Libertarian/comments/mk03mc/virginia_law_requires_colleges_that_used_slave/gte8kj4/,1617577346,1,True,False,Libertarian,t5_2qh63,,0,[]
[],,ChinaCatLogan,,,[],,,,text,t2_2dhpvi1k,False,False,[],I never told you what you have to do. I thought we were having a debate about rights?,,,1617577311,{},gte8iz9,False,t3_mhtctg,False,True,t1_gte87nn,/r/Libertarian/comments/mhtctg/for_the_love_of_god_can_we_please_stop/gte8iz9/,1617577321,1,True,False,Libertarian,t5_2qh63,,0,[]
[],,TinyNuggins92,#f3c817,,"[{'e': 'text', 't': 'political orphan'}]",a1c701c6-1d82-11e2-a5e0-12313b0ce1e2,political orphan,dark,richtext,t2_39otlp8u,False,True,[],That’s not even what happened. The publisher cancelled a few unpopular books that also had some rather unfortunate racial stereotypes in them.,,,1617577241,{},gte8ej3,True,t3_mhtctg,False,True,t1_gte7l0i,/r/Libertarian/comments/mhtctg/for_the_love_of_god_can_we_please_stop/gte8ej3/,1617577252,1,True,False,Libertarian,t5_2qh63,,0,[]
[],,ApplesauceLover123,,,[],,,,text,t2_8bb54l9z,False,False,[],"So we're gonna ignore everything that was said and jump straight to your baseless claims, huh.",,,1617577191,{},gte8bd5,False,t3_mk4sp8,False,True,t1_gte7py5,/r/Libertarian/comments/mk4sp8/the_existence_of_the_lp_violates_libertarians/gte8bd5/,1617577202,1,True,False,Libertarian,t5_2qh63,,0,[]
[],,CHOKEY_Gaming,,,[],,,,text,t2_9zp7iujm,False,False,[],"Yes... I wrote in Bernie (yes, I knew it was futile). But I also voted for local government I wanted.",,,1617577152,{},gte88t1,False,t3_mk536m,False,True,t1_gte7orb,/r/Libertarian/comments/mk536m/people_that_hate_libertarians_tend_to_have_the/gte88t1/,1617577162,1,True,False,Libertarian,t5_2qh63,,0,[]
[],,ninjacereal,,,[],,,,text,t2_jkvap,False,False,[],"This is r/libertarian, you know - a place where you shouldn't tell me what I need to do for you.",,,1617577134,{},gte87nn,False,t3_mhtctg,False,True,t1_gte7vmz,/r/Libertarian/comments/mhtctg/for_the_love_of_god_can_we_please_stop/gte87nn/,1617577145,1,True,False,Libertarian,t5_2qh63,,0,[]
[],,Princess180613,,,[],,,,text,t2_35lnndyi,False,False,[],You haven't been around communists all that long then. They've been screeching about all capitalists being fascists for decades. You're also ignoring the fact that these vaccine passports are fucked.,,,1617577096,{},gte8566,False,t3_mhtctg,False,True,t1_gte67k8,/r/Libertarian/comments/mhtctg/for_the_love_of_god_can_we_please_stop/gte8566/,1617577107,1,True,False,Libertarian,t5_2qh63,,0,[]
[],,[deleted],,,,,,dark,,,,,[],[removed],,,1617577073,{},gte83nn,False,t3_mjwwvi,False,True,t1_gte5mtg,/r/Libertarian/comments/mjwwvi/why_is_the_sub_suddenly_over_run_with_socialists/gte83nn/,1617577084,1,True,False,Libertarian,t5_2qh63,,0,[]
[],,over-ladder-switch,,,[],,,,text,t2_a1r6jl97,False,False,[],DOE is included here,,,1617577049,{},gte823x,True,t3_mk6wu3,False,True,t1_gte7xtl,/r/Libertarian/comments/mk6wu3/stuffweshouldcancel_is_trending_we_thought_youd/gte823x/,1617577060,1,True,False,Libertarian,t5_2qh63,,0,[]
[],,CHOKEY_Gaming,,,[],,,,text,t2_9zp7iujm,False,False,[],Ok Boomer,,,1617577049,{},gte822w,False,t3_mk536m,False,True,t1_gte6b5f,/r/Libertarian/comments/mk536m/people_that_hate_libertarians_tend_to_have_the/gte822w/,1617577059,1,True,False,Libertarian,t5_2qh63,,0,[]
[],,ben313586,,,[],,,,text,t2_4cyutex1,False,False,[],"ah, I forgot it's ok to hate white people.../s fuck you",,,1617576988,{},gte7y5h,False,t3_mjdc5n,False,True,t1_gte5wso,/r/Libertarian/comments/mjdc5n/sanctions_lifted_against_italian_business_owners/gte7y5h/,1617576999,1,True,False,Libertarian,t5_2qh63,,0,[]
[],,Ripped-Dad,,,[],,,,text,t2_8ztlpql5,False,False,[],"How about a Clinton crime bill that was criticized as targeting minorities, the Violent Crime Control and Law Enforcement Act.

Or, perhaps the Clinton-era Defense of Marriage act.

Many of Bill Clinton’s fiscal victories were through a Congress that was majority Republican. 

And while Clinton had disdain for this Republican majority, he ultimately was able to do more because of that instead of being pushed further to the left.",,,1617576987,{},gte7y3l,False,t3_mk36tz,False,True,t1_gte6cpc,/r/Libertarian/comments/mk36tz/trumps_most_enduring_legacy_could_be_the_historic/gte7y3l/,1617576998,1,True,False,Libertarian,t5_2qh63,,0,[]
[],,uhtred5,,,[],,,,text,t2_a2wx0lx9,False,False,[],"Cancel HUD, Department of Education, Department of Commerce",,,1617576983,{},gte7xtl,False,t3_mk6wu3,False,True,t3_mk6wu3,/r/Libertarian/comments/mk6wu3/stuffweshouldcancel_is_trending_we_thought_youd/gte7xtl/,1617576994,1,True,False,Libertarian,t5_2qh63,,0,[]
[],,MF3010,,,[],,,,text,t2_7ty92ufr,False,False,[],Ok but what about recent immigrants? Will their taxes also go towards this even though they and their ancestors haven’t participated in this institution?,,,1617576965,{},gte7wnd,False,t3_mk03mc,False,True,t1_gtdzvoi,/r/Libertarian/comments/mk03mc/virginia_law_requires_colleges_that_used_slave/gte7wnd/,1617576976,1,True,False,Libertarian,t5_2qh63,,0,[]
[],,ChinaCatLogan,,,[],,,,text,t2_2dhpvi1k,False,False,[],"By 'comfortable' so you mean alive? Over half a million people have died from covid in the states alone. The logic for covod vaccines is the same as that behind measles and polio vaccines. Are you against people needing those to go to school then?

So a person with covid has no duty to not spread it? That literally makes no sense. Negative rights are a thing, you should look them up. I think someone's right to minimizing their health risks/harm is still superior to an individual's right to shop in any private store they want to. This is r/libertarian right?",,,1617576950,{},gte7vmz,False,t3_mhtctg,False,True,t1_gtdeg9u,/r/Libertarian/comments/mhtctg/for_the_love_of_god_can_we_please_stop/gte7vmz/,1617576961,1,True,False,Libertarian,t5_2qh63,,0,[]
[],,cashadow3,#f3c817,,"[{'e': 'text', 't': 'Right Libertarian'}]",b016ca8a-1cf2-11e2-97d4-12313b088941,Right Libertarian,dark,richtext,t2_8l9jcbak,False,False,[],"It’s a pretty basic doctrine we are all taught in our 1L evidence course and if you have to study for a State bar exam it’s certainly subject matter that is covered in criminal procedure and evidence so, unless they’re an absolute moron, yes they should know it.",,,1617576892,{},gte7rvu,False,t3_mjwp0d,False,True,t1_gte6euc,/r/Libertarian/comments/mjwp0d/nypd_officers_can_no_longer_search_a_vehicle_due/gte7rvu/,1617576903,1,True,False,Libertarian,t5_2qh63,,0,[]
[],,CHOKEY_Gaming,,,[],,,,text,t2_9zp7iujm,False,False,[],"""Individualism"" is bourgeoisie propaganda to shut you up and blame poor people for your problems. People who believe they are free will not challenge the top.",,,1617576863,{},gte7py5,True,t3_mk4sp8,False,True,t1_gte6ei4,/r/Libertarian/comments/mk4sp8/the_existence_of_the_lp_violates_libertarians/gte7py5/,1617576874,1,True,False,Libertarian,t5_2qh63,,0,[]
[],,last657,#f3c817,,"[{'e': 'text', 't': 'Inevitable governmental systems are inevitable '}]",a1c701c6-1d82-11e2-a5e0-12313b0ce1e2,Inevitable governmental systems are inevitable ,dark,richtext,t2_da962,False,False,[],Agreed. I got about three sentences in before nopeing out.,,,1617576861,{},gte7puk,False,t3_mk5pkk,False,True,t1_gte0tmh,/r/Libertarian/comments/mk5pkk/i_found_a_very_odd_article_by_nbc/gte7puk/,1617576872,1,True,False,Libertarian,t5_2qh63,,0,[]
[],,laygo3,#f3c817,,"[{'e': 'text', 't': 'I Voted'}]",9d191072-1cf3-11e2-bf50-12313b0c247a,I Voted,dark,richtext,t2_10vkgl,False,False,[],I imagine you wrote in Bernie then on the national election then? Or was that a vote for Trump?,,,1617576844,{},gte7orb,False,t3_mk536m,False,True,t1_gte31zw,/r/Libertarian/comments/mk536m/people_that_hate_libertarians_tend_to_have_the/gte7orb/,1617576856,1,True,False,Libertarian,t5_2qh63,,0,[]
[],,HoldTheCellarDoor,,,[],,,,text,t2_10zjhy,False,False,[],"Lol I know the whole saying and I hear that argument from LE supporters a lot, yet never considered asking them to complete the sentence lol",,,1617576788,{},gte7l5m,False,t3_mjwp0d,False,True,t1_gte2fzp,/r/Libertarian/comments/mjwp0d/nypd_officers_can_no_longer_search_a_vehicle_due/gte7l5m/,1617576799,1,True,False,Libertarian,t5_2qh63,,0,[]
[],,sisco683,,,[],,,,text,t2_2vigki4u,False,False,[],YEAH and burn that f--king Dr. Seuss for spreading false information.,,,1617576786,{},gte7l0i,False,t3_mhtctg,False,True,t3_mhtctg,/r/Libertarian/comments/mhtctg/for_the_love_of_god_can_we_please_stop/gte7l0i/,1617576798,1,True,False,Libertarian,t5_2qh63,,0,[]
[],,Verrence,,,[],,,,text,t2_b77sw,False,False,[],"It pretty much personifies politics to me.  There was fine print that no one bothered to read, and they got screwed as a result.  But they’d do it again because their party is “so much better than the *other* party”.

If you fail to “read the fine print” with politicians, and think long and hard about what that fine print actually means, you’ll always get screwed.",,,1617576761,{},gte7jdk,False,t3_mjmk85,False,True,t3_mjmk85,/r/Libertarian/comments/mjmk85/the_trump_campaign_reportedly_cheated_donors_who/gte7jdk/,1617576772,1,True,False,Libertarian,t5_2qh63,,0,[]
[],,last657,#f3c817,,"[{'e': 'text', 't': 'Inevitable governmental systems are inevitable '}]",a1c701c6-1d82-11e2-a5e0-12313b0ce1e2,Inevitable governmental systems are inevitable ,dark,richtext,t2_da962,False,False,[],[Here](https://lis.virginia.gov/cgi-bin/legp604.exe?212+ful+HB2004+pdf) is the text. Much of the already existing victim protection framework and other such laws are maintained in this.,,,1617576758,{},gte7j81,False,t3_mjmwgf,False,True,t1_gtbtqif,/r/Libertarian/comments/mjmwgf/police_in_virginia_can_no_longer_keep_all_their/gte7j81/,1617576769,1,True,False,Libertarian,t5_2qh63,,0,[]
[],,StarWarsMonopoly,,,[],,,,text,t2_pddc6,False,False,[],"I like the top 3 words in libertarianmeme:

""reddit raped support"" haha",,,1617576750,{},gte7ind,False,t3_mjwwvi,False,True,t1_gtdvpjo,/r/Libertarian/comments/mjwwvi/why_is_the_sub_suddenly_over_run_with_socialists/gte7ind/,1617576761,1,True,False,Libertarian,t5_2qh63,,0,[]
[],,CommercialSomewhere8,,,[],,,,text,t2_636lwgwm,False,False,[],Are you sure he is Gaetz?,,,1617576707,{},gte7fw4,False,t3_mjzpot,False,True,t1_gtdqtki,/r/Libertarian/comments/mjzpot/bidens_closed_door_immigration_policies_are_not/gte7fw4/,1617576719,1,True,False,Libertarian,t5_2qh63,,0,[]
[],,Hat82,,,[],,,,text,t2_78sa6koa,False,False,[],"Ahhh, I went to bed after my last Reddit comment so saw it the next day. I didn’t even know it was a thing, but I did discover if you reply “STOP” it blocks it.",,,1617576651,{},gte7c66,False,t3_mjjrpg,False,True,t1_gte5ui8,/r/Libertarian/comments/mjjrpg/why_are_libertarians_defending_restaurant_use_of/gte7c66/,1617576661,1,True,False,Libertarian,t5_2qh63,,0,[]
[],,Tango-Actual90,,,[],,,,text,t2_9qnykpnm,False,False,[],"Wow! Way to just simplify a complicated thing like the dunning kruger effect. Don't you know how difficult and complicated it is? How can you even describe something like that without a PhD. I'm obviously smarter than you because I say things like this.

See how dumb you sound",,,1617576645,{},gte7btw,False,t3_mjacbj,False,True,t1_gte6nln,/r/Libertarian/comments/mjacbj/aclu_warns_a_lot_can_go_wrong_with_digital/gte7btw/,1617576655,1,True,False,Libertarian,t5_2qh63,,0,[]
[],,Time-Elephant92,,,[],,,,text,t2_8b8vqmww,False,False,[],Absolutely,,,1617576480,{},gte70oi,False,t3_mjoyzk,False,True,t1_gtd2w9v,/r/Libertarian/comments/mjoyzk/from_a_moral_perspective_you_could_justify/gte70oi/,1617576491,1,True,False,Libertarian,t5_2qh63,,0,[]
[],,MadameApathy,,,[],,,,text,t2_9wxk2s0s,False,False,[],"Stakeholder Capitalism is communism with a twist.   


In communism, the government owns the means of business.   
In stakeholder capitalism, business owns the means of government.",,,1617576475,{},gte70am,False,t3_lmb45f,False,True,t3_lmb45f,/r/Libertarian/comments/lmb45f/the_problematic_nature_of_stakeholder_capitalism/gte70am/,1617576486,1,True,False,Libertarian,t5_2qh63,,0,[]
[],,Verrence,,,[],,,,text,t2_b77sw,False,False,[],I think that the magnitude of effect (both good and bad) that people attribute to presidents is overblown in general.,,,1617576449,{},gte6yii,False,t3_mk36tz,False,True,t1_gte2s5t,/r/Libertarian/comments/mk36tz/trumps_most_enduring_legacy_could_be_the_historic/gte6yii/,1617576459,1,True,False,Libertarian,t5_2qh63,,0,[]
[],,Magikarp_King,,,[],,,,text,t2_qaawu,False,False,[],"""I could see a small baggie and he was acting strange.",,,1617576382,{},gte6u4v,False,t3_mjwp0d,False,True,t3_mjwp0d,/r/Libertarian/comments/mjwp0d/nypd_officers_can_no_longer_search_a_vehicle_due/gte6u4v/,1617576394,1,True,False,Libertarian,t5_2qh63,,0,[]
[],,snowbirdnerd,,,[],,,,text,t2_13mtu0,False,False,[],"Imagine reading the dictionary definition and thinking you know what an ideology means. 

You think its simple because you don't know anything about it. This is rhe dunning-kruger effect in action.",,,1617576283,{},gte6nln,False,t3_mjacbj,False,True,t1_gte6ivk,/r/Libertarian/comments/mjacbj/aclu_warns_a_lot_can_go_wrong_with_digital/gte6nln/,1617576295,1,True,False,Libertarian,t5_2qh63,,0,[]
[],,Tango-Actual90,,,[],,,,text,t2_9qnykpnm,False,False,[],"Imagine believing authoritarianism is a complicated ideology.

Way to out yourself as an authoritarian piece of shit by the way.",,,1617576211,{},gte6ivk,False,t3_mjacbj,False,True,t1_gtcgz7j,/r/Libertarian/comments/mjacbj/aclu_warns_a_lot_can_go_wrong_with_digital/gte6ivk/,1617576222,1,True,False,Libertarian,t5_2qh63,,0,[]
[],,LibertyLibertyBooya,,,[],,,,text,t2_31tr81qd,False,False,[],"Define a victim group, convince them they are being persecuted, and the Democrats will save you from your oppressors.   

Repeat for all groups except whites.",,,1617576187,{},gte6hac,False,t3_mk5pkk,False,True,t3_mk5pkk,/r/Libertarian/comments/mk5pkk/i_found_a_very_odd_article_by_nbc/gte6hac/,1617576197,1,True,False,Libertarian,t5_2qh63,,0,[]
[],,Archivist_of_Lewds,,,[],,,,text,t2_48ph64hc,False,False,[],So you speak for all libertarian?,,,1617576176,{},gte6gkj,False,t3_mk536m,False,True,t1_gte5lrd,/r/Libertarian/comments/mk536m/people_that_hate_libertarians_tend_to_have_the/gte6gkj/,1617576186,1,True,False,Libertarian,t5_2qh63,,0,[]
[],,flugenblar,,,[],,,,text,t2_122z6d,False,False,[],Does that include the typical public defender?,,,1617576149,{},gte6euc,False,t3_mjwp0d,False,True,t1_gtdvnvy,/r/Libertarian/comments/mjwp0d/nypd_officers_can_no_longer_search_a_vehicle_due/gte6euc/,1617576160,1,True,False,Libertarian,t5_2qh63,,0,[]
[],,ApplesauceLover123,,,[],,,,text,t2_8bb54l9z,False,False,[],"Fine, let's take the textbook definition of society. Society is built upon individuals and interactions with one another. Society doesn't just come into existence without individuals, that wouldn't make any sense. To deny that there are individuals within a society would simply be contradictory.",,,1617576144,{},gte6ei4,False,t3_mk4sp8,False,True,t1_gte5qgu,/r/Libertarian/comments/mk4sp8/the_existence_of_the_lp_violates_libertarians/gte6ei4/,1617576154,1,True,False,Libertarian,t5_2qh63,,0,[]
[],,mean_bean_machine,,,[],,,dark,text,t2_6go79,False,False,[],"&gt;as did Bush inherit things

You mean a surplus?",,,1617576116,{},gte6cpc,False,t3_mk36tz,False,False,t1_gte2s5t,/r/Libertarian/comments/mk36tz/trumps_most_enduring_legacy_could_be_the_historic/gte6cpc/,1617576127,1,True,False,Libertarian,t5_2qh63,,0,[]
[],,Vejasple,#f3c817,,"[{'e': 'text', 't': 'Anarcho Capitalist'}]",1a2345da-1cf2-11e2-8c00-12313b0ce1e2,Anarcho Capitalist,dark,richtext,t2_bxxiq,False,False,[],"But voting for unreformed Cold War commie hardliners is even worse. The bern prescribed full communist nationalizations, which make upward mobility impossible. If love communism do much why don’t you just move to Cuba or North Korea.",,,1617576092,{},gte6b5f,False,t3_mk536m,False,True,t1_gte31zw,/r/Libertarian/comments/mk536m/people_that_hate_libertarians_tend_to_have_the/gte6b5f/,1617576103,1,True,False,Libertarian,t5_2qh63,,0,[]
[],,Ripped-Dad,,,[],,,,text,t2_8ztlpql5,False,False,[],"Someone grab Hunter Biden and his crackpipe and dump him on the border with the migrant children, suddenly Joe will start caring.",,,1617576076,{},gte6a0s,False,t3_mjzpot,False,True,t3_mjzpot,/r/Libertarian/comments/mjzpot/bidens_closed_door_immigration_policies_are_not/gte6a0s/,1617576086,1,True,False,Libertarian,t5_2qh63,,0,[]
[],,TinyNuggins92,#f3c817,,"[{'e': 'text', 't': 'political orphan'}]",a1c701c6-1d82-11e2-a5e0-12313b0ce1e2,political orphan,dark,richtext,t2_39otlp8u,False,True,[],If your only justification for doing something dishonest and intellectually lazy is “well someone else did it first” then it’s a real shitty reason. And I’ve frankly heard conservatives screeching about how the left are “the real Nazis!” far longer than Trump’s political campaigns,,,1617576038,{},gte67k8,True,t3_mhtctg,False,True,t1_gte1xv3,/r/Libertarian/comments/mhtctg/for_the_love_of_god_can_we_please_stop/gte67k8/,1617576049,1,True,False,Libertarian,t5_2qh63,,0,[]
[],,Snoo47858,,,[],,,,text,t2_74msqcii,False,False,[],Ya unlike you my life isn’t reddit,,,1617575889,{},gte5xyy,False,t3_mjwwvi,False,True,t1_gtdytvl,/r/Libertarian/comments/mjwwvi/why_is_the_sub_suddenly_over_run_with_socialists/gte5xyy/,1617575899,1,True,False,Libertarian,t5_2qh63,,0,[]
[],,highred1,,,[],,,,text,t2_4c1wp6rv,False,False,[],Im pretty sure Italian not even a race but whatever,,,1617575870,{},gte5wso,False,t3_mjdc5n,False,True,t1_gtbytuy,/r/Libertarian/comments/mjdc5n/sanctions_lifted_against_italian_business_owners/gte5wso/,1617575881,1,True,False,Libertarian,t5_2qh63,,0,[]
[],,TinyNuggins92,#f3c817,,"[{'e': 'text', 't': 'political orphan'}]",a1c701c6-1d82-11e2-a5e0-12313b0ce1e2,political orphan,dark,richtext,t2_39otlp8u,False,True,[],The first time I know it was the wacko as he was the only person I was interacting with as he decided to start harassing me through private message. I have no idea who did the other one,,,1617575835,{},gte5ui8,False,t3_mjjrpg,False,True,t1_gtdy9ic,/r/Libertarian/comments/mjjrpg/why_are_libertarians_defending_restaurant_use_of/gte5ui8/,1617575846,1,True,False,Libertarian,t5_2qh63,,0,[]
[],,CHOKEY_Gaming,,,[],,,,text,t2_9zp7iujm,False,False,[],You are asking what society means... I don't have the patience to define words for you kid.,,,1617575774,{},gte5qgu,True,t3_mk4sp8,False,True,t1_gte5ndx,/r/Libertarian/comments/mk4sp8/the_existence_of_the_lp_violates_libertarians/gte5qgu/,1617575784,1,True,False,Libertarian,t5_2qh63,,0,[]
[],,ShellyATX2,,,[],,,,text,t2_h2868oo,False,False,[],Good - I can finally enjoy my marijuana car vent air fresheners!,,,1617575766,{},gte5pxe,False,t3_mjwp0d,False,True,t3_mjwp0d,/r/Libertarian/comments/mjwp0d/nypd_officers_can_no_longer_search_a_vehicle_due/gte5pxe/,1617575777,1,True,False,Libertarian,t5_2qh63,,0,[]
[],,ApplesauceLover123,,,[],,,,text,t2_8bb54l9z,False,False,[],"Ah, dodging the question. You're not here for a conversation, you're here to strut around like you know what you're talking about.",,,1617575727,{},gte5ndx,False,t3_mk4sp8,False,True,t1_gte5dqf,/r/Libertarian/comments/mk4sp8/the_existence_of_the_lp_violates_libertarians/gte5ndx/,1617575737,1,True,False,Libertarian,t5_2qh63,,0,[]
[],,Drumboy168,,,[],,,,text,t2_qm3my,False,False,[],"You misunderstood what I meant. If your only option is to be beholden to an individual to make money, the alternative of which is homelessness, you don't have a choice.

Not everything you don't like is socialism. Try actually thinking for once, it might be enlightening.",,,1617575719,{},gte5mtg,False,t3_mjwwvi,False,True,t1_gtdykh5,/r/Libertarian/comments/mjwwvi/why_is_the_sub_suddenly_over_run_with_socialists/gte5mtg/,1617575729,1,True,False,Libertarian,t5_2qh63,,0,[]
[],,Lurker9605,,,[],,,,text,t2_2x7op31v,False,False,[],Corporate governance. Lol Wtf? No Thats not what we want. If we did we wouldnt appose corporate welfare and subsidies so harshly.,,,1617575703,{},gte5lrd,False,t3_mk536m,False,True,t1_gte0nop,/r/Libertarian/comments/mk536m/people_that_hate_libertarians_tend_to_have_the/gte5lrd/,1617575714,1,True,False,Libertarian,t5_2qh63,,0,[]
[],,CHOKEY_Gaming,,,[],,,,text,t2_9zp7iujm,False,False,[],"""i diScoVeRed tHiS oN mY oWn"" 🙄",,,1617575665,{},gte5j6o,True,t3_mk4sp8,False,True,t1_gte5fzq,/r/Libertarian/comments/mk4sp8/the_existence_of_the_lp_violates_libertarians/gte5j6o/,1617575677,1,True,False,Libertarian,t5_2qh63,,0,[]
[],,ShellyATX2,,,[],,,,text,t2_h2868oo,False,False,[],"HA! I find it quite hypocritical that the two primary ways “we the people” keep government in check...gun rights and voting rights.

Voting Rights - 101 hoops to jump through, must have ID, must register, and they can purge all that whenever they want because they decided you did participate to the level they wanted . I have to go to specific places, etc. Furthermore, people are happy to discuss ALL the people that they don’t think should be able to vote.

Gun Rights - Anything goes. Any measure of qualification, restrictions or licensing is met with fierce opposition.

I think we should all have our guns AND our votes!",,,1617575644,{},gte5hqn,False,t3_mjmz1l,False,True,t1_gtcy1vn,/r/Libertarian/comments/mjmz1l/iowa_governor_signs_law_ending_handgun_permit/gte5hqn/,1617575654,1,True,False,Libertarian,t5_2qh63,,0,[]
[],,ComradeTater,#f3c817,,"[{'e': 'text', 't': ""If you call me a communist you're fucking stupid. ""}]",a1c701c6-1d82-11e2-a5e0-12313b0ce1e2,If you call me a communist you're fucking stupid. ,dark,richtext,t2_7kv853t4,False,False,[],Probably only like 5% of their searches find anything.,,,1617575640,{},gte5hi6,False,t3_mjwp0d,False,True,t1_gtdu66g,/r/Libertarian/comments/mjwp0d/nypd_officers_can_no_longer_search_a_vehicle_due/gte5hi6/,1617575651,1,True,False,Libertarian,t5_2qh63,,0,[]
[],,Papa-Shmoo,#f3c817,,"[{'e': 'text', 't': 'Libertarian Party'}]",0df7f9c6-1cf3-11e2-ad4c-12313b088941,Libertarian Party,dark,richtext,t2_clynzcj,False,False,[],Please do,,,1617575618,{},gte5fzq,False,t3_mk4sp8,False,True,t1_gte516g,/r/Libertarian/comments/mk4sp8/the_existence_of_the_lp_violates_libertarians/gte5fzq/,1617575628,1,True,False,Libertarian,t5_2qh63,,0,[]
[],,willpower069,,,[],,,,text,t2_ziezb,False,False,[],Swing and a miss.,,,1617575612,{},gte5flh,False,t3_mk0fbz,False,True,t1_gtdenyp,/r/Libertarian/comments/mk0fbz/facism_is_coming_tuckers_warned_us/gte5flh/,1617575622,1,True,False,Libertarian,t5_2qh63,,0,[]
[],,CHOKEY_Gaming,,,[],,,,text,t2_9zp7iujm,False,False,[],You should have learned that around 3rd grade. Im sorry our shitty education system failed you.,,,1617575584,{},gte5dqf,True,t3_mk4sp8,False,True,t1_gte59ym,/r/Libertarian/comments/mk4sp8/the_existence_of_the_lp_violates_libertarians/gte5dqf/,1617575594,1,True,False,Libertarian,t5_2qh63,,0,[]
[],,Archivist_of_Lewds,,,[],,,,text,t2_48ph64hc,False,False,[],"Odd your talking about the right to bear arms, when such a right doesn't exist.",,,1617575529,{},gte5a2f,False,t3_mjmz1l,False,True,t1_gte40yk,/r/Libertarian/comments/mjmz1l/iowa_governor_signs_law_ending_handgun_permit/gte5a2f/,1617575540,1,True,False,Libertarian,t5_2qh63,,0,[]
