all_awardings,associated_award,author,author_flair_background_color,author_flair_css_class,author_flair_richtext,author_flair_template_id,author_flair_text,author_flair_text_color,author_flair_type,author_fullname,author_patreon_flair,author_premium,awarders,body,collapsed_because_crowd_control,collapsed_reason_code,comment_type,created_utc,gildings,id,is_submitter,link_id,locked,no_follow,parent_id,permalink,retrieved_on,score,send_replies,stickied,subreddit,subreddit_id,top_awarded_type,total_awards_received,treatment_tags,archived,body_sha1,can_gild,collapsed,collapsed_reason,controversiality,distinguished,gilded,retrieved_utc,score_hidden,subreddit_name_prefixed,subreddit_type
[],,moinox80,#f3c817,,"[{'e': 'text', 't': 'Anarcho Capitalist'}]",1a2345da-1cf2-11e2-8c00-12313b0ce1e2,Anarcho Capitalist,dark,richtext,t2_luezwwm,False,False,[],Haven’t said anything about not getting vaccinated xd,,,,1628812794,{},h8pyyfq,False,t3_p3bnw4,False,True,t1_h8pxmvr,/r/Libertarian/comments/p3bnw4/why_do_libertarians_oppose_a_private_business/h8pyyfq/,1628893160.0,1,True,False,Libertarian,t5_2qh63,,0,[],,,,,,,,,,,,
[],,Birch_T,,,[],,,,text,t2_3mqgwqy0,False,False,[],"If we are too genuine about our libertarian ideals, then eventually the sub will get banned.",,,,1628812791,{},h8pyy9u,False,t3_p3brrg,False,True,t3_p3brrg,/r/Libertarian/comments/p3brrg/where_are_the_libertarians/h8pyy9u/,1628893157.0,0,True,False,Libertarian,t5_2qh63,,0,[],,,,,,,,,,,,
[],,bobbyrickets,#dadada,,"[{'e': 'text', 't': 'I like co-ops'}]",e6717002-6e8e-11eb-818d-0ea05fb70615,I like co-ops,dark,richtext,t2_6xpzcfrb,False,False,[],"&gt; You mean like the vAsT MaJoRiTy of climate scientists thing? I’d “agree” with whatever the entity giving me a shitload of money told me to agree with too.

Climate scientists don't make much money bud. They work because they believe in something instead of being obstinate fucking morons trolling to get crumbs of attention from others.

Find another way to get the human contact you're desperately seeking. This isn't working. Consider having something to offer others, as personal qualities and such.",,,,1628812771,{},h8pywmu,False,t3_p3beft,False,True,t1_h8pw3a2,/r/Libertarian/comments/p3beft/why_do_libertarians_oppose_mask_mandates_in/h8pywmu/,1628893131.0,1,True,False,Libertarian,t5_2qh63,,0,[],,,,,,,,,,,,
[],,jadwy916,,,[],,,,text,t2_8ojaw,False,True,[],That's the fucking shit of it. It was all for nothing. All those soldiers...,,,,1628812767,{},h8pywba,False,t3_p36bs3,False,True,t1_h8pxqav,/r/Libertarian/comments/p36bs3/biden_on_afghanistan_not_my_problem/h8pywba/,1628893127.0,2,True,False,Libertarian,t5_2qh63,,0,[],,,,,,,,,,,,
[],,Bsdave103,,,[],,,,text,t2_7d3po,False,False,[],"I thought Texas was a bastion of personal freedoms?

Or maybe thats all Republican bullshit and they are just trying to keep those for-profit prisons as full as they can...",,,,1628812766,{},h8pyw80,False,t3_p39lwb,False,False,t3_p39lwb,/r/Libertarian/comments/p39lwb/texas_is_the_first_state_to_make_buying_sex_a/h8pyw80/,1628893126.0,88,True,False,Libertarian,t5_2qh63,,0,[],,,,,,,,,,,,
[],,alexisaacs,#f3c817,,"[{'e': 'text', 't': 'Libertarian Socialist'}]",a1c701c6-1d82-11e2-a5e0-12313b0ce1e2,Libertarian Socialist,dark,richtext,t2_71fj0,False,False,[],"Why are you linking me this trash? I couldn't care less what those two say. Read my post - I address facts, not random dipshits talking about things they don't understand.

I only follow science, every step of the way. It's not hard to do. You can read up on all of the studies for the vaccines, even as they were happening.

Why would you ever listen to what any politician tells you about anything? You can link me Trump quotes, or Kamala quotes, they're all useless.

Science doesn't care about your politicians.",,,,1628812740,{},h8pyu2d,False,t3_p2yh7q,False,True,t1_h8pxtn4,/r/Libertarian/comments/p2yh7q/3_major_us_airlines_will_not_mandate_shots_for/h8pyu2d/,1628893092.0,1,True,False,Libertarian,t5_2qh63,,0,[],,,,,,,,,,,,
[],,redned2021,,,[],,,,text,t2_89w4vo14,False,False,[],"Right, not viruses. Thanks for agreeing.",,,,1628812712,{},h8pyrsv,False,t3_p3beft,False,False,t1_h8pyna5,/r/Libertarian/comments/p3beft/why_do_libertarians_oppose_mask_mandates_in/h8pyrsv/,1628893058.0,1,True,False,Libertarian,t5_2qh63,,0,[],,,,,,,,,,,,
[],,Midlaw987,,,[],,,,text,t2_cbfvaci9,False,False,[],"CRT is not the teaching of history. Therefore, any bill that bans CRT is not preventing schools from teaching about slavery....",,,,1628812711,{},h8pyroy,False,t3_p34tk6,False,True,t1_h8oqo4b,/r/Libertarian/comments/p34tk6/we_should_be_very_wary_of_any_bill_designed_to/h8pyroy/,1628893056.0,-4,True,False,Libertarian,t5_2qh63,,0,[],,,,,,,,,,,,
[],,lardbeetle,#f3c817,,"[{'e': 'text', 't': 'Social Libertarian'}]",a1c701c6-1d82-11e2-a5e0-12313b0ce1e2,Social Libertarian,dark,richtext,t2_2ev0oxip,False,False,[],goddamn right.  Let's start with abortion,,,,1628812687,{},h8pypqw,False,t3_p34dkv,False,False,t3_p34dkv,/r/Libertarian/comments/p34dkv/percent_of_americans_wanting_government_to_leave/h8pypqw/,1628893025.0,5,True,False,Libertarian,t5_2qh63,,0,[],,,,,,,,,,,,
[],,camscars775,,,[],,,,text,t2_3oz8ushe,False,False,[],"There are a ton of people on here that think it doesn't exist. 

Well since you are asking this question in good faith, no I do not think it is part of systemic racism. In no way shape or form are these mandates specifically targeting minorities like past examples of systemic racism. Additionally, we all suffer the exact same ""penalty"" for being unvaccinated, as opposed African Americans receiving harsher sentences for similar crimes historically. 

This is just my opinion as a black guy however, I obviously don't speak for everyone. Maybe some people do feel it's racist but I haven't met anyone who thinks so. 

Another factor to consider is systemic racism is generally US centric while this is happening all over the globe.",,,,1628812680,{},h8pyp6o,False,t3_p3avtc,False,True,t1_h8pxqpo,/r/Libertarian/comments/p3avtc/are_vaccine_mandates_a_part_of_systemic_racism/h8pyp6o/,1628893016.0,1,True,False,Libertarian,t5_2qh63,,0,[],,,,,,,,,,,,
[],,cicamore,,,[],,,,text,t2_iz2u4md,False,False,[],TIL caring about other people is a left idea and bad values.,,,,1628812679,{},h8pyp3i,False,t3_p3bxfp,False,False,t1_h8py9ct,/r/Libertarian/comments/p3bxfp/arnold_schwarzenegger_railed_against_people_who/h8pyp3i/,1628893015.0,24,True,False,Libertarian,t5_2qh63,,0,[],,,,,,,,,,,,
[],,CHOKEY_Gaming,,,[],,,,text,t2_9zp7iujm,False,False,[],"We don't... daddy business owner can do whatever he wants to me. 

But if government does it, it's rape.",,,,1628812674,{},h8pyoq7,False,t3_p3bnw4,False,False,t3_p3bnw4,/r/Libertarian/comments/p3bnw4/why_do_libertarians_oppose_a_private_business/h8pyoq7/,1628893009.0,6,True,False,Libertarian,t5_2qh63,,0,[],,,,,,,,,,,,
[],,[deleted],,,,,,dark,,,,,[],[removed],,,,1628812665,{},h8pyo1q,False,t3_p2yr7q,False,True,t1_h8pu3nh,/r/Libertarian/comments/p2yr7q/just_the_mises_caucus_defending_nazis_in_the/h8pyo1q/,1628892997.0,1,True,False,Libertarian,t5_2qh63,,0,[],,,,,,,,,,,,
[],,bobbyrickets,#dadada,,"[{'e': 'text', 't': 'I like co-ops'}]",e6717002-6e8e-11eb-818d-0ea05fb70615,I like co-ops,dark,richtext,t2_6xpzcfrb,False,False,[],"&gt; The question makes as much sense as mask mandates. During a surgery, doctors do not wear masks to prohibit the transmission of viruses. 

Because they don't need to. The air is replaced during surgery 12 to 15 times per hour. They do however need to protect the patient from bacteria and other pathogens from their mouths and lungs, and so they wear a filter over their mouth.",,,,1628812656,{},h8pyna5,False,t3_p3beft,False,True,t1_h8pvojm,/r/Libertarian/comments/p3beft/why_do_libertarians_oppose_mask_mandates_in/h8pyna5/,1628892984.0,2,True,False,Libertarian,t5_2qh63,,0,[],,,,,,,,,,,,
[],,fistantellmore,,,[],,,,text,t2_14qzds,False,False,[],"Sure, and that’s why we need to reduce the role of the state in matters like this.

As it stands, Madoff could have never accomplished what he did without the apparatus of the state.

And, unfortunately, the state is our proxy in these matters. Which means it is culpable for the crimes, and responsible for a part of the reparations.

A properly designed state wouldn’t have the laws or systems that permitted the exploitation, and until we get rid of or reform the state we have, we’re passive conspirators and need to own that.",,,,1628812650,{},h8pymty,False,t3_p2y5li,False,True,t1_h8py0br,/r/Libertarian/comments/p2y5li/jail_for_white_collar_frauds_is_justified/h8pymty/,1628892977.0,1,True,False,Libertarian,t5_2qh63,,0,[],,,,,,,,,,,,
[],,three18ti,,,[],,,,text,t2_5jxpc,False,False,[],"Lol. Imagine arguing government doing anything is the ""efficient"" or ""faster"" way. Hi-fucking-larious",,,,1628812650,{},h8pymtu,False,t3_p2yh7q,False,True,t1_h8pv3e7,/r/Libertarian/comments/p2yh7q/3_major_us_airlines_will_not_mandate_shots_for/h8pymtu/,1628892977.0,-3,True,False,Libertarian,t5_2qh63,,0,[],,,,,,,,,,,,
[],,lofi-jedi,,,[],,,,text,t2_arxgqxdh,False,True,[],"https://www.pewtrusts.org/research-and-analysis/articles/2021/03/04/the-science-behind-vaccines

https://www.sciencedirect.com/science/article/pii/S009286742031237X

https://www.ncbi.nlm.nih.gov/pmc/articles/PMC7997390/

https://www.bmj.com/content/371/bmj.m4826/rapid-responses?utm_campaign=tbmj&amp;utm_medium=cpc&amp;utm_source=trendmd&amp;utm_term=usage-042019&amp;utm_content=consumer

https://www.ncbi.nlm.nih.gov/pmc/articles/PMC8136422/",,,,1628812650,{},h8pyms7,True,t3_p35xbv,False,True,t1_h8px83l,/r/Libertarian/comments/p35xbv/mandatory_vaccines_and_authoritarianism/h8pyms7/,1628892975.0,2,True,False,Libertarian,t5_2qh63,,0,[],,,,,,,,,,,,
[],,wingman43487,#f3c817,,"[{'e': 'text', 't': 'Right Libertarian'}]",b016ca8a-1cf2-11e2-97d4-12313b088941,Right Libertarian,dark,richtext,t2_14ixk1cq,False,False,[],"And the health care system can't be hurting that bad for workers, if they are going to start firing people that aren't vaccinated.",,,,1628812639,{},h8pylv0,False,t3_p38of6,False,True,t1_h8py7hb,/r/Libertarian/comments/p38of6/dysfunctional_doesnt_begin_to_describe_our/h8pylv0/,1628892961.0,1,True,False,Libertarian,t5_2qh63,,0,[],,,,,,,,,,,,
[],,redned2021,,,[],,,,text,t2_89w4vo14,False,False,[],You literally quoted the question and then didn’t answer it lol,,,,1628812636,{},h8pylnu,False,t3_p3beft,False,True,t1_h8pyegs,/r/Libertarian/comments/p3beft/why_do_libertarians_oppose_mask_mandates_in/h8pylnu/,1628892957.0,0,True,False,Libertarian,t5_2qh63,,0,[],,,,,,,,,,,,
[],,AuxxyFoxxy,,,[],,,,text,t2_g4m5c,False,False,[],rent free: the post,,,,1628812632,{},h8pyldk,False,t3_p36ra1,False,True,t1_h8pd79c,/r/Libertarian/comments/p36ra1/why_does_the_euro_have_less_inflation_then_the_us/h8pyldk/,1628892954.0,3,True,False,Libertarian,t5_2qh63,,0,[],,,,,,,,,,,,
[],,swishersweets91,,,[],,,,text,t2_287021f2,False,False,[],"dude the fucking teachers union came out and said they are teaching this and will back all teachers who do teach it lol.... are you just fucking gone and not opening your eyes? IS IT EVERYWHERE? no its not..... but it is in districts lol, this how shit starts if you dont stop the poison.",,,,1628812625,{},h8pykr3,False,t3_p3bwo4,False,True,t3_p3bwo4,/r/Libertarian/comments/p3bwo4/literally_any_bill_banning_the_teaching_of/h8pykr3/,1628892944.0,-2,True,False,Libertarian,t5_2qh63,,0,[],,,,,,,,,,,,
[],,Chrisc46,,,[],,,,text,t2_ycno6,False,False,[],We're here. You just have to look a bit harder.,,,,1628812606,{},h8pyj7b,False,t3_p3brrg,False,False,t3_p3brrg,/r/Libertarian/comments/p3brrg/where_are_the_libertarians/h8pyj7b/,1628892919.0,11,True,False,Libertarian,t5_2qh63,,0,[],,,,,,,,,,,,
[],,redned2021,,,[],,,,text,t2_89w4vo14,False,False,[],Christ you’re whiny,,,,1628812602,{},h8pyivz,False,t3_p3brrg,False,True,t1_h8py9h7,/r/Libertarian/comments/p3brrg/where_are_the_libertarians/h8pyivz/,1628892914.0,3,True,False,Libertarian,t5_2qh63,,0,[],,,,,,,,,,,,
[],,wingman43487,#f3c817,,"[{'e': 'text', 't': 'Right Libertarian'}]",b016ca8a-1cf2-11e2-97d4-12313b088941,Right Libertarian,dark,richtext,t2_14ixk1cq,False,False,[],"Yeah, burnt out workers.  You can get more workers by offering free training, and better conditions.",,,,1628812593,{},h8pyi4c,False,t3_p38of6,False,True,t1_h8py7hb,/r/Libertarian/comments/p38of6/dysfunctional_doesnt_begin_to_describe_our/h8pyi4c/,1628892902.0,1,True,False,Libertarian,t5_2qh63,,0,[],,,,,,,,,,,,
[],,Monicabrewinskie,,,[],,,,text,t2_bgj0tsx,False,False,[],"In grade school, no. They should teach you how to read, write, get along with others and do basic math. If they focused in on those things we'd be in way better shape than now",,,,1628812581,{},h8pyh9k,False,t3_p34tk6,False,True,t1_h8omg8w,/r/Libertarian/comments/p34tk6/we_should_be_very_wary_of_any_bill_designed_to/h8pyh9k/,1628892889.0,0,True,False,Libertarian,t5_2qh63,,0,[],,,,,,,,,,,,
[],,AuxxyFoxxy,,,[],,,,text,t2_g4m5c,False,False,[],literally who,,,,1628812568,{},h8pyg5k,False,t3_p36ra1,False,True,t1_h8p1qrn,/r/Libertarian/comments/p36ra1/why_does_the_euro_have_less_inflation_then_the_us/h8pyg5k/,1628892871.0,1,True,False,Libertarian,t5_2qh63,,0,[],,,,,,,,,,,,
[],,lardbeetle,#f3c817,,"[{'e': 'text', 't': 'Social Libertarian'}]",a1c701c6-1d82-11e2-a5e0-12313b0ce1e2,Social Libertarian,dark,richtext,t2_2ev0oxip,False,False,[],"yes, yes, everything you don't like is Marxism

who cares if it actually doesn't have anything to do with economics at all?  I don't like it.  It's Marxism.",,,,1628812562,{},h8pyfmo,True,t3_p3bwo4,False,False,t1_h8pyba3,/r/Libertarian/comments/p3bwo4/literally_any_bill_banning_the_teaching_of/h8pyfmo/,1628892863.0,9,True,False,Libertarian,t5_2qh63,,0,[],,,,,,,,,,,,
[],,NM11203,,,[],,,,text,t2_8zzw1z8n,False,False,[],Or do you think we should have to wear a mask now every flu season,,,,1628812549,{},h8pyejl,False,t3_ox33fg,False,True,t1_h7le5y1,/r/Libertarian/comments/ox33fg/military_deployed_to_help_enforce_lockdown_in/h8pyejl/,1628892847.0,1,True,False,Libertarian,t5_2qh63,,0,[],,,,,,,,,,,,
[],,bobbyrickets,#dadada,,"[{'e': 'text', 't': 'I like co-ops'}]",e6717002-6e8e-11eb-818d-0ea05fb70615,I like co-ops,dark,richtext,t2_6xpzcfrb,False,False,[],"&gt; Do you believe surgeons use masks during a surgery, with an open incision, to prohibit the transmission of viruses?

Most operating rooms have excellent air management to help reduce contamination, and yes this is part of current health protocols. Do you understand how the modern world works? No, the answer is no.",,,,1628812548,{},h8pyegs,False,t3_p3beft,False,False,t1_h8pupkb,/r/Libertarian/comments/p3beft/why_do_libertarians_oppose_mask_mandates_in/h8pyegs/,1628892846.0,4,True,False,Libertarian,t5_2qh63,,0,[],,,,,,,,,,,,
[],,BravePossum,,,[],,,,text,t2_bop1mhfn,False,False,[],"Everyone donates money to fly a rocket to Pluto,  we get a giant ice cube from there, and bring it back to earth.",,,,1628812545,{},h8pyeac,False,t3_p36380,False,True,t3_p36380,/r/Libertarian/comments/p36380/how_does_libertarianism_solve_climate_change/h8pyeac/,1628892843.0,2,True,False,Libertarian,t5_2qh63,,0,[],,,,,,,,,,,,
[],,livefreeordont,,,[],,,,text,t2_8a6av,False,False,[],Which trials would you like to see that haven’t been conducted yet?,,,,1628812540,{},h8pydtp,False,t3_p2yh7q,False,False,t1_h8pjb4w,/r/Libertarian/comments/p2yh7q/3_major_us_airlines_will_not_mandate_shots_for/h8pydtp/,1628892836.0,2,True,False,Libertarian,t5_2qh63,,0,[],,,,,,,,,,,,
[],,Allballs80,,,[],,,,text,t2_c7qnklom,False,False,[],This is coming from a rapist,,LOW_SCORE,,1628812531,{},h8pyd27,False,t3_p3bxfp,False,True,t3_p3bxfp,/r/Libertarian/comments/p3bxfp/arnold_schwarzenegger_railed_against_people_who/h8pyd27/,1628892823.0,-15,True,False,Libertarian,t5_2qh63,,0,[],,,,,,,,,,,,
[],,Midlaw987,,,[],,,,text,t2_cbfvaci9,False,False,[],"You mean in group bias right?

Black people tend to biased towards Black's. White's towards White's and so on...

&gt;What about as one theory about why systemic racism exists to this day

I don't think telling kids they won't succeed because of their race  is beneficial to those kids.....",,,,1628812528,{},h8pycv1,False,t3_p34tk6,False,False,t1_h8omg8w,/r/Libertarian/comments/p34tk6/we_should_be_very_wary_of_any_bill_designed_to/h8pycv1/,1628892819.0,0,True,False,Libertarian,t5_2qh63,,0,[],,,,,,,,,,,,
[],,masked82,,,[],,,,text,t2_tjnbk,False,False,,I have a PhD in your mom,,,,1628812522,{},h8pyce9,False,t3_p324pu,False,True,t1_h8py592,/r/Libertarian/comments/p324pu/im_provaccine/h8pyce9/,,1,True,False,Libertarian,t5_2qh63,,0,[],False,ceaf598b2924a10ba183a351ec5ed1ce4f5f0478,True,False,,0.0,,0.0,1628812536.0,True,r/Libertarian,public
[],,lardbeetle,#f3c817,,"[{'e': 'text', 't': 'Social Libertarian'}]",a1c701c6-1d82-11e2-a5e0-12313b0ce1e2,Social Libertarian,dark,richtext,t2_2ev0oxip,False,False,[],"Teachers have fought to protect their right to take inspiration from a variety of material, but the actual thing is a law school subject, and is not taught in high school.",,,,1628812521,{},h8pycan,True,t3_p3bwo4,False,False,t1_h8pxxx8,/r/Libertarian/comments/p3bwo4/literally_any_bill_banning_the_teaching_of/h8pycan/,1628892810.0,11,True,False,Libertarian,t5_2qh63,,0,[],,,,,,,,,,,,
[],,NedTaggart,,,[],,,,text,t2_cabio,False,False,[],"I agree. I'm vaccinated but I fully support your right to choose to get it. 

Now, that said, if you choose to NOT get the vaccine, don't get bent out of shape when people or businesses do not want to be around you.",,,,1628812517,{},h8pybyc,False,t3_p324pu,False,False,t3_p324pu,/r/Libertarian/comments/p324pu/im_provaccine/h8pybyc/,1628892805.0,1,True,False,Libertarian,t5_2qh63,,0,[],,,,,,,,,,,,
[],,j_ads,,,[],,,,text,t2_4e8ajvz3,False,False,[],"It's shrouded Marxism.. no matter how you paint it, we all know it, we all see it. Throw it in the trash",,,,1628812509,{},h8pyba3,False,t3_p3bwo4,False,True,t3_p3bwo4,/r/Libertarian/comments/p3bwo4/literally_any_bill_banning_the_teaching_of/h8pyba3/,1628892793.0,-4,True,False,Libertarian,t5_2qh63,,0,[],,,,,,,,,,,,
[],,NM11203,,,[],,,,text,t2_8zzw1z8n,False,False,[],"So the flu has been killing about 60,000 Americans a year for God knows how long and all we had to do was wear a paper mask and it would have went away🤦‍♂️🤣🤣🤣",,,,1628812509,{},h8pyb8s,False,t3_ox33fg,False,True,t1_h7le5y1,/r/Libertarian/comments/ox33fg/military_deployed_to_help_enforce_lockdown_in/h8pyb8s/,1628892793.0,1,True,False,Libertarian,t5_2qh63,,0,[],,,,,,,,,,,,
[],,VonSpyder,,,[],,,,text,t2_86m08sof,False,False,[],"If we were talking about my ""idealized world"" ide be in control and an absolute tyrant with the world bending to my will. Not even joking.",,,,1628812506,{},h8pyazw,False,t3_p324pu,False,True,t1_h8pprf3,/r/Libertarian/comments/p324pu/im_provaccine/h8pyazw/,1628892789.0,2,True,False,Libertarian,t5_2qh63,,0,[],,,,,,,,,,,,
[],,onbius,,,[],,,,text,t2_2kg4f085,False,False,,"I think that we definitely need to separate the issues, in the same way we can’t assume that just because someone is in favor of lockdowns doesn’t also mean they’re obsessed with identity politics, we can’t assume that someone who is against forced vaccination is also a follower of Donald trump or thinks the election was stolen.",,,,1628812491,{},h8py9tl,False,t3_p35xbv,False,True,t1_h8px44b,/r/Libertarian/comments/p35xbv/mandatory_vaccines_and_authoritarianism/h8py9tl/,,1,True,False,Libertarian,t5_2qh63,,0,[],False,578bce35f59a037ac554b8644c26f28a36abf122,True,False,,0.0,,0.0,1628812505.0,True,r/Libertarian,public
[],,victory-fap,,,[],,,,text,t2_661jjbdj,False,False,[],CRT is a branch of well-established legal education that looks at the effect laws have in the real world. It involves research and quantitative analysis— all this current stuff is straw man bs by scared old white dudes.,,,,1628812488,{},h8py9ic,False,t3_p34tk6,False,False,t1_h8ps7fv,/r/Libertarian/comments/p34tk6/we_should_be_very_wary_of_any_bill_designed_to/h8py9ic/,1628892766.0,31,True,False,Libertarian,t5_2qh63,,0,[],,,,,,,,,,,,
[],,[deleted],,,,,,dark,,,,,[],[deleted],,,,1628812487,{},h8py9h7,False,t3_p3brrg,False,True,t1_h8pwm46,/r/Libertarian/comments/p3brrg/where_are_the_libertarians/h8py9h7/,1628892766.0,-1,True,False,Libertarian,t5_2qh63,,0,[],,,,,,,,,,,,
[],,swishersweets91,,,[],,,,text,t2_287021f2,False,False,[],man i used to love arnold until i heard this.... the left got to him and fucked his values up.,,LOW_SCORE,,1628812486,{},h8py9ct,False,t3_p3bxfp,False,True,t3_p3bxfp,/r/Libertarian/comments/p3bxfp/arnold_schwarzenegger_railed_against_people_who/h8py9ct/,1628892764.0,-17,True,False,Libertarian,t5_2qh63,,0,[],,,,,,,,,,,,
[],,Birdtheword3o3,#f3c817,,"[{'e': 'text', 't': 'Minarchist'}]",25c6421c-1cf1-11e2-89d6-12313d051e91,Minarchist,dark,richtext,t2_23de2ylv,False,False,[],Still overwhelming wealth and prosperity in both lol. There's a reason housing in Hong Kong is so expensive.,,,,1628812474,{},h8py8ca,False,t3_p3791b,False,True,t1_h8py0lr,/r/Libertarian/comments/p3791b/help_with_debunking_this_arguably_against_social/h8py8ca/,1628892749.0,1,True,False,Libertarian,t5_2qh63,,0,[],,,,,,,,,,,,
[],,livefreeordont,,,[],,,,text,t2_8a6av,False,False,[],Okay? That changes nothing about what I just said,,,,1628812464,{},h8py7ln,False,t3_p2yh7q,False,True,t1_h8ppb8r,/r/Libertarian/comments/p2yh7q/3_major_us_airlines_will_not_mandate_shots_for/h8py7ln/,1628892739.0,0,True,False,Libertarian,t5_2qh63,,0,[],,,,,,,,,,,,
[],,ChrundllTheGreat,,,[],,,,text,t2_a67rdb6o,False,False,[],"The health care system isn’t in shortage from low pay, it’s in shortage from burnt out workers. Like I said, being a nice person takes absolutely nothing. Anyways it’s been a good chat, I hope when you’re in need someone ends up giving you a break. Take care bud!",,,,1628812463,{},h8py7hb,False,t3_p38of6,False,True,t1_h8pxvkc,/r/Libertarian/comments/p38of6/dysfunctional_doesnt_begin_to_describe_our/h8py7hb/,1628892737.0,2,True,False,Libertarian,t5_2qh63,,0,[],,,,,,,,,,,,
[],,Yourlordandxavier,,,[],,,,text,t2_q3ruz,False,False,[],"I have actually. A few different types in fact. 

Which leads to a lot of creativity as to how I can pull this off.  

There are a lot of options for how to run this that are kind of too numerous to discuss in this post specifically. But if you’re interested I will be laying them all out on a wider scale relatively soon.",,,,1628812455,{},h8py6t8,False,t3_p35ql8,False,True,t1_h8pxxmq,/r/Libertarian/comments/p35ql8/i_would_like_some_assistance_and_feedback_with_a/h8py6t8/,1628892725.0,1,True,False,Libertarian,t5_2qh63,,0,[],,,,,,,,,,,,
[],,Wacocaine,,,[],,,,text,t2_7aiid,False,False,[],What's your Phd in?,,,,1628812436,{},h8py592,False,t3_p324pu,False,False,t1_h8pxbv5,/r/Libertarian/comments/p324pu/im_provaccine/h8py592/,1628892702.0,3,True,False,Libertarian,t5_2qh63,,0,[],,,,,,,,,,,,
[],,bobbyrickets,#dadada,,"[{'e': 'text', 't': 'I like co-ops'}]",e6717002-6e8e-11eb-818d-0ea05fb70615,I like co-ops,dark,richtext,t2_6xpzcfrb,False,False,[],"&gt; Why do you troll?

Some people don't get enough attention, positive or otherwise. They have to trick others to get their attention or force them.

It's sad and contemptible.",,,,1628812429,{},h8py4n9,False,t3_p3beft,False,True,t1_h8pw038,/r/Libertarian/comments/p3beft/why_do_libertarians_oppose_mask_mandates_in/h8py4n9/,1628892692.0,2,True,False,Libertarian,t5_2qh63,,0,[],,,,,,,,,,,,
[],,lardbeetle,#f3c817,,"[{'e': 'text', 't': 'Social Libertarian'}]",a1c701c6-1d82-11e2-a5e0-12313b0ce1e2,Social Libertarian,dark,richtext,t2_2ev0oxip,False,False,[],"oil and gas are over half of North Dakota's exports.

https://www.census.gov/foreign-trade/statistics/state/data/nd.html",,,,1628812429,{},h8py4n2,False,t3_p2utj6,False,True,t1_h8pvjy5,/r/Libertarian/comments/p2utj6/why_does_california_have_such_a_great_economy/h8py4n2/,1628892692.0,0,True,False,Libertarian,t5_2qh63,,0,[],,,,,,,,,,,,
[],,NM11203,,,[],,,,text,t2_8zzw1z8n,False,False,[],So you think the flu vanished? 🤣🤣🤣🤣,,,,1628812418,{},h8py3pz,False,t3_ox33fg,False,True,t1_h7le5y1,/r/Libertarian/comments/ox33fg/military_deployed_to_help_enforce_lockdown_in/h8py3pz/,1628892679.0,1,True,False,Libertarian,t5_2qh63,,0,[],,,,,,,,,,,,
[],,BoniceMarquiFace,,,[],,,,text,t2_96vwonmz,False,False,[],"Lmfao

What was the non public information his wife had access to, through him, that she traded based on?

They had public claims about their gimmick drug public a few days **prior** to his wife's purchase",,,,1628812406,{},h8py2qs,False,t3_p33or5,False,False,t1_h8p8qf0,/r/Libertarian/comments/p33or5/rand_paul_is_just_like_the_rest_of_them_a_fraud/h8py2qs/,1628892665.0,3,True,False,Libertarian,t5_2qh63,,0,[],,,,,,,,,,,,
[],,Hilldawg4president,,,[],,,,text,t2_yt0re,False,False,[],"The main difference here is that we were trying to mold Afghanistan into a place that shares western values, which they clearly are not ready for.

China, on the other hand, doesn't give a shit and will support any evil regime so long at its politically advantageous for them.",,,,1628812403,{},h8py2dw,False,t3_p36bs3,False,True,t1_h8pnf6n,/r/Libertarian/comments/p36bs3/biden_on_afghanistan_not_my_problem/h8py2dw/,1628892660.0,3,True,False,Libertarian,t5_2qh63,,0,[],,,,,,,,,,,,
[],,_iam_that_iam_,#f3c817,,"[{'e': 'text', 't': 'Capitalist'}]",4ec845f8-1f78-11e9-b161-0eeba41dde20,Capitalist,dark,richtext,t2_1ti92qsx,False,False,[],"Force?  No.  Not unless the disease was killing a large percentage of the people getting sick.  There is a point at which I would authorize force, but the danger to the public would have to be far more extreme than what we are seeing now.

But I think it is fair to impose strong incentives.  You don't want to get vaccinated?  Fine, but you bear the cost of Covid medical care.  You are not allowed to enroll in or teach in public school.  No government or health care jobs that interface with the public.  Bear the costs of your own decisions.",,,,1628812399,{},h8py226,False,t3_p324pu,False,True,t3_p324pu,/r/Libertarian/comments/p324pu/im_provaccine/h8py226/,1628892655.0,1,True,False,Libertarian,t5_2qh63,,0,[],,,,,,,,,,,,
[],,anonymous_man842740,#f3c817,,"[{'e': 'text', 't': 'Right Libertarian'}]",b016ca8a-1cf2-11e2-97d4-12313b088941,Right Libertarian,dark,richtext,t2_4i616l5b,False,False,[],Does buying up tons of land then for dirt cheap then by paying people dirt cheap wages to work your land then using those profits you buy up more land for dirt cheap and so on count as using force? Tbh that's just libertarianism at some of its purest and that's also how Americans own so much land down there (at least for the big fruit companies. Look it up it was a whole big thing),,,,1628812396,{},h8py1vs,False,t3_p31ozf,False,True,t1_h8pxaz7,/r/Libertarian/comments/p31ozf/libertarianism_and_native_americans/h8py1vs/,1628892652.0,1,True,False,Libertarian,t5_2qh63,,0,[],,,,,,,,,,,,
[],,redned2021,,,[],,,,text,t2_89w4vo14,False,False,[],Nah.,,LOW_SCORE,,1628812393,{},h8py1m4,False,t3_p3bwo4,False,True,t1_h8pxyln,/r/Libertarian/comments/p3bwo4/literally_any_bill_banning_the_teaching_of/h8py1m4/,1628892648.0,-9,True,False,Libertarian,t5_2qh63,,0,[],,,,,,,,,,,,
[],,Aclip24,,,[],,,,text,t2_johhovy,False,False,[],"Now, I’m talking about now. I said now, not then. We agree the oppression existed then, we all do. Like duh!!


Police matters are based on statistics of probability, they do the same in poor white neighborhoods. Also, black neighborhoods without police presence are notoriously violent. Violence is a choice, it is not based on education levels or even financial levels. It’s about lack of order and communal standards. We don’t run those communities, they do. We are not meant to run them or even intervene. 
Eventually that violence spills over, to where police have to intervene. Violence leads to violence, and that’s why the probability of dealing with police being more forceful happens. 
Black American males, 6% of the total population are accountable for 50% of the TOTAL homicides in the country. 
If you want to talk about true systematic oppression, talk about the systems that ignore these issues. Stop playing redlining and gerrymandering and most of all, stop discouraging personal responsibility from being mentioned. 
Millions of black Americans have dealt with the conditions and history that you have spoken of, and they have risen out of them. What holds back by communities most, is their own cultural issues, and certain political parties refusing to speak up about their biggest community issues.
Instead they teach them to embrace victimization and blame others.",,,,1628812391,{},h8py1fe,False,t3_p32g4p,False,True,t1_h8pwtn7,/r/Libertarian/comments/p32g4p/is_abolishing_the_police_and_letting_everybody/h8py1fe/,1628892645.0,1,True,False,Libertarian,t5_2qh63,,0,[],,,,,,,,,,,,
[],,The_True_Libertarian,#1404bd,,"[{'e': 'text', 't': 'Ismist'}]",96f3dac4-6e8e-11eb-b794-0e046688e25f,Ismist,dark,richtext,t2_auqupwuz,False,False,[],"&gt; People getting educated, avoiding it, and going to alternatives with such security in place is a sufficient explanation.

No it isn't. That's a premise that already exists, and isn't sufficient as evidenced by observable reality. 

&gt; The police wouldn't allow them to be forceful and vengeful.

Bro wtf are you talking about? Police don't stop things from happening, they enforce laws. The police might arrest vigilantes who take law into their own hands, but that doesn't stop people without a meaningful method to address a grievance from turning to vigilantism. 

&gt; They'll go to alternatives, create alternatives, or leave.

This is so obtuse to the topic being discussed. You can say people committing fraud are in competition with legitimate business all you want, that's not reality. The whole point of fraud is that they're not in competition with legitimate business, they're defrauding would be customers of legitimate business.

&gt; Stop exaggerating.

What exaggeration? Before we had legally defined authoritative definitions of fraud that people could seek legal action against, fraudsters were violently beaten or murdered when caught by those they defrauded. Remove that legal mechanism, that's what we go back to. The deterrent to defrauding someone isn't getting arrested, it sure as hell isn't 'competition', it's not getting violently murdered because you wanted to make a quick buck at someone else's expense.

&gt;  How is what I've said against reality?

You're literally talking about your 'ideal' world. That's not reality, from your own admission.",,,,1628812389,{},h8py19c,False,t3_p2lps5,False,True,t1_h8pk0fu,/r/Libertarian/comments/p2lps5/should_pyramid_schemes_be_legal_or_no/h8py19c/,1628892642.0,1,True,False,Libertarian,t5_2qh63,,0,[],,,,,,,,,,,,
[],,Terr_,#f3c817,,"[{'e': 'text', 't': 'Crypto-Pragmatist'}]",a1c701c6-1d82-11e2-a5e0-12313b0ce1e2,Crypto-Pragmatist,dark,richtext,t2_3wkmu,False,False,,"&gt;Yeah [libertarianism] was and to great results. Hong kong 

LOL, I lived in Hong Kong as a permanent resident for over a decade, and I bet you just saw the name on a list from a ""we don't like taxes"" think-tank.

Didn't  you know that over half of all housing in Hong Kong is government-run or subsidized? Have you investigated where the big-government money to do that comes from?

&gt; earlier america

Ah, yes, all that land and untapped natural resources that nobody owned. Nobody *important*, amirite? /s",,,,1628812380,{},h8py0lr,False,t3_p3791b,False,True,t1_h8px5am,/r/Libertarian/comments/p3791b/help_with_debunking_this_arguably_against_social/h8py0lr/,,1,True,False,Libertarian,t5_2qh63,,0,[],False,07b443b932636f67445b1ac356aa7566e1d276db,True,False,,0.0,,0.0,1628812393.0,True,r/Libertarian,public
[],,Cerberus73,,,[],,,,text,t2_6hh7y,False,False,[],I don't think we disagree.  Except for the community ownership bit.  Fraud is fraud.,,,,1628812377,{},h8py0br,False,t3_p2y5li,False,True,t1_h8pxe6p,/r/Libertarian/comments/p2y5li/jail_for_white_collar_frauds_is_justified/h8py0br/,1628892628.0,2,True,False,Libertarian,t5_2qh63,,0,[],,,,,,,,,,,,
[],,AndrolGenhald,#f3c817,,"[{'e': 'text', 't': 'Mutualist Anarchism'}]",c5e28cc6-a6c7-11e9-8dad-0e69a53e5dc2,Mutualist Anarchism,dark,richtext,t2_12h5xz,False,False,[],"Yea the Texas Republican platform is pretty dystopian. It does have parts that seem to advocate for freedom but in practice freedoms are really only for Christian land owners, capital holders and corporate interests. And since they control most of the courts, majority in Congress and the executive branch it’s not gonna get better anytime soon.",,,,1628812375,{},h8py04x,False,t3_p39lwb,False,False,t1_h8pivmj,/r/Libertarian/comments/p39lwb/texas_is_the_first_state_to_make_buying_sex_a/h8py04x/,1628892625.0,39,True,False,Libertarian,t5_2qh63,,0,[],,,,,,,,,,,,
[],,lardbeetle,#f3c817,,"[{'e': 'text', 't': 'Social Libertarian'}]",a1c701c6-1d82-11e2-a5e0-12313b0ce1e2,Social Libertarian,dark,richtext,t2_2ev0oxip,False,False,[],you didn't have time to read this.  Inspired commentary,,,,1628812356,{},h8pxyln,True,t3_p3bwo4,False,False,t1_h8pxrey,/r/Libertarian/comments/p3bwo4/literally_any_bill_banning_the_teaching_of/h8pxyln/,1628892602.0,10,True,False,Libertarian,t5_2qh63,,0,[],,,,,,,,,,,,
[],,bobbyrickets,#dadada,,"[{'e': 'text', 't': 'I like co-ops'}]",e6717002-6e8e-11eb-818d-0ea05fb70615,I like co-ops,dark,richtext,t2_6xpzcfrb,False,False,[],"Then provide a better solution. Homeschooling isn't a solution. I'm open to hearing about the effectiveness of charter schools. Got anything?

Burning everything down and replacing it with nothing isn't a solution either. I don't want to live in a civilization with uneducated morons.",,,,1628812356,{},h8pxykp,False,t3_p3beft,False,True,t1_h8ptzcy,/r/Libertarian/comments/p3beft/why_do_libertarians_oppose_mask_mandates_in/h8pxykp/,1628892602.0,-2,True,False,Libertarian,t5_2qh63,,0,[],,,,,,,,,,,,
[],,Milkslinger,,,[],,,,text,t2_7tmyx,False,False,[],Masks are effective. Vaccines are effective. Being pro vaccine is a wise move. That's my thought.,,,,1628812355,{},h8pxyh6,False,t3_p324pu,False,True,t3_p324pu,/r/Libertarian/comments/p324pu/im_provaccine/h8pxyh6/,1628892600.0,1,True,False,Libertarian,t5_2qh63,,0,[],,,,,,,,,,,,
[],,UCBCats23,,,[],,,,text,t2_yatqz,False,False,[],"3. is rubbish, the teachers unions brag about it …",,,,1628812348,{},h8pxxx8,False,t3_p3bwo4,False,True,t3_p3bwo4,/r/Libertarian/comments/p3bwo4/literally_any_bill_banning_the_teaching_of/h8pxxx8/,1628892592.0,-4,True,False,Libertarian,t5_2qh63,,0,[],,,,,,,,,,,,
[],,xole,,,[],,,,text,t2_4bo8d,False,False,[],"I live in the bay area, specifically in a zip code that has a high median income. When California's mask mandate ended, a lot of people never stopped wearing them.  As delta spread, but before our county wide mandate almost everyone was wearing masks again.

Now, it could have been selfish,  because long covid could pretty much end their careers. But I don't think that's the main reason.",,,,1628812347,{},h8pxxus,False,t3_p33b2a,False,False,t1_h8oh53k,/r/Libertarian/comments/p33b2a/lets_talk_about_personal_responsibility_in_todays/h8pxxus/,1628892590.0,5,True,False,Libertarian,t5_2qh63,,0,[],,,,,,,,,,,,
[],,Honky_Stonk_Man,#f3c817,,"[{'e': 'text', 't': 'Libertarian Party'}]",0df7f9c6-1cf3-11e2-ad4c-12313b088941,Libertarian Party,dark,richtext,t2_5q86rjax,False,False,[],"Fucking dumb.  Local school boards should have the ability to implement policies that they need to in order to keep kids safe.  Some may cry about parental choice, but you are agreeing to allow someone else to care for your children.  Much like any daycare, their policies and rules should be followed.  Don’t like it?  Home school or virtual.  Vaccine passport requirement?  No.  Businesses should decide for themselves what they want.  If they want only unvaxxed, their call.  Passports are fine for consumer convenience, but not to mandate.  Desantis is catering to the lowest denominator for political lib owning, and he is using the power of the state to do it.",,,,1628812346,{},h8pxxps,False,t3_p3axig,False,False,t3_p3axig,/r/Libertarian/comments/p3axig/what_is_the_libertarian_opinion_on_governor_ron/h8pxxps/,1628892588.0,7,True,False,Libertarian,t5_2qh63,,0,[],,,,,,,,,,,,
[],,InAHundredYears,,,[],,,,text,t2_2w4pbdud,False,True,[],With...money they take from people who actually have managed to find a way to make some!,,,,1628812345,{},h8pxxni,False,t3_p34dkv,False,False,t1_h8p3u8p,/r/Libertarian/comments/p34dkv/percent_of_americans_wanting_government_to_leave/h8pxxni/,1628892587.0,8,True,False,Libertarian,t5_2qh63,,0,[],,,,,,,,,,,,
[],,hellyeahisuckktoes,#1404bd,,"[{'e': 'text', 't': 'Filthy Statist'}]",47ea47cc-1cf5-11e2-88c3-12313b0c247a,Filthy Statist,light,richtext,t2_dgy1ha4q,False,False,[],"Gotcha that makes sense 

I gotta ask tho have you ran this by a lawyer because I'm still not entirely sure trading votes for donations even to a super pac is legal",,,,1628812345,{},h8pxxmq,False,t3_p35ql8,False,True,t1_h8px9fc,/r/Libertarian/comments/p35ql8/i_would_like_some_assistance_and_feedback_with_a/h8pxxmq/,1628892587.0,2,True,False,Libertarian,t5_2qh63,,0,[],,,,,,,,,,,,
[],,Midlaw987,,,[],,,,text,t2_cbfvaci9,False,False,[],"From the bill:

&gt;this section does not prohibit an LEA or public charter school from including, as part of a course of instruction or in a curriculum or instructional program, or from allowing teachers or other employees of the LEA or public charter school to use supplemental instructional materials that include:  (3) **The impartial instruction on the historical oppression of a particular group of people based on race, ethnicity, class, nationality, religion, or geographic region.**


Pro tip, whenever CRT proponents claim these bills ban the discussion of slavery, ask for a citation in the bill that specifically bars the teaching of slavery.

CRT proponents are desperate liars that can't deal with the pushback!

Don't believe me. Read the damn bills! Not one bill prevents the teaching of slavery or any other part of U.S history.",,,,1628812337,{},h8pxx0f,False,t3_p34tk6,False,True,t1_h8pf2cz,/r/Libertarian/comments/p34tk6/we_should_be_very_wary_of_any_bill_designed_to/h8pxx0f/,1628892577.0,0,True,False,Libertarian,t5_2qh63,,0,[],,,,,,,,,,,,
[],,NM11203,,,[],,,,text,t2_8zzw1z8n,False,False,[],Should the CDC be banned from all social media for such a fuck up. If we are all playing by the same rules?,,,,1628812334,{},h8pxwsb,False,t3_p324pu,False,True,t1_h8p0osx,/r/Libertarian/comments/p324pu/im_provaccine/h8pxwsb/,1628892574.0,-2,True,False,Libertarian,t5_2qh63,,0,[],,,,,,,,,,,,
[],,wingman43487,#f3c817,,"[{'e': 'text', 't': 'Right Libertarian'}]",b016ca8a-1cf2-11e2-97d4-12313b088941,Right Libertarian,dark,richtext,t2_14ixk1cq,False,False,[],"The factories and health care system can pay better and offer better conditions to attract American workers instead of depend on desperate immigrant labor.  They only people that benefit are the wealthy shareholders.  Not the country, and not the people in general.",,,,1628812319,{},h8pxvkc,False,t3_p38of6,False,True,t1_h8pxou7,/r/Libertarian/comments/p38of6/dysfunctional_doesnt_begin_to_describe_our/h8pxvkc/,1628892557.0,1,True,False,Libertarian,t5_2qh63,,0,[],,,,,,,,,,,,
[],,Yourlordandxavier,,,[],,,,text,t2_q3ruz,False,False,[],"So long as voters don’t directly get funds, it is legal. 

But the majority of this is seriously just how superPACs already operate, I’ve just figured out how to be the most expensive one.",,,,1628812301,{},h8pxu2i,False,t3_p35ql8,False,True,t1_h8pwv58,/r/Libertarian/comments/p35ql8/i_would_like_some_assistance_and_feedback_with_a/h8pxu2i/,1628892533.0,1,True,False,Libertarian,t5_2qh63,,0,[],,,,,,,,,,,,
[],,kope4,,,[],,,,text,t2_o4pxw,False,False,[],https://www.washingtonpost.com/politics/2021/03/18/what-andrew-cuomo-kamala-harris-said-about-vaccine-skepticism/,,,,1628812296,{},h8pxtn4,False,t3_p2yh7q,False,True,t1_h8pt3zt,/r/Libertarian/comments/p2yh7q/3_major_us_airlines_will_not_mandate_shots_for/h8pxtn4/,1628892527.0,2,True,False,Libertarian,t5_2qh63,,0,[],,,,,,,,,,,,
[],,InAHundredYears,,,[],,,,text,t2_2w4pbdud,False,True,,"We couldn't get 6% two elections in a row, where the alternatives were Fascism A or Fascism B.    


(I admit Johnson and Jorgensen weren't awesome choices, but they were mostly better, at least in the sense that they'd have been able to get next to nothing done.  Accomplishing next to nothing is almost always the perfect outcome where governing is concerned.)",,,,1628812289,{},h8pxt23,False,t3_p34dkv,False,True,t3_p34dkv,/r/Libertarian/comments/p34dkv/percent_of_americans_wanting_government_to_leave/h8pxt23/,,1,True,False,Libertarian,t5_2qh63,,0,[],False,24d4ce5629a8b5e410f64b60961d4181d0c3dcfe,True,False,,0.0,,0.0,1628812300.0,True,r/Libertarian,public
[],,wrenway,#1404bd,,"[{'e': 'text', 't': 'Leftist'}]",96f3dac4-6e8e-11eb-b794-0e046688e25f,Leftist,dark,richtext,t2_7374034n,False,False,[],"how we accomplish the slow change? 

most of marx work was done around the framework of changing the existing capitalist system, you should really just read his work. 

one of the most immediate things we can do is instituting policies like universal healthcare. past that, the restructuring of the workplace hierarchy and bridging the gap between the classes",,,,1628812289,{},h8pxt1i,False,t3_p32g4p,False,True,t1_h8pv2db,/r/Libertarian/comments/p32g4p/is_abolishing_the_police_and_letting_everybody/h8pxt1i/,1628892516.0,1,True,False,Libertarian,t5_2qh63,,0,[],,,,,,,,,,,,
[],,athena7979,,,[],,,,text,t2_6h03g7b7,False,False,[],Sure that isn't weird on it's own...but to buy the tesla stock 1 month before it goes public that the state is only buying electric cars.,,,,1628812274,{},h8pxrp1,False,t3_p33or5,False,True,t1_h8pvogo,/r/Libertarian/comments/p33or5/rand_paul_is_just_like_the_rest_of_them_a_fraud/h8pxrp1/,1628892496.0,1,True,False,Libertarian,t5_2qh63,,0,[],,,,,,,,,,,,
[],,redned2021,,,[],,,,text,t2_89w4vo14,False,False,[],No.,,LOW_SCORE,,1628812271,{},h8pxrey,False,t3_p3bwo4,False,True,t3_p3bwo4,/r/Libertarian/comments/p3bwo4/literally_any_bill_banning_the_teaching_of/h8pxrey/,1628892492.0,-6,True,False,Libertarian,t5_2qh63,,0,[],,,,,,,,,,,,
[],,GoStars817,#f3c817,,"[{'e': 'text', 't': 'Taxation is Theft'}]",680cfee0-2e83-11e9-9f09-0eed77030fea,Taxation is Theft,dark,richtext,t2_r903w,False,False,[],Libertarians have always acknowledged it to a degree......,,,,1628812262,{},h8pxqpo,True,t3_p3avtc,False,True,t1_h8pwqwb,/r/Libertarian/comments/p3avtc/are_vaccine_mandates_a_part_of_systemic_racism/h8pxqpo/,1628892482.0,-1,True,False,Libertarian,t5_2qh63,,0,[],,,,,,,,,,,,
[],,right-5,,,[],,,,text,t2_c6goud5a,False,False,[],No it's about it. It's happened,,,,1628812260,{},h8pxqi1,False,t3_p3abny,False,True,t3_p3abny,/r/Libertarian/comments/p3abny/what_if/h8pxqi1/,1628892478.0,2,True,False,Libertarian,t5_2qh63,,0,[],,,,,,,,,,,,
[],,bobbyrickets,#dadada,,"[{'e': 'text', 't': 'I like co-ops'}]",e6717002-6e8e-11eb-818d-0ea05fb70615,I like co-ops,dark,richtext,t2_6xpzcfrb,False,False,[],That's not very embiggening.,,,,1628812258,{},h8pxqcj,False,t3_p3brrg,False,False,t1_h8pwm46,/r/Libertarian/comments/p3brrg/where_are_the_libertarians/h8pxqcj/,1628892476.0,8,True,False,Libertarian,t5_2qh63,,0,[],,,,,,,,,,,,
[],,Hilldawg4president,,,[],,,,text,t2_yt0re,False,False,[],"20 years of training and funding their military, and they fold at the sight of the Taliban. Literally surrendering without a shot fired in most cases, despite being a larger and better-equipped force.

If ever there were proof that nothing we do could ever make Afghanistan stable and able to stand on its own, this is it.",,,,1628812258,{},h8pxqav,False,t3_p36bs3,False,True,t1_h8otazj,/r/Libertarian/comments/p36bs3/biden_on_afghanistan_not_my_problem/h8pxqav/,1628892475.0,3,True,False,Libertarian,t5_2qh63,,0,[],,,,,,,,,,,,
[],,Awestohn,,,[],,,,text,t2_5j84f,False,False,[],Rand Paul has been one of the best politicians for the past two years fighting against the power overreach of the state. Don't let this distract you.,,,,1628812245,{},h8pxp9b,False,t3_p33or5,False,False,t3_p33or5,/r/Libertarian/comments/p33or5/rand_paul_is_just_like_the_rest_of_them_a_fraud/h8pxp9b/,1628892459.0,6,True,False,Libertarian,t5_2qh63,,0,[],,,,,,,,,,,,
[],,[deleted],,,,,,dark,,,,,[],[deleted],,,,1628812244,{},h8pxp79,False,t3_p3brrg,False,True,t3_p3brrg,/r/Libertarian/comments/p3brrg/where_are_the_libertarians/h8pxp79/,1628892458.0,1,True,False,Libertarian,t5_2qh63,,0,[],,,,,,,,,,,,
[],,ChrundllTheGreat,,,[],,,,text,t2_a67rdb6o,False,False,[],The machine factories and health care system have been understaffed for way way longer than this pandemic has been around for. This country needs these people. And would benefit highly from making them citizens.,,,,1628812240,{},h8pxou7,False,t3_p38of6,False,True,t1_h8px6om,/r/Libertarian/comments/p38of6/dysfunctional_doesnt_begin_to_describe_our/h8pxou7/,1628892453.0,2,True,False,Libertarian,t5_2qh63,,0,[],,,,,,,,,,,,
[],,bobbyrickets,#dadada,,"[{'e': 'text', 't': 'I like co-ops'}]",e6717002-6e8e-11eb-818d-0ea05fb70615,I like co-ops,dark,richtext,t2_6xpzcfrb,False,False,[],"We're hoping to get a proper political discourse channel working. It's still early and we're still fiddling with the setup. You're welcome to join: https://discord.com/channels/874862368218284043/874864807294165052

Our policies so far are to do very light enforcement to avoid the same garbage that Reddit comes with, so pretty much the same as this subreddit.",,,,1628812236,{},h8pxoit,False,t3_p3brrg,False,True,t3_p3brrg,/r/Libertarian/comments/p3brrg/where_are_the_libertarians/h8pxoit/,1628892449.0,2,True,False,Libertarian,t5_2qh63,,0,[],,,,,,,,,,,,
[],,doxxedmeonce,,,[],,,,text,t2_9a5sparj,False,False,[],ههههههههه!,,,,1628812229,{},h8pxnzf,False,t3_p3ancn,False,True,t1_h8puc2e,/r/Libertarian/comments/p3ancn/taliban_take_kandahar_herat_in_major_afghanistan/h8pxnzf/,1628892441.0,0,False,False,Libertarian,t5_2qh63,,0,[],,,,,,,,,,,,
[],,ECONOMIC_DEMOCRAGUY,,,[],,,,text,t2_p7nq4td,False,False,,Willing to highlight the relevant bits? That is not a short read,,,,1628812217,{},h8pxmxq,False,t3_p34tk6,False,True,t1_h8ptwdg,/r/Libertarian/comments/p34tk6/we_should_be_very_wary_of_any_bill_designed_to/h8pxmxq/,,1,True,False,Libertarian,t5_2qh63,,0,[],False,08b97f6e284b698297ec275cb0f1f1e9051889b1,True,False,,0.0,,0.0,1628812228.0,True,r/Libertarian,public
[],,ifeelhome,,,[],,,,text,t2_d5vdy,False,False,[],If no one gets vaccinated it’s unlikely we achieve a true herd immunity. So who should be “forced” to be vaccinated for the sake of herd immunity?,,,,1628812216,{},h8pxmvr,False,t3_p3bnw4,False,True,t1_h8pwtxh,/r/Libertarian/comments/p3bnw4/why_do_libertarians_oppose_a_private_business/h8pxmvr/,1628892425.0,2,True,False,Libertarian,t5_2qh63,,0,[],,,,,,,,,,,,
[],,lofi-jedi,,,[],,,,text,t2_arxgqxdh,False,True,[],Not if the rest of the population has to pay the price.,,,,1628812205,{},h8pxlvp,True,t3_p35xbv,False,True,t1_h8pp7xz,/r/Libertarian/comments/p35xbv/mandatory_vaccines_and_authoritarianism/h8pxlvp/,1628892410.0,0,True,False,Libertarian,t5_2qh63,,0,[],,,,,,,,,,,,
[],,NM11203,,,[],,,,text,t2_8zzw1z8n,False,False,[],Wrong try again 🤣🤣🤣,,LOW_SCORE,,1628812198,{},h8pxlcm,False,t3_p31fys,False,True,t1_h8pwo0j,/r/Libertarian/comments/p31fys/tuskegee_is_actually_a_great_example_of_what_a/h8pxlcm/,1628892402.0,-5,True,False,Libertarian,t5_2qh63,,0,[],,,,,,,,,,,,
[],,Communist_Orange,,,[],,,,text,t2_6woda0op,False,False,[],"Hard to say, I say I oppose it. I know your impeding on the ability for businesses to make their own decision. But I also don’t like the ability to discriminate against people’s medical history. It’s a tricky thing though, but I lean against it I think.",,,,1628812194,{},h8pxkz3,False,t3_p3bnw4,False,True,t3_p3bnw4,/r/Libertarian/comments/p3bnw4/why_do_libertarians_oppose_a_private_business/h8pxkz3/,1628892397.0,1,True,False,Libertarian,t5_2qh63,,0,[],,,,,,,,,,,,
[],,LazyAnonBoner,,,[],,,,text,t2_6nxqb2zs,False,False,[],Ffs. I’m so tired of these tyrannical conservatives talking about freedoms when they just mean the freedoms **they** deem are appropriate.,,,,1628812184,{},h8pxk1o,False,t3_p39lwb,False,False,t3_p39lwb,/r/Libertarian/comments/p39lwb/texas_is_the_first_state_to_make_buying_sex_a/h8pxk1o/,1628892383.0,22,True,False,Libertarian,t5_2qh63,,0,[],,,,,,,,,,,,
[],,_iam_that_iam_,#f3c817,,"[{'e': 'text', 't': 'Capitalist'}]",4ec845f8-1f78-11e9-b161-0eeba41dde20,Capitalist,dark,richtext,t2_1ti92qsx,False,False,[],"I agree with OP completely, but I don't think anyone is trying to make it illegal to discuss racism, and I don't think any bill would get passed that banned ""Critical Race Theory"".  Those sound like straw men discussed as political propaganda.",,,,1628812180,{},h8pxjpx,False,t3_p34tk6,False,True,t3_p34tk6,/r/Libertarian/comments/p34tk6/we_should_be_very_wary_of_any_bill_designed_to/h8pxjpx/,1628892378.0,2,True,False,Libertarian,t5_2qh63,,0,[],,,,,,,,,,,,
[],,lofi-jedi,,,[],,,,text,t2_arxgqxdh,False,True,[],"Potential lockdowns again, more business reverting it's stance, making mask illegal for whatever fucking reason.",,,,1628812174,{},h8pxj8u,True,t3_p35xbv,False,False,t1_h8poupy,/r/Libertarian/comments/p35xbv/mandatory_vaccines_and_authoritarianism/h8pxj8u/,1628892370.0,2,True,False,Libertarian,t5_2qh63,,0,[],,,,,,,,,,,,
[],,hawaii_dave50,,,[],,,,text,t2_3vku3aih,False,False,[],"It seems the consumer is a necessary part of the economy; someone must be there to purchase the automated goods and services. A proposed future is where automation produces, government distributes a portion of the profits to consumers and consumers use that money to purchase those goods and services. Think guaranteed minimum income.",,,,1628812167,{},h8pximw,False,t3_p2y759,False,True,t3_p2y759,/r/Libertarian/comments/p2y759/a_free_market_when_automation_becomes_fully/h8pximw/,1628892361.0,1,True,False,Libertarian,t5_2qh63,,0,[],,,,,,,,,,,,
[],,notmyalt321,#1404bd,,"[{'e': 'text', 't': 'Liberal'}]",9fd36950-3c3d-11e9-a3c5-0ed63825c05c,Liberal,light,richtext,t2_4rep3qpi,False,False,[],"If you had two options

1. Tax and spend your way out of climate change
2. Continue letting the markets make their own choices and hope they make the right ones

would you really choose door #2? Is our planet’s future really not as important as “no tax, tax bad”?",,,,1628812165,{},h8pxifm,False,t3_p36380,False,False,t1_h8ow7x7,/r/Libertarian/comments/p36380/how_does_libertarianism_solve_climate_change/h8pxifm/,1628892359.0,1,True,False,Libertarian,t5_2qh63,,0,[],,,,,,,,,,,,
[],,redned2021,,,[],,,,text,t2_89w4vo14,False,False,[],Lol I think at this point you’ve hit every single statist talking point/shitty insult. Bravo,,,,1628812157,{},h8pxhro,False,t3_p3beft,False,True,t1_h8px3ts,/r/Libertarian/comments/p3beft/why_do_libertarians_oppose_mask_mandates_in/h8pxhro/,1628892348.0,1,True,False,Libertarian,t5_2qh63,,0,[],,,,,,,,,,,,
[],,Spartyman88,,,[],,,,text,t2_x07gt,False,False,[],"True, but it would have been nuclear to do it. Could you make that decision? 

Here is scenario, George ""we are going to invade Afghan and you too Pak if you dont shit Al Qaeda"" Pak response ""we love the USA and will hand over all Al Qaeda"" Pak talking amounts themselves, ""they said Al Qaeda right not Taliban, ok, good, perfect, let's go get a couple knuckleheads and turn them over."" George "" you guys did great, so good in fact, we are going to provide military aid F16s and all this other stuff and 250mil a year to fight Al Qaeda!"" Pak, "" thank you, thank you, go tell Taliban we have everything they need,""",,,,1628812152,{},h8pxhe1,False,t3_p2uyiu,False,True,t1_h8nrxgc,/r/Libertarian/comments/p2uyiu/joe_biden_on_afghanistan_not_my_problem/h8pxhe1/,1628892342.0,1,True,False,Libertarian,t5_2qh63,,0,[],,,,,,,,,,,,
[],,JusClone,,,[],,,,text,t2_py895me,False,False,[],well I mean you can still visit the best little whorehouse in Texas but you could become a felon.,,,,1628812148,{},h8pxh2k,False,t3_p39lwb,False,False,t1_h8pivmj,/r/Libertarian/comments/p39lwb/texas_is_the_first_state_to_make_buying_sex_a/h8pxh2k/,1628892337.0,11,True,False,Libertarian,t5_2qh63,,0,[],,,,,,,,,,,,
