all_awardings,associated_award,author,author_flair_background_color,author_flair_css_class,author_flair_richtext,author_flair_template_id,author_flair_text,author_flair_text_color,author_flair_type,author_fullname,author_patreon_flair,author_premium,awarders,body,collapsed_because_crowd_control,comment_type,created_utc,gildings,id,is_submitter,link_id,locked,no_follow,parent_id,permalink,retrieved_on,score,send_replies,stickied,subreddit,subreddit_id,top_awarded_type,total_awards_received,treatment_tags
[],,hatebeesatecheese,,,[],,,,text,t2_mupil,False,False,[],"I need to provide a source that if you've got  emergencies and an ambulance takes 2 hours to get there instead of 15 minutes, you've got deaths? 

Or do life threatening calls stop when roads are blocked in major metropolitan areas for hours, all the fucking time?",,,1619179197,{},gvk22ra,False,t3_mwokqt,False,True,t1_gvk1arq,/r/Libertarian/comments/mwokqt/oklahoma_governor_signs_bill_into_law_protecting/gvk22ra/,1619188175,-3,True,False,Libertarian,t5_2qh63,,0,[]
[],,ee4m,,,[],,,,text,t2_pkour,False,False,[],"Sure, but free marketeers that have barriers to education in their own country for profit and activity seek to drain the brains from developing country's are inhibiting the goal of true free trade and develpment.



We suck enough wealth and resources from poor countries as it is.



It's merchantilism not free markets.",,,1619179154,{},gvk20em,False,t3_mwt5ew,False,True,t1_gvk1gsd,/r/Libertarian/comments/mwt5ew/the_h1b_straitjacket_why_congress_should_repeal/gvk20em/,1619188136,-4,True,False,Libertarian,t5_2qh63,,0,[]
[],,getlough,,,[],,,,text,t2_aaus8,False,False,[],"DC has had their own local government and laws, separate from Maryland, for 200 years. Merging the two back together is a massive undertaking, and neither DC, nor Maryland want that.",,,1619179124,{},gvk1yrb,False,t3_mwjf5d,False,True,t1_gviscik,/r/Libertarian/comments/mwjf5d/house_democrats_pass_dc_statehood_launching_bill/gvk1yrb/,1619188108,2,True,False,Libertarian,t5_2qh63,,0,[]
[],,serios_valorus,,,[],,,,text,t2_1oozqpc,False,False,[],The NAP has gone out the window since the state exists and has a police force applyibg force to run itself,,,1619179123,{},gvk1ypl,False,t3_mwokqt,False,False,t1_gvk1mjm,/r/Libertarian/comments/mwokqt/oklahoma_governor_signs_bill_into_law_protecting/gvk1ypl/,1619188107,6,True,False,Libertarian,t5_2qh63,,0,[]
[],,Filthy_Midget92,,,[],,,,text,t2_a8nvvja0,False,False,[],You know for a libertarian page there sure are alot of people that don't believe in freedom of choice here...,,,1619179096,{},gvk1x9l,False,t3_mwf242,False,True,t3_mwf242,/r/Libertarian/comments/mwf242/you_should_be_able_to_opt_out_of_social_security/gvk1x9l/,1619188083,3,True,False,Libertarian,t5_2qh63,,0,[]
[],,BlackCoffeeCat13,#f3c817,,"[{'e': 'text', 't': 'Taxation is Theft'}]",680cfee0-2e83-11e9-9f09-0eed77030fea,Taxation is Theft,dark,richtext,t2_4b66avs2,False,False,[],Is there a limit on having no more than an ounce of tobacco or whiskey on your person at any one time? No? Then this is an unreasonable restriction on personal liberty. I should be free to walk to the shop and back wearing a suit made exclusively of bricks of weed,,,1619179087,{},gvk1wrw,False,t3_mwlycz,False,False,t3_mwlycz,/r/Libertarian/comments/mwlycz/virginia_governor_signs_bill_legalizing_marijuana/gvk1wrw/,1619188074,9,True,False,Libertarian,t5_2qh63,,0,[]
[],,RealBlueShirt,,,[],,,,text,t2_gu4xa,False,False,[],Neither is voting.,,,1619179083,{},gvk1wi9,False,t3_mwqdoh,False,True,t1_gvjq9h3,/r/Libertarian/comments/mwqdoh/if_you_need_id_to_buy_robitussin_you_should_also/gvk1wi9/,1619188070,-5,True,False,Libertarian,t5_2qh63,,0,[]
[],,Exotic_Ad7433,,,[],,,,text,t2_bc5bdv7w,False,False,[],"Ok, we're going to lock you down and prove you a dishonest piece of shit.

When someone tweets fake racial crime statistics during a political campaign, what do we call that?",,,1619179073,{},gvk1w03,False,t3_mwkzap,False,True,t1_gvk1tu2,/r/Libertarian/comments/mwkzap/ben_shapiro_ridiculed_for_buying_single_piece_of/gvk1w03/,1619188062,2,True,False,Libertarian,t5_2qh63,,0,[]
[],,Midtncop1,,,[],,,,text,t2_j1roh,False,True,[],This has been debunked. ApiJect is owned and operated by snakes of the highest order but this article is not factual.,,,1619179069,{},gvk1vs3,False,t3_mw2zgm,False,True,t1_gvg5lzj,/r/Libertarian/comments/mw2zgm/the_government_awarded_a_13_billion_dollar/gvk1vs3/,1619188058,1,True,False,Libertarian,t5_2qh63,,0,[]
[],,Low_Appearance1767,,,[],,,,text,t2_9cqwdpwt,False,False,[],"First, there were caravans of people coming over the southern border.  There still are.  Anyone claiming there are not is either an idiot or a liar.  And as for Trump insulting people, so what?!?  Like I said before, I don’t give damn what he (or anyone else for that matter) says, I care what actions he takes!!  And I can assure you there is only one person here poorly educated and it definitely is not me.  I’ve learned a long time ago trying to debate a person with a closed mind is like pissing in the wind.",,,1619179032,{},gvk1tu2,False,t3_mwkzap,False,True,t1_gvk0z4h,/r/Libertarian/comments/mwkzap/ben_shapiro_ridiculed_for_buying_single_piece_of/gvk1tu2/,1619188026,1,True,False,Libertarian,t5_2qh63,,0,[]
[],,onkel_axel,#f3c817,,"[{'e': 'text', 't': 'Taxation is Theft'}]",680cfee0-2e83-11e9-9f09-0eed77030fea,Taxation is Theft,dark,richtext,t2_wnzw7,False,False,[], [SC19-2116 Opinion (floridasupremecourt.org)](https://www.floridasupremecourt.org/content/download/733359/opinion/sc19-2116.pdf),,,1619179017,{},gvk1t06,False,t3_mwrxub,False,True,t3_mwrxub,/r/Libertarian/comments/mwrxub/the_florida_supreme_court_wont_let_voters/gvk1t06/,1619188013,2,True,False,Libertarian,t5_2qh63,,0,[]
[],,travelsizedsuperman,,,[],,,,text,t2_4dfwmapx,False,False,[],She also probably didn't know the cop was there. Visual and auditory exclusion are a bitch.,,,1619178911,{},gvk1n7u,False,t3_mwhva9,False,True,t1_gvieqbf,/r/Libertarian/comments/mwhva9/alright_ladies_and_gents_lets_discuss_the_recent/gvk1n7u/,1619187918,1,True,False,Libertarian,t5_2qh63,,0,[]
[],,Test_your_self,#f3c817,,"[{'e': 'text', 't': 'Classical Liberal'}]",935e414a-2653-11e9-8c33-0ecdc7f490da,Classical Liberal,dark,richtext,t2_3o8w1fae,False,False,[],People should be free to move and work where they like.,,,1619178789,{},gvk1gsd,False,t3_mwt5ew,False,False,t1_gvk05pz,/r/Libertarian/comments/mwt5ew/the_h1b_straitjacket_why_congress_should_repeal/gvk1gsd/,1619187810,12,True,False,Libertarian,t5_2qh63,,0,[]
[],,PrestonianKnuckles,,,[],,,,text,t2_4rads9j3,False,False,[],"Wow, what an incredibly biased statement.

Japan was a closed society in the past so not easy to subvert ideologically by anyone, that is true. (I have no idea why you turned this into a rant against Christianity btw.)

But if you think you could get away with acting like an ass in public and then resisting the authorities of those times, you're sadly mistaken. Japan expects honor and discipline. These antifa punks and BLM ""gangsters"" wouldn't survive a day in medieval Japan with their attitude.",,,1619178767,{},gvk1fkn,False,t3_mwmt3i,False,True,t1_gvjyve5,/r/Libertarian/comments/mwmt3i/wrapping_people_in_futons_how_the_japanese_police/gvk1fkn/,1619187791,1,True,False,Libertarian,t5_2qh63,,0,[]
[],,travelsizedsuperman,,,[],,,,text,t2_4dfwmapx,False,False,[],"Hello, Mr. Gaetz. Nice to meet you.",,,1619178754,{},gvk1ets,False,t3_mwhva9,False,True,t1_gvid525,/r/Libertarian/comments/mwhva9/alright_ladies_and_gents_lets_discuss_the_recent/gvk1ets/,1619187778,1,True,False,Libertarian,t5_2qh63,,0,[]
[],,Mrhahn34,,,[],,,,text,t2_69me72ga,False,False,[],Wow way to go VA,,,1619178747,{},gvk1egm,False,t3_mwlycz,False,True,t3_mwlycz,/r/Libertarian/comments/mwlycz/virginia_governor_signs_bill_legalizing_marijuana/gvk1egm/,1619187771,0,True,False,Libertarian,t5_2qh63,,0,[]
[],,ec0gen,,,[],,,,text,t2_hmym3,False,False,[],Every country in the EU pays less in healthcare per capita than the US. Sounds like it's not the EU that you should be worried about.,,,1619178710,{},gvk1cft,False,t3_mwmt3i,False,True,t1_gvjxlcl,/r/Libertarian/comments/mwmt3i/wrapping_people_in_futons_how_the_japanese_police/gvk1cft/,1619187738,1,True,False,Libertarian,t5_2qh63,,0,[]
[],,kyler_,,,[],,,,text,t2_12f3tt,False,False,[],"No you need to provide a source for your bullshit claim that plenty of people die from a fucking highway protest lmao

Or are you just talking about blocked roads in general? At which point we’re not talking about people dying from a protest and you can shut the fuck up",,,1619178680,{},gvk1arq,False,t3_mwokqt,False,False,t1_gvk0nz1,/r/Libertarian/comments/mwokqt/oklahoma_governor_signs_bill_into_law_protecting/gvk1arq/,1619187711,8,True,False,Libertarian,t5_2qh63,,0,[]
[],,Aggroaugie,,,[],,,,text,t2_kcldf,False,False,[],"If you're old you should be gradually transferring your stocks into bonds. Just don't sell enough stock in one year to put you in a higher tax bracket.

Edit: If you're old, and don't have any stocks, then you missed your chance.",,,1619178631,{},gvk184e,False,t3_mwf242,False,True,t1_gvk006q,/r/Libertarian/comments/mwf242/you_should_be_able_to_opt_out_of_social_security/gvk184e/,1619187667,0,True,False,Libertarian,t5_2qh63,,0,[]
[],,DennisFarinaOfficial,,,[],,,,text,t2_8yquy1sz,False,False,[],"Who mentioned socialism? 

&gt;	Chauvin man bad

How many good ol boys dogs are barking right now?

Are you aware that libertarianism was birthed from anarchism/socialism? Let me answer that for you: No you’re not.",,,1619178629,{},gvk180w,False,t3_mwoyso,False,True,t1_gvjjnat,/r/Libertarian/comments/mwoyso/how_press_freedomand_section_230led_to_derek/gvk180w/,1619187665,3,True,False,Libertarian,t5_2qh63,,0,[]
[],,bluemandan,,,[],,,,text,t2_8unxs,False,False,[],"&gt;Exactly. If people could opt out of would collapse just like other ponzi schemes.

Just like insurance!",,,1619178516,{},gvk122b,False,t3_mwf242,False,True,t1_gvjchmw,/r/Libertarian/comments/mwf242/you_should_be_able_to_opt_out_of_social_security/gvk122b/,1619187563,1,False,False,Libertarian,t5_2qh63,,0,[]
[],,ReadBastiat,,,[],,,,text,t2_2deksvk3,False,False,[],"Whether or not something is a ponzu scheme is not dependent on the birth rate.

TYL",,,1619178506,{},gvk11ln,False,t3_mwf242,False,True,t1_gvjxomf,/r/Libertarian/comments/mwf242/you_should_be_able_to_opt_out_of_social_security/gvk11ln/,1619187554,1,True,False,Libertarian,t5_2qh63,,0,[]
[],,bluemandan,,,[],,,,text,t2_8unxs,False,False,[],"I see a lot of people here don't understand the difference between insurance and ponzi schemes. 

Insurance and ponzi schemes are similar in structure but different in purpose. 

Insurance is a *hedge* against bad things. You know going in it's a potential money loser. The reason you buy is because you lack the capital to handle a large expense. It's like buying a put. You hope your underlying stock continues to go up and make you money. But, just in case, you spend a little to protect against the downside. 

The best example is life insurance. Clearly a scam to any libertarian, right? I mean, it doesn't pay out until you DIE. What's in it for me? People buy life insurance as a hedge against unexpected death causing a financial burden on those they love. It's not about making a profit. 

A ponzi scheme is not a hedge. It is about profit. You go in expecting to make money. It isn't an investment in protection, it's an investment for gain. 

While both require more people/money to be paid in than paid out, the fundamental purpose of such things are different. 

(The government being involved in insurance, let alone mandatory insurance, is not something I'm going to discuss in this post. I'm simply trying to educate people on the difference between insurance and ponzi schemes. Ponzi schemes rely on deceit, insurance does not.)",,,1619178493,{},gvk10ww,False,t3_mwf242,False,True,t3_mwf242,/r/Libertarian/comments/mwf242/you_should_be_able_to_opt_out_of_social_security/gvk10ww/,1619187542,1,False,False,Libertarian,t5_2qh63,,0,[]
[],,OpalLover2020,,,[],,,,text,t2_9i27bym6,False,False,[],People have been complaining about this since I was young - in the 80s....,,,1619178471,{},gvk0zsx,False,t3_mwf242,False,True,t3_mwf242,/r/Libertarian/comments/mwf242/you_should_be_able_to_opt_out_of_social_security/gvk0zsx/,1619187524,1,True,False,Libertarian,t5_2qh63,,0,[]
[],,[deleted],,,,,,dark,,,,,[],[deleted],,,1619178464,{},gvk0zf8,False,t3_mwf242,False,True,t1_gvj442c,/r/Libertarian/comments/mwf242/you_should_be_able_to_opt_out_of_social_security/gvk0zf8/,1619187518,1,True,False,Libertarian,t5_2qh63,,0,[]
[],,DILF_SQUAD,,,[],,,,text,t2_rw6as,False,False,[],"Now you're the one gatekeeper see how that works. You can't tell me what to do either. Just sick of all these people bullshitting welll look at the other team.

I'm just giving you advice since you clearly need it",,,1619178464,{},gvk0zex,False,t3_mvcx15,False,True,t1_gvjc4wm,/r/Libertarian/comments/mvcx15/biden_to_america_after_floyd_verdict_we_cant_stop/gvk0zex/,1619187518,1,True,False,Libertarian,t5_2qh63,,0,[]
[],,Exotic_Ad7433,,,[],,,,text,t2_bc5bdv7w,False,False,[],"You're asking me for examples of racial demagoguery from a man that was tweeting fake racial crime statistics and claiming hordes of criminals were flooding over the border.

A man that told 4 elected officials, 3 of which were born in America, to go back to their own countries.

A man that lied about immigrant caravans flooding over the border, a lie that led to a loon mailing pipe bombs to multiple US officials.

A man that claimed a federal judge couldn't rule over his case because he had Hispanic heritage.

A man that accused multiple black counties of election fraud.

Let me be clear here - if you think Trump was not a racial demagogue, you are a poorly educated moron deep in the throes of dunning-kruger.",,,1619178459,{},gvk0z4h,False,t3_mwkzap,False,True,t1_gvk0qdh,/r/Libertarian/comments/mwkzap/ben_shapiro_ridiculed_for_buying_single_piece_of/gvk0z4h/,1619187513,2,True,False,Libertarian,t5_2qh63,,0,[]
[],,premer777,,,[],,,,text,t2_565j8qpv,False,False,[],"Well you should talk specific because that's what the original subject (and you example incident) was.

And it was the local government and individuals in that government

AND it was 100 years ago.",,,1619178440,{},gvk0y4c,False,t3_mtffwk,False,True,t1_gv97oxi,/r/Libertarian/comments/mtffwk/baltimore_cops_carried_toy_guns_to_plant_on/gvk0y4c/,1619187497,1,True,False,Libertarian,t5_2qh63,,0,[]
[],,ee4m,,,[],,,,text,t2_pkour,False,False,[],They won't legalise it till in trenched money are ready to dominate the market.,,,1619178432,{},gvk0xpb,False,t3_mwstil,False,False,t3_mwstil,/r/Libertarian/comments/mwstil/91_percent_of_americans_support_legalized/gvk0xpb/,1619187490,32,True,False,Libertarian,t5_2qh63,,0,[]
[],,EworRehpotsirhc,,,[],,,,text,t2_7473oixj,False,True,[],"Kinda like how gun Rights are removed. A cosmetic ban here, a magazine size restriction there. Then one day you wake up and there is no more Second Amendment.",,,1619178400,{},gvk0w2e,False,t3_mwlycz,False,False,t1_gvjqmnf,/r/Libertarian/comments/mwlycz/virginia_governor_signs_bill_legalizing_marijuana/gvk0w2e/,1619187462,4,True,False,Libertarian,t5_2qh63,,0,[]
[],,Snoo30446,,,[],,,,text,t2_5zak8cpq,False,False,[],""" Social security is a system of redistributing wealth, when people  realize that it cannot keep up with birth rate reduction and longer  lifespans it will fail. "" I bet you would also rail against a VAT being used to shore it up also. Social Security only becomes insolvent in the 30's, after a full century, with market fundamentalists doing everything they can do destroy it. 

"" It is naive to assume they would be in poverty if these social systems  weren't in place.  You have absolutely no way of knowing that. "" Umm yes, this is all data collected by the Social Security Administration, unless we're going to go down the rabbithole of all government data being propaganda. 

To be honest I didn't read it because funnily enough it is actually free-market fundamentalist propaganda, and I know you didn't call it a ponzi scheme, the argument I was making was that the closest analogue despite its falseness, is a ponzi scheme, of which it fails to meet the requirements. 

But based off of your tag, I'm not surprised you hold such inhumane and unfounded views on Social Security.",,,1619178391,{},gvk0vko,False,t3_mwf242,False,True,t1_gvjwsth,/r/Libertarian/comments/mwf242/you_should_be_able_to_opt_out_of_social_security/gvk0vko/,1619187453,2,True,False,Libertarian,t5_2qh63,,0,[]
[],,Gurthee,,,[],,,,text,t2_11ajlk,False,False,[],Spoken like a true Leftist.,,,1619178352,{},gvk0tju,False,t3_mwokqt,False,True,t1_gvjyj7w,/r/Libertarian/comments/mwokqt/oklahoma_governor_signs_bill_into_law_protecting/gvk0tju/,1619187420,-9,True,False,Libertarian,t5_2qh63,,0,[]
[],,Alpha-Charlie-Romeo,,,[],,,,text,t2_8vi9ubj9,False,False,[],I'm surprised Abortion was legalised before this to be honest.,,,1619178343,{},gvk0t2r,False,t3_mwetf7,False,True,t3_mwetf7,/r/Libertarian/comments/mwetf7/nyc_will_no_longer_prosecute_prostitution/gvk0t2r/,1619187413,0,True,False,Libertarian,t5_2qh63,,0,[]
[],,premer777,,,[],,,,text,t2_565j8qpv,False,False,[],"You still stuck on nitpicking things ???

Try then getting your head around 'STUFF BURNED DOWN' (arson)  and including People Dying in the flames  (MURDER).",,,1619178308,{},gvk0ra6,False,t3_mqld24,False,False,t1_gv9u0x9,/r/Libertarian/comments/mqld24/white_supremacists_drive_us_domestic_terrorist/gvk0ra6/,1619187383,1,True,False,Libertarian,t5_2qh63,,0,[]
[],,Low_Appearance1767,,,[],,,,text,t2_9cqwdpwt,False,False,[],"I always find it funny when someone’s response to “give me a specific example” is not to actually answer the question but rather to claim “there’s too many examples.”  But yet, they can’t name any and then try to pretend their own intelligence is at such a level that it’s beneath them.  You are either another brainwashed product of the public school and university system, dating someone who is and thinks that by professing their beliefs might make them love you or one of the teachers/professors warping the weak minds that are incapable of thinking for  themselves.  Making any “racial” claim nowadays is the dead giveaway.  When you have no legitimate, defendable, intelligent argument, call them a racist or fascist and hope they get so worried about being called one of those they’ll ignore the fact that your concept is without and forget about it to defend themselves.  Doesn’t work with me.  Go back to the herd with the rest of sheep.  By the way, sheering time is close!",,,1619178291,{},gvk0qdh,False,t3_mwkzap,False,True,t1_gvjyacu,/r/Libertarian/comments/mwkzap/ben_shapiro_ridiculed_for_buying_single_piece_of/gvk0qdh/,1619187367,1,True,False,Libertarian,t5_2qh63,,0,[]
[],,hatebeesatecheese,,,[],,,,text,t2_mupil,False,False,[],"I need to provide a source that if you've got  emergencies and an ambulance takes 2 hours to get there instead of 15 minutes, you've got deaths? 

Or do life threatening calls stop when roads are blocked in major metropolitan areas for hours, all the fucking time?",,,1619178244,{},gvk0nz1,False,t3_mwokqt,False,True,t1_gvk02rf,/r/Libertarian/comments/mwokqt/oklahoma_governor_signs_bill_into_law_protecting/gvk0nz1/,1619187327,-8,True,False,Libertarian,t5_2qh63,,0,[]
[],,Gurthee,,,[],,,,text,t2_11ajlk,False,False,[],"Love it. Whether you shoot, stab, beat with a bat, run over with a vehicle or light them on there, you should not get in trouble if you're protecting your home or business from violent idiots.",,,1619178227,{},gvk0n44,False,t3_mwokqt,False,True,t3_mwokqt,/r/Libertarian/comments/mwokqt/oklahoma_governor_signs_bill_into_law_protecting/gvk0n44/,1619187312,-7,True,False,Libertarian,t5_2qh63,,0,[]
[],,[deleted],,,,,,dark,,,,,[],[deleted],,,1619178196,{},gvk0lky,False,t3_mwqoji,False,True,t1_gvjzyhc,/r/Libertarian/comments/mwqoji/psa_neither_dc_nor_maryland_are_in_favor_of/gvk0lky/,1619187287,1,True,False,Libertarian,t5_2qh63,,0,[]
[],,bot403,,,[],,,,text,t2_ax2yikud,False,False,[],She was actively and clearly stabbing someone with a knife. How much time do you want to sit and take to decide if that's violent or a crime?,,,1619178168,{},gvk0k71,False,t3_mvsu7j,False,True,t1_gvgb5sn,/r/Libertarian/comments/mvsu7j/what_happened_to_the_posts_about_the_ohio/gvk0k71/,1619187263,1,True,False,Libertarian,t5_2qh63,,0,[]
[],,doughboy011,#f3c817,,"[{'e': 'text', 't': 'Leftoid'}]",a1c701c6-1d82-11e2-a5e0-12313b0ce1e2,Leftoid,dark,richtext,t2_82wuw,False,False,[],"Idk dog, it comes from dumbass libs who want to protect the ~300 people who die from shooter sprees. As a leftist I just want to drown in mayo whenever they come up with r slur gun limits. Can we not focus on more important things like actually having healthcare?",,,1619178156,{},gvk0jka,False,t3_mwqoji,False,True,t1_gvjxdd0,/r/Libertarian/comments/mwqoji/psa_neither_dc_nor_maryland_are_in_favor_of/gvk0jka/,1619187251,1,True,False,Libertarian,t5_2qh63,,0,[]
[],,theshadows56,,,[],,,,text,t2_n3i4w,False,False,[],"Literally turn on the news. The government wants to destroy the family unit because it creates instability, instability creates chaos, chaos breeds problems, and guess what?!? The government is here to help! After they create the problem, they offer ""solutions!""

If you don't understand that the government is our enemy at this point, I feel bad for you.",,,1619178128,{},gvk0i6s,False,t3_mwmt3i,False,False,t1_gvj8li0,/r/Libertarian/comments/mwmt3i/wrapping_people_in_futons_how_the_japanese_police/gvk0i6s/,1619187227,1,True,False,Libertarian,t5_2qh63,,0,[]
[],,Hodgkisl,,,[],,,,text,t2_4sxiv,False,False,[],"The low interests has driven more people into the world of investing, a lot of people who are not equipped with the knowledge to do it nor are they in the position to handle the risks involved.  Many would be better off in a time when you could park money in the bank and get an adequate but not great return.",,,1619178106,{},gvk0h08,False,t3_mwpz2k,False,True,t1_gvjzxyk,/r/Libertarian/comments/mwpz2k/wtf_is_this/gvk0h08/,1619187208,1,True,False,Libertarian,t5_2qh63,,0,[]
[],,Joescout187,,,[],,,,text,t2_44ze1fdx,False,False,[],I am opposed to Keynesian stimulus and fiat currency. You insist that they are necessary. I'm not ignorant simply because I do not agree. Nor am I a cynic. I do not believe based upon evidence that i have witnessed over the course of my life that any form of central authority is capable exercise beneficial control over an aspect of the economy.,,,1619178104,{},gvk0gy3,False,t3_mufe33,False,True,t1_gvjy859,/r/Libertarian/comments/mufe33/ron_paul_disguises_federal_reserve_as_nike_store/gvk0gy3/,1619187207,1,True,False,Libertarian,t5_2qh63,,0,[]
[],,ee4m,,,[],,,,text,t2_pkour,False,False,[],I thought counties prone to being sanctioned wanted alts.,,,1619178098,{},gvk0gnj,False,t3_mwpxsv,False,True,t3_mwpxsv,/r/Libertarian/comments/mwpxsv/the_digital_yuan_chinas_anti_bitcoin/gvk0gnj/,1619187203,1,True,False,Libertarian,t5_2qh63,,0,[]
[],,Professional_Web437,,,[],,,,text,t2_a7ceoih5,False,False,[],"u/userleanbot

Your willful ignorance and blatant hypocrisy are conservative call signs.  You can easily verify the polling method for yourself, but instead you're going to ignore it and base it off your feelings.  lmao.",,,1619178066,{},gvk0f03,False,t3_mwstil,False,True,t1_gvjz41k,/r/Libertarian/comments/mwstil/91_percent_of_americans_support_legalized/gvk0f03/,1619187175,3,True,False,Libertarian,t5_2qh63,,0,[]
[],,hatebeesatecheese,,,[],,,,text,t2_mupil,False,False,[],False equivalence just because you can not comprehend causality?,,,1619178037,{},gvk0dhx,False,t3_mwokqt,False,True,t1_gvjzvj6,/r/Libertarian/comments/mwokqt/oklahoma_governor_signs_bill_into_law_protecting/gvk0dhx/,1619187151,-5,True,False,Libertarian,t5_2qh63,,0,[]
[],,Valhalla6,,,[],,,,text,t2_w56el,False,False,[],Shut the fuck up Trump cuck.,,,1619178036,{},gvk0dg2,False,t3_mwokqt,False,False,t1_gvjl75z,/r/Libertarian/comments/mwokqt/oklahoma_governor_signs_bill_into_law_protecting/gvk0dg2/,1619187150,5,True,False,Libertarian,t5_2qh63,,0,[]
[],,ee4m,,,[],,,,text,t2_pkour,False,False,[],"Modern.


Not industrial revolution.",,,1619177984,{},gvk0aub,False,t3_mws14v,False,True,t3_mws14v,/r/Libertarian/comments/mws14v/whats_your_flavour_or_liberalism/gvk0aub/,1619187104,1,True,False,Libertarian,t5_2qh63,,0,[]
[],,KruglorTalks,#f3c817,,"[{'e': 'text', 't': '3.6 Government. Not great. Not terrible.'}]",a1c701c6-1d82-11e2-a5e0-12313b0ce1e2,3.6 Government. Not great. Not terrible.,dark,richtext,t2_z9qzo,False,False,[],"Lets review your previous post to me. 

You started off asking four questions. Questions are not debate points. Answer them yourself and take a firm stance. We can discuss from there.

You then just asked ""why does your opinion matter."" Thats not a rebuttal. I dont know what your point is in bringing that up. You didnt expand on that point.

You then said ""Besides"" a second time. You cant ""Besides"" your ""Besides"" lol. That's just bouncing around on random topics. Then you finished with saying BLM is an ideology, which is not a point of contention.

So yea its laid out in plain English.",,,1619177921,{},gvk07nd,False,t3_mvsu7j,False,True,t1_gvjknme,/r/Libertarian/comments/mvsu7j/what_happened_to_the_posts_about_the_ohio/gvk07nd/,1619187052,1,True,False,Libertarian,t5_2qh63,,0,[]
[],,rinnip,,,[],,,,text,t2_3bws6,False,False,[],"Pat Tillman was an idiot IMO.  He could have played football and put ten generations of his family through college.  Instead, he ran off to wage war for our corporate oligarchs.",,,1619177904,{},gvk06ry,False,t3_mw7hqf,False,True,t3_mw7hqf,/r/Libertarian/comments/mw7hqf/pat_tilman_was_not_a_hero/gvk06ry/,1619187036,1,True,False,Libertarian,t5_2qh63,,0,[]
[],,Snoo30446,,,[],,,,text,t2_5zak8cpq,False,False,[],"Except that only works if there are no new workers, nothing done to shore up the system - I don't know of many pyramid schemes that lasted a century with fundamentalists actively working against it's success.

That also does jackshit for the ever increasing percentage of Americans that have nothing saved and are maxed out. It's telling you have to use a number such as $10 million to support the argument - if the government cannot afford such a program through taxation, your investments mean absolutely nothing.",,,1619177904,{},gvk06rn,False,t3_mwf242,False,True,t1_gvjz306,/r/Libertarian/comments/mwf242/you_should_be_able_to_opt_out_of_social_security/gvk06rn/,1619187036,0,True,False,Libertarian,t5_2qh63,,0,[]
[],,NWestLocke,#f3c817,,"[{'e': 'text', 't': 'Libertarian Party'}]",0df7f9c6-1cf3-11e2-ad4c-12313b088941,Libertarian Party,dark,richtext,t2_569sq8z8,False,False,[],"Make it as incurruptable as possible by planning the benefits to universal so beauracracy had no place in the program. If the government by law doesn't have control over where the benefits get distributed, does it really have control over the program and the beneficiaries?",,,1619177863,{},gvk04o5,False,t3_mwf242,False,True,t1_gvj728n,/r/Libertarian/comments/mwf242/you_should_be_able_to_opt_out_of_social_security/gvk04o5/,1619187002,2,True,False,Libertarian,t5_2qh63,,0,[]
[],,averagewop,,,[],,,,text,t2_8qa3ksx7,False,False,[],Land of the free.....as long as the government says so,,,1619177835,{},gvk0377,False,t3_mwlycz,False,False,t3_mwlycz,/r/Libertarian/comments/mwlycz/virginia_governor_signs_bill_legalizing_marijuana/gvk0377/,1619186977,5,True,False,Libertarian,t5_2qh63,,0,[]
[],,kyler_,,,[],,,,text,t2_12f3tt,False,False,[],Source for plenty of people dying from protests blocking the road?,,,1619177827,{},gvk02rf,False,t3_mwokqt,False,False,t1_gvjzet1,/r/Libertarian/comments/mwokqt/oklahoma_governor_signs_bill_into_law_protecting/gvk02rf/,1619186969,7,True,False,Libertarian,t5_2qh63,,0,[]
[],,Professional_Web437,,,[],,,,text,t2_a7ceoih5,False,False,[],Republicans will kill it.  Shithole state.,,,1619177820,{},gvk02fp,False,t3_mwmine,False,True,t3_mwmine,/r/Libertarian/comments/mwmine/north_carolina_legislators_introduce_bill_to/gvk02fp/,1619186964,1,True,False,Libertarian,t5_2qh63,,0,[]
[],,OnlyInDeathDutyEnds,#f3c817,,"[{'e': 'text', 't': 'Lib Leaning Leftist'}]",a1c701c6-1d82-11e2-a5e0-12313b0ce1e2,Lib Leaning Leftist,dark,richtext,t2_f860m,False,False,[],"I don't disagree. Do what you need to do in a crisis.    
But where things are obviously corrupt or being done outside the process specifically to avoid scrutiny, that needs to be called out and opposed.",,,1619177804,{},gvk01md,False,t3_mwoz9t,False,True,t1_gvjzsjz,/r/Libertarian/comments/mwoz9t/covid19_industrial_policy_fails_again/gvk01md/,1619186950,1,True,False,Libertarian,t5_2qh63,,0,[]
[],,wingman43487,#f3c817,,"[{'e': 'text', 't': 'Right Libertarian'}]",b016ca8a-1cf2-11e2-97d4-12313b088941,Right Libertarian,dark,richtext,t2_14ixk1cq,False,False,[],"So long as you can prove you are a resident of the place you are registering (as well as a US citizen of course) in I am fine with it.

And I doubt people are ignoring those things, or even have a problem with making provisions like that.  What states that require ID to vote don't have provisions like that anyway?",,,1619177792,{},gvk0109,False,t3_mwqdoh,False,True,t1_gvjzpqf,/r/Libertarian/comments/mwqdoh/if_you_need_id_to_buy_robitussin_you_should_also/gvk0109/,1619186939,2,True,False,Libertarian,t5_2qh63,,0,[]
[],,Professional_Web437,,,[],,,,text,t2_a7ceoih5,False,False,[],IN says hi from 50 years behind the curve.,,,1619177790,{},gvk00wo,False,t3_mwmine,False,False,t1_gvjqkvj,/r/Libertarian/comments/mwmine/north_carolina_legislators_introduce_bill_to/gvk00wo/,1619186938,7,True,False,Libertarian,t5_2qh63,,0,[]
[],,hkrr7,,,[],,,,text,t2_2d1kt908,False,False,[],Most likely wont happen... An actual ID is what they’re going for...,,,1619177785,{},gvk00nx,True,t3_mwqdoh,False,False,t1_gvjvwc8,/r/Libertarian/comments/mwqdoh/if_you_need_id_to_buy_robitussin_you_should_also/gvk00nx/,1619186934,1,True,False,Libertarian,t5_2qh63,,0,[]
[],,bluemandan,,,[],,,,text,t2_8unxs,False,False,[],"What if you are old and can't work and have no buying power?

Should they just 'buy the dip'?",,,1619177776,{},gvk006q,False,t3_mwf242,False,True,t1_gvjxrsu,/r/Libertarian/comments/mwf242/you_should_be_able_to_opt_out_of_social_security/gvk006q/,1619186926,1,False,False,Libertarian,t5_2qh63,,0,[]
[],,DennisFarinaOfficial,,,[],,,,text,t2_8yquy1sz,False,False,[],"But I don’t like libs and I don’t want the party supported by the vast majority of Americans to have a majority.

What do?",,,1619177742,{},gvjzyhc,False,t3_mwqoji,False,True,t1_gvjoio5,/r/Libertarian/comments/mwqoji/psa_neither_dc_nor_maryland_are_in_favor_of/gvjzyhc/,1619186899,3,True,False,Libertarian,t5_2qh63,,0,[]
[],,Professional_Web437,,,[],,,,text,t2_a7ceoih5,False,False,[],"&gt;Donate to Trump's legal fund now!!!

Those stupid fuckers deserve to get swindled.  Also, it's a good thing republicans are wasting time, money and energy on something so meaningless - less chance a fucking up something important.",,,1619177732,{},gvjzxzh,False,t3_mwdbwg,False,True,t3_mwdbwg,/r/Libertarian/comments/mwdbwg/arizona_republicans_begin_third_audit_of_2020/gvjzxzh/,1619186891,1,True,False,Libertarian,t5_2qh63,,0,[]
[],,OnlyInDeathDutyEnds,#f3c817,,"[{'e': 'text', 't': 'Lib Leaning Leftist'}]",a1c701c6-1d82-11e2-a5e0-12313b0ce1e2,Lib Leaning Leftist,dark,richtext,t2_f860m,False,False,[],"Thanks for explaining. I hope something happens to encourage longer term investment soon.    
The decade plus of low interest rates and low inflation (alongside government policy) have really done a number on asset prices.    
    
Capitalism doesn't work if you aren't able to accumulate capital, and more and more people are seeing that as impossible or improbable.",,,1619177732,{},gvjzxyk,False,t3_mwpz2k,False,True,t1_gvjzqil,/r/Libertarian/comments/mwpz2k/wtf_is_this/gvjzxyk/,1619186890,1,True,False,Libertarian,t5_2qh63,,0,[]
[],,[deleted],,,,,,dark,,,,,[],[removed],,,1619177723,{},gvjzxk7,False,t3_mwetf7,False,True,t1_gvjcyl7,/r/Libertarian/comments/mwetf7/nyc_will_no_longer_prosecute_prostitution/gvjzxk7/,1619186885,1,True,False,Libertarian,t5_2qh63,,0,[]
[],,FlavorAIDs,,,[],,,,text,t2_5a4j4,False,False,[],Prostitution in its current state is not a victimless crime. They should continue to prosecute pimps and Johns (but not the girls) until it’s regulated properly,,,1619177723,{},gvjzxjy,False,t3_mvvk9w,False,True,t3_mvvk9w,/r/Libertarian/comments/mvvk9w/baltimore_will_no_longer_prosecute_for_drug/gvjzxjy/,1619186885,1,True,False,Libertarian,t5_2qh63,,0,[]
[],,[deleted],,,,,,dark,,,,,[],[removed],,,1619177697,{},gvjzw8b,False,t3_mwlycz,False,True,t1_gvjs65n,/r/Libertarian/comments/mwlycz/virginia_governor_signs_bill_legalizing_marijuana/gvjzw8b/,1619186862,1,True,False,Libertarian,t5_2qh63,,0,[]
[],,serios_valorus,,,[],,,,text,t2_1oozqpc,False,False,[],By that logic any kind of confrontantional protest is a death threat,,,1619177684,{},gvjzvj6,False,t3_mwokqt,False,False,t1_gvjzet1,/r/Libertarian/comments/mwokqt/oklahoma_governor_signs_bill_into_law_protecting/gvjzvj6/,1619186850,5,True,False,Libertarian,t5_2qh63,,0,[]
[],,[deleted],,,,,,dark,,,,,[],[removed],,,1619177637,{},gvjzt78,False,t3_mwlycz,False,True,t3_mwlycz,/r/Libertarian/comments/mwlycz/virginia_governor_signs_bill_legalizing_marijuana/gvjzt78/,1619186811,1,True,False,Libertarian,t5_2qh63,,0,[]
[],,RainharutoHaidorihi,#373c3f,,"[{'e': 'text', 't': 'Anarcho-communist'}]",b5cbd7c0-a6c7-11e9-84a1-0e01d3babc2a,Anarcho-communist,light,richtext,t2_8mg6atp2,False,False,[],"Nah, it's that 60% support recreational legalization and 31% support medical legalization. It's misleading in the sense that it implies that 91% want to recreationally legalize it, but the truth is that 91% of people support at least changing the federal laws regarding marijuana",,,1619177629,{},gvjzsst,False,t3_mwstil,False,False,t1_gvjz41k,/r/Libertarian/comments/mwstil/91_percent_of_americans_support_legalized/gvjzsst/,1619186805,11,True,False,Libertarian,t5_2qh63,,0,[]
[],,Exotic_Ad7433,,,[],,,,text,t2_bc5bdv7w,False,False,[],"Eh, I'm aware stuff like this is open to corruption, but at the same time it's much better to be prepared and cover your bases and claw back the ill-gotten gains later than be underprepared and over-vet contracts during the onset of a pandemic.",,,1619177624,{},gvjzsjz,False,t3_mwoz9t,False,True,t1_gvjzp6a,/r/Libertarian/comments/mwoz9t/covid19_industrial_policy_fails_again/gvjzsjz/,1619186801,1,True,False,Libertarian,t5_2qh63,,0,[]
[],,Professional_Web437,,,[],,,,text,t2_a7ceoih5,False,False,[],3-4 americans are shot and killed every single day by the hands of shitty cops.....that we know of.,,,1619177595,{},gvjzr4r,False,t3_mwnvki,False,True,t3_mwnvki,/r/Libertarian/comments/mwnvki/chauvins_conviction_has_depressed_me_because_its/gvjzr4r/,1619186777,1,True,False,Libertarian,t5_2qh63,,0,[]
[],,Hodgkisl,,,[],,,,text,t2_4sxiv,False,False,[],Your investment shares sound extremely risky both from a buyers perspective and the companies perspective.  To issue them the company would likely have to maintain enough cash reserves to buy them back when requested.  From the buyers perspective they are 100% at the companies mercy not just in performance but if they need to cash in due to financial emergency.,,,1619177582,{},gvjzqil,False,t3_mwpz2k,False,True,t1_gvjzec2,/r/Libertarian/comments/mwpz2k/wtf_is_this/gvjzqil/,1619186766,1,True,False,Libertarian,t5_2qh63,,0,[]
[],,Snoo30446,,,[],,,,text,t2_5zak8cpq,False,False,[],"I'm sure that the millions of people that lost everything are given comfort by your own anecdotal experience. As for banking it, just look at the latest statistics on the percentage of American households that have nothing saved for retirement. It should be worth pointing out I'm not saying there's no value in private investment - just that unlike guaranteed welfare programs, they are subject to immense risk but your path is only part of the solution.",,,1619177575,{},gvjzq6r,False,t3_mwf242,False,True,t1_gvjz4z6,/r/Libertarian/comments/mwf242/you_should_be_able_to_opt_out_of_social_security/gvjzq6r/,1619186761,1,True,False,Libertarian,t5_2qh63,,0,[]
[],,Flinsbon,,,[],,,dark,text,t2_3xswxzv3,False,False,[],"Fair. I assumed that was a given so I didn't list it. Some voter ID proponents tend to ignore things on that list. In particular, proof of address.",,,1619177566,{},gvjzpqf,False,t3_mwqdoh,False,False,t1_gvjzcx8,/r/Libertarian/comments/mwqdoh/if_you_need_id_to_buy_robitussin_you_should_also/gvjzpqf/,1619186752,2,True,False,Libertarian,t5_2qh63,,0,[]
[],,OnlyInDeathDutyEnds,#f3c817,,"[{'e': 'text', 't': 'Lib Leaning Leftist'}]",a1c701c6-1d82-11e2-a5e0-12313b0ce1e2,Lib Leaning Leftist,dark,richtext,t2_f860m,False,False,[],"It kinda is if it's done poorly or done for the wrong reasons.    
    
In the UK we're starting to get proof of many contracts handed to friends of the government (this isn't just a covid thing, since then it's more obvious and starting to get reported on).    
    
You had businesses with the personal number of the prime minister, texting him to try and get tax exemptions (which they got). It probably wouldn't have been an issue if it was properly declared - I'm not against some leeway in a crisis, but it's the covering up, denial, and overall sleaze that's the problem.",,,1619177554,{},gvjzp6a,False,t3_mwoz9t,False,True,t1_gvjeulb,/r/Libertarian/comments/mwoz9t/covid19_industrial_policy_fails_again/gvjzp6a/,1619186743,1,True,False,Libertarian,t5_2qh63,,0,[]
[],,MisanthropistPuNk,#f3c817,,"[{'e': 'text', 't': 'Minarchist'}]",25c6421c-1cf1-11e2-89d6-12313d051e91,Minarchist,dark,richtext,t2_39dedduw,False,False,[],Don't Tread On Me,,,1619177554,{},gvjzp5q,False,t3_mw6zpy,False,True,t3_mw6zpy,/r/Libertarian/comments/mw6zpy/hit_me_with_your_best_antigun_control_arguments/gvjzp5q/,1619186743,1,True,False,Libertarian,t5_2qh63,,0,[]
[],,Tugalord,,,[],,,,text,t2_n04gu,False,True,[],"Honest question: how would libertarianism help this issue? Wouldn't it make it so that rich people can use their power to corrupt even more freely, without democratic checks and balances?",,,1619177545,{},gvjzoow,False,t3_mv0gwy,False,True,t1_gv9m6jl,/r/Libertarian/comments/mv0gwy/derek_chauvin_guilty_on_all_3_counts/gvjzoow/,1619186736,1,True,False,Libertarian,t5_2qh63,,0,[]
[],,[deleted],,,,,,dark,,,,,[],[removed],,,1619177532,{},gvjzo2r,False,t3_mwlycz,False,True,t3_mwlycz,/r/Libertarian/comments/mwlycz/virginia_governor_signs_bill_legalizing_marijuana/gvjzo2r/,1619186725,1,True,False,Libertarian,t5_2qh63,,0,[]
[],,bluemandan,,,[],,,,text,t2_8unxs,False,False,[],"It's Social Security **Insurance**

Like all insurance, you pay in even though you may not receive the full benefit. Insurance is a **hedge** against negative outcomes. 

It was intended for the people that outlive their money so great-grandma and grandpa don't end up on the street dying from exposure. 

It's not supposed to fund ""retirement"" and the age to qualify for benefits needs to be increased drastically. 

This will allow for a significant reduction in Social Security taxes.

Maybe it's not very libertarian of me, but I like the idea of a**society** taking care of it's old and infirm. These people can no longer be productive members of society. 

Sometimes shit happens that's out of their control.",,,1619177530,{},gvjzny8,False,t3_mwf242,False,True,t3_mwf242,/r/Libertarian/comments/mwf242/you_should_be_able_to_opt_out_of_social_security/gvjzny8/,1619186723,1,False,False,Libertarian,t5_2qh63,,0,[]
[],,Professional_Web437,,,[],,,,text,t2_a7ceoih5,False,False,[],troll account.,,,1619177481,{},gvjzlj4,False,t3_mwo3hy,False,True,t3_mwo3hy,/r/Libertarian/comments/mwo3hy/the_feds_are_coming_for_libertarians/gvjzlj4/,1619186683,1,True,False,Libertarian,t5_2qh63,,0,[]
[],,[deleted],,,,,,dark,,,,,[],[removed],,,1619177405,{},gvjzhsx,False,t3_mwm9y6,False,True,t3_mwm9y6,/r/Libertarian/comments/mwm9y6/the_fourth_amendment_is_not_for_sale_a_bipartisan/gvjzhsx/,1619186624,1,True,False,Libertarian,t5_2qh63,,0,[]
[],,hatebeesatecheese,,,[],,,,text,t2_mupil,False,False,[],Blocking roads is not peaceful. Plenty of people die as the consequences of blocking the traffic (blocking ambulances for example),,,1619177344,{},gvjzet1,False,t3_mwokqt,False,True,t1_gvjgltg,/r/Libertarian/comments/mwokqt/oklahoma_governor_signs_bill_into_law_protecting/gvjzet1/,1619186574,-5,True,False,Libertarian,t5_2qh63,,0,[]
[],,OnlyInDeathDutyEnds,#f3c817,,"[{'e': 'text', 't': 'Lib Leaning Leftist'}]",a1c701c6-1d82-11e2-a5e0-12313b0ce1e2,Lib Leaning Leftist,dark,richtext,t2_f860m,False,False,[],"Well you have voting shares and non-voting shares, right?    

I'm imagining a class of shares that can't be sold on the market for 5 years from purchase (which carries over to the new owner). If you end up in a situation where you need the money before the 5 years you can only sell it back to the company.    
    
I'm spitballing here, don't think this is serious financial analysis or anything.",,,1619177335,{},gvjzec2,False,t3_mwpz2k,False,True,t1_gvjz3fb,/r/Libertarian/comments/mwpz2k/wtf_is_this/gvjzec2/,1619186564,1,True,False,Libertarian,t5_2qh63,,0,[]
[],,wingman43487,#f3c817,,"[{'e': 'text', 't': 'Right Libertarian'}]",b016ca8a-1cf2-11e2-97d4-12313b088941,Right Libertarian,dark,richtext,t2_14ixk1cq,False,False,[],"You do have to have proof of citizenship, but that is as it should be.",,,1619177305,{},gvjzcx8,False,t3_mwqdoh,False,True,t1_gvjz51q,/r/Libertarian/comments/mwqdoh/if_you_need_id_to_buy_robitussin_you_should_also/gvjzcx8/,1619186543,2,True,False,Libertarian,t5_2qh63,,0,[]
[],,[deleted],,,,,,dark,,,,,[],[deleted],,,1619177288,{},gvjzc22,False,t3_mws14v,False,True,t1_gvjx3gq,/r/Libertarian/comments/mws14v/whats_your_flavour_or_liberalism/gvjzc22/,1619186529,1,True,False,Libertarian,t5_2qh63,,0,[]
[],,hatebeesatecheese,,,[],,,,text,t2_mupil,False,False,[],What hell lol? He massively gained...,,,1619177269,{},gvjzb72,False,t3_mwokqt,False,True,t1_gvjsfsm,/r/Libertarian/comments/mwokqt/oklahoma_governor_signs_bill_into_law_protecting/gvjzb72/,1619186515,-7,True,False,Libertarian,t5_2qh63,,0,[]
[],,Snoo30446,,,[],,,,text,t2_5zak8cpq,False,False,[],"I did read it, you obviously didn't read mine - the only way Social Security works as a ponzi scheme, is if the birthrate drops to 0, i.e there are no more workers to support the system. This doesn't include the success of free-market fundies to ensure the system fails by actively contributing to nothing being done to shore it up. 

Except for many of them their 401ks didn't hold up, and many of the very weak financial protections put in place after the GFC have already been watered down and the US financial sector is once again dangerously unregulated. 

It's also worth pointing out I didn't say 401ks were a dumb idea, but solely relying on them most definitely is.",,,1619177257,{},gvjzaoj,False,t3_mwf242,False,True,t1_gvjyset,/r/Libertarian/comments/mwf242/you_should_be_able_to_opt_out_of_social_security/gvjzaoj/,1619186507,0,True,False,Libertarian,t5_2qh63,,0,[]
[],,QuantumR4ge,#f3c817,,"[{'e': 'text', 't': 'geolibertarian'}]",54404f88-1cf2-11e2-ae61-12313b0ce1e2,geolibertarian,dark,richtext,t2_g5yv4,False,False,[],“Paying for a military an idea so good it has to be mandatory “,,,1619177225,{},gvjz95t,False,t3_mwf242,False,True,t1_gvik74q,/r/Libertarian/comments/mwf242/you_should_be_able_to_opt_out_of_social_security/gvjz95t/,1619186483,1,True,False,Libertarian,t5_2qh63,,0,[]
[],,tjdux,,,[],,,,text,t2_17ah62,False,False,[],"First off the people i replied too were discussing reasons why the quality of televised news has degraded over time.  I mentioned a literal policy that deals with news broadcasts that occurred right before they said that the news quality went downhill.

None of that is relevant to a political ideology in the context it was being discussed.  This wasnt a debate whether the ""fairness doctrine aligns with libertarian values""   so you get out of here with that gatekeeping bullshit.",,,1619177200,{},gvjz7xj,False,t3_mw2zgm,False,True,t1_gvjrpyt,/r/Libertarian/comments/mw2zgm/the_government_awarded_a_13_billion_dollar/gvjz7xj/,1619186464,1,True,False,Libertarian,t5_2qh63,,0,[]
[],,Flinsbon,,,[],,,dark,text,t2_3xswxzv3,False,False,[],"Sounds fine, and their requirements to get the ID look good to me. The most important things are:

1. Free of charge
2. Free rides for ID pickup available
3. No previously issued photo ID required
4. No address required",,,1619177141,{},gvjz51q,False,t3_mwqdoh,False,True,t1_gvjxibd,/r/Libertarian/comments/mwqdoh/if_you_need_id_to_buy_robitussin_you_should_also/gvjz51q/,1619186412,3,True,False,Libertarian,t5_2qh63,,0,[]
[],,Key_Drawer_1516,,,[],,,,text,t2_8bkbynb5,False,False,[],"I'll ask myself,  yup it all worked out. I understand your point,  what if you could just bank it if you don't want a 401k or Roth?",,,1619177139,{},gvjz4z6,False,t3_mwf242,False,True,t1_gvjyeay,/r/Libertarian/comments/mwf242/you_should_be_able_to_opt_out_of_social_security/gvjz4z6/,1619186411,1,True,False,Libertarian,t5_2qh63,,0,[]
[],,rob_lawbla,,,[],,,,text,t2_1xdry66k,False,False,[],"I don’t believe the percentage. If you want to promote an agenda don’t mislead on the polling. Pew did the survey, most likely w/ a small sample size of a select demographic. But they got the headline they wanted.",,,1619177120,{},gvjz41k,False,t3_mwstil,False,False,t3_mwstil,/r/Libertarian/comments/mwstil/91_percent_of_americans_support_legalized/gvjz41k/,1619186396,5,True,False,Libertarian,t5_2qh63,,0,[]
[],,Hodgkisl,,,[],,,,text,t2_4sxiv,False,False,[],"That sounds extra complex and confusing.  How do you define the difference?  What if you need to sell investment stocks?  

It’s not just stocks extending the long term definition could change, it could also discourage house flipping, land speculation, etc...",,,1619177107,{},gvjz3fb,False,t3_mwpz2k,False,True,t1_gvjyoyt,/r/Libertarian/comments/mwpz2k/wtf_is_this/gvjz3fb/,1619186384,2,True,False,Libertarian,t5_2qh63,,0,[]
[],,Lex-Luthier,,,[],,,,text,t2_udqd4,False,False,[],"Most retirement works by putting money into a fund where it accumulates interest. When you draw on it, you are drawing from that account. You can draw any and all money that you invested plus the interest.

Social security does not work this way. The money paid into it by current workers is immediately distributed to current retirees. There is no interest accumulation. What makes it a pyramid scheme is that it requires constant economic growth and new workers to pay out current retirees. So it does not matter if you paid in $10M over your lifetime, if the economy is too weak to support your retirement payments, you are shit outa luck. Eventually all pyramid schemes like this break down because you cannot have the indefinite growth required to maintain it. This is especially true with social security because people are living longer and longer.",,,1619177099,{},gvjz306,False,t3_mwf242,False,True,t1_gvjxn59,/r/Libertarian/comments/mwf242/you_should_be_able_to_opt_out_of_social_security/gvjz306/,1619186377,1,True,False,Libertarian,t5_2qh63,,0,[]
[],,wibblywobbly420,,,[],,,,text,t2_if6qf2p,False,True,[],"I dont know about the US, but in Canada the Canadian Pension (CPP) is only eligible to those who worked and paid into it, and is a mandatory payroll tax, but the more you earn the more you get when you retire. It is treated just like a pension you pay into yourself but at very shitty returns. 

Old age security benefits are a separate thing that is used to keep old people off the streets",,,1619177094,{},gvjz2rz,False,t3_mwf242,False,False,t1_gvhtnri,/r/Libertarian/comments/mwf242/you_should_be_able_to_opt_out_of_social_security/gvjz2rz/,1619186374,1,True,False,Libertarian,t5_2qh63,,0,[]
[],,OnlyInDeathDutyEnds,#f3c817,,"[{'e': 'text', 't': 'Lib Leaning Leftist'}]",a1c701c6-1d82-11e2-a5e0-12313b0ce1e2,Lib Leaning Leftist,dark,richtext,t2_f860m,False,False,[],"The constitution says you must be a citizen. You prove that at the point of registration. There's no consititution right/requirement to voter ID.    
    
Additionally, voter impersonation is essentially a non issue and it simply doesn't scale up in any meaningful way, so Voter ID isn't actually fixing anything.    
    
Have it if you want, as long as ID is both trivial to obtain and free.    
But the current push for voter ID isn't part of any attempt to reduce or counter fraud (because there really isn't any on any meaningful level), it's part of a package to reduce voter turnout.    
    
Once that's no longer the case I'll support it, but until then it should be opposed.",,,1619177086,{},gvjz2fm,False,t3_mwqdoh,False,True,t3_mwqdoh,/r/Libertarian/comments/mwqdoh/if_you_need_id_to_buy_robitussin_you_should_also/gvjz2fm/,1619186368,2,True,False,Libertarian,t5_2qh63,,0,[]
[],,DerHungerleider,#373c3f,,"[{'e': 'text', 't': 'Anarcho-communist'}]",b5cbd7c0-a6c7-11e9-84a1-0e01d3babc2a,Anarcho-communist,light,richtext,t2_2c6u65b5,False,False,[],"&gt;...and that's where I stopped.

Yeah, I know you have that habid of ignoring what other people are writing because if you´d actually read it you´d have to acknowledge the fact that you are wrong.

&gt;Goldman started the ""Anarcho-Syndicalist"" movement

You think that Goldman started ""Anarcho-Syndicalism""? HAHAHAHAHHAHAHHAHAHAHAHAHAHAHAHAHAHAH

Jesus you´re an idiot, you really have zero clue what you are talking about. I would link you to works on the history of syndicalism but [I already did this](https://old.reddit.com/r/Libertarian/comments/mg6mbn/dave_ramseys_company_fired_12_employees_for/gswf921/) and you simply ignored it.

&gt;i.e. fascism, basically.

HAHAHAHHAHAHAHAHAHAHAHAHAH 

Man you´re so fucking funny. You talk about stuff you know nothing about with such an astounding confidence, it´s hilarious.",,,1619177041,{},gvjz0bo,False,t3_mudzx8,False,False,t1_gvjxtdi,/r/Libertarian/comments/mudzx8/quote_of_the_day/gvjz0bo/,1619186336,1,True,False,Libertarian,t5_2qh63,,0,[]
[],,Lostmyfnusername,,,[],,,,text,t2_stbov,False,False,[],Except antifa have cars too and the article tells how both sides could abuse the law if it gives the driver too much power.,,,1619176980,{},gvjyxdg,False,t3_mwokqt,False,False,t1_gvjkwyv,/r/Libertarian/comments/mwokqt/oklahoma_governor_signs_bill_into_law_protecting/gvjyxdg/,1619186289,4,True,False,Libertarian,t5_2qh63,,0,[]
[],,Nahteh,,,[],,,,text,t2_7mlih,False,False,[],People mistakenly believe in their economics. It's not that I don't agree with conservative(libertarian economics) it's that most people don't see through their BS and believe it's their only choice to fight democrats.,,,1619176970,{},gvjywsh,False,t3_mwrxub,False,False,t1_gvjwyf8,/r/Libertarian/comments/mwrxub/the_florida_supreme_court_wont_let_voters/gvjywsh/,1619186280,12,True,False,Libertarian,t5_2qh63,,0,[]
[],,LiberalAspergers,,,[],,,,text,t2_4ng80vta,False,False,[],"Probably as.different a culture as you can find on the planet. As the only Asian nation to not be colonized, and the one that banned missionaries for centuries...it largely avoided having its culture influenced by Christianity.",,,1619176942,{},gvjyve5,False,t3_mwmt3i,False,True,t1_gvj9f45,/r/Libertarian/comments/mwmt3i/wrapping_people_in_futons_how_the_japanese_police/gvjyve5/,1619186259,1,True,False,Libertarian,t5_2qh63,,0,[]
