all_awardings,associated_award,author,author_flair_background_color,author_flair_css_class,author_flair_richtext,author_flair_template_id,author_flair_text,author_flair_text_color,author_flair_type,author_fullname,author_patreon_flair,author_premium,awarders,body,collapsed_because_crowd_control,comment_type,created_utc,gildings,id,is_submitter,link_id,locked,no_follow,parent_id,permalink,retrieved_on,score,send_replies,stickied,subreddit,subreddit_id,top_awarded_type,total_awards_received,treatment_tags,edited
[],,phoenixthekat,,,[],,,,text,t2_1hdh59go,False,False,[],"Many of them never did, but party politics makes you support the figure head. Doesnt matter how much of a douche canoe that person may be.",,,1604703599,{},gbebfja,False,t3_jp9kgz,False,True,t3_jp9kgz,/r/Libertarian/comments/jp9kgz/whos_ready_to_watch_the_gop_act_like_they_never/gbebfja/,1604711128,1,True,False,Libertarian,t5_2qh63,,0,[],
[],,xizidor,,,[],,,,text,t2_8valm,False,False,[],"Trump isn't going anywhere. He got almost 70 million votes. The second Joe Biden takes office Trump will be on the campaign trail for 2024. His clout is massive. Republicans will continue to support him. As soon as they don't, they get a nickname and a 5 minute sketch at a rally in their state.",,,1604703595,{},gbebfaw,False,t3_jp9kgz,False,True,t3_jp9kgz,/r/Libertarian/comments/jp9kgz/whos_ready_to_watch_the_gop_act_like_they_never/gbebfaw/,1604711125,2,True,False,Libertarian,t5_2qh63,,0,[],
[],,uiy_b7_s4,#f3c817,,"[{'e': 'text', 't': 'cancer spreads from the right'}]",a1c701c6-1d82-11e2-a5e0-12313b0ce1e2,cancer spreads from the right,dark,richtext,t2_c2w1n,False,False,[],It's like a shakespeare play.,,,1604703595,{},gbebfaa,False,t3_jpfg4o,False,False,t3_jpfg4o,/r/Libertarian/comments/jpfg4o/trump_spent_years_worrying_about_the_stock_market/gbebfaa/,1604711123,4,True,False,Libertarian,t5_2qh63,,0,[],
[],,MrEnigma67,,,[],,,,text,t2_2pio30wf,False,False,[],By that logic would the opposite be true?,,,1604703575,{},gbebdvo,False,t3_jp6e0n,False,True,t3_jp6e0n,/r/Libertarian/comments/jp6e0n/if_republicans_are_so_worried_about_libertarians/gbebdvo/,1604711102,1,True,False,Libertarian,t5_2qh63,,0,[],
[],,HarryBergeron927,,,[],,,,text,t2_tep1e23,False,False,[],"Here's another dimwit with the ""youre defending Trump"" bullshit. Just because you morons continue to use a term of which you have total and complete ignorance doesnt mean I'm defending anyone. It just means you're stupid.",,,1604703573,{},gbebdqn,False,t3_jp9cq1,False,True,t1_gbdv2a7,/r/Libertarian/comments/jp9cq1/can_we_finally_agree_that_trump_is_a_fascist/gbebdqn/,1604711100,0,True,False,Libertarian,t5_2qh63,,0,[],
[],,wrdawfcs,,,[],,,,text,t2_8nf6ln88,False,False,[],The funny part in all of this is if you actually believed the stuff you were saying about the election being rigged then you’d go and protest democracy being stolen. You’re either a pansy or a crook,,,1604703570,{},gbebdj1,False,t3_jp5jso,False,True,t1_gbeb8f6,/r/Libertarian/comments/jp5jso/psa_arguing_voter_fraud/gbebdj1/,1604711097,2,True,False,Libertarian,t5_2qh63,,0,[],
[],,Selethorme,#f3c817,,"[{'e': 'text', 't': 'Anti-Republican'}]",a1c701c6-1d82-11e2-a5e0-12313b0ce1e2,Anti-Republican,dark,richtext,t2_150jdj,False,False,[],Thanks citizens United.,,,1604703567,{},gbebdbq,False,t3_jp9kgz,False,True,t1_gbe16ic,/r/Libertarian/comments/jp9kgz/whos_ready_to_watch_the_gop_act_like_they_never/gbebdbq/,1604711094,1,True,False,Libertarian,t5_2qh63,,0,[],
[],,Blatantleftist,,,[],,,,text,t2_824fh9dy,False,False,[],Nah he would have won but that's not what true libertarians want anyway,,,1604703553,{},gbebcd0,False,t3_jpd3i8,False,True,t1_gbdw5bg,/r/Libertarian/comments/jpd3i8/libertarian_spoiler_in_us_presidential_election/gbebcd0/,1604711080,2,True,False,Libertarian,t5_2qh63,,0,[],
[],,Explic11t,#f3c817,,"[{'e': 'text', 't': 'Sorry us Libertarians helped the Dems steal your election'}]",a1c701c6-1d82-11e2-a5e0-12313b0ce1e2,Sorry us Libertarians helped the Dems steal your election,dark,richtext,t2_w2qjf,False,False,[],"They will be, but they are kept separate and are marked as such. All the current mail in votes being counted in PA are the ones that were received by Nov 3.",,,1604703553,{},gbebccd,False,t3_jpeo29,False,True,t1_gbearkf,/r/Libertarian/comments/jpeo29/what_is_the_libertarian_opinion_on_counting_pas/gbebccd/,1604711080,5,True,False,Libertarian,t5_2qh63,,0,[],
[],,TheSweetestKill,#f3c817,,"[{'e': 'text', 't': ""You aren't libertarian, you're a neo-liberal conservative""}]",a1c701c6-1d82-11e2-a5e0-12313b0ce1e2,"You aren't libertarian, you're a neo-liberal conservative",dark,richtext,t2_9btfl,False,False,[],"It's a shame that so many people think that libertarianism is about smugly saying ""BOTH sides are the problem!"" and never having to do any of the heavy lifting of actually solving problems.",,,1604703542,{},gbebbkl,False,t3_jpdvfh,False,True,t3_jpdvfh,/r/Libertarian/comments/jpdvfh/the_best_part_of_voting_libertarian/gbebbkl/,1604711068,2,True,False,Libertarian,t5_2qh63,,0,[],
[],,Monicabrewinskie,,,[],,,,text,t2_bgj0tsx,False,False,[],"&gt;At the very least neither Gore nor Clinton were having complete meltdowns like the current president

That's certainly a fair point. Gore had much more of a case for fraud than anyone else",,,1604703541,{},gbebbi5,False,t3_jpa9cl,False,True,t1_gbeb1cv,/r/Libertarian/comments/jpa9cl/republican_tears/gbebbi5/,1604711067,1,True,False,Libertarian,t5_2qh63,,0,[],
[],,GrillMasterCheese,,,[],,,,text,t2_5n17tupz,False,False,[],What lack of transparency are you talking about?  You can literally watch a live feed of the count... the names of poll watchers and all related officials are public information.  Even the list of names of voters is public information.,,,1604703527,{},gbebak6,False,t3_jpfa1x,False,True,t1_gbea8v2,/r/Libertarian/comments/jpfa1x/whether_fraud_is_happening_or_not_what_do_you/gbebak6/,1604711053,7,True,False,Libertarian,t5_2qh63,,0,[],
[],,Secondhand-politics,,,[],,,,text,t2_tzd0e,False,False,[],"Which is why removing Trump was a good first step. Not only did he blurt out *""Take the guns""*, he banned bump stocks, gave the ATF free reign to begin banning arm braces while simultaneously bypassing congress and the courts to do so, and was on the verge of banning cans (suppressors) before the firearms community noticed his arm-brace ban and responded with such backlash that he couldn't afford to ignore it. 

His response?

He told the ATF to *stand back and stand by*. Didn't fire one single person that had a hand in it, just told them to hold off, probably until after the elections.

That he didn't **FIRE** every single person in the ATF involved with such flagrant *dismantling* of one of our most important **constitutional rights**, speaks volumes.

Meanwhile, Biden may possibly continue the trend of being a boogyman that will take all of our guns away and murder is in our sleep just like Obama did during his term.",,,1604703523,{},gbebaa5,False,t3_jp6e0n,False,True,t1_gbeaiww,/r/Libertarian/comments/jp6e0n/if_republicans_are_so_worried_about_libertarians/gbebaa5/,1604711048,0,True,False,Libertarian,t5_2qh63,,0,[],1604703925.0
[],,Selethorme,#f3c817,,"[{'e': 'text', 't': 'Anti-Republican'}]",a1c701c6-1d82-11e2-a5e0-12313b0ce1e2,Anti-Republican,dark,richtext,t2_150jdj,False,False,[],"&gt;most people

The popular vote proves that’s a lie.",,,1604703513,{},gbeb9nu,False,t3_jp9kgz,False,False,t1_gbe4jt3,/r/Libertarian/comments/jp9kgz/whos_ready_to_watch_the_gop_act_like_they_never/gbeb9nu/,1604711038,4,True,False,Libertarian,t5_2qh63,,0,[],
[],,dumbape678,,,[],,,,text,t2_4dhg7rhd,False,False,[],"You can be a libertarian and have voted for Trump. I don’t get why everything has to be painted black and white like you have to conform to every belief of your party or who you’re voting for. Each politician has beliefs and everyone values certain ones differently. For example Biden wants to ban “assault weapons,” add more gun control, pack the court, and other socialized big government ideas. These go directly against libertarian ideas and with a constitutional right at stake and a slew of other bad ideas it makes it pretty tempting to vote for Trump even if you’re not a fan just to play it safe.",,,1604703497,{},gbeb8iy,False,t3_jp9kgz,False,True,t1_gbdfmu2,/r/Libertarian/comments/jp9kgz/whos_ready_to_watch_the_gop_act_like_they_never/gbeb8iy/,1604711021,-2,True,False,Libertarian,t5_2qh63,,0,[],
[],,s1m0hayha,,,[],,,,text,t2_107me6nb,False,False,[],"Oh 100%, I was going to go riot and burn a bunch local business to prove my point but then I forgot I have work tomorrow so I guess I’ll just settle for the next election. Shucks..",,,1604703495,{},gbeb8f6,False,t3_jp5jso,False,True,t1_gbe9mhu,/r/Libertarian/comments/jp5jso/psa_arguing_voter_fraud/gbeb8f6/,1604711019,-1,True,False,Libertarian,t5_2qh63,,0,[],
[],,Slabraton,,,[],,,,text,t2_1vr4mttg,False,True,[],I'm still looking for anybody who will admit they supported the invasion of Iraq.,,,1604703493,{},gbeb8aa,False,t3_jp9kgz,False,True,t3_jp9kgz,/r/Libertarian/comments/jp9kgz/whos_ready_to_watch_the_gop_act_like_they_never/gbeb8aa/,1604711017,1,True,False,Libertarian,t5_2qh63,,0,[],
[],,ImAShaaaark,,,[],,,,text,t2_540fc,False,False,[],"&gt;  And likewise with a lefty in power and people on the left.

Except this bit never seems to manifest itself.  Obama wasn't a tyrant, neither was Clinton, neither was Carter.",,,1604703493,{},gbeb88r,False,t3_joy0nr,False,True,t1_gbbo7bx,/r/Libertarian/comments/joy0nr/jo_jorgensen_and_the_libertarian_party_may_cost/gbeb88r/,1604711017,1,True,False,Libertarian,t5_2qh63,,0,[],
[],,Lindsayloveslingerie,,,[],,,,text,t2_17bsq9,False,False,[],Good for you!,,,1604703477,{},gbeb75d,False,t3_jp9kgz,False,True,t1_gbe6lou,/r/Libertarian/comments/jp9kgz/whos_ready_to_watch_the_gop_act_like_they_never/gbeb75d/,1604710999,3,True,False,Libertarian,t5_2qh63,,0,[],
[],,Blatantleftist,,,[],,,,text,t2_824fh9dy,False,False,[],Based,,,1604703476,{},gbeb731,False,t3_jpdpbz,False,True,t1_gbe4uw4,/r/Libertarian/comments/jpdpbz/response_to_not_everybodys_as_smart_as_you/gbeb731/,1604710998,1,True,False,Libertarian,t5_2qh63,,0,[],
[],,creditsb,#f3c817,,"[{'e': 'text', 't': 'Classical Liberal'}]",935e414a-2653-11e9-8c33-0ecdc7f490da,Classical Liberal,dark,richtext,t2_4j3w7697,False,False,[],"Let me give you a history lesson.

There once existed a Republic.

This Republic eventually became dominated by very rich people.

These rich people had military backing.

Eventually one of these rich people led a coup and seized control of the government.

The precedent was set that whoever had the military backing was the person in charge of the country.

Eventually it led to civil wars being fought by rich people over who controlled the country.

You get where I’m getting at? Now add in nukes and maybe you’ll start seeing why I think its ridiculous that you’re going bUt ThE dEmOcRaTs when you’re talking about people trying to seize control of the government through military means. Risking not only US democracy but even putting humanity at risk of extinction?",,,1604703474,{},gbeb6wd,False,t3_jp9si3,False,True,t1_gbdtfde,/r/Libertarian/comments/jp9si3/what_happens_if_trump_refuses_to_leave_office_and/gbeb6wd/,1604710995,1,True,False,Libertarian,t5_2qh63,,0,[],1604704769.0
[],,JesusWasALibertarian,#f3c817,,"[{'e': 'text', 't': 'Vote for Nobody'}]",ada2d32e-1cf3-11e2-b618-12313d168e98,Vote for Nobody,dark,richtext,t2_2zv4fqtl,False,False,[],6 months and intellectual honesty.,,,1604703457,{},gbeb5rq,False,t3_jpfdmv,False,True,t3_jpfdmv,/r/Libertarian/comments/jpfdmv/whats_the_difference_between_libertarian_and/gbeb5rq/,1604710978,4,True,False,Libertarian,t5_2qh63,,0,[],
[],,Blatantleftist,,,[],,,,text,t2_824fh9dy,False,False,[],"I voted trump but I used to think I was libertarian, anyway libertarians don't though they technically are",,,1604703446,{},gbeb4zb,False,t3_jpdpwl,False,True,t3_jpdpwl,/r/Libertarian/comments/jpdpwl/a_leftists_honest_question_do_you_guys_feel/gbeb4zb/,1604710967,1,True,False,Libertarian,t5_2qh63,,0,[],
[],,Selethorme,#f3c817,,"[{'e': 'text', 't': 'Anti-Republican'}]",a1c701c6-1d82-11e2-a5e0-12313b0ce1e2,Anti-Republican,dark,richtext,t2_150jdj,False,False,[],Romney wasn’t mistreated at all bud. But thanks for the nonsense.,,,1604703414,{},gbeb2rd,False,t3_jp9kgz,False,True,t1_gbe3pcd,/r/Libertarian/comments/jp9kgz/whos_ready_to_watch_the_gop_act_like_they_never/gbeb2rd/,1604710934,1,True,False,Libertarian,t5_2qh63,,0,[],
[],,wrdawfcs,,,[],,,,text,t2_8nf6ln88,False,False,[],"No one is saying they shouldn’t audit the vote, I’m pretty sure it’s automatically triggered when the margin is so small. 

That doesn’t mean there’s evidence of widespread voter fraud",,,1604703407,{},gbeb2an,False,t3_jp5jso,False,True,t1_gbeaj2u,/r/Libertarian/comments/jp5jso/psa_arguing_voter_fraud/gbeb2an/,1604710926,2,True,False,Libertarian,t5_2qh63,,0,[],
[],,antigravcorgi,,,[],,,,text,t2_ek435,False,False,[],Go on,,,1604703404,{},gbeb22h,False,t3_jp9kgz,False,True,t1_gbeaohq,/r/Libertarian/comments/jp9kgz/whos_ready_to_watch_the_gop_act_like_they_never/gbeb22h/,1604710921,1,True,False,Libertarian,t5_2qh63,,0,[],
[],,justinlanewright,,,[],,,,text,t2_12rsve,False,False,[],If Republicans are upset then they should support a nationwide ranked choice voting initiative.,,,1604703404,{},gbeb22a,False,t3_joy0nr,False,True,t3_joy0nr,/r/Libertarian/comments/joy0nr/jo_jorgensen_and_the_libertarian_party_may_cost/gbeb22a/,1604710921,1,True,False,Libertarian,t5_2qh63,,0,[],
[],,autowired_test,,,[],,,,text,t2_2puijrri,False,False,[],"I think you’d be hard-pressed to find an instance of an election year with zero voter fraud. There are so many conflicting interests, so many shady characters, and so many people involved that it’s almost inevitable to exist here and there. “We” aren’t acknowledging anything...this is my opinion, and I’m not speaking on behalf of anyone.

It’s a simple true fact that both major parties engage in voter fraud, but not in every race (or even most races). It’s not worth the risk. I imagine it’s quite rare for the candidate him or her self to do it, but just imagine this hierarchy of interests:

Candidate

Candidate’s campaign staff

Party’s staff

Who knows how many volunteers

A handful of overeager supporters that either vote twice or accidentally vote twice

State and local staff

In some states, certain legal programs like ballot harvesting create a small number of murky situations

I’m sure there are more that I’m not thinking of. Anyway, voter fraud is generally pretty rare and often not worth the risk.

https://www.theatlantic.com/politics/archive/2019/02/north-carolina-9th-fraud-board-orders-new-election/583369/

Take that instance as an example. This was a fairly large-scale fraud case, and it’s in NC where Republicans sometimes play fast and loose. Not saying Democrats don’t anywhere else, but this isn’t the first time Republicans have gotten caught ballot harvesting in NC.

Anyway, they were able to spot statistical anomalies after the results were announced and thus the investigation started. My point is, large-scale voter fraud like that is rare and dangerous and generally not worth it for a candidate. Independent investigators can spot check or follow leads when things don’t match up, and the courts really hate this stuff and will generally punish you accordingly.

It’s not that it never happens, it’s that it’s incredibly rare and when it does happen, it’s usually so small that it’s only a major issue when a race is very tight. That’s why they do recounts, that’s why courts order audits on ballots, etc.

As for the fraudster from NC? He’s currently in trouble for social security fraud as well. Apparently if there’s fraud, he’s into it.

https://www.newsobserver.com/news/politics-government/article242174111.html

My overall point is that these states have bipartisan representatives and neither of them want fraud (at least, from the other side). They have systems and investigators and lawyers that track this stuff.

I can’t speak for certain, but I can tell you that everyone I talked to in my city was pumped for weeks to vote Trump out. Everyone was talking about it. He’s loathed in the cities and controversial in the suburbs.

Mathematically or reasonably, every outcome from this election makes sense. You know what doesn’t make sense? Why Democrats would cheat an election, vote for Biden, and then not vote for their candidates in other races.

Edit: fuck, I didn’t realize that was so long, my bad.",,,1604703400,{},gbeb1tb,False,t3_jp5jso,False,True,t1_gbe8cwp,/r/Libertarian/comments/jp5jso/psa_arguing_voter_fraud/gbeb1tb/,1604710917,2,True,False,Libertarian,t5_2qh63,,0,[],
[],,Selethorme,#f3c817,,"[{'e': 'text', 't': 'Anti-Republican'}]",a1c701c6-1d82-11e2-a5e0-12313b0ce1e2,Anti-Republican,dark,richtext,t2_150jdj,False,False,[],"&gt;	The democrats dehumanized guys like McCain and romney

This is hilariously false historical revisionism.",,,1604703399,{},gbeb1ou,False,t3_jp9kgz,False,True,t1_gbe4sfz,/r/Libertarian/comments/jp9kgz/whos_ready_to_watch_the_gop_act_like_they_never/gbeb1ou/,1604710915,2,True,False,Libertarian,t5_2qh63,,0,[],
[],,raraymon,,,[],,,,text,t2_bhoqa,False,False,[],Keep your eye on [Ian Peak](http://peakliberty.com) he did well for an L on a short campaign.,,,1604703398,{},gbeb1mo,True,t3_josgbs,False,True,t1_gbe6k5c,/r/Libertarian/comments/josgbs/run_for_office_challenge/gbeb1mo/,1604710915,1,True,False,Libertarian,t5_2qh63,,0,[],
[],,toomuchtostop,,,[],,,,text,t2_699bh,False,False,[],Not anything different than what they said 16 years prior. At the very least neither Gore nor Clinton were having complete meltdowns like the current president,,,1604703394,{},gbeb1cv,False,t3_jpa9cl,False,True,t1_gbe8ygx,/r/Libertarian/comments/jpa9cl/republican_tears/gbeb1cv/,1604710910,1,True,False,Libertarian,t5_2qh63,,0,[],
[],,BKEDDIE82,,,[],,,,text,t2_2ivkonju,False,True,[],What's the point if there are no candidates i want to vote for?,,,1604703381,{},gbeb0gh,False,t3_jpfb9m,False,True,t3_jpfb9m,/r/Libertarian/comments/jpfb9m/thoughts_on_mandatory_voting/gbeb0gh/,1604710897,5,True,False,Libertarian,t5_2qh63,,0,[],1604703717.0
[],,raraymon,,,[],,,,text,t2_bhoqa,False,False,[],Thank you bank account set up today. Initial website in development. Donation system waiting on final approval.,,,1604703375,{},gbeb01s,True,t3_josgbs,False,True,t1_gbe7n8p,/r/Libertarian/comments/josgbs/run_for_office_challenge/gbeb01s/,1604710891,1,True,False,Libertarian,t5_2qh63,,0,[],
[],,Selethorme,#f3c817,,"[{'e': 'text', 't': 'Anti-Republican'}]",a1c701c6-1d82-11e2-a5e0-12313b0ce1e2,Anti-Republican,dark,richtext,t2_150jdj,False,False,[],**was**,,,1604703373,{},gbeazx9,False,t3_jp9kgz,False,True,t1_gbe32pq,/r/Libertarian/comments/jp9kgz/whos_ready_to_watch_the_gop_act_like_they_never/gbeazx9/,1604710889,3,True,False,Libertarian,t5_2qh63,,0,[],
[],,Libertarian4All,#f3c817,,"[{'e': 'text', 't': 'Libertarian Libertarian'}]",a1c701c6-1d82-11e2-a5e0-12313b0ce1e2,Libertarian Libertarian,dark,richtext,t2_628grczu,False,False,[],"""Second term kicks off with firing Wray, firing Fauci, no I actually  want to go a step farther but the president is a kind-hearted man and a  good man,""  
""I'd actually like to go back to the old times of Tudor England. I'd put  their heads on pikes, right, I'd put them at the two corners of the  White House as a warning to federal bureaucrats, you either get with the  programme or you're gone.""  


Looks like you read the choice parts rather than the full context.  
Just another example of taking a shitty headline to espouse even more egregious bullshit in response.",,,1604703360,{},gbeaz1o,False,t3_jp5npr,False,True,t1_gbdm1yh,/r/Libertarian/comments/jp5npr/steve_bannon_banned_by_twitter_for_calling_for/gbeaz1o/,1604710876,3,True,False,Libertarian,t5_2qh63,,0,[],
[],,Selethorme,#f3c817,,"[{'e': 'text', 't': 'Anti-Republican'}]",a1c701c6-1d82-11e2-a5e0-12313b0ce1e2,Anti-Republican,dark,richtext,t2_150jdj,False,False,[],Like honestly. I’d love for Reddit to start a fundraiser to pay for these people to get help. I’d throw in at least a few hundred.,,,1604703355,{},gbeayo1,False,t3_jp9kgz,False,True,t1_gbdvmli,/r/Libertarian/comments/jp9kgz/whos_ready_to_watch_the_gop_act_like_they_never/gbeayo1/,1604710871,1,True,False,Libertarian,t5_2qh63,,0,[],
[],,iconoclast63,,,[],,,,text,t2_z8v55,False,False,[],No mandatory anything. Do you know what libertarian means?,,,1604703350,{},gbeayaz,False,t3_jpfb9m,False,True,t3_jpfb9m,/r/Libertarian/comments/jpfb9m/thoughts_on_mandatory_voting/gbeayaz/,1604710866,7,True,False,Libertarian,t5_2qh63,,0,[],
[],,gabini85,,,[],,,,text,t2_3z5mbfjr,False,False,[],I love y’all! I’m not a libertarian but thanks for holding some solid political discord,,,1604703339,{},gbeaxkv,False,t3_jp5jso,False,True,t3_jp5jso,/r/Libertarian/comments/jp5jso/psa_arguing_voter_fraud/gbeaxkv/,1604710855,1,True,False,Libertarian,t5_2qh63,,0,[],
[],,raraymon,,,[],,,,text,t2_bhoqa,False,False,[],Have you joined us in the [libertarian Party of Kentucky ](http://lpky.org) yet?,,,1604703332,{},gbeax3g,True,t3_josgbs,False,True,t1_gbe1936,/r/Libertarian/comments/josgbs/run_for_office_challenge/gbeax3g/,1604710848,1,True,False,Libertarian,t5_2qh63,,0,[],
[],,justinlanewright,,,[],,,,text,t2_12rsve,False,False,[],"You're right. ""Money printer go brrrrrr"" isn't very appealing to us. It doesn't matter who's doing it.",,,1604703332,{},gbeax21,False,t3_joy0nr,False,True,t1_gbb975i,/r/Libertarian/comments/joy0nr/jo_jorgensen_and_the_libertarian_party_may_cost/gbeax21/,1604710847,2,True,False,Libertarian,t5_2qh63,,0,[],
[],,me_too_999,,,[],,,,text,t2_1213ep,False,False,[],"City councils are a great start.

DM me.",,,1604703324,{},gbeawid,False,t3_josgbs,False,False,t1_gbe5610,/r/Libertarian/comments/josgbs/run_for_office_challenge/gbeawid/,1604710839,2,True,False,Libertarian,t5_2qh63,,0,[],
[],,marx2k,,,[],,,,text,t2_3fq7q,False,False,[],99% to 1%,,,1604703321,{},gbeawbp,False,t3_jp9kgz,False,False,t1_gbdo775,/r/Libertarian/comments/jp9kgz/whos_ready_to_watch_the_gop_act_like_they_never/gbeawbp/,1604710837,3,True,False,Libertarian,t5_2qh63,,0,[],
[],,lakxmaj,,,[],,,,text,t2_63vaq3jj,False,False,[],They won't give a fuck.,,,1604703321,{},gbeawbf,False,t3_jp9kgz,False,False,t1_gbdogym,/r/Libertarian/comments/jp9kgz/whos_ready_to_watch_the_gop_act_like_they_never/gbeawbf/,1604710836,3,True,False,Libertarian,t5_2qh63,,0,[],
[],,marx2k,,,[],,,,text,t2_3fq7q,False,False,[],Holy shit I needed the lols after a long Friday. Thank you.,,,1604703302,{},gbeauyn,False,t3_jp9kgz,False,True,t1_gbd9bhr,/r/Libertarian/comments/jp9kgz/whos_ready_to_watch_the_gop_act_like_they_never/gbeauyn/,1604710818,1,True,False,Libertarian,t5_2qh63,,0,[],
[],,russianshillboss,,,[],,,,text,t2_6oxhts8b,False,False,[],"In my opinion you aren’t growing at that’s the problem. 

I have no use for any democrat or republican mainstream candidate. None. 

If the libertarian party’s only ambition is to hold 2% base and use that to hold republicans hostage than fine.",,,1604703298,{},gbeaumq,True,t3_jpdusp,False,True,t1_gbe9j01,/r/Libertarian/comments/jpdusp/libertarians_the_party_where_getting_2_support_is/gbeaumq/,1604710813,1,True,False,Libertarian,t5_2qh63,,0,[],
[],,mattyoclock,,,[],,,,text,t2_bvajy,False,False,[],"That’s completely untrue.   Improved rail to the Midwest and west would drastically lower corn and beef prices across the country.  People aren’t the only thing you use trains for.  They aren’t even the main thing.   

Not to mention that once those rails are there, people will have higher mobility in those regions.  And frankly cars are only a reliable solution to people that can afford reliable cars.  Or cars at all.  

Prosperity follows good infrastructure.  That sadly dying area where the population keeps skewing older because the young leave?   It was successful during the times we had significant rail.  Not just light rail either.",,,1604703281,{},gbeatjw,False,t3_joy0nr,False,True,t1_gbe023v,/r/Libertarian/comments/joy0nr/jo_jorgensen_and_the_libertarian_party_may_cost/gbeatjw/,1604710796,1,True,False,Libertarian,t5_2qh63,,0,[],
[],,LaughingGaster666,#f3c817,,"[{'e': 'text', 't': 'Sending reposts and memes to gulag'}]",a1c701c6-1d82-11e2-a5e0-12313b0ce1e2,Sending reposts and memes to gulag,dark,richtext,t2_y1dux,False,False,[],"Polls were off by what, 4-5 points? That’s way too close for comfort for Ds.",,,1604703281,{},gbeatjc,False,t3_jpa7r8,False,True,t1_gbe8w3v,/r/Libertarian/comments/jpa7r8/americas_next_authoritarian_will_be_much_more/gbeatjc/,1604710796,2,True,False,Libertarian,t5_2qh63,,0,[],
[],,antigravcorgi,,,[],,,,text,t2_ek435,False,False,[],Accountable in what way?,,,1604703280,{},gbeatgd,False,t3_jp9kgz,False,True,t1_gbd9bhr,/r/Libertarian/comments/jp9kgz/whos_ready_to_watch_the_gop_act_like_they_never/gbeatgd/,1604710795,1,True,False,Libertarian,t5_2qh63,,0,[],
[],,retroaero,,,[],,,,text,t2_ekjhk9m,False,False,[],Parties are the problem,,,1604703256,{},gbeart6,False,t3_joy0nr,False,True,t1_gbc7mde,/r/Libertarian/comments/joy0nr/jo_jorgensen_and_the_libertarian_party_may_cost/gbeart6/,1604710771,1,True,False,Libertarian,t5_2qh63,,0,[],
[],,marx2k,,,[],,,,text,t2_3fq7q,False,False,[],"&gt; Biden isn't, but that's because Biden doesn't know where Biden is most of the time.

Boring",,,1604703253,{},gbearkq,False,t3_jp9kgz,False,True,t1_gbe1lec,/r/Libertarian/comments/jp9kgz/whos_ready_to_watch_the_gop_act_like_they_never/gbearkq/,1604710767,1,True,False,Libertarian,t5_2qh63,,0,[],
[],,OneBoxOfKleenexAway,,,[],,,,text,t2_4dd29iqx,False,False,[],"It is my understanding that all the ballots they are counting were received by then, but there were so many mail in that the count is taking longer.

Is there evidence to suggest that there were ballots received after that deadline that are being counted as well?",,,1604703253,{},gbearkf,False,t3_jpeo29,False,True,t1_gbea0ce,/r/Libertarian/comments/jpeo29/what_is_the_libertarian_opinion_on_counting_pas/gbearkf/,1604710767,3,True,False,Libertarian,t5_2qh63,,0,[],
[],,Paradise_Found_,#f3c817,,"[{'e': 'text', 't': 'I Voted'}]",9d191072-1cf3-11e2-bf50-12313b0c247a,I Voted,dark,richtext,t2_4botxv9n,False,False,[],"But, factually, the deficit goes down under democratic presidents, and up with Republicans almost without fail. One party is clearly more fiscally responsible than the others. Fuck, Clinton completely balanced it. Bush squandered it way on tax cuts and wars that he didn’t even account for. The US did initially see a huge spike and both debt and deficit under Obama because the neo cons weren’t actually accounting for their war costs in the budget. Because of it we’re just missing trillion of dollars that are gone forever. No one, least of all the pentagon, knows where it went. At least Obama could actually be bother to try and pay for the wars they started.",,,1604703238,{},gbeaqjh,False,t3_jpezv2,False,False,t1_gbea8j4,/r/Libertarian/comments/jpezv2/im_overall_happy_with_the_results_of_the_2020/gbeaqjh/,1604710753,1,True,False,Libertarian,t5_2qh63,,0,[],
[],,Blatantleftist,,,[],,,,text,t2_824fh9dy,False,False,[],It is legal given they were mailed on time but the USPS fucked up. If not they should be thrown out.,,,1604703237,{},gbeaqgf,False,t3_jpeo29,False,True,t3_jpeo29,/r/Libertarian/comments/jpeo29/what_is_the_libertarian_opinion_on_counting_pas/gbeaqgf/,1604710751,1,True,False,Libertarian,t5_2qh63,,0,[],
[],,gonzoforpresident,,,[],,,,text,t2_4u26v,False,False,[],They voted according to the rules that PA set.  They should be counted.,,,1604703233,{},gbeaq73,False,t3_jpeo29,False,True,t3_jpeo29,/r/Libertarian/comments/jpeo29/what_is_the_libertarian_opinion_on_counting_pas/gbeaq73/,1604710748,6,True,False,Libertarian,t5_2qh63,,0,[],
[],,iUptvote,,,[],,,,text,t2_5lwuf,False,False,[],Not if those sealed indictments have anything to say about it,,,1604703230,{},gbeapzb,False,t3_jp9kgz,False,True,t1_gbdfjaa,/r/Libertarian/comments/jp9kgz/whos_ready_to_watch_the_gop_act_like_they_never/gbeapzb/,1604710744,2,True,False,Libertarian,t5_2qh63,,0,[],
[],,SRIrwinkill,,,[],,,,text,t2_4xl64,False,False,[],This race is way too close for them to change tune and act like they give a shit about small government values again,,,1604703229,{},gbeapwg,False,t3_jp9kgz,False,True,t3_jp9kgz,/r/Libertarian/comments/jp9kgz/whos_ready_to_watch_the_gop_act_like_they_never/gbeapwg/,1604710743,1,True,False,Libertarian,t5_2qh63,,0,[],
[],,SyracuseNY22,,,[],,,,text,t2_2khrfgta,False,False,[],He’s definitely not a people person and is a sore loser,,,1604703221,{},gbeapbu,False,t3_joy0nr,False,True,t1_gbeajhd,/r/Libertarian/comments/joy0nr/jo_jorgensen_and_the_libertarian_party_may_cost/gbeapbu/,1604710734,2,True,False,Libertarian,t5_2qh63,,0,[],
[],,Reddit_beard,,,[],,,,text,t2_cqgpp,False,False,[],"Well, Trump is a fascist, so",,,1604703216,{},gbeaoz3,False,t3_jp5g0n,False,True,t1_gbe3pwr,/r/Libertarian/comments/jp5g0n/trump_aides_reportedly_had_to_explain_to_the/gbeaoz3/,1604710729,1,True,False,Libertarian,t5_2qh63,,0,[],
[],,Selethorme,#f3c817,,"[{'e': 'text', 't': 'Anti-Republican'}]",a1c701c6-1d82-11e2-a5e0-12313b0ce1e2,Anti-Republican,dark,richtext,t2_150jdj,False,False,[],"I mean, it’s pretty easy to see that’s not true: 2012 and 2008.

&gt;remember what happened to Romney

The fact that he nearly won says a lot, in addition to the fact that he had a few major scandals aside from magic underpants.",,,1604703212,{},gbeaoqm,False,t3_jp9kgz,False,True,t1_gbe32lc,/r/Libertarian/comments/jp9kgz/whos_ready_to_watch_the_gop_act_like_they_never/gbeaoqm/,1604710726,3,True,False,Libertarian,t5_2qh63,,0,[],
[],,YpLiberty,,,[],,,,text,t2_6qhxnq3h,False,False,[],Name calling doesn’t make it false.  If they believe there is fraud we should hear them out and let them present their evidence.,,,1604703209,{},gbeaojm,False,t3_jpeydh,False,True,t3_jpeydh,/r/Libertarian/comments/jpeydh/nonresidents_have_voted_in_nevada/gbeaojm/,1604710723,3,True,False,Libertarian,t5_2qh63,,0,[],
[],,[deleted],,,,,,dark,,,,,[],[deleted],,,1604703209,{},gbeaohq,False,t3_jp9kgz,False,False,t3_jp9kgz,/r/Libertarian/comments/jp9kgz/whos_ready_to_watch_the_gop_act_like_they_never/gbeaohq/,1604710722,0,True,False,Libertarian,t5_2qh63,,0,[],
[],,GrillMasterCheese,,,[],,,,text,t2_5n17tupz,False,False,[],GOP poll watchers are present and election laws are not being broken.  These accusations have been debunked and that’s why they are being dismissed in court.  One guy was turned away and later admitted.  The premise of your question is based on fake news.,,,1604703207,{},gbeaofk,False,t3_jpfa1x,False,False,t3_jpfa1x,/r/Libertarian/comments/jpfa1x/whether_fraud_is_happening_or_not_what_do_you/gbeaofk/,1604710722,13,True,False,Libertarian,t5_2qh63,,0,[],
[],,pedroeretardado,#f3c817,,"[{'e': 'text', 't': 'I Voted'}]",9d191072-1cf3-11e2-bf50-12313b0c247a,I Voted,dark,richtext,t2_5d43mj9k,False,False,[],"I am from Brazil where vote is mandatory and the part where ""if vote was mandatory less money would be involved in politics"" is completely false",,,1604703203,{},gbeao4l,False,t3_jpfb9m,False,True,t3_jpfb9m,/r/Libertarian/comments/jpfb9m/thoughts_on_mandatory_voting/gbeao4l/,1604710717,2,True,False,Libertarian,t5_2qh63,,0,[],
[],,PlasticLobotomy,,,[],,,,text,t2_moi6nev,False,False,[],"I've said it time and again, history will bear out Reagan as one of the worst presidents of all time.",,,1604703198,{},gbeans9,False,t3_joy0nr,False,True,t1_gbe3q43,/r/Libertarian/comments/joy0nr/jo_jorgensen_and_the_libertarian_party_may_cost/gbeans9/,1604710712,1,True,False,Libertarian,t5_2qh63,,0,[],
[],,Cashios,,,[],,,,text,t2_ce0br,False,False,[],"Get the fuck off this sub if you don’t represent what it’s about 

Go back to politics",,,1604703185,{},gbeamuv,False,t3_joy0nr,False,True,t1_gbbpjhd,/r/Libertarian/comments/joy0nr/jo_jorgensen_and_the_libertarian_party_may_cost/gbeamuv/,1604710698,1,True,False,Libertarian,t5_2qh63,,0,[],
[],,indiedouchebag,,,[],,,,text,t2_6b9zljnk,False,False,[],"PA is still flippable. Trump only needs to trend ~54% in the remaining votes, although that’s a unlikely 54% since those votes are mail in ballots",,,1604703184,{},gbeamt2,False,t3_jp5p72,False,True,t1_gbd8zam,/r/Libertarian/comments/jp5p72/breaking_decision_desk_hq_projects_joe_biden_has/gbeamt2/,1604710697,1,True,False,Libertarian,t5_2qh63,,0,[],
[],,[deleted],,,,,,dark,,,,,[],[deleted],,,1604703183,{},gbeamqx,False,t3_jperj8,False,True,t3_jperj8,/r/Libertarian/comments/jperj8/remember_that_time_when_trump_used_his_power_to/gbeamqx/,1604710696,1,True,False,Libertarian,t5_2qh63,,0,[],
[],,OhGoodyGoodStuff,,,[],,,,text,t2_5kndm7dp,False,False,[],"&gt; I'll try to have a debate hope we can manage it without further mud slinging.
&gt; 
&gt; You are complaining about Amy Barrett. You think that was wrong. Ok you are entitled to your opinion.
&gt; 
&gt; But, I assume you think that it was correct to refuse to hold a hearing on Merrick Garland then?

I try to avoid mud slinging in general, because it helps no one. Hope I wasn't at you before.

I do think what they did with Barrett was wrong, for many reasons. I think their actions have gone a long ways to delegitimizing the SC, and I no longer have faith that they will carry out their duties in a non-partisan fashion. The fact that the GOP held up Merrick Garlands nomination for 8+ months... well read McConnels statement on the matter:
&gt; ""The next justice could fundamentally alter the direction of the Supreme Court and have a profound impact on our country, so of course the American people should have a say in the Court’s direction…The American people may well elect a President who decides to nominate Judge Garland for Senate consideration. The next President may also nominate someone very different. Either way, our view is this: Give the people a voice in the filling of this vacancy.’

That doesn't sound too bad, until you realize they were lying and were perfectly happy to ram through someone in just a few weeks when they knew they were losing. On a purely partisan vote, which has never happened before.

I personally don't care what the dems do with the SC anymore, and expanding it is perfectly fine considering the circumstances.",,,1604703181,{},gbeamkf,False,t3_joy0nr,False,True,t1_gbe3imr,/r/Libertarian/comments/joy0nr/jo_jorgensen_and_the_libertarian_party_may_cost/gbeamkf/,1604710694,1,True,False,Libertarian,t5_2qh63,,0,[],
[],,-KingAdrock-,,,[],,,,text,t2_vg1z5,False,False,[],"The moment Trump's a lame duck, they no longer have reason to toe the party line. They'll throw him under the bus, and it will be delicious to watch.",,,1604703149,{},gbeakd2,False,t3_jp9kgz,False,True,t3_jp9kgz,/r/Libertarian/comments/jp9kgz/whos_ready_to_watch_the_gop_act_like_they_never/gbeakd2/,1604710660,2,True,False,Libertarian,t5_2qh63,,0,[],
[],,Inkberrow,,,[],,,,text,t2_aq7we,False,False,[],"Fine, but that's not what I said before.  I said it's Battle Engaged, not big tent cuddles.",,,1604703142,{},gbeajwj,False,t3_jpco5f,False,True,t1_gbdyvqs,/r/Libertarian/comments/jpco5f/the_2020_election_results_look_like_a_massive/gbeajwj/,1604710654,1,True,False,Libertarian,t5_2qh63,,0,[],
[],,devrandomnull,,,[],,,,text,t2_8ffayyk6,False,False,[],"no I'm in full agreement that libertarian is a wide spectrum. but wealth redistribution and other heavy government involvement I would argue falls under the purview of liberalism or progressivism, not libertarian.",,,1604703142,{},gbeajv9,False,t3_joy0nr,False,True,t1_gbc0fr2,/r/Libertarian/comments/joy0nr/jo_jorgensen_and_the_libertarian_party_may_cost/gbeajv9/,1604710654,1,True,False,Libertarian,t5_2qh63,,0,[],1604704073.0
[],,Longhairdontcare1291,,,[],,,,text,t2_70asb5hc,False,False,[],He had a government model in mind. He hollowed out most portions of the government in some way and filled those portions with loyalists. He got a republican majority on the supreme court. He had a republican majority in the senate. Trump was not stupid. He was a fascist.,,,1604703136,{},gbeajhd,False,t3_joy0nr,False,True,t1_gbe8ypg,/r/Libertarian/comments/joy0nr/jo_jorgensen_and_the_libertarian_party_may_cost/gbeajhd/,1604710648,1,True,False,Libertarian,t5_2qh63,,0,[],
[],,kenlane,#f3c817,,"[{'e': 'text', 't': 'libertarian party'}]",0df7f9c6-1cf3-11e2-ad4c-12313b088941,libertarian party,dark,richtext,t2_8f1zi,False,False,[],"I voted for Jorgensen... I just know we've had a lot of issues in the past with voter fraud and sketchy behavior of the two parties with how they handle elections.  I think this election is a great opportunity to make sure we as a nation are better than the developing democracies and that elections are fair.  

You've got 3 big states decided by far less than 1%.  Where is the harm in auditing them and showing that everything i mentioned was just smoke?  

I doubt it even changes the outcome but it means we won't have to hear from trump and Republicans for the next four years that this election was stolen.",,,1604703130,{},gbeaj2u,False,t3_jp5jso,False,True,t1_gbe9q3w,/r/Libertarian/comments/jp5jso/psa_arguing_voter_fraud/gbeaj2u/,1604710642,1,True,False,Libertarian,t5_2qh63,,0,[],
[],,NTexPatrone,,,[],,,,text,t2_7ch80vrq,False,True,[],LMAO .. fair point :),,,1604703128,{},gbeaiyh,False,t3_jpdvfh,False,True,t3_jpdvfh,/r/Libertarian/comments/jpdvfh/the_best_part_of_voting_libertarian/gbeaiyh/,1604710640,1,True,False,Libertarian,t5_2qh63,,0,[],
[],,evilblackdog,,,[],,,,text,t2_g32r6,False,False,[],"While I support both of those things the 2nd Amendment means more to me than both of them combined, by a lot.",,,1604703128,{},gbeaiww,False,t3_jp6e0n,False,True,t1_gbe4pzg,/r/Libertarian/comments/jp6e0n/if_republicans_are_so_worried_about_libertarians/gbeaiww/,1604710639,0,True,False,Libertarian,t5_2qh63,,0,[],
[],,CommonCurveX,#f3c817,,"[{'e': 'text', 't': 'Social Libertarian'}]",a1c701c6-1d82-11e2-a5e0-12313b0ce1e2,Social Libertarian,dark,richtext,t2_5jmgox3b,False,False,[],The “war on terror” would be my guess,,,1604703123,{},gbeaiiw,False,t3_jp9um2,False,True,t1_gbe2dtd,/r/Libertarian/comments/jp9um2/americas_disastrous_drug_war_is_finally/gbeaiiw/,1604710633,2,True,False,Libertarian,t5_2qh63,,0,[],
[],,botrickbateman,,,[],,,,text,t2_2uvjpkkl,False,False,[],"I pick up Montgomery’s card and actually finger it, for the sensation the card gives off to the pads of my fingers.

“Nice, huh?” Price’s tone suggests he realizes I’m jealous.

“Yeah,” I say offhandedly, giving Price the card like I don’t give a shit, but I’m finding it hard to swallow.

___

^(*Bot. Ask me if I’ve made any reservations.* |) [^(Opt out)](https://www.reddit.com/message/compose/?to=botrickbateman&amp;subject=Opt%20out)",,,1604703122,{},gbeaifq,False,t3_josgbs,False,True,t1_gbeahq7,/r/Libertarian/comments/josgbs/run_for_office_challenge/gbeaifq/,1604710632,0,True,False,Libertarian,t5_2qh63,,0,[],
[],,lntifan,,,[],,,,text,t2_1lzit7ko,False,False,[],"In addition to my own, I did some web design work for an NC county council candidate who just came in first place in his race, and graphic design for a different county council candidate who lost in the primary two years ago, and then for a Labor Commissioner campaign where the candidate ultimately dropped out before the 2020 primary. 

The last one makes me the saddest because it was easily my best, and most cohesive design work. Business cards, palm cards, signs, stickers, web presence, the whole 9 yards, with a cohesive design language across the whole thing.",,,1604703111,{},gbeahq7,False,t3_josgbs,False,True,t1_gbe1gsy,/r/Libertarian/comments/josgbs/run_for_office_challenge/gbeahq7/,1604710622,1,True,False,Libertarian,t5_2qh63,,0,[],
[],,MultiPass21,,,[],,,,text,t2_zdimn,False,False,[],No.,,,1604703086,{},gbeafza,False,t3_jpfb9m,False,True,t3_jpfb9m,/r/Libertarian/comments/jpfb9m/thoughts_on_mandatory_voting/gbeafza/,1604710598,7,True,False,Libertarian,t5_2qh63,,0,[],
[],,SR3030,,,[],,,,text,t2_44h6lvv6,False,True,[],Nope,,,1604703076,{},gbeafau,False,t3_jpfb9m,False,True,t3_jpfb9m,/r/Libertarian/comments/jpfb9m/thoughts_on_mandatory_voting/gbeafau/,1604710588,8,True,False,Libertarian,t5_2qh63,,0,[],
[],,Kansas_Is_The_Reason,,,[],,,,text,t2_2j73j49o,False,False,[],What’s the advantage of centerfire?,,,1604703071,{},gbeaezm,False,t3_jp5npr,False,True,t1_gbe870n,/r/Libertarian/comments/jp5npr/steve_bannon_banned_by_twitter_for_calling_for/gbeaezm/,1604710583,1,True,False,Libertarian,t5_2qh63,,0,[],
[],,Blatantleftist,,,[],,,,text,t2_824fh9dy,False,False,[],"I don't think libertarianism is really growing, we got less than we did last time and there was much higher turnout. I do agree though that it is good the government is in deadlock, or at least until 2022",,,1604703071,{},gbeaeya,False,t3_jpezv2,False,True,t3_jpezv2,/r/Libertarian/comments/jpezv2/im_overall_happy_with_the_results_of_the_2020/gbeaeya/,1604710583,6,True,False,Libertarian,t5_2qh63,,0,[],
[],,harbinger192,,,[],,,,text,t2_4xiqv,False,False,[],"We've been fed information from the media for the past 4 years that Russia hacked our election. Now there are in the major abnormalities in battleground states that do not match up with the rest of the nation. All of a sudden, our elections are ""completely fair"" and we're supposed to accept the outcome while every outlet for social media is censoring any discussion about possible fraud. They spent years talking about how Trump was a fascist, but these are much more telling signs. But hey, at least the so called ""fascist in chief"" is out, just had to use fascist tactics to get there.",,,1604703068,{},gbeaesb,False,t3_jp5jso,False,True,t3_jp5jso,/r/Libertarian/comments/jp5jso/psa_arguing_voter_fraud/gbeaesb/,1604710580,1,True,False,Libertarian,t5_2qh63,,0,[],
[],,restore_democracy,,,[],,,,text,t2_yj7al,False,False,[],"We’re sure there’s massive fraud, we just don’t know what or where!",,,1604703068,{},gbeaes9,False,t3_jpejg9,False,False,t3_jpejg9,/r/Libertarian/comments/jpejg9/ronna_mcdaniel_asks_for_time_to_produce_specific/gbeaes9/,1604710580,4,True,False,Libertarian,t5_2qh63,,0,[],
[],,Smooth_Meister,,,[],,,,text,t2_lf5el,False,False,[],"Honestly I hope they pretend, when the alternative is to straight up embrace Trumpism",,,1604703054,{},gbeadrr,False,t3_jp9kgz,False,True,t3_jp9kgz,/r/Libertarian/comments/jp9kgz/whos_ready_to_watch_the_gop_act_like_they_never/gbeadrr/,1604710562,1,True,False,Libertarian,t5_2qh63,,0,[],
[],,[deleted],,,,,,dark,,,,,[],[deleted],,,1604703044,{},gbead0i,False,t3_jp9kgz,False,True,t1_gbdptxz,/r/Libertarian/comments/jp9kgz/whos_ready_to_watch_the_gop_act_like_they_never/gbead0i/,1604710551,1,False,False,Libertarian,t5_2qh63,,0,[],
[],,Kansas_Is_The_Reason,,,[],,,,text,t2_2j73j49o,False,False,[],I haven’t had any issues with that,,,1604703036,{},gbeacgn,False,t3_jp5npr,False,True,t1_gbe4adg,/r/Libertarian/comments/jp5npr/steve_bannon_banned_by_twitter_for_calling_for/gbeacgn/,1604710544,1,True,False,Libertarian,t5_2qh63,,0,[],
[],,bearsheperd,,,[],,,,text,t2_xuvhp,False,False,[],"First, libertarians are not pro-life, the idea of maximum civil liberty includes the right to do whatever the hell you want with your own body, including getting an abortion. 

Secondly, you are right libertarians a pro states rights and are for small government. However, in the case where a state wants to limit marriage rights any libertarian should be opposed. 

Third, ok, sure, white evangelicals aren't necessarily racist. It's a hard thing to poll so it's really a matter of opinion.",,,1604703019,{},gbeab84,False,t3_jp9kgz,False,True,t1_gbe4cre,/r/Libertarian/comments/jp9kgz/whos_ready_to_watch_the_gop_act_like_they_never/gbeab84/,1604710526,3,True,False,Libertarian,t5_2qh63,,0,[],
[],,Selethorme,#f3c817,,"[{'e': 'text', 't': 'Anti-Republican'}]",a1c701c6-1d82-11e2-a5e0-12313b0ce1e2,Anti-Republican,dark,richtext,t2_150jdj,False,False,[],Yep. Dear god do I.,,,1604703015,{},gbeaaxn,False,t3_jp9kgz,False,True,t1_gbdz4xz,/r/Libertarian/comments/jp9kgz/whos_ready_to_watch_the_gop_act_like_they_never/gbeaaxn/,1604710522,1,True,False,Libertarian,t5_2qh63,,0,[],
[],,RunZMZ,,,[],,,,text,t2_5usubyvk,False,False,[],"DM sent! Denton County, TX represent!",,,1604703014,{},gbeaawn,False,t3_josgbs,False,True,t1_gbafhlv,/r/Libertarian/comments/josgbs/run_for_office_challenge/gbeaawn/,1604710522,1,True,False,Libertarian,t5_2qh63,,0,[],
[],,WhiteFIash,,,[],,,,text,t2_104riq,False,True,[],And small government,,,1604703010,{},gbeaamk,False,t3_jp9kgz,False,True,t1_gbd9opp,/r/Libertarian/comments/jp9kgz/whos_ready_to_watch_the_gop_act_like_they_never/gbeaamk/,1604710517,3,True,False,Libertarian,t5_2qh63,,0,[],
[],,mattyoclock,,,[],,,,text,t2_bvajy,False,False,[],"So you think the fact that it’s possible to do something badly means you should never do it?   

I can show you similar articles about bridges.   “The bridge to nowhere” being the classic example in Alaska.  

We still need bridges.   We still build bridges.   A spiraling cycle of businesses milking public funds in Alaska or Hawaii doesn’t change that.",,,1604703008,{},gbeaaf5,False,t3_joy0nr,False,True,t1_gbdlaoi,/r/Libertarian/comments/joy0nr/jo_jorgensen_and_the_libertarian_party_may_cost/gbeaaf5/,1604710515,1,True,False,Libertarian,t5_2qh63,,0,[],
[],,[deleted],,,,,,dark,,,,,[],[deleted],,,1604702986,{},gbea8v2,False,t3_jpfa1x,False,True,t3_jpfa1x,/r/Libertarian/comments/jpfa1x/whether_fraud_is_happening_or_not_what_do_you/gbea8v2/,1604710491,-1,True,False,Libertarian,t5_2qh63,,0,[],
[],,s1105615,,,[],,,,text,t2_h1pelt6,False,False,[],"I’m sure that’s why so many people risked life and limb to climb a wall in Berlin, or swim across 90 miles of open ocean to get into communist regimes in Germany and Cuba.  Yep...makes total sense now.",,,1604702981,{},gbea8k2,False,t3_jpbbur,False,True,t1_gbe5xe7,/r/Libertarian/comments/jpbbur/i_would_have_a_better_chance_of_convincing/gbea8k2/,1604710487,1,True,False,Libertarian,t5_2qh63,,0,[],
[],,zlogic,,,[],,,,text,t2_mr4ab,False,False,[],"Ah yes, well I would assert that neither party has spending under control nor an ability to balance the budget. The fact that we are spending hundreds of billions of dollars merely on interest every year should have been a red flag many years ago.

Imagine what we could do with $500 billion dollars every year, if we weren't shoveling it into the furnace? And it's only getting bigger",,,1604702981,{},gbea8j4,False,t3_jpezv2,False,True,t1_gbe9fvh,/r/Libertarian/comments/jpezv2/im_overall_happy_with_the_results_of_the_2020/gbea8j4/,1604710487,1,True,False,Libertarian,t5_2qh63,,0,[],
[],,JAYRON-IN,,,[],,,,text,t2_21kaj19p,False,False,[],You’re better off taking this nonsense to r/conservative to get bukkake’d with likes and comments,,,1604702980,{},gbea8g1,False,t3_jpeydh,False,True,t3_jpeydh,/r/Libertarian/comments/jpeydh/nonresidents_have_voted_in_nevada/gbea8g1/,1604710486,6,True,False,Libertarian,t5_2qh63,,0,[],
[],,arbivark,,,[],,,,text,t2_4zeq7,False,False,[],"some years. done by raising taxes. but not net for his 8 years.

Depending on who you ask, President Barack Obama added anywhere from $2.8 trillion to $9 trillion to the national debt.",,,1604702978,{},gbea8cg,False,t3_jp9kgz,False,True,t1_gbe53ua,/r/Libertarian/comments/jp9kgz/whos_ready_to_watch_the_gop_act_like_they_never/gbea8cg/,1604710484,3,True,False,Libertarian,t5_2qh63,,0,[],
[],,uiy_b7_s4,#f3c817,,"[{'e': 'text', 't': 'cancer spreads from the right'}]",a1c701c6-1d82-11e2-a5e0-12313b0ce1e2,cancer spreads from the right,dark,richtext,t2_c2w1n,False,False,[],You're an idiot.,,,1604702972,{},gbea7x3,False,t3_jpeo29,False,True,t1_gbe74d7,/r/Libertarian/comments/jpeo29/what_is_the_libertarian_opinion_on_counting_pas/gbea7x3/,1604710478,2,True,False,Libertarian,t5_2qh63,,0,[],
[],,TahoesRedEyeJedi,,,[],,,,text,t2_cnze97h,False,False,[],"&gt; being openly incompetent helped him

We should be worried about someone more like Boris Johnson, an extremely intelligent guy great at acting incompetent",,,1604702970,{},gbea7r4,False,t3_jpa7r8,False,True,t1_gbddart,/r/Libertarian/comments/jpa7r8/americas_next_authoritarian_will_be_much_more/gbea7r4/,1604710476,1,True,False,Libertarian,t5_2qh63,,0,[],
[],,ThorVonHammerdong,#f3c817,,"[{'e': 'text', 't': 'Freedom is expensive'}]",a1c701c6-1d82-11e2-a5e0-12313b0ce1e2,Freedom is expensive,dark,richtext,t2_o6we9f7,False,False,[],"If lawful poll watchers were indeed barred entry without a comparable auxiliary available then that's a problem.

Unfortunately for team Trump, they've been spewing absolute horseshit lies for 4 years so I believe nothing",,,1604702959,{},gbea71h,False,t3_jpfa1x,False,True,t3_jpfa1x,/r/Libertarian/comments/jpfa1x/whether_fraud_is_happening_or_not_what_do_you/gbea71h/,1604710465,16,True,False,Libertarian,t5_2qh63,,0,[],
