all_awardings,associated_award,author,author_flair_background_color,author_flair_css_class,author_flair_richtext,author_flair_template_id,author_flair_text,author_flair_text_color,author_flair_type,author_fullname,author_patreon_flair,author_premium,awarders,body,collapsed_because_crowd_control,collapsed_reason_code,comment_type,created_utc,gildings,id,is_submitter,link_id,locked,no_follow,parent_id,permalink,retrieved_on,score,send_replies,stickied,subreddit,subreddit_id,top_awarded_type,total_awards_received,treatment_tags,author_cakeday
[],,cicamore,,,[],,,,text,t2_iz2u4md,False,False,[],What policies cause the housing market to go up?,,,,1627058869,{},h69mmqs,False,t3_oq3uef,False,False,t1_h69fk5l,/r/Libertarian/comments/oq3uef/tired_of_hearing_about_the_housing_crisis/h69mmqs/,1627214539,8,True,False,Libertarian,t5_2qh63,,0,[],
[],,[deleted],,,,,,dark,,,,,[],[removed],,,,1627058869,{},h69mmq1,False,t3_opzdrj,False,True,t1_h68i70z,/r/Libertarian/comments/opzdrj/has_anyone/h69mmq1/,1627214539,1,True,False,Libertarian,t5_2qh63,,0,[],
[],,theunderhillaccount,,,[],,,,text,t2_hugoq,False,True,[],"&gt;because personally I think you’re fing re*ed for taking a vaccine that’s been in existence for less than a year

Maybe it's my PhD in biology and my understanding of how things like vaccines work that gives me the confidence to make a decision that morons reject. IDK. 🤷‍♂️",,,,1627058865,{},h69mmgr,False,t3_oq0m1d,False,True,t1_h69l81p,/r/Libertarian/comments/oq0m1d/alabama_gov_says_its_time_to_blame_unvaccinated/h69mmgr/,1627214535,1,True,False,Libertarian,t5_2qh63,,0,[],
[],,4xTHESPEED,,,[],,,,text,t2_7ehm1,False,False,[],"https://i.imgur.com/w1y8qfx.jpeg

deaths are way down and there is no delta surge as of now",,,,1627058858,{},h69mlsc,False,t3_oq0m1d,False,True,t1_h69gj84,/r/Libertarian/comments/oq0m1d/alabama_gov_says_its_time_to_blame_unvaccinated/h69mlsc/,1627214525,0,True,False,Libertarian,t5_2qh63,,0,[],
[],,No_Sub_4_U,,,[],,,,text,t2_86p6htk1,False,False,[],Pretty much all of them. I just don’t believe the policy produces it’s intended outcome. I still believe in many of people who are liberal (not politicians); they desperately want a better world. But I no longer believe that Liberal politicians want the best outcome nearly as much as they want to “win” and pander to the activist zeitgeist.,,,,1627058851,{},h69ml8h,True,t3_oq4nuu,False,False,t1_h69ka7d,/r/Libertarian/comments/oq4nuu/our_libertarian_purity_massively_limits_this/h69ml8h/,1627214518,6,True,False,Libertarian,t5_2qh63,,0,[],
[],,[deleted],,,,,,dark,,,,,[],[removed],,,,1627058832,{},h69mjmb,False,t3_opyg2s,False,True,t1_h68tj79,/r/Libertarian/comments/opyg2s/china_refuses_further_inquiry_into_covid19/h69mjmb/,1627214493,3,True,False,Libertarian,t5_2qh63,,0,[],
[],,CoTripper,,,[],,,,text,t2_4fdm9,False,False,[],"Cool. So do I. But you said ""Libertarianism is when you tell the government to arrest scary people..."". Not at all a coherent or correct thought. Please get better at holding your weed.",,,,1627058801,{},h69mgy4,False,t3_opzpgm,False,True,t1_h69kecb,/r/Libertarian/comments/opzpgm/to_some_fbis_infiltration_of_the_innermost_circle/h69mgy4/,1627214456,2,True,False,Libertarian,t5_2qh63,,0,[],
[],,_NoTouchy,,,[],,,,text,t2_988ht3jn,False,False,[],"Thanks! Really proud of it to be honest! I was surprisingly shocked at the amount of people that decided to get it that week.

Other tactics before this, I tried giving employees an extra 4 hours on their check if they went and vax'd on their day off, or let them go get it while on the clock...that one didn't work as well to be honest. But, I think all three helped push us over the 80%+ mark.

Thanks again! :)",,,,1627058799,{},h69mgra,False,t3_oq0m1d,False,False,t1_h69jbkk,/r/Libertarian/comments/oq0m1d/alabama_gov_says_its_time_to_blame_unvaccinated/h69mgra/,1627214452,3,True,False,Libertarian,t5_2qh63,,0,[],
[],,ZifziTheInferno,#f3c817,,"[{'e': 'text', 't': 'Right Libertarian'}]",b016ca8a-1cf2-11e2-97d4-12313b088941,Right Libertarian,dark,richtext,t2_1ua6kyom,False,False,[],"To know for sure why the market corrected shortly, you’d have to ask each investor that participated in the sell off why they chose to sell at that time.

My personal opinion is that it’s because the Fed, WSJ, and others stated over the weekend that they anticipated “reduced” growth projections (but still growth) which probably scared people off.",,,,1627058795,{},h69mgej,False,t3_oq0m1d,False,True,t1_h68x5j1,/r/Libertarian/comments/oq0m1d/alabama_gov_says_its_time_to_blame_unvaccinated/h69mgej/,1627214446,0,True,False,Libertarian,t5_2qh63,,0,[],
[],,hiredgoon,,,[],,,,text,t2_11e99,False,False,[],"The unvaxxed are still spreading the infection at high rates and putting children and responsible people who can't get the vaccine for health reasons at risk.

The funny thing is immigrants will get the vaccine if offered.  You idiots won't.",,,,1627058793,{},h69mga8,False,t3_oq0m1d,False,True,t1_h69ioww,/r/Libertarian/comments/oq0m1d/alabama_gov_says_its_time_to_blame_unvaccinated/h69mga8/,1627214444,-3,True,False,Libertarian,t5_2qh63,,0,[],
[],,themadeph,,,[],,,,text,t2_ygp2zzl,False,False,[],"Look, we haven't elected a libertarian candidate for president. It doesn't work.  Why try?  

Maybe just drop the libertarian from your identity.   You sound like a scared conservative who avoids everything new or challenging.",,,,1627058762,{},h69mdnq,False,t3_oposf0,False,True,t1_h68fmeh,/r/Libertarian/comments/oposf0/so_uhhh_elephant_in_the_room_the_data_for/h69mdnq/,1627214407,1,True,False,Libertarian,t5_2qh63,,0,[],
[],,Heroine4Life,,,[],,,,text,t2_5ouzw,False,False,[],"Do you follow vaccine development?  Have you read any of the original data on any vaccine development?  Do you have a background that has trained you to evaluate the data?  

People are skeptical because of their ignorance that they choose.  No sympathy for the bs.

Division of labor is amazing.  Parroting facebook talking points and pretending to be an expert, not so much.",,,,1627058759,{},h69mde2,False,t3_oq0m1d,False,False,t1_h69ab03,/r/Libertarian/comments/oq0m1d/alabama_gov_says_its_time_to_blame_unvaccinated/h69mde2/,1627214403,24,True,False,Libertarian,t5_2qh63,,0,[],
[],,TrevorBOB9,#dadada,,"[{'e': 'text', 't': 'Federalist'}]",e6717002-6e8e-11eb-818d-0ea05fb70615,Federalist,dark,richtext,t2_pquetl,False,False,[],Why? Seems like you’d get all of the risk with almost no benefit,,LOW_SCORE,,1627058741,{},h69mbue,False,t3_oq0m1d,False,False,t1_h69ez7p,/r/Libertarian/comments/oq0m1d/alabama_gov_says_its_time_to_blame_unvaccinated/h69mbue/,1627214382,-8,True,False,Libertarian,t5_2qh63,,0,[],
[],,[deleted],,,,,,dark,,,,,[],[removed],,,,1627058738,{},h69mble,False,t3_opzdrj,False,True,t1_h68fyt6,/r/Libertarian/comments/opzdrj/has_anyone/h69mble/,1627214378,1,True,False,Libertarian,t5_2qh63,,0,[],
[],,JBcards,,,[],,,,text,t2_f9u2n,False,False,[],"I mean yeah, that's kind of my point. If the study is looking at a sample where 78% show symptoms, but the CDC estimates that around 34% of children will experience symptoms, then it's not exactly an accurate representation of the overall risk to children, is it?

Linking long term effects months out to an acute disease takes very careful science. Asking patients to self-diagnose themselves can be unreliable. Symptoms such as fatigue, headaches, and gastrointestinal problems are already prevalent in society. Where's the control group of children who are asked if they've experienced those symptoms in the last 120 days? I just ask that we be cautious when interpreting this data - remember that a similar methodology was used to link vaccines to autism. ""Did you vaccinate your child? And then did the child develop autism?"" See the flaw in that argument?

I'm not denying that the symptoms these people experience are not real or that they aren't serious or that I don't want them to be studied.

Mostly I'm just skeptical of the premise that COVID poses any significant risk to children when we have a year's worth of data indicating that it's essentially negligible.",,,,1627058736,{},h69mbg8,False,t3_oq0m1d,False,True,t1_h69hjpo,/r/Libertarian/comments/oq0m1d/alabama_gov_says_its_time_to_blame_unvaccinated/h69mbg8/,1627214376,0,True,False,Libertarian,t5_2qh63,,0,[],
[],,[deleted],,,,,,dark,,,,,[],[deleted],,,,1627058734,{},h69mb9q,False,t3_oq0m1d,False,True,t1_h69lx2h,/r/Libertarian/comments/oq0m1d/alabama_gov_says_its_time_to_blame_unvaccinated/h69mb9q/,1627214373,1,True,False,Libertarian,t5_2qh63,,0,[],
[],,[deleted],,,,,,dark,,,,,[],[deleted],,,,1627058717,{},h69m9w3,False,t3_oq1g2v,False,True,t1_h69ivzg,/r/Libertarian/comments/oq1g2v/eric_clapton_refuses_to_play_venues_requiring/h69m9w3/,1627214354,1,True,False,Libertarian,t5_2qh63,,0,[],
[],,thegtabmx,,,[],,,,text,t2_ufdri,False,False,[],"How does Hunter have enough time to do this if he is busy with his government, tax-payer funded, job that his father appointed him to... oh wait. He doesn't have a job in the government. So, he's just a private citizen?",,,,1627058715,{},h69m9nv,False,t3_opruzw,False,True,t3_opruzw,/r/Libertarian/comments/opruzw/hunter_biden_expected_to_meet_with_potential_art/h69m9nv/,1627214351,1,True,False,Libertarian,t5_2qh63,,0,[],
[],,Seared1Tuna,,,[],,,,text,t2_8dvie94z,False,False,[],"While he is obviously a great guitarist, I’ve never understood his ranking up their with the “greatest rock guitarists” like Jimi Hendrix

Maybe I’m just ignorant",,,,1627058708,{},h69m92j,False,t3_oq1g2v,False,False,t1_h699mij,/r/Libertarian/comments/oq1g2v/eric_clapton_refuses_to_play_venues_requiring/h69m92j/,1627214342,9,True,False,Libertarian,t5_2qh63,,0,[],
[],,EagenVegham,#f3c817,,"[{'e': 'text', 't': 'Left Libertarian'}]",a1c701c6-1d82-11e2-a5e0-12313b0ce1e2,Left Libertarian,dark,richtext,t2_bmfyu,False,False,[],"Based on the fact that I can't get a good taco when I'm in Ohio, not there.",,,,1627058692,{},h69m7q3,False,t3_opzdrj,False,True,t1_h68f85g,/r/Libertarian/comments/opzdrj/has_anyone/h69m7q3/,1627214324,2,True,False,Libertarian,t5_2qh63,,0,[],
[],,toomuchtostop,,,[],,,,text,t2_699bh,False,False,[],Being old is not an excuse to believe in fantasies,,,,1627058666,{},h69m5hy,False,t3_oq4akw,False,False,t1_h69gxe3,/r/Libertarian/comments/oq4akw/people_who_think_the_election_was_rigged_cant/h69m5hy/,1627214294,31,True,False,Libertarian,t5_2qh63,,0,[],
[],,DominicJourdyn,,,[],,,,text,t2_3ibo8j1g,False,False,[],"Life’s about choices, I think when it came to COVID we lost touch with the reality of journalism and reporting; the government told us it’s raining so stay inside it’s dangerous, the media told us it’s raining so stay inside it’s dangerous, but if we look outside and see the sun and some clouds but no rain and stay inside in fear of it anyway, they did their jobs well. Sure a few rain drops were deadly and people died, but people die every day, everywhere, in every way, the world’s total population wasn’t even scratched by COVID. It’s not misinformation to say that it had an incredibly high survival rate, unless you had health complications, but those same people could have died from any number of things.

So we rush a vaccine that everyone and every news station daily repeats, over and over like an indoctrination video, It’s Safe and Effective; meanwhile social media actively flags and deletes and adverse side effects as dangerous misinformation, the vaccine itself doesn’t kill the virus so two vaccinated people could just as easily get the other sick, making it a little questionable, IMO. I guess that’s just my flat earther brain being dumb tho (lot of people assume that thinking COVID wasn’t the worst plague to humanity means you’re a qanon flat earthing Trumper because people like to make snap judgments when they’re afraid)",,,,1627058665,{},h69m5ga,False,t3_oq0m1d,False,False,t3_oq0m1d,/r/Libertarian/comments/oq0m1d/alabama_gov_says_its_time_to_blame_unvaccinated/h69m5ga/,1627214294,4,True,False,Libertarian,t5_2qh63,,0,[],
[],,[deleted],,,,,,dark,,,,,[],[removed],,,,1627058628,{},h69m25s,False,t3_oq14v5,False,True,t1_h690i1t,/r/Libertarian/comments/oq14v5/i_unequivocally_condemn_the_mass_detentions_and/h69m25s/,1627214248,1,True,False,Libertarian,t5_2qh63,,0,[],
[],,NetherArmstrong,#f3c817,,"[{'e': 'text', 't': 'Establishment Lackey'}]",a1c701c6-1d82-11e2-a5e0-12313b0ce1e2,Establishment Lackey,dark,richtext,t2_cxpaxdzc,False,False,[],"How many Americans have these ""yokels"" killed compared to how many Americans ISIS has killed?  How much damage, destruction, and other attacks have these ""yokels"" been responsible for in America compared to ISIS?",,,,1627058626,{},h69m1zj,False,t3_opzpgm,False,True,t1_h69lsi9,/r/Libertarian/comments/opzpgm/to_some_fbis_infiltration_of_the_innermost_circle/h69m1zj/,1627214246,-1,True,False,Libertarian,t5_2qh63,,0,[],
[],,lizerdk,#0dd3bb,,"[{'e': 'text', 't': 'Anti Fascist Hillbilly'}]",d5a8eef8-6e8e-11eb-90f5-0e288e16a72d,Anti Fascist Hillbilly,dark,richtext,t2_449cjwsd,False,False,[],"Melty bran not leaking out of ear maybe?

I dunno I’m not gymocologist either.",,,,1627058570,{},h69lxa8,False,t3_oprseg,False,False,t1_h68udmw,/r/Libertarian/comments/oprseg/toronto_gym_bans_vaccinated_people_from_being/h69lxa8/,1627214179,4,True,False,Libertarian,t5_2qh63,,0,[],
[],,4xTHESPEED,,,[],,,,text,t2_7ehm1,False,False,[],"&gt; almost uniformly do not have reasonable or rational excuses for refusing.

this is an absurd statement and shows how much of an authoritarian you are",,,,1627058567,{},h69lx2h,False,t3_oq0m1d,False,True,t1_h698gts,/r/Libertarian/comments/oq0m1d/alabama_gov_says_its_time_to_blame_unvaccinated/h69lx2h/,1627214175,-1,True,False,Libertarian,t5_2qh63,,0,[],
[],,wrinkleforeskin,,,[],,,,text,t2_bogtu8f6,False,False,[],I doubt this guy has a fourth grade education.,,,,1627058565,{},h69lwvg,False,t3_oprseg,False,True,t1_h69hax9,/r/Libertarian/comments/oprseg/toronto_gym_bans_vaccinated_people_from_being/h69lwvg/,1627214174,3,True,False,Libertarian,t5_2qh63,,0,[],
[],,ThunderElectric,#dadada,,"[{'e': 'text', 't': 'Democrat + Libertarian Mix'}]",e6717002-6e8e-11eb-818d-0ea05fb70615,Democrat + Libertarian Mix,dark,richtext,t2_2frsq6or,False,False,[],"But then won’t the electoral college render the whole voting system essentially useless?

There’s still the change of a three way split between electoral college except this time we have politicians voting in politicians in the house, which isn’t a great idea.",,,,1627058560,{},h69lwg4,True,t3_oq51hf,False,False,t1_h69hvkj,/r/Libertarian/comments/oq51hf/question_what_are_your_views_on_abolishing_the/h69lwg4/,1627214167,5,True,False,Libertarian,t5_2qh63,,0,[],
[],,Noneya_bizniz,,,[],,,,text,t2_5vkbp3rv,False,False,[],What is disgusting about it? Do you not agree that the Cuban people have the same right to freedom of expression and assembly as all people?,,,,1627058546,{},h69lvba,True,t3_oq14v5,False,True,t1_h69i58t,/r/Libertarian/comments/oq14v5/i_unequivocally_condemn_the_mass_detentions_and/h69lvba/,1627214151,3,True,False,Libertarian,t5_2qh63,,0,[],
[],,UncleDanko,,,[],,,,text,t2_122oqi,False,False,[],did you just made up shit?! really? nuclear retaliation for investigation the covid origin? source pls,,,,1627058541,{},h69luw3,False,t3_opyg2s,False,False,t1_h692669,/r/Libertarian/comments/opyg2s/china_refuses_further_inquiry_into_covid19/h69luw3/,1627214146,5,True,False,Libertarian,t5_2qh63,,0,[],
[],,mcs_987654321,,,[],,,,text,t2_6cm6k5kx,False,False,[],"Don’t think J&amp;J is approved in the Uk or EU. 

I also have some questions about AZ and have been looking at UK vs European countries to get a sense, since the UK leaned so hard into AZ doses. 

Also: they just have higher % of vaccinated people &gt; 50 (or maybe &gt;60...pick your cutoff, but people who are “the older” are more likely to be vaccinated). 

If 80% of your more “vulnerable” pop is vaccinated, you’re going to have a higher vaccinated population in hospital just as a given.",,,,1627058536,{},h69lufp,False,t3_oq0m1d,False,True,t1_h69fp7e,/r/Libertarian/comments/oq0m1d/alabama_gov_says_its_time_to_blame_unvaccinated/h69lufp/,1627214140,1,True,False,Libertarian,t5_2qh63,,0,[],
[],,GoodAtExplaining,,,[],,,,text,t2_bb6fi,False,True,[],"The problem with taking your chances is that you can't get the vaccine before you get covid.

The question of long-term is pretty easily addressed: There have been mRNA vaccines in use as early as 2016, and they've been refined since then.",,,,1627058532,{},h69lu5r,False,t3_oq0m1d,False,True,t1_h690z8c,/r/Libertarian/comments/oq0m1d/alabama_gov_says_its_time_to_blame_unvaccinated/h69lu5r/,1627214135,-1,True,False,Libertarian,t5_2qh63,,0,[],
[],,LanceLynxx,,,[],,,,text,t2_ejfjb,False,False,[],"Yes, that's exactly what I'm saying.
/S

If someone is shooting at you, you got things to worry about than getting a disease that is only 98% chance of survival.",,,,1627058530,{},h69lu0e,False,t3_oq1g2v,False,True,t1_h69ljft,/r/Libertarian/comments/oq1g2v/eric_clapton_refuses_to_play_venues_requiring/h69lu0e/,1627214134,2,True,False,Libertarian,t5_2qh63,,0,[],
[],,rendrag099,#f3c817,,"[{'e': 'text', 't': 'Rothbardian'}]",a1c701c6-1d82-11e2-a5e0-12313b0ce1e2,Rothbardian,dark,richtext,t2_xopc4,False,False,[],"&gt;They’re truly disgusting people.

Fuck you. They're not disgusting people. The disgusting people are the ones who 9 months ago told us we shouldn't trust this vaccine but are now saying we should absolutely trust it (simply because of a change in the occupant of the oval office). The disgusting people are the ones who 9 months ago told us we should trust this vaccine but are now saying we shouldn't trust it (simply because of a change in the occupant of the oval office).

The disgusting people are the ones who have sown so much distrust because they're beholden to political party agendas. I can't blame anyone who is so distrustful that they're staying out of the vaccine scenario and is just taking their chances... statistically they're probably fine to do so.",,,,1627058523,{},h69ltda,False,t3_oq0m1d,False,True,t1_h69atmf,/r/Libertarian/comments/oq0m1d/alabama_gov_says_its_time_to_blame_unvaccinated/h69ltda/,1627214125,-2,True,False,Libertarian,t5_2qh63,,0,[],
[],,masta,#f3c817,,"[{'e': 'text', 't': 'Minarchist'}]",25c6421c-1cf1-11e2-89d6-12313d051e91,Minarchist,dark,richtext,t2_2on1,False,False,[],"&gt;If you mag dump into the air on your property and

Thanks for the analogy, but honestly it's absurd, and I'm calling it out as an unpersuaded false dichotomy, not to mention the other obvious logic issues with what you wrote.",,,,1627058518,{},h69lsxq,False,t3_oq1g2v,False,True,t1_h69jzjw,/r/Libertarian/comments/oq1g2v/eric_clapton_refuses_to_play_venues_requiring/h69lsxq/,1627214119,-1,True,False,Libertarian,t5_2qh63,,0,[],
[],,REHTONA_YRT,,,[],,,,text,t2_cj02h,False,True,[],"Poor fella. 

So confused and upset over something that isn’t happen. 

Hope you find help.",,,,1627058502,{},h69lrmz,False,t3_oq1g2v,False,True,t1_h69lim7,/r/Libertarian/comments/oq1g2v/eric_clapton_refuses_to_play_venues_requiring/h69lrmz/,1627214102,1,True,False,Libertarian,t5_2qh63,,0,[],
[],,No_Sub_4_U,,,[],,,,text,t2_86p6htk1,False,False,[],"[oh, Willie](https://i.ytimg.com/vi/ZyPevne1b5Q/hqdefault.jpg)",,,,1627058502,{},h69lrmw,True,t3_oq4nuu,False,False,t1_h69fz83,/r/Libertarian/comments/oq4nuu/our_libertarian_purity_massively_limits_this/h69lrmw/,1627214102,5,True,False,Libertarian,t5_2qh63,,0,[],
[],,Hefe,,,[],,,,text,t2_86jrr,False,False,[],"If there was no allowance for CDOs in 2008 then the housing bubble wouldn’t have led to the massive market crash that happened. So from the way I see it, it was the lack of banking regulation that led to the crash and not federal housing subsidies. Or am I missing something?",,,,1627058501,{},h69lrji,False,t3_oq0o14,False,True,t1_h68o9nw,/r/Libertarian/comments/oq0o14/too_big_to_fail_a_centrally_planned_economy/h69lrji/,1627214101,3,True,False,Libertarian,t5_2qh63,,0,[],
[],,johntwit,#f3c817,,"[{'e': 'text', 't': 'Anti Establishment-Narrative Provocateur'}]",a1c701c6-1d82-11e2-a5e0-12313b0ce1e2,Anti Establishment-Narrative Provocateur,dark,richtext,t2_1m2ouygw,False,True,[],"Yeah I wouldn't listen to Schiff for investment advice

I did think his comment on the market believing that the Fed will do what it says it will do was amusing

As if you could pull a Volcker in today's political environment",,,,1627058499,{},h69lrdv,True,t3_opom2w,False,True,t1_h69liyr,/r/Libertarian/comments/opom2w/peter_schiff_the_market_believes_the_fed_is_going/h69lrdv/,1627214099,1,True,False,Libertarian,t5_2qh63,,0,[],
[],,TuarezOfTheTuareg,,,[],,,,text,t2_hjqco,False,False,[],Yep and then libertarians run around wondering why they're viewed as selfish assholes.,,,,1627058492,{},h69lqsu,False,t3_oq0m1d,False,True,t1_h69fo3y,/r/Libertarian/comments/oq0m1d/alabama_gov_says_its_time_to_blame_unvaccinated/h69lqsu/,1627214091,1,True,False,Libertarian,t5_2qh63,,0,[],True
[],,dadhatt,#f3c817,,"[{'e': 'text', 't': ""It's Complicated. ""}]",a1c701c6-1d82-11e2-a5e0-12313b0ce1e2,It's Complicated. ,dark,richtext,t2_2am8fho9,False,False,[],"Because regardless of what you may think, it is absolutely possible for people to change their beliefs and strive to be a better person. An act that should be supported and encouraged, rather than condemned.

My dad was born in the early 1950s and his school as a child went through integration in the late fifties. He's told me that his whole family actively opposed integration - something he now as an adult in the 21st century understands and acknowledges as wrong on all levels. It's really not a complicated concept.",,,,1627058492,{},h69lqqw,False,t3_oq1g2v,False,False,t1_h69dicf,/r/Libertarian/comments/oq1g2v/eric_clapton_refuses_to_play_venues_requiring/h69lqqw/,1627214090,28,True,False,Libertarian,t5_2qh63,,0,[],
[],,furixx,,,[],,,,text,t2_adv5,False,False,[],Why is Alabama pushing this narrative so hard this week? I've seen a few articles that were obvious propaganda coming from there.,,,,1627058474,{},h69lp9v,False,t3_oq0m1d,False,True,t3_oq0m1d,/r/Libertarian/comments/oq0m1d/alabama_gov_says_its_time_to_blame_unvaccinated/h69lp9v/,1627214069,1,True,False,Libertarian,t5_2qh63,,0,[],
[],,WildEconomy923,,,[],,,,text,t2_8kcmhpol,False,False,[],That’s a straw man and red herring fallacy if I’ve ever seen one. Not once have I said that.,,LOW_SCORE,,1627058472,{},h69lp0q,False,t3_oq21g2,False,True,t1_h69ldr0,/r/Libertarian/comments/oq21g2/federal_judges_are_blocking_state_antitrans_bills/h69lp0q/,1627214065,-7,True,False,Libertarian,t5_2qh63,,0,[],
[],,Gannicusisamal,,,[],,,,text,t2_7thginmt,False,False,[],Because people don't like extending freedoms beyond what they see is right. I was one of the first to get a vaccine yet I will refuse to give any government the authority to mandate it.,,,,1627058468,{},h69lop6,False,t3_oq0m1d,False,False,t1_h69iyqt,/r/Libertarian/comments/oq0m1d/alabama_gov_says_its_time_to_blame_unvaccinated/h69lop6/,1627214061,6,True,False,Libertarian,t5_2qh63,,0,[],
[],,Lurker9605,,,[],,,,text,t2_2x7op31v,False,False,[],"This past year and a half, lockdowns, govt incompetence, dave smith, thomas sowell, and the libertarian party platform.",,,,1627058466,{},h69lojd,False,t3_oq4ats,False,False,t3_oq4ats,/r/Libertarian/comments/oq4ats/what_made_you_decide_to_become_libertarianshare/h69lojd/,1627214058,5,True,False,Libertarian,t5_2qh63,,0,[],
[],,Libertatia_Forever,#f3c817,,"[{'e': 'text', 't': 'Voluntaryist'}]",39fc62f6-1cf2-11e2-839f-12313b0c247a,Voluntaryist,dark,richtext,t2_57l7vo5d,False,False,[],"The CCP is putting Uyghurs in concentration camps, and murdering political dissenters.  I don't care if 99% of the population loves and approves of what they're doing, they are still committing human rights violations on a staggering scale.",,,,1627058456,{},h69lnpa,False,t3_opyg2s,False,True,t1_h69i75q,/r/Libertarian/comments/opyg2s/china_refuses_further_inquiry_into_covid19/h69lnpa/,1627214047,3,True,False,Libertarian,t5_2qh63,,0,[],
[],,Wacocaine,,,[],,,,text,t2_7aiid,False,False,[],"In this instance, they did solve a problem.  They prevented a bunch of militia kooks from kidnapping the Governor of Michigan.",,,,1627058456,{},h69lnmr,False,t3_opzpgm,False,True,t1_h69l8ln,/r/Libertarian/comments/opzpgm/to_some_fbis_infiltration_of_the_innermost_circle/h69lnmr/,1627214046,2,True,False,Libertarian,t5_2qh63,,0,[],
[],,SoonerTech,,,[],,,,text,t2_151iga,False,False,[],"Except for the collateral damage, that's true... Just let them kill each other off.

There are people that legitimately should not take it (immunocompromised people going through chemo, etc). That's what the ""individual liberties"" morons of the Mises Caucus miss, is that they \*ARE THE AGGRESSOR\* in that situation. You are wantonly spreading disease that kills people.",,,,1627058442,{},h69lmhr,False,t3_oq0m1d,False,True,t1_h68lep4,/r/Libertarian/comments/oq0m1d/alabama_gov_says_its_time_to_blame_unvaccinated/h69lmhr/,1627214030,2,True,False,Libertarian,t5_2qh63,,0,[],
[],,REHTONA_YRT,,,[],,,,text,t2_cj02h,False,True,[],"So if your neighbor has a motion activated Gatling gun pointed at your gate, it’s your fault for getting torn to shreds for leaving your property? 

Damn people have really lost the concept of responsibility and our impact on others.",,,,1627058406,{},h69ljft,False,t3_oq1g2v,False,True,t1_h69kwdw,/r/Libertarian/comments/oq1g2v/eric_clapton_refuses_to_play_venues_requiring/h69ljft/,1627213989,1,True,False,Libertarian,t5_2qh63,,0,[],
[],,jgwentworth420,,,[],,,,text,t2_446ig,False,False,[],"Fauci: ""research was judged by qualified staff up and down the chain"" 

Ok what staff? Are they willing to testify? Why can we not see how they came to their conclusion? 

Rand came to the table with a literal paper showing what he believed to be GoF. Fauci has yet to show anything of substance claiming that it wasn't. No specifics were debated, just more ""trust the experts"".

This whole thing of it's too complicated for anyone to understand is getting really old. Show some fucking data or shut up.",,,,1627058402,{},h69lj4d,False,t3_opjg9g,False,True,t1_h6632vb,/r/Libertarian/comments/opjg9g/house_blocks_bill_to_declassify_intel_on_covid/h69lj4d/,1627213985,1,True,False,Libertarian,t5_2qh63,,0,[],
[],,pvpplease,#f3c817,,"[{'e': 'text', 't': 'Independent'}]",a1c701c6-1d82-11e2-a5e0-12313b0ce1e2,Independent,dark,richtext,t2_hdhoi,False,False,[],"Peter Schiff is a notorious gold bug who thinks the world will reject the dollar standard and return to the gold standard.

Not a defense of the Fed, but this guy isn't a great source.",,,,1627058400,{},h69liyr,False,t3_opom2w,False,True,t3_opom2w,/r/Libertarian/comments/opom2w/peter_schiff_the_market_believes_the_fed_is_going/h69liyr/,1627213983,1,True,False,Libertarian,t5_2qh63,,0,[],
[],,Mangalz,,,"[{'e': 'text', 't': 'Rational Party'}]",,Rational Party,dark,richtext,t2_69sac,False,False,[],"&gt;whites are self centered and should be mandated to get vaccines!

Ditto",,,,1627058396,{},h69lim7,False,t3_oq1g2v,False,False,t1_h69lcuv,/r/Libertarian/comments/oq1g2v/eric_clapton_refuses_to_play_venues_requiring/h69lim7/,1627213978,0,True,False,Libertarian,t5_2qh63,,0,[],
[],,Terratoast,#1404bd,,"[{'e': 'text', 't': 'Democrat'}]",b42c5e20-3c3d-11e9-bf7f-0ee74baaa2ee,Democrat,light,richtext,t2_mepm2,False,False,[],"And through votes, on polls, etc.

You know, all the metrics we use to measure popularity and unpopularity.",,,,1627058370,{},h69lghp,False,t3_oq4akw,False,False,t1_h69l4c9,/r/Libertarian/comments/oq4akw/people_who_think_the_election_was_rigged_cant/h69lghp/,1627213948,35,True,False,Libertarian,t5_2qh63,,0,[],
[],,wherearetheturtlles,,,[],,,,text,t2_2ti3trsx,False,False,[],"Maybe not insults, but ostracizeing them from society? That was done.",,LOW_SCORE,,1627058368,{},h69lgcj,False,t3_oq0m1d,False,False,t1_h69jjat,/r/Libertarian/comments/oq0m1d/alabama_gov_says_its_time_to_blame_unvaccinated/h69lgcj/,1627213946,-7,True,False,Libertarian,t5_2qh63,,0,[],
[],,daffy99661,,,[],,,,text,t2_adtofr9d,False,False,[],You're lying to yourself. When a source that went against your beliefs was presented you decried the source instead of the information it contained. Your want every person arrested at events that involved property damage regardless of whether or not they committed crimes. The reality is those that committed crimes are being held responsible. And what better way to ignite an already ignorant conservative base than to do it in silence because they won't do their own research into such things.The media coverage of the capital rioters is merely rubbing conservative noses in the shit they've created. And it's hilarious too watch the reactions.,,,,1627058344,{},h69le6f,False,t3_opijvn,False,False,t1_h66s4ex,/r/Libertarian/comments/opijvn/judge_forces_capitol_rioter_to_unlock_laptop/h69le6f/,1627213915,1,True,False,Libertarian,t5_2qh63,,0,[],
[],,BrilliantVehicle3598,,,[],,,,text,t2_7rmr0ptm,False,False,[],You think molesting kids is beneficial? Dude you need help.,,,,1627058339,{},h69ldr0,False,t3_oq21g2,False,False,t1_h69iy7h,/r/Libertarian/comments/oq21g2/federal_judges_are_blocking_state_antitrans_bills/h69ldr0/,1627213909,12,True,False,Libertarian,t5_2qh63,,0,[],
[],,Powerful_Wallaby_865,,,[],,,,text,t2_82jqcw9t,False,False,[],What a surprise lol,,,,1627058332,{},h69ld69,False,t3_opyg2s,False,False,t3_opyg2s,/r/Libertarian/comments/opyg2s/china_refuses_further_inquiry_into_covid19/h69ld69/,1627213901,2,True,False,Libertarian,t5_2qh63,,0,[],
[],,REHTONA_YRT,,,[],,,,text,t2_cj02h,False,True,[],"Nope. Just stating that people of color have died more from COVID. 

The fact you are obsessed with racism is pretty telling. 

Might want to look up the word Projection bud.",,,,1627058328,{},h69lcuv,False,t3_oq1g2v,False,True,t1_h69kp82,/r/Libertarian/comments/oq1g2v/eric_clapton_refuses_to_play_venues_requiring/h69lcuv/,1627213897,0,True,False,Libertarian,t5_2qh63,,0,[],
[],,PerfektNova,#f3c817,,"[{'e': 'text', 't': 'Magi'}]",a1c701c6-1d82-11e2-a5e0-12313b0ce1e2,Magi,dark,richtext,t2_ijdwm,False,False,[],There is that stretch.,,,,1627058325,{},h69lcl5,False,t3_opzpgm,False,True,t1_h69k8jf,/r/Libertarian/comments/opzpgm/to_some_fbis_infiltration_of_the_innermost_circle/h69lcl5/,1627213893,1,True,False,Libertarian,t5_2qh63,,0,[],
[],,DirectlyDisturbed,,,[],,,,text,t2_j92we,False,False,[],What did they say that was incorrect?,,,,1627058321,{},h69lca7,False,t3_oq0m1d,False,False,t1_h69e672,/r/Libertarian/comments/oq0m1d/alabama_gov_says_its_time_to_blame_unvaccinated/h69lca7/,1627213887,4,True,False,Libertarian,t5_2qh63,,0,[],
[],,dpidcoe,#f3c817,,"[{'e': 'text', 't': 'True libertarians follow the rule of two'}]",a1c701c6-1d82-11e2-a5e0-12313b0ce1e2,True libertarians follow the rule of two,dark,richtext,t2_99xu3,False,False,[],"Wow, you read that entire post and still somehow missed the point.

It's not about if the government knows you have guns or not.

Is is about the government knowing exactly what guns you have, what guns you don't have, and being able to legally punish you if that information is wrong.",,,,1627058316,{},h69lbtf,False,t3_opo8c8,False,False,t1_h68ljk2,/r/Libertarian/comments/opo8c8/biden_literally_reinforces_the_theory_that_gun/h69lbtf/,1627213881,2,True,False,Libertarian,t5_2qh63,,0,[],
[],,FaithlessnessAlive38,,,[],,,,text,t2_8puihi3f,False,False,[],I wouldn’t engage too much with this one.  He’s too dumb to follow along.,,,,1627058315,{},h69lbqf,False,t3_oq1g2v,False,True,t1_h69kcyv,/r/Libertarian/comments/oq1g2v/eric_clapton_refuses_to_play_venues_requiring/h69lbqf/,1627213880,3,True,False,Libertarian,t5_2qh63,,0,[],
[],,allworlds_apart,,,[],,,,text,t2_3ssr1izk,False,False,[],"It’s funny when people talk about the unknown long term risks of vaccination… there isn’t the same fear of long term effects following COVID infection… the data for either is basically zero, so theres really no basis to make this risk-benefit analysis.  The only risk-benefit judgement you can make is short-term and intermediate… and the data we have supports vaccination as the less risky choice.",,,,1627058308,{},h69lb6h,False,t3_oq0m1d,False,True,t1_h69ijcn,/r/Libertarian/comments/oq0m1d/alabama_gov_says_its_time_to_blame_unvaccinated/h69lb6h/,1627213872,1,True,False,Libertarian,t5_2qh63,,0,[],
[],,der_innkeeper,,,[],,,,text,t2_qgdg7,False,False,[],"""...it's so juvenile...""

Yeah. Kinda nicely summed up, there.",,,,1627058280,{},h69l8s2,False,t3_oq0m1d,False,True,t1_h69ksqd,/r/Libertarian/comments/oq0m1d/alabama_gov_says_its_time_to_blame_unvaccinated/h69l8s2/,1627213837,1,True,False,Libertarian,t5_2qh63,,0,[],
[],,[deleted],,,,,,dark,,,,,[],[deleted],,,,1627058280,{},h69l8ra,False,t3_opzpgm,False,True,t1_h69k8jf,/r/Libertarian/comments/opzpgm/to_some_fbis_infiltration_of_the_innermost_circle/h69l8ra/,1627213837,1,True,False,Libertarian,t5_2qh63,,0,[],
[],,iushciuweiush,#f3c817,,"[{'e': 'text', 't': '15 pieces'}]",a1c701c6-1d82-11e2-a5e0-12313b0ce1e2,15 pieces,dark,richtext,t2_o6z81,False,False,[],"That's an entirely different argument.  It's not whether he should or shouldn't have joined the gang, it's whether it makes sense for the government to spend resources on convincing them to do so in order to imprison them and whether that's an effective strategy for ending gang recruitment efforts.  If the government isn't solving a problem then they're probably creating one.",,,,1627058277,{},h69l8ln,False,t3_opzpgm,False,False,t1_h69izja,/r/Libertarian/comments/opzpgm/to_some_fbis_infiltration_of_the_innermost_circle/h69l8ln/,1627213835,3,True,False,Libertarian,t5_2qh63,,0,[],
[],,AndoftheSevenSeas,,,[],,,,text,t2_31hhe1f4,False,False,[],"Interesting you’d say that, because personally I think you’re f***ing re****ed for taking a vaccine that’s been in existence for less than a year with no idea what the possible long term side affects may be.",,,,1627058271,{},h69l81p,False,t3_oq0m1d,False,True,t1_h69gd1z,/r/Libertarian/comments/oq0m1d/alabama_gov_says_its_time_to_blame_unvaccinated/h69l81p/,1627213827,-1,True,False,Libertarian,t5_2qh63,,0,[],
[],,FunnyKozaru,,,[],,,,text,t2_17uyhkqm,False,False,[],"Fringe?  How can you say we are fringe when we had a presidential candidate named Vermin Supreme promising free ponies? 

We are our own worst enemy.",,,,1627058269,{},h69l7u6,False,t3_oq4nuu,False,False,t1_h69i7t8,/r/Libertarian/comments/oq4nuu/our_libertarian_purity_massively_limits_this/h69l7u6/,1627213824,26,True,False,Libertarian,t5_2qh63,,0,[],
[],,SoonerTech,,,[],,,,text,t2_151iga,False,False,[],"You think?

Libertarians are also among the worst people on this, too.

Mises Caucus comparing masking and vaccines to the holocaust and then wondering why nobody votes Libertarian.",,,,1627058263,{},h69l7dj,False,t3_oq0m1d,False,True,t3_oq0m1d,/r/Libertarian/comments/oq0m1d/alabama_gov_says_its_time_to_blame_unvaccinated/h69l7dj/,1627213819,1,True,False,Libertarian,t5_2qh63,,0,[],
[],,Bealte,#1404bd,,"[{'e': 'text', 't': 'Liberal'}]",9fd36950-3c3d-11e9-a3c5-0ed63825c05c,Liberal,light,richtext,t2_16krr6,False,False,[],"Yeah, this is my issue. I don't mind people wanting personal liberties. But the personal responsibility thing is huge. Not that I would go so far as to say ""people who aren't responsible shouldn't be Libertarians"", because I'm not the one to decide what is ""responsible"". But if you refuse to take 1 step, forcing me to take 3 steps, you are firmly in the ""I'm a Libertarian, but only for myself"" which doesn't work in society.",,,,1627058255,{},h69l6pz,False,t3_oq0m1d,False,False,t1_h69ih3j,/r/Libertarian/comments/oq0m1d/alabama_gov_says_its_time_to_blame_unvaccinated/h69l6pz/,1627213810,5,True,False,Libertarian,t5_2qh63,,0,[],
[],,dpidcoe,#f3c817,,"[{'e': 'text', 't': 'True libertarians follow the rule of two'}]",a1c701c6-1d82-11e2-a5e0-12313b0ce1e2,True libertarians follow the rule of two,dark,richtext,t2_99xu3,False,False,[],"&gt; That’s California’s dumb gun laws, not federal. Biden has no say in that. 

His VP was literally in charge of enforcing said dumb gun laws. If you think the end goal isn't to just stick it to gun owners in hopes of making that demographic smaller, you're deluding yourself.",,,,1627058242,{},h69l5nk,False,t3_opo8c8,False,True,t1_h68mtfu,/r/Libertarian/comments/opo8c8/biden_literally_reinforces_the_theory_that_gun/h69l5nk/,1627213796,3,True,False,Libertarian,t5_2qh63,,0,[],
[],,fistantellmore,,,[],,,,text,t2_14qzds,False,False,[],"Rich tradition of the Empire, stealing other people’s stuff and making a pound off of it.",,,,1627058240,{},h69l5fm,False,t3_oq1g2v,False,True,t1_h69l13l,/r/Libertarian/comments/oq1g2v/eric_clapton_refuses_to_play_venues_requiring/h69l5fm/,1627213793,1,True,False,Libertarian,t5_2qh63,,0,[],
[],,othergabe,,,[],,,,text,t2_gyxc1,False,False,[],...on social media.,,LOW_SCORE,,1627058227,{},h69l4c9,False,t3_oq4akw,False,True,t1_h69k4kg,/r/Libertarian/comments/oq4akw/people_who_think_the_election_was_rigged_cant/h69l4c9/,1627213777,-35,True,False,Libertarian,t5_2qh63,,0,[],
[],,Vejasple,#f3c817,,"[{'e': 'text', 't': 'Anarcho Capitalist'}]",1a2345da-1cf2-11e2-8c00-12313b0ce1e2,Anarcho Capitalist,dark,richtext,t2_bxxiq,False,False,[],"No - we saw how disastrous was handling of the last pandemic: states were lying that masks are not useful, relief is wasteful, lockdowns were poorly justified and often illegal and reversed by the courts. We need tribunal and reparations for government mishandling the pandemic.",,,,1627058226,{},h69l498,False,t3_oq594p,False,True,t3_oq594p,/r/Libertarian/comments/oq594p/is_government_intervention_needed_to_handle/h69l498/,1627213775,1,True,False,Libertarian,t5_2qh63,,0,[],
[],,Gerbole,,,[],,,,text,t2_2xs3yjln,False,False,[],$276million to own the Libs,,,,1627058224,{},h69l45b,False,t3_oq0m1d,False,True,t1_h694no7,/r/Libertarian/comments/oq0m1d/alabama_gov_says_its_time_to_blame_unvaccinated/h69l45b/,1627213774,4,True,False,Libertarian,t5_2qh63,,0,[],
[],,Static-Age01,#f3c817,,"[{'e': 'text', 't': 'Classical Liberal'}]",935e414a-2653-11e9-8c33-0ecdc7f490da,Classical Liberal,dark,richtext,t2_7as76dup,False,False,[],What are you going to do with the 1/2 you don’t agree with?,,,,1627058202,{},h69l29m,False,t3_opzpgm,False,False,t1_h69hoy8,/r/Libertarian/comments/opzpgm/to_some_fbis_infiltration_of_the_innermost_circle/h69l29m/,1627213748,6,True,False,Libertarian,t5_2qh63,,0,[],
[],,Gannicusisamal,,,[],,,,text,t2_7thginmt,False,False,[],Shit. I should have waited.,,,,1627058198,{},h69l1wh,False,t3_oq0m1d,False,True,t1_h68zvxn,/r/Libertarian/comments/oq0m1d/alabama_gov_says_its_time_to_blame_unvaccinated/h69l1wh/,1627213743,1,True,False,Libertarian,t5_2qh63,,0,[],
[],,darth_dad_bod,,,[],,,,text,t2_6gow4yxy,False,False,[],"1 yes we can let people vote now. Literacy is higher and people have information to use it on. The electoral college needs to go. We aren't illiterate peasants, ignorant of politics, with no technology to tally, transport or secure votes. We can manage democracy without getting the OK on our choices from rich socialites. 

2 no ranked choice. It's completely unneeded and does nothing without the same structural changes that would render it moot. Each candidate has limited minutes of ads and dollars to spend. This let's third parties rise, especially in the houses. 

3 100% lifetime fiscal transparency as a condition of holding office. If you hold office and can change laws, we deserve to know if you get rich and screw folks over based on those changes later on. 

4 reform Congressional procedures. The book is so large and fucked up it is prohibitive to incoming elected officials unless they belly up to vipers.

5 civics, taught objectively and without bias must be returned to freshman high school curriculum in all states.

6 universal maxim. Teach kids how to think. Critical thinking early til hs. From there, they can evaluate whatever it is you believe in on equal footing. If your beliefs are superior they need be something to which tiny children are inculcated. Atheism, theism, libertarianism, conservatism. Don't care. Make a fully capable adult. Let the adult have true volition, not volition tainted by so called caretakers trying to advance themselves through another person's existence.",,,,1627058197,{},h69l1tk,False,t3_oq51hf,False,True,t3_oq51hf,/r/Libertarian/comments/oq51hf/question_what_are_your_views_on_abolishing_the/h69l1tk/,1627213742,3,True,False,Libertarian,t5_2qh63,,0,[],
[],,Wacocaine,,,[],,,,text,t2_7aiid,False,False,[],That's rich coming from a British blues guitarist.,,,,1627058188,{},h69l13l,False,t3_oq1g2v,False,False,t1_h694osv,/r/Libertarian/comments/oq1g2v/eric_clapton_refuses_to_play_venues_requiring/h69l13l/,1627213731,7,True,False,Libertarian,t5_2qh63,,0,[],
[],,nthroop1,,,[],,,,text,t2_ao9u8,False,False,[],Is it wrong to not feel about people that fuck around and find out in the world of infectious diseases?,,,,1627058177,{},h69l03z,False,t3_oq0m1d,False,True,t3_oq0m1d,/r/Libertarian/comments/oq0m1d/alabama_gov_says_its_time_to_blame_unvaccinated/h69l03z/,1627213719,0,True,False,Libertarian,t5_2qh63,,0,[],
[],,Gerbole,,,[],,,,text,t2_2xs3yjln,False,False,[],"As if being Libertarian has anything to do with getting the vaccine.

It’s very simple. It’s your choice. If you choose to get it, you obviously want others to choose to get it.",,,,1627058144,{},h69kxd3,False,t3_oq0m1d,False,False,t1_h69j9l6,/r/Libertarian/comments/oq0m1d/alabama_gov_says_its_time_to_blame_unvaccinated/h69kxd3/,1627213681,8,True,False,Libertarian,t5_2qh63,,0,[],
[],,UncleDanko,,,[],,,,text,t2_122oqi,False,False,[],"thats very ambigious, here is an upvote!",,LOW_SCORE,,1627058134,{},h69kwkh,False,t3_oq1g2v,False,True,t1_h69ghnl,/r/Libertarian/comments/oq1g2v/eric_clapton_refuses_to_play_venues_requiring/h69kwkh/,1627213670,-9,True,False,Libertarian,t5_2qh63,,0,[],
[],,LanceLynxx,,,[],,,,text,t2_ejfjb,False,False,[],"Nobody is being FORCED to do anything. There is no oppression.

You have the freedom to go out and buy food.

You have the freedom to go and get a vaccine.

You have the freedom to stay at home.

It's your CHOICE.",,,,1627058132,{},h69kwdw,False,t3_oq1g2v,False,True,t1_h69kcyv,/r/Libertarian/comments/oq1g2v/eric_clapton_refuses_to_play_venues_requiring/h69kwdw/,1627213668,1,True,False,Libertarian,t5_2qh63,,0,[],
[],,kjvlv,,,[],,,,text,t2_ca8kd,False,False,[],"diagnosed with strep, staph.  common in kids.   covid?  nope.   but at the time of this article all of the hospitals were throwing in covid.  largely because they got more money.

anti-vaxxers?    like the illegal immigrants?",,,,1627058131,{},h69kwaq,False,t3_oq0m1d,False,True,t1_h69aru2,/r/Libertarian/comments/oq0m1d/alabama_gov_says_its_time_to_blame_unvaccinated/h69kwaq/,1627213667,2,True,False,Libertarian,t5_2qh63,,0,[],
[],,Terriblyboard,,,[],,,,text,t2_lmryp,False,False,[],A lot of these illegal grows negatively effect the environment and are run on public protected lands.  They are often run by the cartels and can be dangerous for the people around them.  I am not sure if that is the case here or not.,,,,1627058123,{},h69kvjh,False,t3_ophzvt,False,True,t3_ophzvt,/r/Libertarian/comments/ophzvt/gop_congressman_bulldozes_marijuana_grow_sites/h69kvjh/,1627213656,1,True,False,Libertarian,t5_2qh63,,0,[],
[],,xPineappleshrapnelx,,,[],,,,text,t2_2ibw1hsj,False,False,[],"This was about 50 years ago wasn't it?  I think this was right around the time that Biden proposed the ""anti black amendment"" according to the NAACP",,,,1627058103,{},h69ktye,False,t3_oq1g2v,False,True,t1_h69in0o,/r/Libertarian/comments/oq1g2v/eric_clapton_refuses_to_play_venues_requiring/h69ktye/,1627213634,3,True,False,Libertarian,t5_2qh63,,0,[],
[],,Zhellblah,,,[],,,,text,t2_st6o02r,False,False,[],"You actually think we were trying to turn Vietnam into, like, the 51st state or something? Lmao no. Our goals were purely ideological, just like the War on Terror.",,,,1627058101,{},h69kttb,False,t3_ope4vp,False,True,t1_h6935hc,/r/Libertarian/comments/ope4vp/hedge_funds_are_outbidding_firsttime_homebuyers/h69kttb/,1627213632,1,True,False,Libertarian,t5_2qh63,,0,[],
[],,walkinisstillhonest,,,[],,,,text,t2_578g7rsl,False,False,[],"12% of Italians had COVID antibodies in September of 2019. What the fuck are you talking about? This isn't a scenario of 1 ebola death in Texas. It was widespread in Italy. There are direct flights from Italy to New York. There is absolutely zero chance that it didn't spread to New York in September and was widespread.

&gt;It was widespread, even though the all cause death rates didn't spike until March?

The excess deaths were high for that winter prior to the ""discovery"" of Covid in the United States. As I mentioned, people kept talking about a strange flu year that was much more deadly and its well documented in the papers. There was just no media coverage about covid specifically.

Holy fuck are you uneducated.",,,,1627058100,{},h69ktp4,False,t3_oq0m1d,False,True,t1_h69k70c,/r/Libertarian/comments/oq0m1d/alabama_gov_says_its_time_to_blame_unvaccinated/h69ktp4/,1627213630,0,True,False,Libertarian,t5_2qh63,,0,[],
[],,allworlds_apart,,,[],,,,text,t2_3ssr1izk,False,False,[],"There’s plenty of info out there about the tendency for people to resist being told what to do… but if you are it seem like it’s their own idea, no problem. 

Like if my wife tells me to switch the laundry just before I was just about to switch the laundry… “I’m gonna do this, but NOT because you told me to, but because i want to…”.  It’s so juvenile but it’s a hard feeling to shake off",,,,1627058088,{},h69ksqd,False,t3_oq0m1d,False,True,t1_h6920yb,/r/Libertarian/comments/oq0m1d/alabama_gov_says_its_time_to_blame_unvaccinated/h69ksqd/,1627213617,1,True,False,Libertarian,t5_2qh63,,0,[],
[],,DirectlyDisturbed,,,[],,,,text,t2_j92we,False,False,[],"&gt; The study data shows that people are not 100% immune from the virus

Are there any vaccines with 100% efficacy? Serious question, I was under the impression that none of them are literally perfect across the board",,,,1627058075,{},h69krkg,False,t3_oq0m1d,False,True,t1_h6977a7,/r/Libertarian/comments/oq0m1d/alabama_gov_says_its_time_to_blame_unvaccinated/h69krkg/,1627213602,2,True,False,Libertarian,t5_2qh63,,0,[],
[],,[deleted],,,,,,dark,,,,,[],[deleted],,,,1627058054,{},h69kpq9,False,t3_oq1g2v,False,True,t1_h6939ok,/r/Libertarian/comments/oq1g2v/eric_clapton_refuses_to_play_venues_requiring/h69kpq9/,1627213578,1,True,False,Libertarian,t5_2qh63,,0,[],
[],,ashehudson,,,[],,,,text,t2_i7em0,False,False,[],Ron Paul responding to a question about aliens during a presidential debate. He was the only one who got pissed off for being asked such a stupid question while every other person on stage tried to seriously answer the question.,,,,1627058050,{},h69kpd8,False,t3_oq4ats,False,False,t3_oq4ats,/r/Libertarian/comments/oq4ats/what_made_you_decide_to_become_libertarianshare/h69kpd8/,1627213573,2,True,False,Libertarian,t5_2qh63,,0,[],
[],,Thesaintsrule,,,[],,,,text,t2_bka1qzuo,False,False,[],Look at his foreigners comment before you mouth off. He has also done an ungodly amount of drugs but now is careful about his body,,,,1627058036,{},h69ko5k,False,t3_oq1g2v,False,True,t1_h69feeh,/r/Libertarian/comments/oq1g2v/eric_clapton_refuses_to_play_venues_requiring/h69ko5k/,1627213556,0,True,False,Libertarian,t5_2qh63,,0,[],
[],,EagenVegham,#f3c817,,"[{'e': 'text', 't': 'Left Libertarian'}]",a1c701c6-1d82-11e2-a5e0-12313b0ce1e2,Left Libertarian,dark,richtext,t2_bmfyu,False,False,[],"The fact that you go straight to dick chopping shows that you either know nothing about the topic or are hostilely ignorant.

1. Surgery is only done after months or years of treatment and isn;t even done by most trans people.

2. Surgery isn't done until you're either an adult or there are serious extenuating circumstances.",,,,1627058027,{},h69knho,False,t3_oq21g2,False,False,t1_h695xgw,/r/Libertarian/comments/oq21g2/federal_judges_are_blocking_state_antitrans_bills/h69knho/,1627213548,19,True,False,Libertarian,t5_2qh63,,0,[],
[],,parentheticalobject,,,[],,,,text,t2_gvlhx,False,False,[],"If you've been paying even the slightest bit of attention to court cases related to the 5th amendment over the past few decades, nothing about this case is remotely surprising. The process of chipping away at American civil rights is horrifying, but if you believe police couldn't have done this a few years ago, you haven't been paying attention.",,,,1627058018,{},h69kmnk,False,t3_opijvn,False,True,t1_h6684bl,/r/Libertarian/comments/opijvn/judge_forces_capitol_rioter_to_unlock_laptop/h69kmnk/,1627213537,1,True,False,Libertarian,t5_2qh63,,0,[],
[],,Xanxes0000,,,[],,,,text,t2_2rc9zyeu,False,False,[],"You say that with the assumption that they aren’t high-risk. You’d be wrong to assume that, even with the growing evidence that the delta variant seems to be worse for children than prior phases last year.",,,,1627058009,{},h69klvo,False,t3_oq0m1d,False,True,t1_h69ja5l,/r/Libertarian/comments/oq0m1d/alabama_gov_says_its_time_to_blame_unvaccinated/h69klvo/,1627213526,0,True,False,Libertarian,t5_2qh63,,0,[],
[],,UncleDanko,,,[],,,,text,t2_122oqi,False,False,[],yes in a sarcastic way.. i need to add /s,,,,1627058000,{},h69kl4q,False,t3_oq0m1d,False,False,t1_h69jnhe,/r/Libertarian/comments/oq0m1d/alabama_gov_says_its_time_to_blame_unvaccinated/h69kl4q/,1627213516,4,True,False,Libertarian,t5_2qh63,,0,[],
[],,arepas_deliciosas,,,[],,,,text,t2_56acwfoo,False,False,[],Damn that is pretty racist,,,,1627057994,{},h69kknr,False,t3_oq1g2v,False,True,t1_h69in0o,/r/Libertarian/comments/oq1g2v/eric_clapton_refuses_to_play_venues_requiring/h69kknr/,1627213510,1,True,False,Libertarian,t5_2qh63,,0,[],
[],,4xTHESPEED,,,[],,,,text,t2_7ehm1,False,False,[],"actually they are not a unicorn

there are reasonable balanced thinking people far and wide

on reddit they may be a unicorn and perhaps thats a sign for you",,,,1627057991,{},h69kkfb,False,t3_oq0m1d,False,False,t1_h6945hg,/r/Libertarian/comments/oq0m1d/alabama_gov_says_its_time_to_blame_unvaccinated/h69kkfb/,1627213507,9,True,False,Libertarian,t5_2qh63,,0,[],
[],,hashish2020,,,[],,,,text,t2_339ypu44,False,False,[],Can you explain the rise in all cause death rates?,,,,1627057971,{},h69kipt,False,t3_oq0m1d,False,True,t1_h69jd2z,/r/Libertarian/comments/oq0m1d/alabama_gov_says_its_time_to_blame_unvaccinated/h69kipt/,1627213484,2,True,False,Libertarian,t5_2qh63,,0,[],
