all_awardings,associated_award,author,author_flair_background_color,author_flair_css_class,author_flair_richtext,author_flair_template_id,author_flair_text,author_flair_text_color,author_flair_type,author_fullname,author_patreon_flair,author_premium,awarders,body,collapsed_because_crowd_control,created_utc,gildings,id,is_submitter,link_id,locked,no_follow,parent_id,permalink,retrieved_on,score,send_replies,stickied,subreddit,subreddit_id,top_awarded_type,total_awards_received,treatment_tags,edited
[],,technocal,,,[],,,,text,t2_r7256,False,False,[],"OP never asked if it was appropriate. Not in their original post. Not in this thread of comments. It's just plain not there, but that doesn't really even matter. If it was ineffective, it would by definition be inappropriate. How can policy be appropriate if it doesn't even work? 

Seriously, what the hell are you talking about?",,1596585594,{},g0e481a,False,t3_i3k3wz,False,True,t1_g0dzva4,/r/Libertarian/comments/i3k3wz/a_discussion_the_death_penalty/g0e481a/,1596595938,1,True,False,Libertarian,t5_2qh63,,0,[],
[],,Zskills,,,[],,,,text,t2_r4ud4,False,False,[],https://www.reddit.com/r/Conservative/comments/i3ozke/this_is_the_cognitive_test_trump_didnt_pass/?utm_medium=android_app&amp;utm_source=share,,1596585594,{},g0e480j,False,t3_i3kgbq,False,True,t1_g0cndy2,/r/Libertarian/comments/i3kgbq/axios_on_hbo_president_trump_exclusive_interview/g0e480j/,1596595938,1,True,False,Libertarian,t5_2qh63,,0,[],
[],,rolfcm106,,,[],,,,text,t2_48knm,False,False,[],That an entire interview Trump looks like Swan is about to pass him a foot ball.,,1596585542,{},g0e44m4,False,t3_i3kgbq,False,True,t3_i3kgbq,/r/Libertarian/comments/i3kgbq/axios_on_hbo_president_trump_exclusive_interview/g0e44m4/,1596595886,1,True,False,Libertarian,t5_2qh63,,0,[],
[],,carnagebestvillain,,,[],,,,text,t2_5kl6qfuj,False,False,[],"Hey look, even the authoritarians are easing up!",,1596585502,{},g0e4227,False,t3_i3ubqv,False,True,t1_g0e3jma,/r/Libertarian/comments/i3ubqv/germany_debates_curbing_freedom_of_assembly_after/g0e4227/,1596595848,1,True,False,Libertarian,t5_2qh63,,0,[],
[],,SpaceRanger_89,#f3c817,,"[{'e': 'text', 't': 'Classical Liberal'}]",935e414a-2653-11e9-8c33-0ecdc7f490da,Classical Liberal,dark,richtext,t2_5rwrn4dt,False,False,[],"I can give you that to some degree, but the same cannot be said for California where not only are we developing further and further out, but also no longer doing controlled burns to take out the underbrush.",,1596585498,{},g0e41t1,False,t3_i3u5ny,False,True,t1_g0e0noa,/r/Libertarian/comments/i3u5ny/discussion_topic_fema_is_a_subsidization_of_the/g0e41t1/,1596595844,1,True,False,Libertarian,t5_2qh63,,0,[],
[],,justaddtheslashS,,,[],,,,text,t2_4epjyszc,False,False,[],Worse than muppets.,,1596585470,{},g0e3zyk,False,t3_i3s57y,False,True,t1_g0dnfv4,/r/Libertarian/comments/i3s57y/any_thoughts_on_sean_hannitys_new_book_live_free/g0e3zyk/,1596595815,1,True,False,Libertarian,t5_2qh63,,0,[],
[],,_Stained_Class,,,[],,,,text,t2_oxn0ms0,False,False,[],Of course. Biden is the establishment candidate supported by big money corporations and fed to sheep by legacy media. They’re gonna handle him with kid gloves. The only time Biden will really be grilled is when he goes one on one with Trump on a debate stage (rip to all of you who think JoJo will be there).,,1596585469,{},g0e3zy2,False,t3_i3kgbq,False,True,t1_g0dst3b,/r/Libertarian/comments/i3kgbq/axios_on_hbo_president_trump_exclusive_interview/g0e3zy2/,1596595815,1,True,False,Libertarian,t5_2qh63,,0,[],
[],,PhotorazonCannon,,,[],,,,text,t2_6t9nh,False,False,[],Aka the *Lumpenproletariat*,,1596585459,{},g0e3za9,False,t3_i3kgbq,False,True,t1_g0c5gcf,/r/Libertarian/comments/i3kgbq/axios_on_hbo_president_trump_exclusive_interview/g0e3za9/,1596595804,1,True,False,Libertarian,t5_2qh63,,0,[],
[],,DanskMemer3,,,[],,,,text,t2_3kfr0on,False,False,[],This is like me trying to explain to my grandpa why when showing me how to do somthing he should not do it for me,,1596585458,{},g0e3z7u,False,t3_i3kgbq,False,True,t3_i3kgbq,/r/Libertarian/comments/i3kgbq/axios_on_hbo_president_trump_exclusive_interview/g0e3z7u/,1596595803,1,True,False,Libertarian,t5_2qh63,,0,[],
[],,cambeiu,,,[],,,,text,t2_rj31v,False,False,[],"Yes. But my point is that they don't care how incompetent, uncaring, immoral, dishonest and corrupt he is. They know very well that he is all of those things. But that is how they justify it and no amount of argument will convince them otherwise.",,1596585441,{},g0e3y6l,True,t3_i3ucvz,False,True,t1_g0e348h,/r/Libertarian/comments/i3ucvz/this_is_how_conservatives_justify_to_themselves/g0e3y6l/,1596595787,1,True,False,Libertarian,t5_2qh63,,0,[],
[],,SpaceRanger_89,#f3c817,,"[{'e': 'text', 't': 'Classical Liberal'}]",935e414a-2653-11e9-8c33-0ecdc7f490da,Classical Liberal,dark,richtext,t2_5rwrn4dt,False,False,[],"Yeah Oklahoma City and Tulsa are about it in the classic sense. Although over the last 5-10 years it seems like tornado alley has shifted southeast a few hundred miles into northern Alabama. Growing up we lived in the Kansas City area, but the entirety of my parents’ families lived in Southwest Missouri. So it seemed like we were down there several times a summer helping with recovery for much of my childhood and then it just stopped abruptly around the time I left for college.",,1596585439,{},g0e3y25,False,t3_i3u5ny,False,True,t1_g0e3g92,/r/Libertarian/comments/i3u5ny/discussion_topic_fema_is_a_subsidization_of_the/g0e3y25/,1596595785,1,True,False,Libertarian,t5_2qh63,,0,[],
[],,CyTheGreatest,,,[],,,,text,t2_5qi9mvs4,False,False,[],It’s become socially acceptable for government to support a failing corporation but not a failing family,,1596585437,{},g0e3xxh,False,t3_i3jrbx,False,True,t1_g0cpmn1,/r/Libertarian/comments/i3jrbx/teddy_roosevelt/g0e3xxh/,1596595784,1,True,False,Libertarian,t5_2qh63,,0,[],
[],,HonkinSriLankan,,,[],,,,text,t2_1mlnsace,False,False,[],"Isn’t the whole point of FEMA to help people recover from emergency situations like hurricanes, fires, floods, earthquakes etc etc 

Seems odd to only use hurricanes as your metric to measure FEMA’s value.",,1596585409,{},g0e3w6u,False,t3_i3u5ny,False,True,t3_i3u5ny,/r/Libertarian/comments/i3u5ny/discussion_topic_fema_is_a_subsidization_of_the/g0e3w6u/,1596595757,1,True,False,Libertarian,t5_2qh63,,0,[],
[],,Ghostking17,,,[],,,,text,t2_3d3txgwx,False,False,[],Agreed but it is still violence. Justified violence is still violence.,,1596585400,{},g0e3vlz,False,t3_i3tclr,False,True,t1_g0e2ue2,/r/Libertarian/comments/i3tclr/do_you_consider_yourself_a_libertarian_take_the/g0e3vlz/,1596595748,1,True,False,Libertarian,t5_2qh63,,0,[],1596594904.0
[],,statueofliberty3,,,[],,,,text,t2_6jl5jy7i,False,False,[],What can the government do outside of fine or incarcerate?  Which neither of those need to be used to enforce a bandana over your mouth.  That’s insanity.,,1596585393,{},g0e3v79,False,t3_i3sdz9,False,True,t1_g0e2nxi,/r/Libertarian/comments/i3sdz9/for_discussion_14_covid19_residents_refuse_to/g0e3v79/,1596595742,1,True,False,Libertarian,t5_2qh63,,0,[],
[],,RunSleepJeepEat,,,[],,,,text,t2_3kjvuuzg,False,False,[],"This has become my new metric when I get concerned about my weight... compared to the world, like, the literal planet, I’m doing great!",,1596585372,{},g0e3tv8,False,t3_i3kgbq,False,True,t1_g0cv9le,/r/Libertarian/comments/i3kgbq/axios_on_hbo_president_trump_exclusive_interview/g0e3tv8/,1596595723,1,True,False,Libertarian,t5_2qh63,,0,[],
[],,ThisIsPermanent,,,[],,,,text,t2_bfxyi,False,False,[],"See that’s the type of generalization that this sub (I hope) doesn’t stand for. If you said republican, you’d have an argument but saying anyone who holds conservative beliefs is an asshole is ridiculous.",,1596585368,{},g0e3tks,False,t3_i3kgbq,False,True,t1_g0dy74w,/r/Libertarian/comments/i3kgbq/axios_on_hbo_president_trump_exclusive_interview/g0e3tks/,1596595719,1,True,False,Libertarian,t5_2qh63,,0,[],
[],,CharlestonChewbacca,#f3c817,,"[{'e': 'text', 't': 'friedmanite'}]",aa1b5448-1cf2-11e2-9be0-12313d14a568,friedmanite,dark,richtext,t2_6l9bm,False,False,[],"Americans very much like liberals. They don't like leftists, Democrats, socialists, etc",,1596585356,{},g0e3sv3,False,t3_i3kgbq,False,True,t1_g0c2hoe,/r/Libertarian/comments/i3kgbq/axios_on_hbo_president_trump_exclusive_interview/g0e3sv3/,1596595708,1,True,False,Libertarian,t5_2qh63,,0,[],
[],,freedom-to-be-me,,,[],,,,text,t2_2wz92csi,False,False,[],"If you think this is an “emergency” five months later, you’re gonna love what they do with these new found powers for every future “emergency”.",,1596585319,{},g0e3qih,False,t3_i3sdz9,False,True,t1_g0e2ve3,/r/Libertarian/comments/i3sdz9/for_discussion_14_covid19_residents_refuse_to/g0e3qih/,1596595674,1,True,False,Libertarian,t5_2qh63,,0,[],
[],,would_he_guthrie,,,[],,,,text,t2_4zzaxjrs,False,False,[],"True. I meant more as a class embodiment, not necessarily in terms of the dollars in his bank account (which, as you say, who knows how many there are). He’s a swindler, for sure.",,1596585315,{},g0e3qa1,False,t3_i3kgbq,False,True,t1_g0dy48j,/r/Libertarian/comments/i3kgbq/axios_on_hbo_president_trump_exclusive_interview/g0e3qa1/,1596595671,1,True,False,Libertarian,t5_2qh63,,0,[],
[],,xyti099,,,[],,,,text,t2_7bt967rc,False,False,[],"Those sorts of tests always bother me because they ask really abstract questions, but the brass tacks of real life are more complex.

I agree your phrasing of the question is better.",,1596585313,{},g0e3q4f,False,t3_i3tclr,False,True,t1_g0e394u,/r/Libertarian/comments/i3tclr/do_you_consider_yourself_a_libertarian_take_the/g0e3q4f/,1596595669,1,True,False,Libertarian,t5_2qh63,,0,[],
[],,ChefMikeDFW,#f3c817,,"[{'e': 'text', 't': 'Classical Liberal'}]",935e414a-2653-11e9-8c33-0ecdc7f490da,Classical Liberal,dark,richtext,t2_3unx4g8e,False,False,[],Okie dokie then. Got a source for this?,,1596585295,{},g0e3p08,False,t3_i3udgq,False,True,t1_g0e3k8m,/r/Libertarian/comments/i3udgq/i_still_had_to_go_to_high_school_during_h1n1/g0e3p08/,1596595653,1,True,False,Libertarian,t5_2qh63,,0,[],
[],,IEatLiquor,,,[],,,,text,t2_37ehnfzi,False,False,[],No - I went to public school. In California. In the 90s...there’s a SONG!?,,1596585293,{},g0e3ov4,False,t3_i3kgbq,False,True,t1_g0e2dby,/r/Libertarian/comments/i3kgbq/axios_on_hbo_president_trump_exclusive_interview/g0e3ov4/,1596595651,1,True,False,Libertarian,t5_2qh63,,0,[],
[],,3720-to-1,,,[],,,,text,t2_cdjn1,False,False,[],"Let me ask you this, two fold. 1st: is there a situation where you would condone the use of executive power to act in a emergency? And 2nd: do you think that the legislative process is/can be fast enough to adequately respond to another pandemic type emergency in the future?",,1596585279,{},g0e3o0f,True,t3_i3sdz9,False,True,t1_g0e1p8p,/r/Libertarian/comments/i3sdz9/for_discussion_14_covid19_residents_refuse_to/g0e3o0f/,1596595637,1,True,False,Libertarian,t5_2qh63,,0,[],
[],,NemosGhost,,,[],,,,text,t2_3827zdyu,False,False,[],"I imagine those people who's lives were saved by them feel differently.  I'm not Catholic or even Christian so I won't defend them on the other points other than to say, they don't turn away patients for being gay.  They won't perform abortions or gender reassignments, but they will still give necessary care to anyone.",,1596585277,{},g0e3nst,False,t3_i3jc44,False,True,t1_g0e2tsj,/r/Libertarian/comments/i3jc44/your_tax_dollars_are_going_towards_supporting/g0e3nst/,1596595634,1,True,False,Libertarian,t5_2qh63,,0,[],
[],,GenZ2002,,,[],,,,text,t2_577tpiq3,False,False,[],It was more anarchist no laws at all basically. But yeah as close as you can get,,1596585245,{},g0e3ltl,False,t3_i3um8p,False,True,t3_i3um8p,/r/Libertarian/comments/i3um8p/libertarian_city/g0e3ltl/,1596595605,1,True,False,Libertarian,t5_2qh63,,0,[],
[],,JeepNaked,#f3c817,,"[{'e': 'text', 't': 'Anarchist'}]",a1c701c6-1d82-11e2-a5e0-12313b0ce1e2,Anarchist,dark,richtext,t2_qb0km,False,False,[],Well hopefully we don't get Biden. I hate him a lot.,,1596585239,{},g0e3lfa,False,t3_i347o7,False,True,t1_g0e2sq9,/r/Libertarian/comments/i347o7/dear_trump_and_biden_supporters/g0e3lfa/,1596595599,1,True,False,Libertarian,t5_2qh63,,0,[],
[],,kaz9494,,,[],,,,text,t2_7astthv4,False,False,[],Why do they have to fake numbers if it’s so contagious I literally wheeled covid patients to their cars without a mask on when I worked security at hospital never got none of my friends no one at the hospital got it they let covid patients sit in the er waiting room lol no spread,,1596585220,{},g0e3k8m,False,t3_i3udgq,False,True,t1_g0e283e,/r/Libertarian/comments/i3udgq/i_still_had_to_go_to_high_school_during_h1n1/g0e3k8m/,1596595581,1,True,False,Libertarian,t5_2qh63,,0,[],
[],,BIG_BEANS_BOY,,,[],,,,text,t2_6z5t1l1h,False,False,[],Never knew that part.,,1596585219,{},g0e3k5y,False,t3_i3kgbq,False,True,t1_g0e3a3j,/r/Libertarian/comments/i3kgbq/axios_on_hbo_president_trump_exclusive_interview/g0e3k5y/,1596595580,1,True,False,Libertarian,t5_2qh63,,0,[],
[],,MeatsimN64,#f3c817,,"[{'e': 'text', 't': 'Black Lives Matter'}]",a1c701c6-1d82-11e2-a5e0-12313b0ce1e2,Black Lives Matter,dark,richtext,t2_11x36yiq,False,False,[],"If you maintain basic standards to mitigate the spread of covid 19 like distancing, cleaning surfaces, and wearing masks go ahead.",,1596585210,{},g0e3jma,False,t3_i3ubqv,False,True,t1_g0e3c08,/r/Libertarian/comments/i3ubqv/germany_debates_curbing_freedom_of_assembly_after/g0e3jma/,1596595572,1,True,False,Libertarian,t5_2qh63,,0,[],
[],,Oriden,,,[],,,,text,t2_5c3i5,False,False,[],"I skipped China because China isn't exactly a good example of a Government functioning for the people. That's why they can get away with a lower number, because they are way down ranked at 93rd for World Happiness. They ignore a bunch of things that would require more Government workers to implement. 

I did answer your question, Yes it takes 9.1 Million people to run the Government for 328 Million Americans. Why? Because you need  a bunch of Judges, Clerks, Social Workers, IRS accountants, Etc. to run a Government. The Majority of the Federal Workforce is Military related, I'd be happy to shrink that a bit, but I'm sure some other departments could use more people. That 9.1 Million includes contractors and enlisted as well, I'm not sure if your numbers for the other countries had those added in. 

You keep asking why, but you also have been sidestepping the how the Government runs on the 264 Billion left after Jo cuts 92% of tax income. Going to dump the majority of those 9 Million directly into the unemployment line that no longer exists because it doesn't fit in the budget?",,1596585207,{},g0e3jfw,False,t3_i347o7,False,True,t1_g0e1qxv,/r/Libertarian/comments/i347o7/dear_trump_and_biden_supporters/g0e3jfw/,1596595569,1,True,False,Libertarian,t5_2qh63,,0,[],
[],,Brigadier_Bonobo,,,[],,,,text,t2_o49x1,False,False,[],Plenty of metropolis in the Midwest. Not that many in tornado Valley,,1596585157,{},g0e3g92,True,t3_i3u5ny,False,True,t1_g0e23ls,/r/Libertarian/comments/i3u5ny/discussion_topic_fema_is_a_subsidization_of_the/g0e3g92/,1596595523,1,True,False,Libertarian,t5_2qh63,,0,[],
[],,callmeheoheoheo,,,[],,,,text,t2_4rrw59q1,False,False,[],Trump talked so much about everything but somehow he didn’t not get a single point across nor answered any questions.,,1596585140,{},g0e3f73,False,t3_i3kgbq,False,True,t3_i3kgbq,/r/Libertarian/comments/i3kgbq/axios_on_hbo_president_trump_exclusive_interview/g0e3f73/,1596595507,1,True,False,Libertarian,t5_2qh63,,0,[],
[],,KayakHelen,,,[],,,,text,t2_3p615jnf,False,False,[],Wow! Just finished watching this entire interview. Kudos to Jonathan Swan for not running out of the room screaming that his hair is on fire.,,1596585113,{},g0e3dix,False,t3_i3kgbq,False,True,t3_i3kgbq,/r/Libertarian/comments/i3kgbq/axios_on_hbo_president_trump_exclusive_interview/g0e3dix/,1596595483,1,True,False,Libertarian,t5_2qh63,,0,[],
[],,carnagebestvillain,,,[],,,,text,t2_5kl6qfuj,False,False,[],"Great. I'm going to assemble inside my local private gym and make use of the facilities.

Free to, or not?",,1596585089,{},g0e3c08,False,t3_i3ubqv,False,True,t1_g0e39yf,/r/Libertarian/comments/i3ubqv/germany_debates_curbing_freedom_of_assembly_after/g0e3c08/,1596595459,1,True,False,Libertarian,t5_2qh63,,0,[],
[],,dnm314,#373c3f,,"[{'e': 'text', 't': 'Anarchist'}]",a8c9bc54-a6c7-11e9-b652-0e5542c49646,Anarchist,light,richtext,t2_4qb1sjut,False,False,[],*anarchist unity,,1596585064,{},g0e3afz,False,t3_i3r1ff,False,True,t3_i3r1ff,/r/Libertarian/comments/i3r1ff/libertarian_unity_or_right_unity_which_is_better/g0e3afz/,1596595435,1,True,False,Libertarian,t5_2qh63,,0,[],
[],,LouisSpamilton,,,[],,,,text,t2_6ovpz6ki,False,False,[],"Bezos got $425,000 (inflation adj from $250k in 1995) from his parents to start amazon. Anyone getting a $250,000 check from their parents in 2020 is rich. Nearly doubling that number just makes that rags to riches idea even more delusional.",,1596585059,{},g0e3a3j,False,t3_i3kgbq,False,True,t1_g0ct5xb,/r/Libertarian/comments/i3kgbq/axios_on_hbo_president_trump_exclusive_interview/g0e3a3j/,1596595430,1,True,False,Libertarian,t5_2qh63,,0,[],
[],,MeatsimN64,#f3c817,,"[{'e': 'text', 't': 'Black Lives Matter'}]",a1c701c6-1d82-11e2-a5e0-12313b0ce1e2,Black Lives Matter,dark,richtext,t2_11x36yiq,False,False,[],"You are perfectly free to assemble, wear a mask though please",,1596585057,{},g0e39yf,False,t3_i3ubqv,False,True,t1_g0e35a8,/r/Libertarian/comments/i3ubqv/germany_debates_curbing_freedom_of_assembly_after/g0e39yf/,1596595429,1,True,False,Libertarian,t5_2qh63,,0,[],
[],,bhknb,#f3c817,,"[{'e': 'text', 't': '#StayInYourPen #ObeyYourShepherds'}]",a1c701c6-1d82-11e2-a5e0-12313b0ce1e2,#StayInYourPen #ObeyYourShepherds,dark,richtext,t2_9fh7t,False,False,[],"That's a fair assessment. The first question might do best as ""I would use force to protect myself, my property, or the life or property of another from an imminent threat.""",,1596585044,{},g0e394u,True,t3_i3tclr,False,True,t1_g0dzu9h,/r/Libertarian/comments/i3tclr/do_you_consider_yourself_a_libertarian_take_the/g0e394u/,1596595416,1,True,False,Libertarian,t5_2qh63,,0,[],
[],,EconomyHope7,,,[],,,,text,t2_4dsvbj96,False,False,[],Certainly agree on this. This is why we need Jorgensen,,1596585041,{},g0e38zn,False,t3_i3u14n,False,True,t3_i3u14n,/r/Libertarian/comments/i3u14n/just_because_media_dies_down_and_hashtags_drop/g0e38zn/,1596595414,1,True,False,Libertarian,t5_2qh63,,0,[],
[],,NemosGhost,,,[],,,,text,t2_3827zdyu,False,False,[],"Follow the links then.  the data is verifiable fact.  Or just do your own search there are other sources.  Washington Post is one of them, but it only allows you to read a few articles before paying.",,1596585028,{},g0e386k,False,t3_i347o7,False,True,t1_g0e2uh4,/r/Libertarian/comments/i347o7/dear_trump_and_biden_supporters/g0e386k/,1596595401,1,True,False,Libertarian,t5_2qh63,,0,[],
[],,Terr_,#f3c817,,"[{'e': 'text', 't': 'Crypto-Pragmatist'}]",a1c701c6-1d82-11e2-a5e0-12313b0ce1e2,Crypto-Pragmatist,dark,richtext,t2_3wkmu,False,False,[],"I'd be careful not to confuse ""altered priorities for an unusual situation"" with ""any old rules were totally pointless.""

If the aliens saucers invade, people might allow the missile-factory to dump its mild carcinogens straight into the river, however that doesn't mean the prohibition was pointless or that we won't want it back later.",,1596585019,{},g0e37jw,False,t3_i3qs8r,False,True,t1_g0dt8c2,/r/Libertarian/comments/i3qs8r/let_us_drink_in_public_open_container_laws/g0e37jw/,1596595393,1,True,False,Libertarian,t5_2qh63,,0,[],1596585782.0
[],,-Howdy-Partner-,#f3c817,,"[{'e': 'text', 't': 'Vote for Nobody'}]",ada2d32e-1cf3-11e2-b618-12313d168e98,Vote for Nobody,dark,richtext,t2_4rb9mtqk,False,False,[],Still an authoritarian so she can fuck off,,1596585018,{},g0e37he,False,t3_i3l564,False,True,t1_g0df46y,/r/Libertarian/comments/i3l564/thought_this_was_interesting_us_navy_esports/g0e37he/,1596595392,1,True,False,Libertarian,t5_2qh63,,0,[],
[],,Nic_Cage_DM,#f3c817,,"[{'e': 'text', 't': 'Austrian economics is voodoo mysticism'}]",a1c701c6-1d82-11e2-a5e0-12313b0ce1e2,Austrian economics is voodoo mysticism,dark,richtext,t2_pkfex,False,False,[],his moms father was a director of the AEC,,1596584996,{},g0e363l,False,t3_i3kgbq,False,True,t1_g0ct5xb,/r/Libertarian/comments/i3kgbq/axios_on_hbo_president_trump_exclusive_interview/g0e363l/,1596595372,1,True,False,Libertarian,t5_2qh63,,0,[],
[],,BoomSockNick,,,[],,,,text,t2_4q0nxo6p,False,False,[],"Extremely disingenuous title and content. He hired several hitmen to kill people on three separate occasions. Granted, he was being scammed and fucked with by the FBI and his own vendors, but to the best of his knowledge he ordered 3 people to die because they were a liability to his business.",,1596584996,{},g0e362m,False,t3_i3q9t6,False,True,t3_i3q9t6,/r/Libertarian/comments/i3q9t6/i_dont_know_about_you_but_giving_someone_double/g0e362m/,1596595371,1,True,False,Libertarian,t5_2qh63,,0,[],
[],,orygunmane,,,[],,,,text,t2_p20re,False,False,[],The MAGAts show up first to make excuses for everything he says.,,1596584989,{},g0e35lp,False,t3_i3kgbq,False,False,t1_g0e1lmr,/r/Libertarian/comments/i3kgbq/axios_on_hbo_president_trump_exclusive_interview/g0e35lp/,1596595364,1,True,False,Libertarian,t5_2qh63,,0,[],
[],,SpyingFuzzball,#f3c817,,"[{'e': 'text', 't': '$22 Trillion'}]",a1c701c6-1d82-11e2-a5e0-12313b0ce1e2,$22 Trillion,dark,richtext,t2_12sniz,False,False,[],"Well if he just sat down in the cruiser instead of kicking his way out of it and then asking to be put on the ground, he'd probably be alive.",,1596584987,{},g0e35hb,False,t3_i398jx,False,True,t1_g0e2yok,/r/Libertarian/comments/i398jx/exclusive_police_bodycam_footage_shows/g0e35hb/,1596595363,1,True,False,Libertarian,t5_2qh63,,0,[],
[],,carnagebestvillain,,,[],,,,text,t2_5kl6qfuj,False,False,[],"Freedom of speech? No. Freedom of assembly.

100% a question of that. Nonsense youre arguing otherwise, but youre one of the resident authoritarians so no surprise!",,1596584983,{},g0e35a8,False,t3_i3ubqv,False,True,t1_g0e1zte,/r/Libertarian/comments/i3ubqv/germany_debates_curbing_freedom_of_assembly_after/g0e35a8/,1596595360,1,True,False,Libertarian,t5_2qh63,,0,[],
[],,3720-to-1,,,[],,,,text,t2_cdjn1,False,False,[],"You realize that there is a level of power the state must be given EVEN in the libertarian model, right?",,1596584970,{},g0e34fs,True,t3_i3sdz9,False,True,t1_g0dyjhi,/r/Libertarian/comments/i3sdz9/for_discussion_14_covid19_residents_refuse_to/g0e34fs/,1596595347,1,True,False,Libertarian,t5_2qh63,,0,[],
[],,xyti099,,,[],,,,text,t2_7bt967rc,False,False,[],"Sure.

But like most right wing rhetoric when you strip away the high minded language its nothing but ""Lazy Hispanics took my job, my Lesbian boss at my last work wrote me up for incompetence and the Muslim next door has a pretty white wife.""

They want a tough guy to beat those three people up.",,1596584967,{},g0e348h,False,t3_i3ucvz,False,True,t3_i3ucvz,/r/Libertarian/comments/i3ucvz/this_is_how_conservatives_justify_to_themselves/g0e348h/,1596595344,1,True,False,Libertarian,t5_2qh63,,0,[],
[],,3720-To-One,#f3c817,,"[{'e': 'text', 't': 'Anti-Republican'}]",a1c701c6-1d82-11e2-a5e0-12313b0ce1e2,Anti-Republican,dark,richtext,t2_3yvv5m5h,False,False,[],"I’m not a libertarian.

But neither are you. ;)",,1596584966,{},g0e3452,True,t3_i3jc44,False,True,t1_g0dtgie,/r/Libertarian/comments/i3jc44/your_tax_dollars_are_going_towards_supporting/g0e3452/,1596595343,1,True,False,Libertarian,t5_2qh63,,0,[],
[],,bhknb,#f3c817,,"[{'e': 'text', 't': '#StayInYourPen #ObeyYourShepherds'}]",a1c701c6-1d82-11e2-a5e0-12313b0ce1e2,#StayInYourPen #ObeyYourShepherds,dark,richtext,t2_9fh7t,False,False,[],"it's not a test of whether or not you are a libertarian, it's a question of whether or not your principles and morals, in terms of political interaction, are consistent.",,1596584934,{},g0e3240,True,t3_i3tclr,False,True,t1_g0dzug9,/r/Libertarian/comments/i3tclr/do_you_consider_yourself_a_libertarian_take_the/g0e3240/,1596595312,1,True,False,Libertarian,t5_2qh63,,0,[],
[],,ObiShaneKenobi,,,[],,,,text,t2_crp4e,False,False,[],"""Two weeks, it will be out when we unveil our new health care plan and start Infrastructure Week!""",,1596584917,{},g0e310l,False,t3_i3kgbq,False,True,t1_g0cr6ll,/r/Libertarian/comments/i3kgbq/axios_on_hbo_president_trump_exclusive_interview/g0e310l/,1596595297,1,True,False,Libertarian,t5_2qh63,,0,[],
[],,taxationistheft1984,,,[],,,,text,t2_5dtupplk,False,False,[],End taxation.,,1596584904,{},g0e3048,False,t3_i3u14n,False,True,t3_i3u14n,/r/Libertarian/comments/i3u14n/just_because_media_dies_down_and_hashtags_drop/g0e3048/,1596595285,1,True,False,Libertarian,t5_2qh63,,0,[],
[],,Middlemost01,,,[],,,,text,t2_33f5v5ij,False,False,[],Every citizen should be able to verbally question the police and not have that considered resisting arrest. If he moved quickly they might shoot him. If he didn't move correctly they might shoot him. Moving slowly and intentionally is the only possibility to survive and they killed him after that anyways.,,1596584881,{},g0e2yok,False,t3_i398jx,False,True,t1_g0a3sgw,/r/Libertarian/comments/i398jx/exclusive_police_bodycam_footage_shows/g0e2yok/,1596595262,1,True,False,Libertarian,t5_2qh63,,0,[],
[],,bag-o-flesh,,,[],,,,text,t2_7czjglkh,False,False,[],I think it's more like he's a billionaire and he genuinely liked Epstein and Maxwell and he doesn't give a shit about the child rape,,1596584878,{},g0e2yff,False,t3_i3jru4,False,True,t1_g0cm7x7,/r/Libertarian/comments/i3jru4/trump_says_jeffrey_epstein_may_have_been_murdered/g0e2yff/,1596595258,1,True,False,Libertarian,t5_2qh63,,0,[],
[],,HohlraumHe3,,,[],,,,text,t2_zo3lt,False,False,[],"&gt;Hey, well my grandfather’s father worked in banking. Frankly, it’s an easy business to own. It’s been self-sustaining and passed down since. My father goes to a board meeting once a quarter. It brings in ~$1,000,000 a year. I’m also an only child.

Good for you. 

&gt;Why do you think I’m a Libertarian?

I don't think you are. You appear to be one of the many socialists that infest this sub.",,1596584835,{},g0e2vnt,False,t3_i347o7,False,True,t1_g0e2pax,/r/Libertarian/comments/i347o7/dear_trump_and_biden_supporters/g0e2vnt/,1596595217,1,True,False,Libertarian,t5_2qh63,,0,[],
[],,3720-to-1,,,[],,,,text,t2_cdjn1,False,False,[],"Executive emergency powers were created, constitutionally even, for this specific type of emergency, unlike that 47393382930 other things our executives love using them for.",,1596584830,{},g0e2ve3,True,t3_i3sdz9,False,True,t1_g0e1p8p,/r/Libertarian/comments/i3sdz9/for_discussion_14_covid19_residents_refuse_to/g0e2ve3/,1596595213,1,True,False,Libertarian,t5_2qh63,,0,[],
[],,Papa_Fatsack,,,[],,,,text,t2_xcoef,False,False,[],"A biased source, like yours, will quite literally change data and misrepresent facts.",,1596584817,{},g0e2uh4,False,t3_i347o7,False,True,t1_g0dvo43,/r/Libertarian/comments/i347o7/dear_trump_and_biden_supporters/g0e2uh4/,1596595200,1,True,False,Libertarian,t5_2qh63,,0,[],
[],,bhknb,#f3c817,,"[{'e': 'text', 't': '#StayInYourPen #ObeyYourShepherds'}]",a1c701c6-1d82-11e2-a5e0-12313b0ce1e2,#StayInYourPen #ObeyYourShepherds,dark,richtext,t2_9fh7t,False,False,[],That's not considered coercion/aggressive as it's a response to aggression/coercion. It's defense.,,1596584815,{},g0e2ue2,True,t3_i3tclr,False,True,t1_g0dz206,/r/Libertarian/comments/i3tclr/do_you_consider_yourself_a_libertarian_take_the/g0e2ue2/,1596595198,1,True,False,Libertarian,t5_2qh63,,0,[],
[],,Brigadier_Bonobo,,,[],,,,text,t2_o49x1,False,False,[],"Agreed, a layer that needs to be added is one all of the disasters. 2 total money spent by fema by state per disaster type",,1596584814,{},g0e2u9g,True,t3_i3u5ny,False,True,t1_g0e1nqv,/r/Libertarian/comments/i3u5ny/discussion_topic_fema_is_a_subsidization_of_the/g0e2u9g/,1596595196,1,True,False,Libertarian,t5_2qh63,,0,[],
[],,shrekstiny,,,[],,,,text,t2_3catalv9,False,False,[],"The real scary part is that his idiots believe it, just look anywhere where the right is talking about the Portland situation. 

""THIS IS WHAT YOU GET WHEN YOU RIOT FOR 60 DAYS"" actual quote from someone.",,1596584807,{},g0e2tsw,False,t3_i3kgbq,False,True,t1_g0ds9zv,/r/Libertarian/comments/i3kgbq/axios_on_hbo_president_trump_exclusive_interview/g0e2tsw/,1596595189,1,True,False,Libertarian,t5_2qh63,,0,[],
[],,3720-To-One,#f3c817,,"[{'e': 'text', 't': 'Anti-Republican'}]",a1c701c6-1d82-11e2-a5e0-12313b0ce1e2,Anti-Republican,dark,richtext,t2_3yvv5m5h,False,False,[],"“ The Catholic church operates the largest health care network in the world and much of it, if not most of it is dedicated to helping the needy.”

Yeah, as long as you aren’t LGBT.

And the Catholic Church also operates the world’s largest pedophile ring, so please forgive me for not putting their charity up on a pedestal.",,1596584806,{},g0e2tsj,True,t3_i3jc44,False,True,t1_g0dr2bd,/r/Libertarian/comments/i3jc44/your_tax_dollars_are_going_towards_supporting/g0e2tsj/,1596595189,1,True,False,Libertarian,t5_2qh63,,0,[],
[],,Myst3ryWhiteBoy,,,[],,,,text,t2_6c7fgemy,False,False,[],"Yeah, i truly don't give a fuck who you vote for.  I don't live in your country.  But you are exactly the fucking morons I am talking about.  Have fun with 4 more years if that shit.  Your country is a literal international joke and people like you are exactly the reason why",,1596584790,{},g0e2sq9,False,t3_i347o7,False,True,t1_g0e0kwz,/r/Libertarian/comments/i347o7/dear_trump_and_biden_supporters/g0e2sq9/,1596595173,1,True,False,Libertarian,t5_2qh63,,0,[],
[],,Iron_Polak,,,[],,,,text,t2_3y4xkt0o,False,False,[],"Asking questions leads to understanding, but you’re far from understanding, We both are. I bet you’ve been raised quite care-free. It appears to me that you ask your “brothers” (if you’re not black, don’t say that to anyone’s face) questions just to not feel guilty for being white. That isn’t understanding.

You know what takes 0 understanding? Calling someone a racist if they don’t agree with your movement is wrong and further wrenches the divide. Calling a black person an Uncle Tom is incorrect. It’s honestly quite an alienating thing to call someone of color simply because they don’t believe parts of the message.

Common decency requires 0 understanding.",,1596584789,{},g0e2smf,False,t3_i3j6kp,False,True,t1_g0e1e59,/r/Libertarian/comments/i3j6kp/iowa_libertarians_taking_sides_in_conflict/g0e2smf/,1596595171,1,True,False,Libertarian,t5_2qh63,,0,[],
[],,bhknb,#f3c817,,"[{'e': 'text', 't': '#StayInYourPen #ObeyYourShepherds'}]",a1c701c6-1d82-11e2-a5e0-12313b0ce1e2,#StayInYourPen #ObeyYourShepherds,dark,richtext,t2_9fh7t,False,False,[],"&gt; In that case government action would be moral within the scope of the consent given. In short, if you signed the contract (or the HOA agreement) then you are subject to its terms.

I recall it asking a similar question. However, from a libertarian perspective, you cannot contract away your unalienable rights (the very definition of unalienable.)",,1596584776,{},g0e2rs4,True,t3_i3tclr,False,True,t1_g0dwyy8,/r/Libertarian/comments/i3tclr/do_you_consider_yourself_a_libertarian_take_the/g0e2rs4/,1596595158,1,True,False,Libertarian,t5_2qh63,,0,[],
[],,skinbagsofmeat,#f3c817,,"[{'e': 'text', 't': 'Sonder'}]",a1c701c6-1d82-11e2-a5e0-12313b0ce1e2,Sonder,dark,richtext,t2_31ft2,False,False,[],Am I at a fucking clown circus?,,1596584771,{},g0e2rfz,False,t3_i3kgbq,False,True,t1_g0csxlj,/r/Libertarian/comments/i3kgbq/axios_on_hbo_president_trump_exclusive_interview/g0e2rfz/,1596595153,1,True,False,Libertarian,t5_2qh63,,0,[],
[],,fchowd0311,,,[],,,,text,t2_bypya,False,False,[],I just don't see how you can't think Biden is a drastic improvement unless you think having Trump at least makes people more politically concious in that he's so terrible that people start paying attention to things like corruption more.,,1596584757,{},g0e2qj8,False,t3_i3kgbq,False,True,t1_g0cbwyb,/r/Libertarian/comments/i3kgbq/axios_on_hbo_president_trump_exclusive_interview/g0e2qj8/,1596595140,1,True,False,Libertarian,t5_2qh63,,0,[],
[],,bag-o-flesh,,,[],,,,text,t2_7czjglkh,False,False,[],"""My administration's department of justice will take every precaution to ensure that justice is seen in this case""

v.

""She's my buddy and I hope she's ok""

&amp;#x200B;

You'd have to be Qanon to think that's what Trump meant",,1596584751,{},g0e2q4v,False,t3_i3jru4,False,True,t1_g0c8m9r,/r/Libertarian/comments/i3jru4/trump_says_jeffrey_epstein_may_have_been_murdered/g0e2q4v/,1596595134,1,True,False,Libertarian,t5_2qh63,,0,[],
[],,justaddtheslashS,,,[],,,,text,t2_4epjyszc,False,False,[],Yeah lol. Let's feel bad for the guys that killed an innocent woman.,,1596584751,{},g0e2q4r,False,t3_i3uilk,False,False,t1_g0e2bzb,/r/Libertarian/comments/i3uilk/louisvilles_top_cops_refuse_to_answer_questions/g0e2q4r/,1596595134,1,True,False,Libertarian,t5_2qh63,,0,[],
[],,MeatsimN64,#f3c817,,"[{'e': 'text', 't': 'Black Lives Matter'}]",a1c701c6-1d82-11e2-a5e0-12313b0ce1e2,Black Lives Matter,dark,richtext,t2_11x36yiq,False,False,[],"&gt; Not sure what questions there are to answer. 

I have one, can you walk us through the entire process and tell us where you feel errors occurred that ultimately resulted in an innocent person being killed by these police officers?

&gt;Must feel bad for those officers.

Why? They've expressed no remorse, admitted no wrong doing.  I feel bad for the victim, the women who's dead for no reason",,1596584748,{},g0e2pw2,True,t3_i3uilk,False,False,t1_g0e2bzb,/r/Libertarian/comments/i3uilk/louisvilles_top_cops_refuse_to_answer_questions/g0e2pw2/,1596595131,1,True,False,Libertarian,t5_2qh63,,0,[],
[],,TeetsMcGeets23,,,[],,,,text,t2_16smne,False,False,[],"Hey, well my grandfather’s father worked in banking. Frankly, it’s an easy business to own. It’s been self-sustaining and passed down since. My father goes to a board meeting once a quarter. It brings in ~$1,000,000 a year profit for him. I’m also an only child.

I won’t have to work for the rest of my life. 

Why do you think I’m a Libertarian?

Life’s not fair, is it?",,1596584739,{},g0e2pax,False,t3_i347o7,False,True,t1_g0e1vu4,/r/Libertarian/comments/i347o7/dear_trump_and_biden_supporters/g0e2pax/,1596595122,1,True,False,Libertarian,t5_2qh63,,0,[],
[],,marx2k,,,[],,,,text,t2_3fq7q,False,False,[],"At this point it really doesn't matter what the right is upset about. The right gets upset about anything orange man tells them to. The right doesn't care about the things orange man and company does that they were outraged at when Obama did. The right are collectively clowning themselves and have been for years. Any time I hear about the right being upset, I'm first assuming it's about the war on Christmas or having to wear a mask.

Fuck the right",,1596584726,{},g0e2ogq,False,t3_i3k8vi,False,True,t1_g0cd4ha,/r/Libertarian/comments/i3k8vi/many_americans_are_convinced_crime_is_rising_in/g0e2ogq/,1596595110,1,True,False,Libertarian,t5_2qh63,,0,[],
[],,3720-to-1,,,[],,,,text,t2_cdjn1,False,False,[],"Perfectly stated, which is why this becomes a government problem to be solved. Just like in the sense of drunk driving, wreckless driving, firing a gun in the middle of town (without proper range safety equipment, of course). People have varying levels of value on life and safety, but that shouldn't mean they can put my life in danger because of their lowered inhabitions for it.",,1596584718,{},g0e2nxi,True,t3_i3sdz9,False,True,t1_g0e19bx,/r/Libertarian/comments/i3sdz9/for_discussion_14_covid19_residents_refuse_to/g0e2nxi/,1596595101,1,True,False,Libertarian,t5_2qh63,,0,[],
[],,RedoubtFailure,,,[],,,,text,t2_kg69jhg,False,False,[],Sigh. He has been making jokes you lunatic.,,1596584716,{},g0e2nt1,False,t3_i3jru4,False,True,t1_g0e262m,/r/Libertarian/comments/i3jru4/trump_says_jeffrey_epstein_may_have_been_murdered/g0e2nt1/,1596595099,1,True,False,Libertarian,t5_2qh63,,0,[],
[],,realjohnnygalecki,,,[],,,,text,t2_6h10e7rn,False,False,[],Did you even read the article? They were being questioned on their response to it not what happened in the first place.,,1596584705,{},g0e2n2r,False,t3_i3uilk,False,True,t1_g0e2bzb,/r/Libertarian/comments/i3uilk/louisvilles_top_cops_refuse_to_answer_questions/g0e2n2r/,1596595088,1,True,False,Libertarian,t5_2qh63,,0,[],
[],,hell_inna_bucket,,,[],,,,text,t2_713unekz,False,False,[],How’s that?,,1596584700,{},g0e2mtr,False,t3_i3k6qd,False,True,t1_g0dpum7,/r/Libertarian/comments/i3k6qd/history_does_repeat_itself_the_mask_slackers_of/g0e2mtr/,1596595085,1,True,False,Libertarian,t5_2qh63,,0,[],
[],,FocusAggravating,,,[],,,,text,t2_71a3e40p,False,False,[],Dear JoJo supporters: HAHAHAHAHAHAHAHAHAHAHAHA,,1596584681,{},g0e2lm6,False,t3_i347o7,False,True,t3_i347o7,/r/Libertarian/comments/i347o7/dear_trump_and_biden_supporters/g0e2lm6/,1596595067,1,True,False,Libertarian,t5_2qh63,,0,[],
[],,NemosGhost,,,[],,,,text,t2_3827zdyu,False,False,[],Whatever dude.  You must be living in your own private Idaho to think refusing diplomacy is doing everything to avoid conflict.,,1596584672,{},g0e2l1j,False,t3_i3krz7,False,True,t1_g0e135r,/r/Libertarian/comments/i3krz7/are_10th_amendment_libertarians_a_thing/g0e2l1j/,1596595058,1,True,False,Libertarian,t5_2qh63,,0,[],
[],,VorpeHd,#f3c817,,"[{'e': 'text', 't': 'Right Libertarian'}]",b016ca8a-1cf2-11e2-97d4-12313b088941,Right Libertarian,dark,richtext,t2_xlzuu,False,False,[],"There are very concerning and valid examples of Biden's rapid cognitive decline. _""you know, you- the thing""_ being an unbelievable example. Trump is the same way, but unlike Biden he's overweight and has Alzheimer's in his genes. Least with Biden we won't gave to get Pence when POTUS is deemed unfit to run the country. There's still the issue of Joe's suspiciously pedophilic comments and sexually charged behavior, on camera at rallies.",,1596584663,{},g0e2kgb,False,t3_i3kgbq,False,True,t1_g0d8zxz,/r/Libertarian/comments/i3kgbq/axios_on_hbo_president_trump_exclusive_interview/g0e2kgb/,1596595050,1,True,False,Libertarian,t5_2qh63,,0,[],
[],,ChefMikeDFW,#f3c817,,"[{'e': 'text', 't': 'Classical Liberal'}]",935e414a-2653-11e9-8c33-0ecdc7f490da,Classical Liberal,dark,richtext,t2_3unx4g8e,False,False,[],"Talk about one huge red herring, especially when it ignores exactly who Trump is as both a person and as a leader.

He's not rude and crude; he's an f-en liar.",,1596584597,{},g0e2g87,False,t3_i3ucvz,False,True,t3_i3ucvz,/r/Libertarian/comments/i3ucvz/this_is_how_conservatives_justify_to_themselves/g0e2g87/,1596594988,1,True,False,Libertarian,t5_2qh63,,0,[],
[],,space-invader12,,,[],,,,text,t2_68oky5pb,False,False,[],Why,,1596584567,{},g0e2e6t,False,t3_i3ucvz,False,True,t3_i3ucvz,/r/Libertarian/comments/i3ucvz/this_is_how_conservatives_justify_to_themselves/g0e2e6t/,1596594958,1,True,False,Libertarian,t5_2qh63,,0,[],
[],,Effotless,#f3c817,,"[{'e': 'text', 't': 'Objectivist'}]",652e3d96-1cf2-11e2-978d-12313b088941,Objectivist,dark,richtext,t2_24kusp4h,False,False,[],"&gt;How does the imprisoned person pay for it? Slavery? Forced labor? 

The relationship between the prison owner and the prisoner is not my business. What I would expect is something similar to indentured servitude or someone can take out a loan. Signing a contract of indentured servitude and choosing not to work is a breech of contract.

Honestly, for non-violent crimes I don't see why someone can't just go to a hotel with an ankle bracelet and continue to work on a laptop.

&gt;How is the value of their labor decided.

Market forces.

&gt;Why should a prion be private?

Because markets work.

&gt;No one person/company/organization should derive any benefit from a person's imprisonment.

""No one person/company/organization should derive any benefit from a person's blindness"" thus glasses should be free, ""... starvation"" thus food should be free etc.

Also literally any prison guard private or public makes a benefit from a person's imprisonment. Should only volunteers work and manage prisons?

Imprisonment is not a claim you can take on society, it is punishment. Society will exclude you because you are a threat, it is not their duty to provide you a place to stay, you are the one who violated rights.",,1596584553,{},g0e2dcf,False,t3_i3k3wz,False,True,t1_g0dzzqz,/r/Libertarian/comments/i3k3wz/a_discussion_the_death_penalty/g0e2dcf/,1596594945,1,True,False,Libertarian,t5_2qh63,,0,[],
[],,NessvsMadDuck,#f3c817,,"[{'e': 'text', 't': 'Freedom focused ideological centrist'}]",a1c701c6-1d82-11e2-a5e0-12313b0ce1e2,Freedom focused ideological centrist,dark,richtext,t2_onsms,False,False,[],"Dude, are you seriously going on about Andrew Jackson's 1200 lb wheel of cheese.


Did your third grade teacher somehow **not** have your class sing the ""Andrew Jackson cheese song""?",,1596584553,{},g0e2dby,False,t3_i3kgbq,False,True,t1_g0e0m24,/r/Libertarian/comments/i3kgbq/axios_on_hbo_president_trump_exclusive_interview/g0e2dby/,1596594945,1,True,False,Libertarian,t5_2qh63,,0,[],
[],,dahuterschuter,,,[],,,,text,t2_89dci,False,True,[],"Not sure what questions there are to answer.  Someone at PD fucked up and sent a raid to the wrong house, some innocent people got shot.  Must feel bad for those officers.",,1596584531,{},g0e2bzb,False,t3_i3uilk,False,True,t3_i3uilk,/r/Libertarian/comments/i3uilk/louisvilles_top_cops_refuse_to_answer_questions/g0e2bzb/,1596594925,1,True,False,Libertarian,t5_2qh63,,0,[],
[],,MustardIsFood,,,[],,,,text,t2_5pi4n21d,False,False,[],That missing verb makes me very curious as to what Andrew Jackson his cheese,,1596584505,{},g0e2abi,False,t3_i3kgbq,False,False,t1_g0e0m24,/r/Libertarian/comments/i3kgbq/axios_on_hbo_president_trump_exclusive_interview/g0e2abi/,1596594900,1,True,False,Libertarian,t5_2qh63,,0,[],
[],,IamLevels,,,[],,,,text,t2_37u2ce4m,False,False,[],"They’d have to talk about his time as VP, and there really isn’t much to find there to grill him on. He didn’t ignore his daily briefings, he didn’t downplay Ebola like trump downplayed COVID. He didn’t announces he’s considering having Obama delay the election results if Hillary didn’t win. 

Not really much meat to find there that relates.",,1596584503,{},g0e2a6k,False,t3_i3kgbq,False,True,t1_g0dht21,/r/Libertarian/comments/i3kgbq/axios_on_hbo_president_trump_exclusive_interview/g0e2a6k/,1596594898,1,True,False,Libertarian,t5_2qh63,,0,[],
[],,fchowd0311,,,[],,,,text,t2_bypya,False,False,[],"Left leaning media as someone who is proggesive and supports Bernie is also has an agenda to push and that agenda is that the DNC made a mistake with Biden hence they are also prone to grasping at straws to push that point. 

I agree with their overall point that Bernie would make a better president but I'm not going to grasp at straws such as making cases that Biden and Trump are anywhere the same ballpark interns of sexism, narcissisism and dumbness. 

Joe Biden has one line gaffs. Trump goes on long winded rants that have zero logical consistency or makes coherent sense that you expect from a meth addict.",,1596584502,{},g0e2a44,False,t3_i3kgbq,False,True,t1_g0cjie7,/r/Libertarian/comments/i3kgbq/axios_on_hbo_president_trump_exclusive_interview/g0e2a44/,1596594897,1,True,False,Libertarian,t5_2qh63,,0,[],
[],,Just2LetYouKnow,,,[],,,,text,t2_2xrnk3fc,False,False,[],"He has a literally unlimited budget for smart people and data visualization, this is what he brought to the interview.",,1596584498,{},g0e29u8,False,t3_i3kgbq,False,True,t1_g0cllkb,/r/Libertarian/comments/i3kgbq/axios_on_hbo_president_trump_exclusive_interview/g0e29u8/,1596594894,1,True,False,Libertarian,t5_2qh63,,0,[],
[],,ChefMikeDFW,#f3c817,,"[{'e': 'text', 't': 'Classical Liberal'}]",935e414a-2653-11e9-8c33-0ecdc7f490da,Classical Liberal,dark,richtext,t2_3unx4g8e,False,False,[],"And COVID is waaaaaaay more communicable and more deadly.

Apples to oranges.

Edit - and what does this have to do with Libertarians?",,1596584471,{},g0e283e,False,t3_i3udgq,False,True,t3_i3udgq,/r/Libertarian/comments/i3udgq/i_still_had_to_go_to_high_school_during_h1n1/g0e283e/,1596594868,1,True,False,Libertarian,t5_2qh63,,0,[],
[],,marx2k,,,[],,,,text,t2_3fq7q,False,False,[],A hell of a lot of right wing Americans think large swaths of Europe are rape zones because of refugees.,,1596584463,{},g0e27jy,False,t3_i3k8vi,False,True,t1_g0c2he1,/r/Libertarian/comments/i3k8vi/many_americans_are_convinced_crime_is_rising_in/g0e27jy/,1596594860,1,True,False,Libertarian,t5_2qh63,,0,[],
[],,_Not_Literally_,,,[],,,,text,t2_4d4zromo,False,False,[],"Not an injection. Just breath the fumes. While you're at it, you might as well add other powerful cleaning chemicals; ammonia for instance.  That'll take care of that mean old virus.",,1596584455,{},g0e270l,False,t3_i3kgbq,False,True,t1_g0dfob7,/r/Libertarian/comments/i3kgbq/axios_on_hbo_president_trump_exclusive_interview/g0e270l/,1596594852,1,True,False,Libertarian,t5_2qh63,,0,[],
[],,Omahunek,,,"[{'e': 'text', 't': 'pragmatist'}]",,pragmatist,dark,richtext,t2_58ewv,False,False,[],"I have shown you reality (it's a fact that Trump has sent criminal messages using implicit mobster-style language in public messages before, and he has a long factual history of mob ties), and *you* have yet to engage with it in any way.",,1596584441,{},g0e262m,False,t3_i3jru4,False,True,t1_g0dvkew,/r/Libertarian/comments/i3jru4/trump_says_jeffrey_epstein_may_have_been_murdered/g0e262m/,1596594838,1,True,False,Libertarian,t5_2qh63,,0,[],
[],,Jeepingib,,,[],,,,text,t2_51gpbup,False,False,[],"And he was bragging that our death toll was lower! I mean, damn. Who would have thunk it.",,1596584430,{},g0e25bb,False,t3_i3kgbq,False,True,t1_g0cv9le,/r/Libertarian/comments/i3kgbq/axios_on_hbo_president_trump_exclusive_interview/g0e25bb/,1596594828,1,True,False,Libertarian,t5_2qh63,,0,[],
[],,JustZisGuy,,,"[{'e': 'text', 't': 'Cthulhu 2020, why vote for the lesser evil?'}]",,"Cthulhu 2020, why vote for the lesser evil?",dark,richtext,t2_5f75r,False,False,[],"In any practical sense, one person's vote will not and cannot have a material effect (change the outcome) on an election of national scope. In aggregate, groups of voters surely do, but any one *individual* freely voting their conscience has no impact. You should always feel free to vote as you will.",,1596584422,{},g0e24ry,False,t3_i347o7,False,True,t1_g0dqmip,/r/Libertarian/comments/i347o7/dear_trump_and_biden_supporters/g0e24ry/,1596594819,1,True,False,Libertarian,t5_2qh63,,0,[],
[],,JGower144,,,[],,,,text,t2_2k1gw7dn,False,False,[],Or people would rather live on the coast than Oklahoma,,1596584404,{},g0e23ls,False,t3_i3u5ny,False,True,t1_g0e0noa,/r/Libertarian/comments/i3u5ny/discussion_topic_fema_is_a_subsidization_of_the/g0e23ls/,1596594802,1,True,False,Libertarian,t5_2qh63,,0,[],
[],,Cookieknife12234,#ea0027,,"[{'e': 'text', 't': 'Anarcho-Syndicalist'}]",015938c2-a6c8-11e9-9a0f-0e57acd7875a,Anarcho-Syndicalist,dark,richtext,t2_131lu1si,False,False,[],"I think, considering his company Tesla was involved in the Bolvian coup, he's no stranger to crimes against humanity. So I'm just biding my time on that one.

The others are fairly explosive.",,1596584367,{},g0e217p,False,t3_i3jru4,False,True,t1_g0ddmcn,/r/Libertarian/comments/i3jru4/trump_says_jeffrey_epstein_may_have_been_murdered/g0e217p/,1596594765,1,True,False,Libertarian,t5_2qh63,,0,[],
[],,cbt9989,,,[],,,,text,t2_762ky2j4,False,False,[],Privatize the education system,,1596584360,{},g0e20r7,False,t3_i3cqmm,False,True,t3_i3cqmm,/r/Libertarian/comments/i3cqmm/why_are_republicans_suddenly_declaring_that/g0e20r7/,1596594758,1,True,False,Libertarian,t5_2qh63,,0,[],
[],,fchowd0311,,,[],,,,text,t2_bypya,False,False,[],Ah just magically shifting goal posts post hoc.,,1596584360,{},g0e20qn,False,t3_i3kgbq,False,True,t1_g0cj7wx,/r/Libertarian/comments/i3kgbq/axios_on_hbo_president_trump_exclusive_interview/g0e20qn/,1596594758,1,True,False,Libertarian,t5_2qh63,,0,[],
[],,MeatsimN64,#f3c817,,"[{'e': 'text', 't': 'Black Lives Matter'}]",a1c701c6-1d82-11e2-a5e0-12313b0ce1e2,Black Lives Matter,dark,richtext,t2_11x36yiq,False,False,[],"They have the freedom of expression to protest covid-19 measures like face masks and social distancing.  They don't have the right to ignore face masks and social distancing during that protest though.

This isn't a question of freedom of speech its a question of whether or not you're following basic easily achievable standards to prevent further spread of this disease or not.

Also its Germany they don't have a 1st amendment",,1596584346,{},g0e1zte,False,t3_i3ubqv,False,True,t1_g0e1dru,/r/Libertarian/comments/i3ubqv/germany_debates_curbing_freedom_of_assembly_after/g0e1zte/,1596594744,1,True,False,Libertarian,t5_2qh63,,0,[],
