all_awardings,associated_award,author,author_flair_background_color,author_flair_css_class,author_flair_richtext,author_flair_template_id,author_flair_text,author_flair_text_color,author_flair_type,author_fullname,author_patreon_flair,author_premium,awarders,body,collapsed_because_crowd_control,comment_type,created_utc,gildings,id,is_submitter,link_id,locked,no_follow,parent_id,permalink,retrieved_on,score,send_replies,stickied,subreddit,subreddit_id,top_awarded_type,total_awards_received,treatment_tags,edited,author_cakeday
[],,WuddaWoodchuck,,,[],,,,text,t2_6p70j4w0,False,False,[],Weak men trying to control women.,,,1604021039,{},gak1njw,False,t3_jknczy,False,True,t3_jknczy,/r/Libertarian/comments/jknczy/oc_poland_milllions_protesting_on_streets_after/gak1njw/,1604026789,1,True,False,Libertarian,t5_2qh63,,0,[],,
[],,Papasteak,,,[],,,,text,t2_c46c7,False,False,[],He won’t plead to that because it was all self-defense. He’ll most likely plead guilty to the possession of the gun while underage.,,,1604021024,{},gak1mll,False,t3_jamb91,False,True,t1_g8shwdg,/r/Libertarian/comments/jamb91/kyle_rittenhouse_wont_be_charged_for_gun_offense/gak1mll/,1604026775,1,True,False,Libertarian,t5_2qh63,,0,[],,
[],,frankenpez68,,,[],,,,text,t2_51vdnj17,False,False,[],"You know, I registered as Libertarian but I did it with the thought that I'm going against corrupt America. But truly it doesn't even matter what I think.",,,1604021015,{},gak1lzh,False,t3_jknbaw,False,False,t3_jknbaw,/r/Libertarian/comments/jknbaw/any_good_political_tests_to_find_what_kind_of/gak1lzh/,1604026766,1,True,False,Libertarian,t5_2qh63,,0,[],,
[],,Mikeydoes,,,[],,,,text,t2_4eo1d,False,False,[],Lol. The hate in their hearts is so real it's sad.,,,1604020997,{},gak1kuz,False,t3_jka0t6,False,True,t1_gaj7w1i,/r/Libertarian/comments/jka0t6/fox_newss_tucker_carlson_mocked_for_lost_in_the/gak1kuz/,1604026751,1,True,False,Libertarian,t5_2qh63,,0,[],,
[],,SkyBest7759,,,[],,,,text,t2_7d258sro,False,False,[],Hey it’s my opinion and I won’t force it on you. Hope you’d respectfully do the same.,,,1604020994,{},gak1kno,True,t3_jk5ihl,False,True,t1_gajx2l1,/r/Libertarian/comments/jk5ihl/abortion/gak1kno/,1604026747,1,True,False,Libertarian,t5_2qh63,,0,[],,
[],,EMONEYOG,#f3c817,,"[{'e': 'text', 't': 'Custom'}]",a1c701c6-1d82-11e2-a5e0-12313b0ce1e2,Custom,dark,richtext,t2_mbso6i6,False,False,[],So you're saying the deep state is working to benefit Republicans? Doesn't that kind of blow up your narrative of victimhood for over the last 4 years?,,,1604020966,{},gak1isl,False,t3_jkna8d,False,True,t3_jkna8d,/r/Libertarian/comments/jkna8d/fbi_conducting_criminal_investigation_into_hunter/gak1isl/,1604026721,1,True,False,Libertarian,t5_2qh63,,0,[],,
[],,Mikeydoes,,,[],,,,text,t2_4eo1d,False,False,[],https://youtu.be/lXgO7L0rcAQ,,,1604020950,{},gak1hpw,False,t3_jka0t6,False,True,t1_gai4iuq,/r/Libertarian/comments/jka0t6/fox_newss_tucker_carlson_mocked_for_lost_in_the/gak1hpw/,1604026706,1,True,False,Libertarian,t5_2qh63,,0,[],,
[],,JesusWasALibertarian,#f3c817,,"[{'e': 'text', 't': 'Vote for Nobody'}]",ada2d32e-1cf3-11e2-b618-12313d168e98,Vote for Nobody,dark,richtext,t2_2zv4fqtl,False,True,[],He already has an Ox!,,,1604020917,{},gak1fme,False,t3_jk8k7w,False,True,t1_gak0zel,/r/Libertarian/comments/jk8k7w/spacex_no_earthbased_government_has_authority_or/gak1fme/,1604026676,1,True,False,Libertarian,t5_2qh63,,0,[],,
[],,theragingleftist,,,[],,,,text,t2_8etdgkjm,False,False,[],"Funny how many people claim to have all these examples of fact checkers using flimsy justification for their judgement, but not a single one in this thread provides a single actual example.",,,1604020908,{},gak1f0y,False,t3_jka69z,False,True,t1_gak0eg9,/r/Libertarian/comments/jka69z/republican_sen_mike_lee_said_factchecking_is_a/gak1f0y/,1604026669,1,True,False,Libertarian,t5_2qh63,,0,[],,
[],,Mikeydoes,,,[],,,,text,t2_4eo1d,False,False,[],https://youtu.be/lXgO7L0rcAQ,,,1604020896,{},gak1e74,False,t3_jk1amt,False,True,t1_gaijvy6,/r/Libertarian/comments/jk1amt/tucker_is_claiming_that_his_supersecret_extremely/gak1e74/,1604026657,1,True,False,Libertarian,t5_2qh63,,0,[],,
[],,YorkBeach,,,[],,,,text,t2_lysyjxv,False,False,[],Know what? That government is necessary and inevitable? The question is who gets to set the rules.,,,1604020889,{},gak1dpn,False,t3_jk8k7w,False,False,t1_gajk40k,/r/Libertarian/comments/jk8k7w/spacex_no_earthbased_government_has_authority_or/gak1dpn/,1604026651,1,True,False,Libertarian,t5_2qh63,,0,[],,
[],,Mikeydoes,,,[],,,,text,t2_4eo1d,False,False,[],"https://youtu.be/lXgO7L0rcAQ
????

You were wrong.",,,1604020884,{},gak1df8,False,t3_jk1amt,False,True,t1_gahijtk,/r/Libertarian/comments/jk1amt/tucker_is_claiming_that_his_supersecret_extremely/gak1df8/,1604026647,1,True,False,Libertarian,t5_2qh63,,0,[],,
[],,[deleted],,,,,,dark,,,,,[],[deleted],,,1604020825,{},gak19jt,False,t3_jk5ihl,False,True,t1_gak0gp9,/r/Libertarian/comments/jk5ihl/abortion/gak19jt/,1604026596,1,True,False,Libertarian,t5_2qh63,,0,[],,
[],,YorkBeach,,,[],,,,text,t2_lysyjxv,False,False,[],"It was *The Ron Paul Newsletter*. Ron Paul was the publisher, Ron Paul was the editor. It was 90% of his income. 

Ron Paul took responsibility. Then Paul decided that he has no idea who wrote the material.


Is Ron Paul an incompetent manager with no concern for things published under his name or is he a bald faced liar?",,,1604020812,{},gak18ox,False,t3_jkaerk,False,True,t1_gajkqiz,/r/Libertarian/comments/jkaerk/why_is_our_coverage_so_bad_and_people_not/gak18ox/,1604026584,1,True,False,Libertarian,t5_2qh63,,0,[],,
[],,PolicyWonka,,,[],,,,text,t2_4qc6d49y,False,False,[],"They are just sayings, comprised of words. Just like what you are saying is comprised of words. You take one more seriously than the other, but that is not the case for everyone. 

Regarding the disabled, there are unfortunately some people with severe disabilities where they lack consciousness or lack the ability to display emotion. If you’re saying it’s permissible to kill a fetus because it lacks these characteristics, then it must follow that you can kill anyone with these characteristics to maintain consistency.",,,1604020809,{},gak18ic,False,t3_jk5ihl,False,True,t1_gajvou6,/r/Libertarian/comments/jk5ihl/abortion/gak18ic/,1604026581,1,True,False,Libertarian,t5_2qh63,,0,[],,
[],,ArkenX,,,[],,,,text,t2_ao9df,False,False,[],"Literally 4 minutes after Dawn posts a near identical article.  

DSA/Anti V and Mr Forrdd will be here within the hour with more laptop plops.",,,1604020744,{},gak1444,False,t3_jkna8d,False,True,t3_jkna8d,/r/Libertarian/comments/jkna8d/fbi_conducting_criminal_investigation_into_hunter/gak1444/,1604026521,1,True,False,Libertarian,t5_2qh63,,0,[],,
[],,zenithconquerer,,,[],,,,text,t2_3agq7,False,False,[],"Actually no. See, you're trying to explain away what he said to make it seem less extreme.
It's quite simple.  He was asked, ""is there a place for fracking in a Biden administration?"" His response? ""No. We'll phase it out.""
In another instance, he stated ""I guarantee you, we will end fossil fuels.""
Maybe his website says different. Maybe his minions all try to explain away what he actually said.  God forbid we actually take him at his word.
But the fact that there's a ""fact check"" directly contradicting what he's saying is the discussion here and the problem with phony cover-ups displayed under the guise of a ""fact check"" as if some false statement is being made.  I mean...are they fact checking Biden himself? Saying...""actually, sir, you don't want to ban fracking...""",,,1604020744,{},gak143t,False,t3_jka69z,False,True,t1_gajqhu0,/r/Libertarian/comments/jka69z/republican_sen_mike_lee_said_factchecking_is_a/gak143t/,1604026521,1,True,False,Libertarian,t5_2qh63,,0,[],,
[],,AnarchistBorganism,#373c3f,,"[{'e': 'text', 't': 'Anarcho-communist'}]",b5cbd7c0-a6c7-11e9-84a1-0e01d3babc2a,Anarcho-communist,light,richtext,t2_5bm91zeu,False,False,[],"We aren't. I was talking about market socialism, and Marx was not a market socialist.

And yes, I get it, you are dogmatic and unwilling to learn, and absolutely refuse to think of things from another perspective, preferring to argue in ""gotchas"" because you grew up in an authoritarian society where people are taught only the justifications for the system they live in, and when confronted with another belief system you can't avoid trying to confirm your own biases. Go to one of the circle-jerk subreddits if you want to reinforce groupthink and repeat the same phrases over and over and over again without the slightest semblance of free thought - it's the world you want to create, where people just submit to the authority of capitalists and never question whether they are just.",,,1604020741,{},gak13wr,False,t3_jkfybe,False,True,t1_gajmlkh,/r/Libertarian/comments/jkfybe/on_libertarian_socialism/gak13wr/,1604026518,1,True,False,Libertarian,t5_2qh63,,0,[],,
[],,EMONEYOG,#f3c817,,"[{'e': 'text', 't': 'Custom'}]",a1c701c6-1d82-11e2-a5e0-12313b0ce1e2,Custom,dark,richtext,t2_mbso6i6,False,False,[],I worked for the county with my first job out of high school. The county I worked for would buy their vehicles in a neighboring County because the sales tax was lower.,,,1604020738,{},gak13od,False,t3_jkanxv,False,True,t1_gaj9t3j,/r/Libertarian/comments/jkanxv/man_charged_with_using_a_patrón_bottle_as_a/gak13od/,1604026516,1,True,False,Libertarian,t5_2qh63,,0,[],1604022079.0,
[],,much_wiser_now,,,[],,,,text,t2_w4qoa70,False,False,[],"If I personally took my neighbor's car to settle a debt, that would be illegal. That's why courts exist, and why enforcement of judgements isn't left to the parties involved.",,,1604020728,{},gak130r,False,t3_jkm2l6,False,False,t1_gak0axx,/r/Libertarian/comments/jkm2l6/us_sells_oil_seized_from_iran_to_venezuela_for_40/gak130r/,1604026506,1,True,False,Libertarian,t5_2qh63,,0,[],,
[],,utmostsecrecy,,,[],,,,text,t2_6ygd13rf,False,False,[],"I do realize that. I was talking about non-contraceptive /pregnancy causes in reproductive age women, I should have stated that (just stated reproductive age females, I just thought we were on the same page). Literally just gave the last month of my life to studying reproductive diseases and took my board exam on it...


Here is a peer reviewed source stating that it is 3-4% in case you would like to fact check me.

https://www.ncbi.nlm.nih.gov/books/NBK279144/#eval-amenor-anov-ble_toc-amenorrhea",,,1604020727,{},gak12zi,False,t3_jk5ihl,False,True,t1_gak0gp9,/r/Libertarian/comments/jk5ihl/abortion/gak12zi/,1604026506,1,True,False,Libertarian,t5_2qh63,,0,[],,
[],,PeaceBWithUFucker,,,[],,,,text,t2_8c3dth8w,False,False,[],"You mean Elon, if I had my own planet I would name it after me!",,,1604020672,{},gak0zel,False,t3_jk8k7w,False,True,t1_gahdec6,/r/Libertarian/comments/jk8k7w/spacex_no_earthbased_government_has_authority_or/gak0zel/,1604026458,1,True,False,Libertarian,t5_2qh63,,0,[],,
[],,Apptubrutae,,,"[{'e': 'text', 't': 'Austrian School of Economics'}]",1c6fb3b0-50c5-11e9-9d5a-0edccb450610,Austrian School of Economics,dark,richtext,t2_st1pihf,False,False,[],"Crazy thing is the population growth.  Even in 4 years it was 1.6 million people, I believe.  Skewing blue.  With deaths skewing red.

Republican Party is going to have to realign soon with the demographic trends at hand.  Looked like maybe they’d pick up the midwest but that hope for them appears to have faded.",,,1604020640,{},gak0x62,False,t3_jkn1g1,False,True,t1_gajzdc2,/r/Libertarian/comments/jkn1g1/surge_in_early_voting_gives_democrats_competitive/gak0x62/,1604026428,1,True,False,Libertarian,t5_2qh63,,0,[],,
[],,BusinessProstitute,,,[],,,,text,t2_5a46m5yf,False,False,[],Before I read the comments I thought maybe someone invented an engine that didn’t kill itself,,,1604020630,{},gak0wla,False,t3_jk8k7w,False,True,t1_gahix84,/r/Libertarian/comments/jk8k7w/spacex_no_earthbased_government_has_authority_or/gak0wla/,1604026420,1,True,False,Libertarian,t5_2qh63,,0,[],,
[],,mantiss87,,,[],,,,text,t2_ixho6me,False,False,[],That is small to that lizard.,,,1604020628,{},gak0wg6,False,t3_jkj20j,False,True,t3_jkj20j,/r/Libertarian/comments/jkj20j/mark_zuckerberg_said_facebook_makes_a_relatively/gak0wg6/,1604026418,1,True,False,Libertarian,t5_2qh63,,0,[],,
[],,chiefcrunch,,,[],,,,text,t2_crvyi,False,False,[],"He's not good on guns by any means, but you are incorrect about his policy platform. He wants to ban the manufacture and sale of new ""assault weapons"". He wants to do a gun buyback for existing ones, but not mandatory. He pushed back on other dems in the primary who wanted the existing ones illegal, saying itd be unconstitutional. And also against doing it by executive order.

What he does want though is for existing ones to be registered of not bought back.",,,1604020584,{},gak0ti6,False,t3_jkaerk,False,True,t1_gajgmbe,/r/Libertarian/comments/jkaerk/why_is_our_coverage_so_bad_and_people_not/gak0ti6/,1604026380,1,True,False,Libertarian,t5_2qh63,,0,[],,
[],,PolicyWonka,,,[],,,,text,t2_4qc6d49y,False,False,[],"Nah, that was just a typo. Lol.

Disabilities are different than a coma because generally comas are recoverable, many disabilities are permanent. Can you explain the difference between someone who is essentially a vegetable and a fetus? Neither has any discernible conscious emotional life.",,,1604020581,{},gak0t7r,False,t3_jk5ihl,False,True,t1_gajvl8w,/r/Libertarian/comments/jk5ihl/abortion/gak0t7r/,1604026376,1,True,False,Libertarian,t5_2qh63,,0,[],,
[],,Ketchupkitty,,,[],,,,text,t2_cqt4r,False,False,[],"&gt; The problem is there have been a number of questionable cases where they applied reasoning such as 'they said X, but they didn't mean X'.

Or like Bidens fracking double speak.  It's true he's said he wanted to ban fracking but the ""fact checkers"" rate that claim as false.  

Maybe Biden's changed his mind on fracking or maybe he's too far gone mentally to know his own policy positions but doesn't change the fact that he's said it.",,,1604020579,{},gak0t4c,False,t3_jka69z,False,True,t1_gajmsxx,/r/Libertarian/comments/jka69z/republican_sen_mike_lee_said_factchecking_is_a/gak0t4c/,1604026375,1,True,False,Libertarian,t5_2qh63,,0,[],,
[],,Apptubrutae,,,"[{'e': 'text', 't': 'Austrian School of Economics'}]",1c6fb3b0-50c5-11e9-9d5a-0edccb450610,Austrian School of Economics,dark,richtext,t2_st1pihf,False,False,[],"An absolutely insane number, considering plenty of people will presumably be voting on Tuesday anyway.

Mega turnout in Texas for this one.",,,1604020553,{},gak0re1,False,t3_jkn1g1,False,True,t1_gajze7u,/r/Libertarian/comments/jkn1g1/surge_in_early_voting_gives_democrats_competitive/gak0re1/,1604026351,1,True,False,Libertarian,t5_2qh63,,0,[],,
[],,YorkBeach,,,[],,,,text,t2_lysyjxv,False,False,[],Exactly.,,,1604020517,{},gak0p1p,False,t3_jkfpp5,False,True,t1_gajn58e,/r/Libertarian/comments/jkfpp5/donald_trump_hopefully_the_few_states_remaining/gak0p1p/,1604026318,1,True,False,Libertarian,t5_2qh63,,0,[],,
[],,Spokker,,,[],,,,text,t2_5lltk,False,False,[],UPS would be a hero if they burned the package and told Tucker to fuck off.,,,1604020515,{},gak0ox1,False,t3_jkizij,False,True,t3_jkizij,/r/Libertarian/comments/jkizij/ups_responds_to_disappearance_of_tucker_carlson/gak0ox1/,1604026316,1,True,False,Libertarian,t5_2qh63,,0,[],,
[],,Twerck,,,[],,,,text,t2_6zg4s,False,False,[],Hmm I bet if you just hooked up a motor to your bicycle of sadness you could backpedal a lot more quickly. 🤔,,,1604020512,{},gak0oqk,False,t3_jkfk4i,False,True,t1_gajvvhm,/r/Libertarian/comments/jkfk4i/glenn_greenwald_resigns_from_the_intercept_with/gak0oqk/,1604026313,1,True,False,Libertarian,t5_2qh63,,0,[],,
[],,TastySpermDispenser,,,[],,,,text,t2_1ot0krt,False,False,[],"I never said nothing. If a rape victim talks her attacker into not killing her, that is definitely a worthy cause. Just not enough. I am sure you read my comment, and know this is not a conversation about LGBT rights. It's a debate you will lose sir. We can march and vote another 40 years, and your kids will live and die in a world where police can rape, murder, and steal from citizens, and almost never face consequences. Come on. Let's talk in 40 years, and see if I am wrong. You OK with that outcome? Just lay there and take it?",,,1604020510,{},gak0ok8,False,t3_jkhgzm,False,True,t1_gaju1bi,/r/Libertarian/comments/jkhgzm/65_of_college_students_say_rioting_and_looting_is/gak0ok8/,1604026311,1,True,False,Libertarian,t5_2qh63,,0,[],,
[],,Medicated_Dedicated,,,[],,,,text,t2_khm1r,False,False,[],Including the Supreme Court,,,1604020509,{},gak0ohw,False,t3_jk8k7w,False,True,t1_gahpu2e,/r/Libertarian/comments/jk8k7w/spacex_no_earthbased_government_has_authority_or/gak0ohw/,1604026310,1,True,False,Libertarian,t5_2qh63,,0,[],,
[],,YorkBeach,,,[],,,,text,t2_lysyjxv,False,False,[],"Oh, you redefined criminal. Then you treat fantasy like evidence. Someone else did bad, therefore Joe Biden is a criminal.",,,1604020474,{},gak0m92,False,t3_jkk0hp,False,True,t1_gajr8rd,/r/Libertarian/comments/jkk0hp/the_real_scandal_us_media_uses_falsehoods_to/gak0m92/,1604026279,1,True,False,Libertarian,t5_2qh63,,0,[],,
[],,Medicated_Dedicated,,,[],,,,text,t2_khm1r,False,False,[],Isn’t this the plot to The Expanse on Amazon Prime?,,,1604020471,{},gak0m1h,False,t3_jk8k7w,False,True,t3_jk8k7w,/r/Libertarian/comments/jk8k7w/spacex_no_earthbased_government_has_authority_or/gak0m1h/,1604026276,1,True,False,Libertarian,t5_2qh63,,0,[],,
[],,Zeronica470,,,[],,,,text,t2_jon20ei,False,False,[],Whoa that actually clears it up,,,1604020447,{},gak0kcr,False,t3_jk5ihl,False,True,t1_gahvrge,/r/Libertarian/comments/jk5ihl/abortion/gak0kcr/,1604026253,1,True,False,Libertarian,t5_2qh63,,0,[],,
[],,afa131,,,[],,,,text,t2_4f3tol7t,False,False,[],Blocking a road doesn’t impede your right to use the road lol. Use a different route. If the protesters where to kidnap you and hold you against your will then your right would be violated. But there’s already a crime for that. There’s a crime for every imaginable action in this country.,,,1604020445,{},gak0k96,False,t3_jk3f51,False,True,t1_gaitjiv,/r/Libertarian/comments/jk3f51/proposed_nebraska_law_would_make_it_a_felony_to/gak0k96/,1604026252,1,True,False,Libertarian,t5_2qh63,,0,[],,
[],,sfgunner,,,[],,,,text,t2_5b59k,False,True,[],"Dumbfucks like you always try to change the subject of conversation when someone points out what a fact free dumbfuck you are. Go on, keep being sad and obvious.",,,1604020432,{},gak0jfb,False,t3_jkfk4i,False,True,t1_gajzt5a,/r/Libertarian/comments/jkfk4i/glenn_greenwald_resigns_from_the_intercept_with/gak0jfb/,1604026241,1,True,False,Libertarian,t5_2qh63,,0,[],,
[],,Twerck,,,[],,,,text,t2_6zg4s,False,False,[],"Meh, if you can't logically defend your claims and instead respond with ad hominems then you're clearly not worth conversing with anyway 🤔 Thanks for illuminating that for everyone",,,1604020421,{},gak0iqp,False,t3_jkfk4i,False,True,t1_gajy1v7,/r/Libertarian/comments/jkfk4i/glenn_greenwald_resigns_from_the_intercept_with/gak0iqp/,1604026232,1,True,False,Libertarian,t5_2qh63,,0,[],,
[],,PolicyWonka,,,[],,,,text,t2_4qc6d49y,False,False,[],"Amenorrhea actually just means the absence of periods. The most common cause is pregnancy! Other causes are things like menopause, birth control, medication side effects, and stress.  

I agree the likelihood of someone having amenorrhea due to complications from an illness or medication is unlikely.",,,1604020390,{},gak0gp9,False,t3_jk5ihl,False,True,t1_gajv7b5,/r/Libertarian/comments/jk5ihl/abortion/gak0gp9/,1604026204,1,True,False,Libertarian,t5_2qh63,,0,[],,
[],,YorkBeach,,,[],,,,text,t2_lysyjxv,False,False,[],Prepare for 12 years of hell.,,,1604020381,{},gak0g2p,False,t3_jipub6,False,True,t1_gajx48l,/r/Libertarian/comments/jipub6/if_biden_wins_will_vegas_start_a_25th_amendment/gak0g2p/,1604026196,1,True,False,Libertarian,t5_2qh63,,0,[],,
[],,Ketchupkitty,,,[],,,,text,t2_cqt4r,False,False,[],"&gt; Factchecking is fair as long as everybody gets checked.

I agree but it's a matter of how the fact checking is done too. 

I seen politifact rate things false when it was true because ""it lacks context"" or taking jokes too literal (like Biden hiding in his basement) which muddies the water.",,,1604020358,{},gak0eg9,False,t3_jka69z,False,True,t1_gahog42,/r/Libertarian/comments/jka69z/republican_sen_mike_lee_said_factchecking_is_a/gak0eg9/,1604026175,1,True,False,Libertarian,t5_2qh63,,0,[],,
[],,HohlraumHe3,,,[],,,,text,t2_zo3lt,False,False,[],"I don't see why any martian or lunar colony would be built on the surface. Tunnel underground a few hundred meters and you're nuke-proof. 

Helps with the natural radiation as well.",,,1604020356,{},gak0eda,False,t3_jk8k7w,False,True,t1_gahzup9,/r/Libertarian/comments/jk8k7w/spacex_no_earthbased_government_has_authority_or/gak0eda/,1604026172,1,True,False,Libertarian,t5_2qh63,,0,[],,
[],,Often_i_am,,,[],,,,text,t2_dfvyp,False,False,[],"Given there are no native populations on Mars to exploit, I'm ok with this. You reach it, you got it.",,,1604020319,{},gak0bvm,False,t3_jk8k7w,False,True,t3_jk8k7w,/r/Libertarian/comments/jk8k7w/spacex_no_earthbased_government_has_authority_or/gak0bvm/,1604026139,1,True,False,Libertarian,t5_2qh63,,0,[],,
[],,LevyTaxes,,,[],,,,text,t2_2bhjof,False,False,[],It could be if we actually funded them,,,1604020318,{},gak0bts,False,t3_jk8k7w,False,True,t1_gajxaxs,/r/Libertarian/comments/jk8k7w/spacex_no_earthbased_government_has_authority_or/gak0bts/,1604026139,1,True,False,Libertarian,t5_2qh63,,0,[],,
[],,bhknb,#f3c817,,"[{'e': 'text', 't': 'Statism is a religion.'}]",a1c701c6-1d82-11e2-a5e0-12313b0ce1e2,Statism is a religion.,dark,richtext,t2_9fh7t,False,False,[],"If you believe that states are legitimate, then this is no different than your seizing your neighbors' car because he refused to make good on a court judgment awarding you damages for what he did to your property.


Since you use the term ""we"" in conjunction to your rulers, you do believe they are legitimate. So, explain, why are you and they now pirates for recovery your/their property?",,,1604020305,{},gak0axx,False,t3_jkm2l6,False,True,t1_gajuc1i,/r/Libertarian/comments/jkm2l6/us_sells_oil_seized_from_iran_to_venezuela_for_40/gak0axx/,1604026126,1,True,False,Libertarian,t5_2qh63,,0,[],,
[],,LSF604,,,[],,,,text,t2_72890,False,False,[],"they'd be the same voters they are right now. So, as soon as you gain numbers the party will cease to be libertarian.",,,1604020304,{},gak0avb,False,t3_jkfpp5,False,False,t1_gajugzz,/r/Libertarian/comments/jkfpp5/donald_trump_hopefully_the_few_states_remaining/gak0avb/,1604026125,1,True,False,Libertarian,t5_2qh63,,0,[],,
[],,carnagebestvillain,,,[],,,,text,t2_5kl6qfuj,False,False,[],Read the article dumb fuck,,,1604020303,{},gak0ast,False,t3_jkenvc,False,False,t1_gajxte4,/r/Libertarian/comments/jkenvc/reminder_33_gdp_leap_in_q3_was_with_3_trillion_in/gak0ast/,1604026124,1,True,False,Libertarian,t5_2qh63,,0,[],,
[],,TastySpermDispenser,,,[],,,,text,t2_1ot0krt,False,False,[],He gets an award then. No problems.,,,1604020291,{},gak09yk,False,t3_jkhgzm,False,True,t1_gajov8d,/r/Libertarian/comments/jkhgzm/65_of_college_students_say_rioting_and_looting_is/gak09yk/,1604026111,1,True,False,Libertarian,t5_2qh63,,0,[],,
[],,mracidglee,,,[],,,,text,t2_3p4e4,False,False,[],"Yes, it sounds like one hand clapping.",,,1604020248,{},gak0736,False,t3_jkk0hp,False,True,t1_gaju0sy,/r/Libertarian/comments/jkk0hp/the_real_scandal_us_media_uses_falsehoods_to/gak0736/,1604026071,1,True,False,Libertarian,t5_2qh63,,0,[],,
[],,wehosh,,,[],,,,text,t2_2uc2p3pq,False,False,[],"If I remember clearly, leaked memos revealed trump withdrew from the iran deal with no real plan in mind just to spite obama, and in all actuality a lot of trumps policies are really just done to try and overshadow or spite the Obama administration.

Edit: yup. Here it is. https://apnews.com/article/7894d6dc1d1c4a3b9747558553ddcdbf",,,1604020248,{},gak072h,False,t3_jkm2l6,False,False,t3_jkm2l6,/r/Libertarian/comments/jkm2l6/us_sells_oil_seized_from_iran_to_venezuela_for_40/gak072h/,1604026071,1,True,False,Libertarian,t5_2qh63,,0,[],,
[],,LSF604,,,[],,,,text,t2_72890,False,False,[],"and then many people who are currently in the libertarian party will say ""where'd my party go"" as they realise a massive influx of voters that dwarfs current membership means that they will ultimately not be all that libertarian.

So then they will quit and form a new third party so they can be where they love... throwing stones from outside.",,,1604020215,{},gak04xd,False,t3_jkfpp5,False,True,t1_gaj9bb3,/r/Libertarian/comments/jkfpp5/donald_trump_hopefully_the_few_states_remaining/gak04xd/,1604026041,1,True,False,Libertarian,t5_2qh63,,0,[],,
[],,Pink3y3,,,"[{'e': 'text', 't': 'Capitalist'}]",f21489ce-50c4-11e9-8226-0ee9a7c24fba,Capitalist,dark,richtext,t2_v7lpk,False,False,[],That stat is pretty crazy.,,,1604020189,{},gak0390,False,t3_jkn1g1,False,False,t1_gajze7u,/r/Libertarian/comments/jkn1g1/surge_in_early_voting_gives_democrats_competitive/gak0390/,1604026018,1,True,False,Libertarian,t5_2qh63,,0,[],,
[],,NWVoS,,,[],,,,text,t2_8q3t4,False,False,[],Don't you remember we agreed to not make a video so other people couldn't see our passion?,,,1604020134,{},gajzzlz,False,t3_jk1amt,False,False,t1_gaj6qm7,/r/Libertarian/comments/jk1amt/tucker_is_claiming_that_his_supersecret_extremely/gajzzlz/,1604025966,1,True,False,Libertarian,t5_2qh63,,0,[],,
[],,SaltyStatistician,#1404bd,,"[{'e': 'text', 't': 'Liberal'}]",9fd36950-3c3d-11e9-a3c5-0ed63825c05c,Liberal,light,richtext,t2_x64z6bi,False,False,[],Smallpox is also a virus. Do you want to compare that to COVID or the common cold as well?,,,1604020077,{},gajzvwv,False,t3_jj41kw,False,True,t1_gajrtok,/r/Libertarian/comments/jj41kw/should_be_ashamed_after_installing_barrett/gajzvwv/,1604025914,1,True,False,Libertarian,t5_2qh63,,0,[],,
[],,psychenauts,,,[],,,,text,t2_7dr2aewu,False,False,[],"He’s a smug pos. His love for unfettered capitalism is not based on logical analysis, it stems from a reaction to the horrific treatment his parents received under communism. He failed to consider or take any responsibility for the impact of his Sept 13, 1970 NYTimes article titled “The Social Responsibility Of Business Is to Increase Its Profits” This led to short term thinking, a dramatic increase in CEO compensation, and destruction of unions and he middle class.",,,1604020060,{},gajzuop,False,t3_jkcpjf,False,True,t3_jkcpjf,/r/Libertarian/comments/jkcpjf/milton_friedman_on_free_trade/gajzuop/,1604025896,1,True,False,Libertarian,t5_2qh63,,0,[],,
[],,fromthewings,,,[],,,,text,t2_85j0buz2,False,False,[],What are you even going on about? We aren't some united group. Go race bait somewhere else.,,,1604020042,{},gajzti9,False,t3_jkaerk,False,True,t1_gajrczg,/r/Libertarian/comments/jkaerk/why_is_our_coverage_so_bad_and_people_not/gajzti9/,1604025879,1,True,False,Libertarian,t5_2qh63,,0,[],,
[],,groggyMPLS,,,[],,,,text,t2_dxxox,False,False,[],"I have no comment on this journalist or Biden. My comment is on you -- you are clearly psychotic, and it's fascinating. Also, you seem to have an oral fixation. Cocks in mouths, balls in mouths, shit in mouths... You'd be a great case study for a text book.",,,1604020037,{},gajzt5a,False,t3_jkfk4i,False,True,t1_gajyl7q,/r/Libertarian/comments/jkfk4i/glenn_greenwald_resigns_from_the_intercept_with/gajzt5a/,1604025874,1,True,False,Libertarian,t5_2qh63,,0,[],,
[],,leviethai,,,[],,,,text,t2_5g2byeea,False,False,[],"I don't doubt Texas will go red this time, but the number may tell a different story.",,,1604020025,{},gajzsch,True,t3_jkn1g1,False,False,t1_gajzdc2,/r/Libertarian/comments/jkn1g1/surge_in_early_voting_gives_democrats_competitive/gajzsch/,1604025863,1,True,False,Libertarian,t5_2qh63,,0,[],,
[],,bhknb,#f3c817,,"[{'e': 'text', 't': 'Statism is a religion.'}]",a1c701c6-1d82-11e2-a5e0-12313b0ce1e2,Statism is a religion.,dark,richtext,t2_9fh7t,False,False,[],Such as?,,,1604019898,{},gajzk5n,False,t3_jkkocx,False,True,t1_gajs22g,/r/Libertarian/comments/jkkocx/what_is_the_point_of_having_a_government/gajzk5n/,1604025745,1,True,False,Libertarian,t5_2qh63,,0,[],,
[],,haroldp,,,[],,,,text,t2_2b71x,False,False,[],"&gt; The ""pee pee tape"" started with the Steele Dossier...

Yes, of course.  And what happened with that?  Where is it?  

The parent post contrasted the Hunter emails story to the Steele Dossier story because the same people are having very different reactions to two very comparable stories about international corruption regarding presidential candidates.  Then you said like, ""nah, the Steele Dossier was for reals so it's totally different"".  But it wasn't really ever a stronger story.  So that same poster asked you about evidence for a facet of that story that was super-popular to report on for like four years, but turned out to be nothing.  

How is, ""some guy was paid to collect some rumors by Trump's political opponents"" a much more solid story than, ""some guy gave a bunch of emails he says he found to Biden's political opponents""?  Neither is a great starting place, to be sure.  But that's not even what we are talking about.  That's not really what Glenn is talking about.  We're talking about a notably different take on two very comparable stories that makes it looks *strongly* like political bias due to the respective subjects of those stories.  That's the issue here.",,,1604019875,{},gajziov,False,t3_jkfk4i,False,True,t1_gajy0zh,/r/Libertarian/comments/jkfk4i/glenn_greenwald_resigns_from_the_intercept_with/gajziov/,1604025725,1,True,False,Libertarian,t5_2qh63,,0,[],,
[],,bonked_or_maybe_not,,,[],,,,text,t2_7qhz3,False,False,[],"Imagine being so deep into political tribalism that you start defending incest and pedophilia with a 14 year old child you are literally fucking and feeding crack cocaine.

That's you right now. That's why this country is not going to be able to remain peaceful.",,,1604019859,{},gajzhlp,False,t3_jkfk4i,False,True,t1_gajuzpl,/r/Libertarian/comments/jkfk4i/glenn_greenwald_resigns_from_the_intercept_with/gajzhlp/,1604025708,1,True,False,Libertarian,t5_2qh63,,0,[],,
[],,mc2222,,,[],,,,text,t2_5nnka,False,False,[],"&gt;I already explained why coma victims aren’t the same

so it looks like you said ""If they can come out of the coma""

fetuses ""come out of "" the state of not being conscious as well.  in fact, they do so with much more predictability than people in comas do.

frankly your argument about consciousness is a much more robust case for killing people in comas than it is for killing a fetus, since you can be much more certain that a fetus will become conscious than that a coma victim will become conscious.",,,1604019850,{},gajzh1n,False,t3_jk5ihl,False,True,t1_gajvaab,/r/Libertarian/comments/jk5ihl/abortion/gajzh1n/,1604025699,1,True,False,Libertarian,t5_2qh63,,0,[],,
[],,sherman_fairchild_II,,,[],,,,text,t2_68eg6q7x,False,False,[],His son is a craven piece of shit too.,,,1604019839,{},gajzg96,False,t3_jklthc,False,True,t3_jklthc,/r/Libertarian/comments/jklthc/why_dont_people_take_us_seriously_flashback_ron/gajzg96/,1604025689,1,True,False,Libertarian,t5_2qh63,,0,[],,
[],,leviethai,,,[],,,,text,t2_5g2byeea,False,False,[],"""The Texas Tribune reported Thursday that nearly 8.6 million Texans – more than have of the state’s registered voters – have already cast their ballot. That number represents roughly 95% of the entire vote in Texas in 2016.""

95% is a significant number if you think about it.",,,1604019807,{},gajze7u,True,t3_jkn1g1,False,False,t3_jkn1g1,/r/Libertarian/comments/jkn1g1/surge_in_early_voting_gives_democrats_competitive/gajze7u/,1604025660,1,True,False,Libertarian,t5_2qh63,,0,[],,
[],,Pink3y3,,,"[{'e': 'text', 't': 'Capitalist'}]",f21489ce-50c4-11e9-8226-0ee9a7c24fba,Capitalist,dark,richtext,t2_v7lpk,False,False,[],No way Texas goes blue. Maybe 2024 it becomes a battleground state.,,,1604019793,{},gajzdc2,False,t3_jkn1g1,False,True,t3_jkn1g1,/r/Libertarian/comments/jkn1g1/surge_in_early_voting_gives_democrats_competitive/gajzdc2/,1604025647,1,True,False,Libertarian,t5_2qh63,,0,[],,
[],,Pink3y3,,,"[{'e': 'text', 't': 'Capitalist'}]",f21489ce-50c4-11e9-8226-0ee9a7c24fba,Capitalist,dark,richtext,t2_v7lpk,False,False,[],Damn even Sinclair jumping in on the fake news bandwagon.,,,1604019763,{},gajzbdd,False,t3_jkmt4v,False,True,t3_jkmt4v,/r/Libertarian/comments/jkmt4v/breaking_fbi_confirms_active_criminal/gajzbdd/,1604025618,1,True,False,Libertarian,t5_2qh63,,0,[],,
[],,potatohonkey,,,[],,,,text,t2_8pg2q,False,False,[],"They couldn’t just become public utilities. The government would have to create an entire statutory and regulatory process to oversee them. In other words, you are 100% correct that they are not utilities and, under current law, they cannot be treated as public utilities.",,,1604019728,{},gajz962,False,t3_jkhxge,False,True,t1_gaj4jcy,/r/Libertarian/comments/jkhxge/ted_cruz_roasts_jack_dorsey_over_censorship_tim/gajz962/,1604025588,1,True,False,Libertarian,t5_2qh63,,0,[],,
[],,Arickettsf16,,,[],,,,text,t2_wv44j,False,False,[],"And also, as far as I’m aware, the series is very nearly finished with the final book releasing next year.",,,1604019714,{},gajz892,False,t3_jk8k7w,False,True,t1_gajnlcl,/r/Libertarian/comments/jk8k7w/spacex_no_earthbased_government_has_authority_or/gajz892/,1604025575,1,True,False,Libertarian,t5_2qh63,,0,[],,
[],,ADH-Kydex,,,[],,,,text,t2_6g7s2,False,False,[],"Tony Bobulinski talking to sinclair? 

Call me when we get a real source. We should root out corruption and influence for sure, but something tells me that Trump should be careful what he wishes for.",,,1604019700,{},gajz7ed,False,t3_jkmt4v,False,True,t3_jkmt4v,/r/Libertarian/comments/jkmt4v/breaking_fbi_confirms_active_criminal/gajz7ed/,1604025563,1,True,False,Libertarian,t5_2qh63,,0,[],,
[],,Terr_,#f3c817,,"[{'e': 'text', 't': 'Crypto-Pragmatist'}]",a1c701c6-1d82-11e2-a5e0-12313b0ce1e2,Crypto-Pragmatist,dark,richtext,t2_3wkmu,False,False,[],"What do you mean, ""we can't airdrop the cash into Mar Al Lago""? If you can't do that, what do my taxpayers even pay you for!?""",,,1604019691,{},gajz6u6,False,t3_jkm2l6,False,True,t1_gajtuwc,/r/Libertarian/comments/jkm2l6/us_sells_oil_seized_from_iran_to_venezuela_for_40/gajz6u6/,1604025554,1,True,False,Libertarian,t5_2qh63,,0,[],1604024649.0,
[],,mc2222,,,[],,,,text,t2_5nnka,False,False,[],"&gt;Withdrawing support has no mortality intrinsically assigned

so a parent neglecting their 2 year old until the 2 year old dies is perfectly morally permissible under your logic?",,,1604019657,{},gajz4nu,False,t3_jk5ihl,False,True,t1_gajmdes,/r/Libertarian/comments/jk5ihl/abortion/gajz4nu/,1604025525,1,True,False,Libertarian,t5_2qh63,,0,[],,
[],,bcanddc,,,[],,,,text,t2_153rj3,False,False,[],Wouldn't dream of it!,,,1604019596,{},gajz0lz,False,t3_jk1amt,False,True,t1_gajdiu4,/r/Libertarian/comments/jk1amt/tucker_is_claiming_that_his_supersecret_extremely/gajz0lz/,1604025467,1,True,False,Libertarian,t5_2qh63,,0,[],,
[],,WaldoTrek,,,[],,,,text,t2_105xn8,False,False,[],Prediction:  The election won't be called on Election Night due to all the mail in ballots and various states rules for when they can start counting them.  As this could take weeks we won't get hardly any riots as by the time it's called everyone will have moved on to the next thing.,,,1604019568,{},gajyysp,False,t3_jkiew2,False,True,t3_jkiew2,/r/Libertarian/comments/jkiew2/what_do_you_guys_think_is_going_to_happen_on/gajyysp/,1604025442,1,True,False,Libertarian,t5_2qh63,,0,[],,
[],,iushciuweiush,,,[],,,,text,t2_o6z81,False,False,[],"They care because like it or not, social media companies control the flow of information, especially in this country and restricting the flow of information is wrong.  Now I'm a libertarian so I'm not claiming it's illegal and I'm certainly not advocating for the regulation of social media, but these practices are scummy and voicing that opinion should not be controversial.",,,1604019547,{},gajyxgg,False,t3_jka69z,False,True,t1_gahn0ug,/r/Libertarian/comments/jka69z/republican_sen_mike_lee_said_factchecking_is_a/gajyxgg/,1604025424,1,True,False,Libertarian,t5_2qh63,,0,[],,
[],,mc2222,,,[],,,,text,t2_5nnka,False,False,[],"&gt; Just don’t force your religious views or beliefs on people.

actually, i never made a religious argument.

i made a scientific argument:  fetus's are biologically alive and they are biologically a human.

so, the corollary is that human rights like the right to not be killed applies to the fetus.

&gt;Those that choose to aren’t effecting your life

others make regulations about instances that kill another human all the time.  one can not make the claim ""i killed someone else and that's none of your business.""",,,1604019516,{},gajyvgk,False,t3_jk5ihl,False,True,t1_gajvaab,/r/Libertarian/comments/jk5ihl/abortion/gajyvgk/,1604025395,1,True,False,Libertarian,t5_2qh63,,0,[],1604019977.0,
[],,utmostsecrecy,,,[],,,,text,t2_6ygd13rf,False,False,[],If it means certain death then absolutely. I think most don’t have a problem with abortions that occur when there is a high likelihood of maternal death. Usually not doing so would result in death of the mother and baby.,,,1604019502,{},gajyuko,False,t3_jk5ihl,False,True,t1_gaju7rz,/r/Libertarian/comments/jk5ihl/abortion/gajyuko/,1604025382,1,True,False,Libertarian,t5_2qh63,,0,[],,
[],,skb239,,,[],,,,text,t2_27h6nbyr,False,False,[],This won’t ever happen. When the Chinese come thru he done. This is ludicrous thinking.,,,1604019492,{},gajytvz,False,t3_jk8k7w,False,True,t3_jk8k7w,/r/Libertarian/comments/jk8k7w/spacex_no_earthbased_government_has_authority_or/gajytvz/,1604025372,1,True,False,Libertarian,t5_2qh63,,0,[],,
[],,sfgunner,,,[],,,,text,t2_5b59k,False,True,[],You've got nothing and are nothing. GG is a god an you are armchair trash. Come back when you have an example of him fucking up or shut up like the rest of the weak trash trying to shit up his reputation because your so busy gagging on Bidens balls.,,,1604019358,{},gajyl7q,False,t3_jkfk4i,False,True,t1_gajwnpv,/r/Libertarian/comments/jkfk4i/glenn_greenwald_resigns_from_the_intercept_with/gajyl7q/,1604025249,1,True,False,Libertarian,t5_2qh63,,0,[],,
[],,OniiChan_,#de0100,,"[{'e': 'text', 't': 'Conservative'}]",a7bb3d00-3c3d-11e9-88e0-0ec9491645c8,Conservative,light,richtext,t2_muuzp,False,False,[],"&gt;Hoping Jo has a chance, although I know its unlikely.

Thanks, this is another vote for my man Trump.",,,1604019349,{},gajykm1,False,t3_jklpsm,False,False,t3_jklpsm,/r/Libertarian/comments/jklpsm/who_is_everyone_voting_for_fiance_i_made_our/gajykm1/,1604025240,1,True,False,Libertarian,t5_2qh63,,0,[],,
[],,Driftwoody11,,,[],,,,text,t2_4wserslz,False,False,[],No you don't.  No atmosphere and limited to no resources.  You know how totalitarian the government of a Martian settlement would have to be to keep someone from killing everyone by over using water or poking a hole in the roof and letting all of the air escape?,,,1604019287,{},gajygjv,False,t3_jk8k7w,False,True,t1_gahdec6,/r/Libertarian/comments/jk8k7w/spacex_no_earthbased_government_has_authority_or/gajygjv/,1604025182,1,True,False,Libertarian,t5_2qh63,,0,[],,True
[],,avery-secret-account,,,[],,,,text,t2_4przp0i4,False,False,[],I grew up in a republican household and am not old enough to vote president in my state but can vote other offices. I’m voting Lib,,,1604019253,{},gajyebu,False,t3_jjn4op,False,True,t1_gae60km,/r/Libertarian/comments/jjn4op/i_hate_to_break_the_news_but_i_dont_think_we_are/gajyebu/,1604025149,1,True,False,Libertarian,t5_2qh63,,0,[],,
[],,WaldoTrek,,,[],,,,text,t2_105xn8,False,False,[],This is so cringe!  Worse is that it's on the website with this name on it.  I'm so done with Ron Paul.  His gold coin business and ranting about inflation were bad enough but this.....,,,1604019244,{},gajydq5,False,t3_jklthc,False,False,t3_jklthc,/r/Libertarian/comments/jklthc/why_dont_people_take_us_seriously_flashback_ron/gajydq5/,1604025141,1,True,False,Libertarian,t5_2qh63,,0,[],,
[],,VindictivePrune,,,[],,,,text,t2_2x1bsnkc,False,False,[],Its time to get cereal,,,1604019237,{},gajydcl,False,t3_jk4fq3,False,True,t1_gahrk45,/r/Libertarian/comments/jk4fq3/trump_speaks_well_see_what_happens_on_election/gajydcl/,1604025136,1,True,False,Libertarian,t5_2qh63,,0,[],,
[],,aPigNamedAlgie,,,[],,,,text,t2_9j7z0,False,False,[],“Pants heavily in libertarian.”,,,1604019237,{},gajydaz,False,t3_jk8k7w,False,True,t3_jk8k7w,/r/Libertarian/comments/jk8k7w/spacex_no_earthbased_government_has_authority_or/gajydaz/,1604025136,1,True,False,Libertarian,t5_2qh63,,0,[],,
[],,memesupreme0,,,[],,,,text,t2_1kdv03my,False,False,[],"Oh the Biden's are billionares now? They're really good at hiding it, it's impressive really.",,,1604019153,{},gajy7vo,False,t3_jkfk4i,False,True,t1_gajpt2m,/r/Libertarian/comments/jkfk4i/glenn_greenwald_resigns_from_the_intercept_with/gajy7vo/,1604025057,1,True,False,Libertarian,t5_2qh63,,0,[],,
[],,NeedleNodsNorth,,,[],,,,text,t2_5cfzt00b,False,False,[],"No worries, we don't support the concept of judicial review. There is no check on the legislative powers other than the executive. 

It's not the best choice, it's SPACER'S CHOICE.",,,1604019129,{},gajy6dj,False,t3_jk8k7w,False,True,t1_gahtdi9,/r/Libertarian/comments/jk8k7w/spacex_no_earthbased_government_has_authority_or/gajy6dj/,1604025035,1,True,False,Libertarian,t5_2qh63,,0,[],,
[],,Lookoutbehind,,,[],,,,text,t2_al6zp,False,False,[],"I’m hoping to avoid another Trump, the Dem party pushes and succeeds with getting at least ranked choice voting to avoid Another Trump.",,,1604019113,{},gajy5di,False,t3_jkfpp5,False,True,t1_gajugzz,/r/Libertarian/comments/jkfpp5/donald_trump_hopefully_the_few_states_remaining/gajy5di/,1604025021,1,True,False,Libertarian,t5_2qh63,,0,[],,
[],,HijacksMissiles,,,[],,,,text,t2_3qy8kzoo,False,False,[],I've never claimed a pee tape exists. Nice attempt at a strawman though.,,,1604019083,{},gajy3ec,False,t3_jkfk4i,False,True,t1_gajxauw,/r/Libertarian/comments/jkfk4i/glenn_greenwald_resigns_from_the_intercept_with/gajy3ec/,1604024993,1,True,False,Libertarian,t5_2qh63,,0,[],,
[],,sfgunner,,,[],,,,text,t2_5b59k,False,True,[],"Here let me me google that for you since this is your first time using a conputer.

Just kidding, shut the fuck up and actually go read him, idiot.

Or are you proud of your ignorance  and putting it on display in front of everyone here.",,,1604019060,{},gajy1v7,False,t3_jkfk4i,False,True,t1_gajxtzr,/r/Libertarian/comments/jkfk4i/glenn_greenwald_resigns_from_the_intercept_with/gajy1v7/,1604024972,1,True,False,Libertarian,t5_2qh63,,0,[],,
[],,HijacksMissiles,,,[],,,,text,t2_3qy8kzoo,False,False,[],"&gt;That article does not mention a pee-pee tape. What happened to that?

Holy shit you've devolved far enough that you don't even know what you are talking about.

The ""pee pee tape"" started with the Steele Dossier...

Imagine being so fucking uninformed that you just flaunt it to the entire world. I'm done here, you've clearly demonstrated you aren't worth the words.",,,1604019047,{},gajy0zh,False,t3_jkfk4i,False,True,t1_gajxg5o,/r/Libertarian/comments/jkfk4i/glenn_greenwald_resigns_from_the_intercept_with/gajy0zh/,1604024959,1,True,False,Libertarian,t5_2qh63,,0,[],,
[],,RequiemForSomeGreen,,,[],,,,text,t2_480mxxca,False,False,[],"I don’t think the point was the atmospheric pressure, I think the point was that if you pierce the hull of your habitat/vessel, you’re gonna have a bad time.",,,1604019045,{},gajy0wa,False,t3_jk8k7w,False,True,t1_gai9tnk,/r/Libertarian/comments/jk8k7w/spacex_no_earthbased_government_has_authority_or/gajy0wa/,1604024958,1,True,False,Libertarian,t5_2qh63,,0,[],,
[],,OddAtmosphere6303,#f3c817,,"[{'e': 'text', 't': 'Classical Liberal'}]",935e414a-2653-11e9-8c33-0ecdc7f490da,Classical Liberal,dark,richtext,t2_7unqr6xu,False,False,[],I’m just a nutcase who’s paranoid of gov’t.,,,1604018988,{},gajxx1g,False,t3_jjn84c,False,True,t1_gai1ir2,/r/Libertarian/comments/jjn84c/us_voters_agree_on_one_thing_theyd_feel_better/gajxx1g/,1604024903,1,True,False,Libertarian,t5_2qh63,,0,[],,
[],,heskey30,,,[],,,,text,t2_dw1vz,False,False,[],"I already argued in this situation they should not be there in the first place and the person who put them there should be investigated. 

So. Assuming they should be there and have a piece of paper from a judge asking them to raid the place. You expect them to, while being fired upon, without telepathy to tell if the dude is a psycho or crime boss or normal fellow...

1. Stop and assess the level of darkness to make sure there couldn't be another unarmed person in the room

2. Once they all (of course) come to the same conclusion, holster their guns and head for the exit in an orderly fashion

3. Wait for their buddies to go through the door first due the inevitable pile up

4. Leave behind all dead and wounded

5. Now what, take up positions in the next room? Are they allowed to fire if persued? Do they have to retreat all the way back to their cars? 

I think you're not thinking this through. There are better solutions than going after the little guy.",,,1604018944,{},gajxu6c,False,t3_jjxtu5,False,True,t1_gajugmb,/r/Libertarian/comments/jjxtu5/virginias_governor_signs_legislation_banning/gajxu6c/,1604024863,1,True,False,Libertarian,t5_2qh63,,0,[],,
[],,Twerck,,,[],,,,text,t2_6zg4s,False,False,[],Ok but what specifically,,,1604018941,{},gajxtzr,False,t3_jkfk4i,False,True,t1_gajvxaa,/r/Libertarian/comments/jkfk4i/glenn_greenwald_resigns_from_the_intercept_with/gajxtzr/,1604024860,1,True,False,Libertarian,t5_2qh63,,0,[],,
[],,Coldfriction,,,[],,,,text,t2_127or4,False,False,[],Show me the proposed legislation put forth by represenatives.  Calling all democrats MMT proponents is so far from reality.  It's not part of their platform and they don't put forward legislation for it.,,,1604018931,{},gajxte4,False,t3_jkenvc,False,False,t1_gajxibr,/r/Libertarian/comments/jkenvc/reminder_33_gdp_leap_in_q3_was_with_3_trillion_in/gajxte4/,1604024852,1,True,False,Libertarian,t5_2qh63,,0,[],,
[],,OddAtmosphere6303,#f3c817,,"[{'e': 'text', 't': 'Classical Liberal'}]",935e414a-2653-11e9-8c33-0ecdc7f490da,Classical Liberal,dark,richtext,t2_7unqr6xu,False,False,[],"Ideally, yes. Unfortunately in practice it doesn’t always work out that way.",,,1604018905,{},gajxrq1,False,t3_jkbniu,False,True,t1_gai2b26,/r/Libertarian/comments/jkbniu/what_should_the_function_of_federal_government_be/gajxrq1/,1604024829,1,True,False,Libertarian,t5_2qh63,,0,[],,
[],,jmc1996,,,[],,,,text,t2_g0rg88p,False,False,[],"If you have nothing meaningful to say, there's no need to make yourself look bad. Being called a bootlicker is not going to make me believe that it is so.",,,1604018791,{},gajxk9n,False,t3_jk13xp,False,True,t1_gajqqo4,/r/Libertarian/comments/jk13xp/jojo_on_why_we_should_support_blm/gajxk9n/,1604024725,1,True,False,Libertarian,t5_2qh63,,0,[],,
[],,carnagebestvillain,,,[],,,,text,t2_5kl6qfuj,False,False,[],Haha ok 🤡,,,1604018761,{},gajxibr,False,t3_jkenvc,False,True,t1_gajw8vb,/r/Libertarian/comments/jkenvc/reminder_33_gdp_leap_in_q3_was_with_3_trillion_in/gajxibr/,1604024697,1,True,False,Libertarian,t5_2qh63,,0,[],,
