all_awardings,associated_award,author,author_flair_background_color,author_flair_css_class,author_flair_richtext,author_flair_template_id,author_flair_text,author_flair_text_color,author_flair_type,author_fullname,author_patreon_flair,author_premium,awarders,body,collapsed_because_crowd_control,created_utc,gildings,id,is_submitter,link_id,locked,no_follow,parent_id,permalink,retrieved_on,score,send_replies,stickied,subreddit,subreddit_id,top_awarded_type,total_awards_received,treatment_tags,distinguished
[],,amishjim,,,[],,,,text,t2_2mjdw,False,False,[], Fear.,,1593431943,{},fwcy6hc,False,t3_hhkzan,False,True,t3_hhkzan,/r/Libertarian/comments/hhkzan/why_are_the_people_that_advocate_for_gun_control/fwcy6hc/,1593431944,1,True,False,Libertarian,t5_2qh63,,0,[],
[],,Anunnaki_Kin,,,[],,,,text,t2_6aw24krm,False,False,[],People fear what they do not understand.,,1593431905,{},fwcy4r6,False,t3_hhkzan,False,True,t3_hhkzan,/r/Libertarian/comments/hhkzan/why_are_the_people_that_advocate_for_gun_control/fwcy4r6/,1593431906,1,True,False,Libertarian,t5_2qh63,,0,[],
[],,RuafaolGaiscioch,,,[],,,,text,t2_6p2dy,False,False,[],"No other tool I’ve ever used is designed for violence. It has no other purpose. The idea of thinking of it no differently as a car is insane, as a car can only be violent accidentally, but violence is the only thing a gun is.",,1593431864,{},fwcy2ym,False,t3_hhkzan,False,True,t1_fwbdv8i,/r/Libertarian/comments/hhkzan/why_are_the_people_that_advocate_for_gun_control/fwcy2ym/,1593431864,1,True,False,Libertarian,t5_2qh63,,0,[],
[],,FaxMeYourTears,,,[],,,,text,t2_5rtyrkox,False,False,[],Brandishing a gun at somebody is not open carrying. I think they should face charges.,,1593431841,{},fwcy1yp,False,t3_hhy9zx,False,True,t3_hhy9zx,/r/Libertarian/comments/hhy9zx/dnc_donors_pull_guns_on_protesters_in_bid_to/fwcy1yp/,1593431842,1,True,False,Libertarian,t5_2qh63,,0,[],
[],,Bredditchickens,,,[],,,,text,t2_zpt4l,False,False,[],Da fuq is you sayin?,,1593431840,{},fwcy1wn,True,t3_hhy9zx,False,True,t1_fwcxenh,/r/Libertarian/comments/hhy9zx/dnc_donors_pull_guns_on_protesters_in_bid_to/fwcy1wn/,1593431841,1,True,False,Libertarian,t5_2qh63,,0,[],
[],,oxfordcircumstances,,,[],,,,text,t2_nrhi1,False,False,[],Did you mean appear after 2 weeks?,,1593431835,{},fwcy1p8,False,t3_hhtw2l,False,True,t1_fwca63a,/r/Libertarian/comments/hhtw2l/cdc_antibody_studies_confirm_the_huge_gap_between/fwcy1p8/,1593431836,1,True,False,Libertarian,t5_2qh63,,0,[],
[],,Commercial_Direction,,,[],,,,text,t2_51jwmz4y,False,False,[],So then vote for Bernie I take it?,,1593431831,{},fwcy1il,False,t3_hhf9si,False,True,t1_fw9v86f,/r/Libertarian/comments/hhf9si/im_a_libertarian_but_im_voting_for_biden_no_you/fwcy1il/,1593431833,1,True,False,Libertarian,t5_2qh63,,0,[],
[],,thatlurkyperson,,,[],,,,text,t2_3l00u92w,False,False,[],I literately said “Fuck Trump” and your response is “Bzzt!”? I think your logic circuits are failing. By the way you dodged my question. What’s your solution to this?,,1593431792,{},fwcxzt7,False,t3_hhqy01,False,True,t1_fwcxp5f,/r/Libertarian/comments/hhqy01/russian_bounties_to_talibanlinked_militants/fwcxzt7/,1593431793,1,True,False,Libertarian,t5_2qh63,,0,[],
[],,Commercial_Direction,,,[],,,,text,t2_51jwmz4y,False,False,[],"The publicly funded services would be a lot less, as they should, like we could stop with the trillions of dollars in free government handouts to the rich, while the poor and middle class get increasingly taxed and regulated into poverty.",,1593431788,{},fwcxznf,False,t3_hhf9si,False,True,t1_fwaqj0i,/r/Libertarian/comments/hhf9si/im_a_libertarian_but_im_voting_for_biden_no_you/fwcxznf/,1593431790,1,True,False,Libertarian,t5_2qh63,,0,[],
[],,much_wiser_now,,,[],,,,text,t2_w4qoa70,False,False,[],"Great, you've just described a boycott, which is one of the  only tools consumers have to enact change at the corporate level, especially after you de-regulate the economy and shrink the role of government.

Just admit you don't like this outcome (for... Reasons) instead of attacking the process. But I expect you don't want to, because explaining how racism is less toxic than people agitating for anti racist change is not a strong position to argue from.",,1593431764,{},fwcxyla,False,t3_hhf9si,False,True,t1_fwbxxu9,/r/Libertarian/comments/hhf9si/im_a_libertarian_but_im_voting_for_biden_no_you/fwcxyla/,1593431765,1,True,False,Libertarian,t5_2qh63,,0,[],
[],,sasquatch_melee,,,[],,,,text,t2_reg92,False,False,[],It's easy to fear that which you do not understand.,,1593431671,{},fwcxuht,False,t3_hhkzan,False,True,t3_hhkzan,/r/Libertarian/comments/hhkzan/why_are_the_people_that_advocate_for_gun_control/fwcxuht/,1593431673,1,True,False,Libertarian,t5_2qh63,,0,[],
[],,Commercial_Direction,,,[],,,,text,t2_51jwmz4y,False,False,[],"Oh wait you mean like Obama and Clinton years maintaining and expanding the mass incarceration, even the ongoing militarization of our police forces, throughout their entire presidencies, even when they would have had sizable control in Congress?",,1593431639,{},fwcxt4k,False,t3_hhf9si,False,True,t1_fwaowpn,/r/Libertarian/comments/hhf9si/im_a_libertarian_but_im_voting_for_biden_no_you/fwcxt4k/,1593431640,1,True,False,Libertarian,t5_2qh63,,0,[],
[],,Kaseiopeia,,,[],,,,text,t2_4bcf7vo1,False,False,[],"No, if Trump hadn’t complained, the media would have said nothing. 
The WHO said not to wear masks, that’s good enough for the media. 

But when Trump said he didn’t like masks, that gave the media the motivation they needed to push masks on everyone. Push for them to be mandatory. 

Then the media took their masks off the second the cameras switched off, letting us know exactly what they think of them. 

The whole thing is so sadly predictable.",,1593431635,{},fwcxsxe,False,t3_hhruoq,False,True,t1_fwcp85n,/r/Libertarian/comments/hhruoq/im_tired_of_people_crying_that_their_freedoms_are/fwcxsxe/,1593431636,1,True,False,Libertarian,t5_2qh63,,0,[],
[],,Degofreak,,,[],,,,text,t2_4ssix4d5,False,False,[],"Depends on who you ask. Half the city is applauding them for ""giving the protesters a good scare"", and the other half is calling them MAGA idiots. Flip a coin.",,1593431599,{},fwcxrbv,False,t3_hhy9zx,False,True,t1_fwcxnvu,/r/Libertarian/comments/hhy9zx/dnc_donors_pull_guns_on_protesters_in_bid_to/fwcxrbv/,1593431600,1,True,False,Libertarian,t5_2qh63,,0,[],
[],,5th_Law_of_Robotics,,,[],,,,text,t2_9r24q,False,False,[],"&gt;So let the guy off who’s actually doing the bad thing 


Bzzt! 

Putin isn't our president. We can't vote him out. Stop defending Trump.",,1593431549,{},fwcxp5f,False,t3_hhqy01,False,True,t1_fwcxgii,/r/Libertarian/comments/hhqy01/russian_bounties_to_talibanlinked_militants/fwcxp5f/,1593431550,1,True,False,Libertarian,t5_2qh63,,0,[],
[],,Monoby,,,[],,,,text,t2_12rtpq,False,True,[],"&gt; Lets take some other snippet, twist it out of context, and give it the worst possible interpretation again. I mean, it worked last time.

What a stupid thing to say. The Senate Republicans didn't turn on their own party, that is a shocker!",,1593431537,{},fwcxolg,True,t3_hhx6lm,False,True,t1_fwcxa8g,/r/Libertarian/comments/hhx6lm/could_the_republican_party_use_a_2nd_impeachment/fwcxolg/,1593431538,1,True,False,Libertarian,t5_2qh63,,0,[],
[],,much_wiser_now,,,[],,,,text,t2_w4qoa70,False,False,[],"Lighten up, Francis. It was a joke. Owing to this community being a sausage fest.",,1593431533,{},fwcxoea,False,t3_hg5owt,False,True,t1_fwc52t6,/r/Libertarian/comments/hg5owt/is_anyone_else_tired_of_being_treated_like_they/fwcxoea/,1593431534,1,True,False,Libertarian,t5_2qh63,,0,[],
[],,5th_Law_of_Robotics,,,[],,,,text,t2_9r24q,False,False,[],So these guys are just kinda idiots.,,1593431522,{},fwcxnvu,False,t3_hhy9zx,False,True,t1_fwcxd79,/r/Libertarian/comments/hhy9zx/dnc_donors_pull_guns_on_protesters_in_bid_to/fwcxnvu/,1593431524,1,True,False,Libertarian,t5_2qh63,,0,[],
[],,Blawoffice,,,[],,,,text,t2_4rbpnc37,False,False,[],Let’s start with collapsing the world economy by “declaring bankruptcy.”,,1593431503,{},fwcxn0s,False,t3_hhx6fr,False,True,t1_fwcwh6b,/r/Libertarian/comments/hhx6fr/are_you_for_completely_dismantling_the_welfare/fwcxn0s/,1593431504,1,True,False,Libertarian,t5_2qh63,,0,[],
[],,Spaceman1stClass,#f3c817,,"[{'e': 'text', 't': 'Mojo Jo Jo'}]",a1c701c6-1d82-11e2-a5e0-12313b0ce1e2,Mojo Jo Jo,dark,richtext,t2_1lnn6hc0,False,False,[],Your autism is involuntary too. Doesn't make it anyone's responsibility but your own.,,1593431500,{},fwcxmwf,False,t3_hhf9si,False,True,t1_fwc44bw,/r/Libertarian/comments/hhf9si/im_a_libertarian_but_im_voting_for_biden_no_you/fwcxmwf/,1593431500,1,True,False,Libertarian,t5_2qh63,,0,[],
[],,Degofreak,,,[],,,,text,t2_4ssix4d5,False,False,[],"You sure they were DNC donors, or you just making a point?",,1593431497,{},fwcxmsd,False,t3_hhy9zx,False,True,t1_fwcwxda,/r/Libertarian/comments/hhy9zx/dnc_donors_pull_guns_on_protesters_in_bid_to/fwcxmsd/,1593431498,1,True,False,Libertarian,t5_2qh63,,0,[],
[],,5th_Law_of_Robotics,,,[],,,,text,t2_9r24q,False,False,[],"Are they starting to say AOC is ugly?


Sheesh guys, just pull her hair at recess already.",,1593431485,{},fwcxm8j,False,t3_hhqy01,False,True,t1_fwc1tco,/r/Libertarian/comments/hhqy01/russian_bounties_to_talibanlinked_militants/fwcxm8j/,1593431487,1,True,False,Libertarian,t5_2qh63,,0,[],
[],,Osmium80,,,[],,,,text,t2_ndprrt,False,False,[],"Private companies cannot use eminent domain.  Anyone that told you Trump used it lied to you.  State governments used it to fix roadway issues at hotels in AC that he owned, but that was a state decision, not a trump decision.",,1593431449,{},fwcxko9,False,t3_hhf9si,False,True,t1_fwawcj7,/r/Libertarian/comments/hhf9si/im_a_libertarian_but_im_voting_for_biden_no_you/fwcxko9/,1593431450,1,True,False,Libertarian,t5_2qh63,,0,[],
[],,Degofreak,,,[],,,,text,t2_4ssix4d5,False,False,[],"People defending them are claiming the Stand Your Ground law, but nobody was attempting a crime on their property. The guy had a proper trigger finger stance, but she was ready to shoot by accident. Missouri law states you aren't allowed to brandish your weapon in a threatening manner, so there's some grey area here. These folks are lawyers, so I'm sure no charges will happen.",,1593431448,{},fwcxkm8,False,t3_hhy9zx,False,True,t3_hhy9zx,/r/Libertarian/comments/hhy9zx/dnc_donors_pull_guns_on_protesters_in_bid_to/fwcxkm8/,1593431449,1,True,False,Libertarian,t5_2qh63,,0,[],
[],,5th_Law_of_Robotics,,,[],,,,text,t2_9r24q,False,False,[],And Trump knew while he was petitioning to get Russia added to the G7.,,1593431434,{},fwcxk0x,False,t3_hhs0ka,False,True,t3_hhs0ka,/r/Libertarian/comments/hhs0ka/spies_and_commandos_warned_months_ago_of_russian/fwcxk0x/,1593431435,1,True,False,Libertarian,t5_2qh63,,0,[],
[],,Hamster-Food,,,[],,,,text,t2_21k9bhss,False,True,[],"Hmmm... I wonder what could have happened in 1993 to start the decline?

The [Brady Handgun Violence Prevention Act](https://www.atf.gov/rules-and-regulations/brady-law) was enacted in 1993 and introduced a mandatory waiting period on gun purchases... but that's probably just a coincidence.

Seriously though, this does indicate something that responsible gun control advocates understand. It's not generally gun owners that are the problem, it's gun purchasers. Some control over who can purchase a gun is a necessity; giving a gun to a paranoid schizophrenic for example is not a good idea and there needs to be some process to prevent it. However, it is at least as important to teach people how to be responsible gun owners.

I think that advocating for some of the common sense gun safety procedures to be made into laws would be a better counter to the extreme gun control advocates than just being anti-gun-control.",,1593431382,{},fwcxhrx,False,t3_hhkzan,False,True,t1_fwbdsci,/r/Libertarian/comments/hhkzan/why_are_the_people_that_advocate_for_gun_control/fwcxhrx/,1593431383,1,True,False,Libertarian,t5_2qh63,,0,[],
[],,Commercial_Direction,,,[],,,,text,t2_51jwmz4y,False,False,[],"&gt; Fuck Trump. Happy?

Great now vote for Bernie, on wait no now I mean Biden.",,1593431381,{},fwcxhq4,False,t3_hhf9si,False,True,t1_fwccplj,/r/Libertarian/comments/hhf9si/im_a_libertarian_but_im_voting_for_biden_no_you/fwcxhq4/,1593431382,1,True,False,Libertarian,t5_2qh63,,0,[],
[],,5th_Law_of_Robotics,,,[],,,,text,t2_9r24q,False,False,[],"&gt; It has no consciousness, no experience, no ability to think. What are we protecting?



You can understand though why Evangelical Republicans would feel personally attacked by this line of logic and worry about a slippery slope.",,1593431380,{},fwcxhp7,False,t3_hht3m3,False,True,t1_fwc5h8y,/r/Libertarian/comments/hht3m3/genuine_question_does_an_unborn_babies_right_to/fwcxhp7/,1593431382,1,True,False,Libertarian,t5_2qh63,,0,[],
[],,thatlurkyperson,,,[],,,,text,t2_3l00u92w,False,False,[],"So let the guy off who’s actually doing the bad thing while criticizing Trump for not blowing up some Russian shit? Seriously what is your solution here? 

Fuck Trump the guys an idiot. So is Biden.",,1593431354,{},fwcxgii,False,t3_hhqy01,False,True,t1_fwcww6z,/r/Libertarian/comments/hhqy01/russian_bounties_to_talibanlinked_militants/fwcxgii/,1593431355,1,True,False,Libertarian,t5_2qh63,,0,[],
[],,Kaseiopeia,,,[],,,,text,t2_4bcf7vo1,False,False,[],I’ve seen that video.,,1593431331,{},fwcxfhp,False,t3_hhruoq,False,True,t1_fwc4rzu,/r/Libertarian/comments/hhruoq/im_tired_of_people_crying_that_their_freedoms_are/fwcxfhp/,1593431332,1,True,False,Libertarian,t5_2qh63,,0,[],
[],,TheHobogoblin19,,,[],,,,text,t2_3gt7cj06,False,False,[],"Thanks a lot, this cleared a lot up for me. 

One last question, who will you vote for in 2020?

And if you had to choice between Biden or Trump, who would it be?",,1593431313,{},fwcxeob,True,t3_hhx6fr,False,True,t1_fwcutap,/r/Libertarian/comments/hhx6fr/are_you_for_completely_dismantling_the_welfare/fwcxeob/,1593431314,1,True,False,Libertarian,t5_2qh63,,0,[],
[],,statueofliberty3,,,[],,,,text,t2_6jl5jy7i,False,False,[],Dude looks like he is going to a M1A4 photo shoot,,1593431313,{},fwcxenh,False,t3_hhy9zx,False,True,t3_hhy9zx,/r/Libertarian/comments/hhy9zx/dnc_donors_pull_guns_on_protesters_in_bid_to/fwcxenh/,1593431314,1,True,False,Libertarian,t5_2qh63,,0,[],
[],,5th_Law_of_Robotics,,,[],,,,text,t2_9r24q,False,False,[],"""Great news! We've figured out gestation tanks so no more abortions!""


GOP: praise jeebus!

 "" Well scientists had more of a hand in it but anyway they're terribly expensive so we're going to need to either raise taxes or maybe cut the military by 10%.""


GOP: no. Let those worthless cells die.",,1593431300,{},fwcxe25,False,t3_hht3m3,False,True,t1_fwc757w,/r/Libertarian/comments/hht3m3/genuine_question_does_an_unborn_babies_right_to/fwcxe25/,1593431301,1,True,False,Libertarian,t5_2qh63,,0,[],
[],,Commercial_Direction,,,[],,,,text,t2_51jwmz4y,False,False,[],"Although would probably bring back Obama's program incessant daily drone bombings. That was infuriating how much liberals suddenly didn't care, after years of open heart bleeding over Bush.",,1593431286,{},fwcxdhp,False,t3_hhf9si,False,True,t1_fw9wgnu,/r/Libertarian/comments/hhf9si/im_a_libertarian_but_im_voting_for_biden_no_you/fwcxdhp/,1593431288,1,True,False,Libertarian,t5_2qh63,,0,[],
[],,Degofreak,,,[],,,,text,t2_4ssix4d5,False,False,[],No. They were walking by on the way to protest at the mayor's house.,,1593431280,{},fwcxd79,False,t3_hhy9zx,False,True,t1_fwcwyrq,/r/Libertarian/comments/hhy9zx/dnc_donors_pull_guns_on_protesters_in_bid_to/fwcxd79/,1593431282,1,True,False,Libertarian,t5_2qh63,,0,[],
[],,uiy_b7_s4,#f3c817,,"[{'e': 'text', 't': 'devout gatekeeping'}]",a1c701c6-1d82-11e2-a5e0-12313b0ce1e2,devout gatekeeping,dark,richtext,t2_c2w1n,False,False,[],https://www.reddit.com/r/Libertarian/comments/epgc7c/-/fwbsg3i,,1593431244,{},fwcxbl9,False,t3_herq50,False,True,t1_fwbk81q,/r/Libertarian/comments/herq50/rlibertarian_open_mod_applications/fwcxbl9/,1593431245,1,True,False,Libertarian,t5_2qh63,,0,[],
[],,klosnj11,,,[],,,,text,t2_3vql4kgv,False,False,[],"Seriously? The Russia thing again? I thought that we were cycling through other countries. We had done Ukraine, the dems tried to do China, but that was a swing and a miss, why not move on to some other scary foreign power.

Saudi Arabia is a good option. Im sure trump has some business ties there that we could imply makes him beholden to them, and certainly in the last 4 years, he must have made contact with them. Lets take some other snippet, twist it out of context, and give it the worst possible interpretation again. I mean, it worked last time.",,1593431211,{},fwcxa8g,False,t3_hhx6lm,False,True,t3_hhx6lm,/r/Libertarian/comments/hhx6lm/could_the_republican_party_use_a_2nd_impeachment/fwcxa8g/,1593431212,1,True,False,Libertarian,t5_2qh63,,0,[],
[],,thatlurkyperson,,,[],,,,text,t2_3l00u92w,False,False,[],I wouldn’t call our government experts at much. The Cold War was never a declared thing. Seriously look it up. There is a debate about the start and the end. If there’s 2 sides to it doesn’t it take the other side calling it quits to have it actually end? If this kind of shit is still going on I’m not so sure it’s actually over.,,1593431205,{},fwcx9z0,False,t3_hhqy01,False,True,t1_fwcwzcc,/r/Libertarian/comments/hhqy01/russian_bounties_to_talibanlinked_militants/fwcx9z0/,1593431207,1,True,False,Libertarian,t5_2qh63,,0,[],
[],,5th_Law_of_Robotics,,,[],,,,text,t2_9r24q,False,False,[],Every pro life woman can be entered in to a draft lottery and forced to gestate any unwanted fetus as needed.,,1593431183,{},fwcx916,False,t3_hht3m3,False,True,t1_fwc5ags,/r/Libertarian/comments/hht3m3/genuine_question_does_an_unborn_babies_right_to/fwcx916/,1593431184,1,True,False,Libertarian,t5_2qh63,,0,[],
[],,betterthanyours1,,,[],,,,text,t2_3n58falt,False,False,[],AND Russia is offering money to kill Americans.,,1593431179,{},fwcx8uz,False,t3_hhqy01,False,True,t1_fwceci7,/r/Libertarian/comments/hhqy01/russian_bounties_to_talibanlinked_militants/fwcx8uz/,1593431180,1,True,False,Libertarian,t5_2qh63,,0,[],
[],,sahuxley2,,,[],,,,text,t2_sodm0,False,False,[],So he wasted his friend's weed?  What an asshole!  We don't need a guy like that in the White House.,,1593431146,{},fwcx7gf,False,t3_hhkzan,False,True,t1_fwblfwe,/r/Libertarian/comments/hhkzan/why_are_the_people_that_advocate_for_gun_control/fwcx7gf/,1593431147,1,True,False,Libertarian,t5_2qh63,,0,[],
[],,5th_Law_of_Robotics,,,[],,,,text,t2_9r24q,False,False,[],It's a fetus and no. You don't get to commandeer someone else's organs for your benefit without their permission.,,1593431100,{},fwcx5c2,False,t3_hht3m3,False,True,t3_hht3m3,/r/Libertarian/comments/hht3m3/genuine_question_does_an_unborn_babies_right_to/fwcx5c2/,1593431101,1,True,False,Libertarian,t5_2qh63,,0,[],
[],,betterthanyours1,,,[],,,,text,t2_3n58falt,False,False,[],Russia can’t reach your shores? Go stick your head back up your ass and maybe this will all blow over.,,1593431094,{},fwcx52y,False,t3_hhqy01,False,True,t1_fwcwovq,/r/Libertarian/comments/hhqy01/russian_bounties_to_talibanlinked_militants/fwcx52y/,1593431096,1,True,False,Libertarian,t5_2qh63,,0,[],
[],,ostentatious42,,,[],,,,text,t2_zc07v,False,False,[],"Because the things you fear most, you know nothing about. 

The real answer is they’re too ignorant to do their research. But it’s funny. The left say “in the age of technology, ignorance is a choice” but they’re ignorant to right sided issues",,1593431080,{},fwcx4h5,False,t3_hhkzan,False,True,t3_hhkzan,/r/Libertarian/comments/hhkzan/why_are_the_people_that_advocate_for_gun_control/fwcx4h5/,1593431081,1,True,False,Libertarian,t5_2qh63,,0,[],
[],,5th_Law_of_Robotics,,,[],,,,text,t2_9r24q,False,False,[],Low to none.,,1593431034,{},fwcx2et,False,t3_hhuxrl,False,True,t3_hhuxrl,/r/Libertarian/comments/hhuxrl/if_trump_drops_out_due_to_low_poll_numbers_what/fwcx2et/,1593431035,1,True,False,Libertarian,t5_2qh63,,0,[],
[],,5th_Law_of_Robotics,,,[],,,,text,t2_9r24q,False,False,[],Thank God we have fiscally responsible Republicans in office who will tax cut our way out of this mess.,,1593431015,{},fwcx1lf,False,t3_hhxlnc,False,True,t3_hhxlnc,/r/Libertarian/comments/hhxlnc/spencer_dinwiddie_of_the_nba_will_put_trillion_on/fwcx1lf/,1593431015,1,True,False,Libertarian,t5_2qh63,,0,[],
[],,Abject_Persimmon,,,[],,,,text,t2_5d6frl65,False,False,[],I believe it is to show that you have a level of legitimate support to be competitive in the election and not just some random person who will receive 2 votes and waste everyone’s time on stage,,1593431011,{},fwcx1fm,False,t3_hhg1m6,False,True,t1_fwbwc98,/r/Libertarian/comments/hhg1m6/brad_barron_is_running_to_defeat_mitch_mcconnell/fwcx1fm/,1593431012,1,True,False,Libertarian,t5_2qh63,,0,[],
[],,CrateBagSoup,,,[],,,,text,t2_8i1gs,False,False,[],The main argument relied heavily on that stat as to why guns are great for protection. When in reality they aren’t. Brazil doesn’t feel safer because everyone has guns.,,1593431008,{},fwcx1c1,False,t3_hhkzan,False,True,t1_fwc5y8a,/r/Libertarian/comments/hhkzan/why_are_the_people_that_advocate_for_gun_control/fwcx1c1/,1593431010,1,True,False,Libertarian,t5_2qh63,,0,[],
[],,redheadjen83,#f3c817,,"[{'e': 'text', 't': 'Libertarian Party'}]",0df7f9c6-1cf3-11e2-ad4c-12313b088941,Libertarian Party,dark,richtext,t2_16e09l,False,False,[],Happy cake day,,1593430974,{},fwcwzsh,False,t3_hhfcg0,False,True,t1_fwbikbd,/r/Libertarian/comments/hhfcg0/trump_retweets_video_showing_supporter_yelling/fwcwzsh/,1593430974,1,True,False,Libertarian,t5_2qh63,,0,[],
[],,mattyoclock,,,[],,,,text,t2_bvajy,False,False,[],"... the Cold War was from 1947-1991.   

It has start and end dates.  

No one is saying that these bounties are some new never before seen war crime, they are upset that no action was taken in response.   

And just because you don’t personally know middle eastern politics doesn’t mean that no one does.   I knew it, and I’m some jackass on reddit.   I’m not one of the hundreds of people Who are true experts on the matter and work in our foreign policy department.",,1593430963,{},fwcwzcc,False,t3_hhqy01,False,True,t1_fwcwb3x,/r/Libertarian/comments/hhqy01/russian_bounties_to_talibanlinked_militants/fwcwzcc/,1593430964,1,True,False,Libertarian,t5_2qh63,,0,[],
[],,5th_Law_of_Robotics,,,[],,,,text,t2_9r24q,False,False,[],Were the protesters actually threatening them?,,1593430950,{},fwcwyrq,False,t3_hhy9zx,False,True,t3_hhy9zx,/r/Libertarian/comments/hhy9zx/dnc_donors_pull_guns_on_protesters_in_bid_to/fwcwyrq/,1593430951,1,True,False,Libertarian,t5_2qh63,,0,[],
[],,Bredditchickens,,,[],,,,text,t2_zpt4l,False,False,[],Biden voters to protestors: “You ain’t black”,,1593430916,{},fwcwxda,True,t3_hhy9zx,False,True,t3_hhy9zx,/r/Libertarian/comments/hhy9zx/dnc_donors_pull_guns_on_protesters_in_bid_to/fwcwxda/,1593430917,1,True,False,Libertarian,t5_2qh63,,0,[],
[],,target_meet_arrow,,,[],,,,text,t2_m4riz,False,False,[],The millions of people that play and enjoy watching it?,,1593430890,{},fwcwwbo,False,t3_hhxlnc,False,True,t1_fwcuhkz,/r/Libertarian/comments/hhxlnc/spencer_dinwiddie_of_the_nba_will_put_trillion_on/fwcwwbo/,1593430891,1,True,False,Libertarian,t5_2qh63,,0,[],
[],,5th_Law_of_Robotics,,,[],,,,text,t2_9r24q,False,False,[],"&gt;So a certain former KGB agent couldn’t be holding on to a grudge?


Bzzt!


We're not criticizing Putin for doing this.

It's expected of him.



 Why are you defending Trump?",,1593430888,{},fwcww6z,False,t3_hhqy01,False,True,t1_fwcwh3p,/r/Libertarian/comments/hhqy01/russian_bounties_to_talibanlinked_militants/fwcww6z/,1593430889,1,True,False,Libertarian,t5_2qh63,,0,[],
[],,Market_Feudalism,#f3c817,,"[{'e': 'text', 't': 'ancap'}]",1a2345da-1cf2-11e2-8c00-12313b0ce1e2,ancap,dark,richtext,t2_10tmwg,False,False,[],"If it is, then that means you are right to physically attack someone for not wearing a mask. I don't feel that's the case.",,1593430878,{},fwcwvr7,False,t3_hhq4er,False,True,t3_hhq4er,/r/Libertarian/comments/hhq4er/question_is_not_wearing_a_mask_and_therefore/fwcwvr7/,1593430879,1,True,False,Libertarian,t5_2qh63,,0,[],
[],,karlnite,,,[],,,,text,t2_fvjrlzq,False,False,[],"Oh an analogy. Means nothing man, honestly. Does a chain link fence have static properties causing semi-permeability even of particles smaller than the holes. Nope. Insults? Fuck off pal and leave the science to people who can pass highschool.",,1593430868,{},fwcwvd4,False,t3_hhwrci,False,True,t1_fwcwbb3,/r/Libertarian/comments/hhwrci/fyi_you_can_be_for_people_wearing_masks_and/fwcwvd4/,1593430869,1,True,False,Libertarian,t5_2qh63,,0,[],
[],,Beoftw,,,[],,,,text,t2_pd58j,False,False,[],Because ignorance begets fear.,,1593430805,{},fwcwspf,False,t3_hhkzan,False,True,t3_hhkzan,/r/Libertarian/comments/hhkzan/why_are_the_people_that_advocate_for_gun_control/fwcwspf/,1593430806,1,True,False,Libertarian,t5_2qh63,,0,[],
[],,Insanejub,#f3c817,,"[{'e': 'text', 't': 'Neutral Agreesively Passive Moderate'}]",a1c701c6-1d82-11e2-a5e0-12313b0ce1e2,Neutral Agreesively Passive Moderate,dark,richtext,t2_cnl33,False,False,[],"Social distancing is a good start if you are trying to slow an outbreak.  

It also makes people more cognizant of washing their hands, covering their mouth if coughing, sneezing, etc.  

A quarantine SUGGESTION was warranted when the initial estimates came out of 2.2 million deaths.  However, the conspiracy theorists actually turned out to be 'more correct' than the initial models.  That was part of the reasoning behind states enforcing a quarantine to begin with.  Another reason was that since the disease was considered considerably infectious, lethal, and could potentially asymptomatically spread.

What do we know now though based on data?

We know that C19 is in fact very infectious.  

We know that the fatality rate was wildly over exaggerated (4-7% down to 0.04-0.08%). 

We know that there is currently little to no evidence supporting that C19 spreads asymptomatically as well, which was perhaps the primary basis for lockdown, since we didn't want asymptomatic people spreading it to immunocomped and elderly individuals who are at a much higher risk.

What else do we know though?

We know that based on the comprehensive amount data the CDC and other agencies/countries have gathered on C19, that for those under the age of 60, the lethality rate is at the same level as influenza.  For infants and children, even less so. 

Also, I think encouraging those who are immunocompromised and/or have several co-morbidites (e.g. DM I and II, morbidly obesity, elderly / &gt;75 yr/o, etc.) to self-quarantining, is a must.  

We have not capped on hospital resources (beds, medication, ventilators) anywhere except maybe NY during their peak where we came close. 

We were actually over prepared for the most part.

The reason the US specifically has more cases than any other country isn't because US citizens have ignoring suggestions and actual orders, but instead because we perform more individual testing to confirm C19 than any other country to a massive extent. 

The expected huge 2nd wave will not overburden our hospitals because the increase in C19 confirmed individuals is due to the eponential increase in mass testing centers.  Our actual hospitalized numbers are relatively the same, if not the exact same, and 98% of those who are C19 positive are asymptomatic AND have already recovered.  

How do we know this?  

Because that what antibody studies are specifically looking at.  We can tell if someone is more recently infected or has already suppressed the virus based on the subtypes of our immune system's antibodies.  

&amp;#x200B;

....I am going on a bit of a tangent now but my point is that there are many other things I would consider to slow an outbreak.  Also, going back to my initial assertions in previous comments, enforced quarantines are still absolutely unconstitutional.  This isn't to say though that you cannot give information to the public and make strong recommendations.  People tend to listen if the best interests of those suggesting such changes are honest and direct about it.  But holding to a quarantine which is causing and has caused millions of people to lose their jobs and livelihoods over, even if they are not at any significant risk of becoming infected / dying of C19, is also absolutely unreprehensible. 

If you wish to stay indoors, no one is stopping you/  However, if you wish to go to work and continue on with life, the government should stop you either; on a constitutional basis, an economic basis, and even medical basis.  

The misinformation circulating around about C19, especially in the mianstream media, is astonishing insane and is incorrect on practically every level about this whole shit show.",,1593430786,{},fwcwrx3,False,t3_hgrqn8,False,True,t1_fwc7lav,/r/Libertarian/comments/hgrqn8/citing_protests_federal_judge_strikes_down_cuomo/fwcwrx3/,1593430787,1,True,False,Libertarian,t5_2qh63,,0,[],
[],,MapleMechanic,,,[],,,,text,t2_mxsad,False,False,[],"If the Taliban has a secret navy or air force that's stealth enough to reach our shores, let me know.",,1593430713,{},fwcwovq,False,t3_hhqy01,False,True,t1_fwcw3pb,/r/Libertarian/comments/hhqy01/russian_bounties_to_talibanlinked_militants/fwcwovq/,1593430714,1,True,False,Libertarian,t5_2qh63,,0,[],
[],,phredSavage,,,[],,,,text,t2_4s08ebnl,False,False,[],Thanks for the best explanation of our next presidential election ive read yet,,1593430605,{},fwcwkd8,False,t3_hhy1k4,False,True,t1_fwcvs3b,/r/Libertarian/comments/hhy1k4/ill_vote_trump_in_the_election_heres_why_you/fwcwkd8/,1593430606,1,True,False,Libertarian,t5_2qh63,,0,[],
[],,floof_overdrive,,,[],,,,text,t2_2rvrp9ko,False,False,[],"Could you explain what's so bad about it? If you disagree, what do you think? Especially with how many different topics I touched on, I can't infer much from that.",,1593430527,{},fwcwh6b,False,t3_hhx6fr,False,True,t1_fwcw6yv,/r/Libertarian/comments/hhx6fr/are_you_for_completely_dismantling_the_welfare/fwcwh6b/,1593430529,1,True,False,Libertarian,t5_2qh63,,0,[],
[],,thatlurkyperson,,,[],,,,text,t2_3l00u92w,False,False,[],So a certain former KGB agent couldn’t be holding on to a grudge? Maybe he learned from watching the Soviet Union bankrupt it’s self trying to spend money like America that there are other ways to fight.,,1593430526,{},fwcwh3p,False,t3_hhqy01,False,True,t1_fwcv3j9,/r/Libertarian/comments/hhqy01/russian_bounties_to_talibanlinked_militants/fwcwh3p/,1593430528,1,True,False,Libertarian,t5_2qh63,,0,[],
[],,wazlecracker,#f3c817,,"[{'e': 'text', 't': 'Minarchist'}]",25c6421c-1cf1-11e2-89d6-12313d051e91,Minarchist,dark,richtext,t2_r1l78i,False,False,[],Because Vietnam &amp; Afghanistan &amp; Iraq.,,1593430514,{},fwcwgkq,False,t3_hhkzan,False,True,t1_fwcizbg,/r/Libertarian/comments/hhkzan/why_are_the_people_that_advocate_for_gun_control/fwcwgkq/,1593430515,1,True,False,Libertarian,t5_2qh63,,0,[],
[],,The_Abyss_Blinked,#f3c817,,"[{'e': 'text', 't': 'Geo, Lib So, Nat Lib'}]",a1c701c6-1d82-11e2-a5e0-12313b0ce1e2,"Geo, Lib So, Nat Lib",dark,richtext,t2_5wwp2r09,False,False,[],"And who, exactly, made you judge of what is and isn’t libertarian?",,1593430463,{},fwcwegk,True,t3_hhfcg0,False,True,t1_fwbzi33,/r/Libertarian/comments/hhfcg0/trump_retweets_video_showing_supporter_yelling/fwcwegk/,1593430464,1,True,False,Libertarian,t5_2qh63,,0,[],
[],,Dhooy77,,,[],,,,text,t2_g3mzq,False,False,[],"After gun laws, there is an increase in gun ownership as well.  Interesting fact.  

Advocates dont seem to know the research behind gun ownership. V",,1593430426,{},fwcwcwo,False,t3_hhkzan,False,True,t3_hhkzan,/r/Libertarian/comments/hhkzan/why_are_the_people_that_advocate_for_gun_control/fwcwcwo/,1593430428,1,True,False,Libertarian,t5_2qh63,,0,[],
[],,Blawoffice,,,[],,,,text,t2_4rbpnc37,False,False,[],50% of NY housing stock is not empty.,,1593430414,{},fwcwce6,False,t3_hhw8b7,False,True,t1_fwcrh94,/r/Libertarian/comments/hhw8b7/what_created_the_american_middle_class_and_made/fwcwce6/,1593430415,1,True,False,Libertarian,t5_2qh63,,0,[],
[],,jpslammer8,#f3c817,,"[{'e': 'text', 't': 'Right Libertarian'}]",b016ca8a-1cf2-11e2-97d4-12313b088941,Right Libertarian,dark,richtext,t2_2pbbajyd,False,False,[],Does a chain link fence keep mosquitoes out of your yard? Well those Barbie pajamas your mommy turned into a face mask for you doesn’t keep out germs. The curve is flat - this is a cold now - get to herd immunity and let’s move on. No vacs. This is a political issue because the left wants closure misery fear- to get trump out of office - the severity of the virus / race wars all hoax,,1593430388,{},fwcwbb3,False,t3_hhwrci,False,True,t1_fwcvvl0,/r/Libertarian/comments/hhwrci/fyi_you_can_be_for_people_wearing_masks_and/fwcwbb3/,1593430389,1,True,False,Libertarian,t5_2qh63,,0,[],
[],,thatlurkyperson,,,[],,,,text,t2_3l00u92w,False,False,[],"I don’t remember the Cold War being declared. No declared start date no specific end date. As it Turns  out there might be a certain former KGB agent still hanging on to a grudge. 

Some might say that our reason for being in Afghanistan in the first place was as an intervention to prevent what we saw as undesirable actions from happening. Which the Soviets would’ve said in the late 70s about what they were doing in Afghanistan. We’ve been asked to leave and we’re still there. The Soviets were asked to leave and yet they stayed there. There are a ton of similarities if you stop and look. 

No the deaths in the 80s weren’t met with a shrug . They thru more men into the fray rather than look weak which is just as bad in politics. Rash and poorly thinking led to some seriously dumb shit happening that no one has come up with a decent plan to solve yet. 

I looked it up and you are right. The Taliban wasn’t formed until “19 fucking 96”. As for the new group or rebranding I don’t know that much about the politics or the religion to argue that point. I’m gonna guess that the governments interloping in Afghanistan don’t either no matter what they tell their respective people.",,1593430383,{},fwcwb3x,False,t3_hhqy01,False,True,t1_fwctugt,/r/Libertarian/comments/hhqy01/russian_bounties_to_talibanlinked_militants/fwcwb3x/,1593430385,1,True,False,Libertarian,t5_2qh63,,0,[],
[],,AutoModerator,,,"[{'e': 'text', 't': 'What is my purpose? You ban memes...'}]",,What is my purpose? You ban memes...,dark,richtext,t2_6l4z3,False,True,[],"This site appears to be under reddit wide Admin-blackout. Despite trying to approve it, it gets auto-removed and placed back into the mod queue. To clear the queue we have removed it. This does not constitute a rule violation as it is not us, but Reddit who is doing it.

*I am a bot, and this action was performed automatically. Please [contact the moderators of this subreddit](/message/compose/?to=/r/Libertarian) if you have any questions or concerns.*",,1593430373,{},fwcwan4,False,t3_hhy7rt,True,True,t3_hhy7rt,/r/Libertarian/comments/hhy7rt/clueless_white_liberals_get_schooled_by_black/fwcwan4/,1593430374,1,False,False,Libertarian,t5_2qh63,,0,[],moderator
[],,River0001,,,[],,,,text,t2_162raz,False,False,[],"Thanks for your honesty. Maybe you don’t deserve congratulations because most people...Dealing with addiction is incredibly difficult and challenging, quitting is harder, but learning accountability for your own actions is something most people never learn. You seem to have learned that.",,1593430369,{},fwcwahp,False,t3_hhkzan,False,True,t1_fwbudjp,/r/Libertarian/comments/hhkzan/why_are_the_people_that_advocate_for_gun_control/fwcwahp/,1593430370,1,True,False,Libertarian,t5_2qh63,,0,[],
[],,joeyeye1965,,,[],,,,text,t2_206fcrxz,False,False,[],"By voting for Trump you are condoning his bad behavior and overlooking his disastrous management of everything. You are saying you promote the racist, narcissistic, grifting,
lying, virus denying, mockery of the disabled, etc and hold it up as an example the leadership you want to see in office. Shame on you.",,1593430352,{},fwcw9qa,False,t3_hhy1k4,False,True,t3_hhy1k4,/r/Libertarian/comments/hhy1k4/ill_vote_trump_in_the_election_heres_why_you/fwcw9qa/,1593430353,1,True,False,Libertarian,t5_2qh63,,0,[],
[],,CaptainPaintball,,,[],,,,text,t2_bhw4k,False,False,[],"I *did* say look in the mirror, but...

I also said ""change my mind"" as well, but since you *can't/won't* I have no hope you'll sneak a peak. Although...I guess that face *could* be me, since I am reacting horribly to your horrible joke. Hmm...",,1593430347,{},fwcw9k0,False,t3_hhgoqu,False,True,t1_fwbruut,/r/Libertarian/comments/hhgoqu/gatekeeping/fwcw9k0/,1593430349,1,True,False,Libertarian,t5_2qh63,,0,[],
[],,AutoModerator,,,"[{'e': 'text', 't': 'What is my purpose? You ban memes...'}]",,What is my purpose? You ban memes...,dark,richtext,t2_6l4z3,False,True,[],"This site appears to be under reddit wide Admin-blackout. Despite trying to approve it, it gets auto-removed and placed back into the mod queue. To clear the queue we have removed it. This does not constitute a rule violation as it is not us, but Reddit who is doing it.

*I am a bot, and this action was performed automatically. Please [contact the moderators of this subreddit](/message/compose/?to=/r/Libertarian) if you have any questions or concerns.*",,1593430297,{},fwcw7gh,False,t3_hhy796,True,True,t3_hhy796,/r/Libertarian/comments/hhy796/at_the_nc_state_capital_watching_white_people/fwcw7gh/,1593430298,1,False,False,Libertarian,t5_2qh63,,0,[],moderator
[],,Blawoffice,,,[],,,,text,t2_4rbpnc37,False,False,[],Oh god this is a terrible answer.,,1593430285,{},fwcw6yv,False,t3_hhx6fr,False,True,t1_fwcutap,/r/Libertarian/comments/hhx6fr/are_you_for_completely_dismantling_the_welfare/fwcw6yv/,1593430287,1,True,False,Libertarian,t5_2qh63,,0,[],
[],,Bascome,,,[],,,,text,t2_1pxtr,False,False,[],People fear what they do not understand.,,1593430241,{},fwcw55u,False,t3_hhkzan,False,True,t3_hhkzan,/r/Libertarian/comments/hhkzan/why_are_the_people_that_advocate_for_gun_control/fwcw55u/,1593430242,1,True,False,Libertarian,t5_2qh63,,0,[],
[],,tdacct,#f3c817,,"[{'e': 'text', 't': 'Federalist'}]",a1c701c6-1d82-11e2-a5e0-12313b0ce1e2,Federalist,dark,richtext,t2_4mflfym3,False,True,[],"As long as there is honest voting, this analysis holds true. It is entirely conceivable that voting becomes so corrupted that it is no longer a trustworthy guide of popular sentiment. (I don't think we are there). But a large portion of Americans have given up on voting. I suspect there is some significant minority of those that believe voting is too corrupted to matter. I do believe this may be true in local areas, like northern IL (where I grew up).",,1593430222,{},fwcw4cj,False,t3_hhttla,False,True,t1_fwcto77,/r/Libertarian/comments/hhttla/does_anyone_know_any_times_the_2a_has_been_used/fwcw4cj/,1593430224,1,True,False,Libertarian,t5_2qh63,,0,[],
[],,Thescepticscientist,,,[],,,,text,t2_9p7ze,False,False,[],If we’re not fighting over there - we’re fighting here.,,1593430207,{},fwcw3pb,False,t3_hhqy01,False,True,t1_fwcu9fa,/r/Libertarian/comments/hhqy01/russian_bounties_to_talibanlinked_militants/fwcw3pb/,1593430209,1,True,False,Libertarian,t5_2qh63,,0,[],
[],,lazydictionary,,,[],,,,text,t2_3bdai,False,False,[],"Columbine was 20+ years ago.

It's already happening.",,1593430200,{},fwcw3eh,False,t3_hhkzan,False,True,t1_fwb2vce,/r/Libertarian/comments/hhkzan/why_are_the_people_that_advocate_for_gun_control/fwcw3eh/,1593430202,1,True,False,Libertarian,t5_2qh63,,0,[],
[],,MoleculeMan65,,,[],,,,text,t2_2jlmpjpb,False,False,[],"I didn't meant to put this post here, I'm kind of dumb, sorry!",,1593430195,{},fwcw37t,False,t3_hhxer5,False,True,t1_fwcvim7,/r/Libertarian/comments/hhxer5/so_i_got_banned_from_ahs_for_literally_giving_my/fwcw37t/,1593430197,1,True,False,Libertarian,t5_2qh63,,0,[],
[],,5th_Law_of_Robotics,,,[],,,,text,t2_9r24q,False,False,[],You said the black protesters deserve it because they're inherently violent....,,1593430192,{},fwcw32f,True,t3_hhhcpe,False,True,t1_fwae1r8,/r/Libertarian/comments/hhhcpe/we_studied_more_than_15000_protests_across_the_us/fwcw32f/,1593430194,1,True,False,Libertarian,t5_2qh63,,0,[],
[],,Rat_Salat,#f3c817,,"[{'e': 'text', 't': 'Classical Liberal'}]",935e414a-2653-11e9-8c33-0ecdc7f490da,Classical Liberal,dark,richtext,t2_zsszw,False,False,[],The mountain of corroborating evidence?,,1593430184,{},fwcw2r2,False,t3_hhj33g,False,True,t3_hhj33g,/r/Libertarian/comments/hhj33g/why_should_i_believe_john_bolton/fwcw2r2/,1593430185,1,True,False,Libertarian,t5_2qh63,,0,[],
[],,MoleculeMan65,,,[],,,,text,t2_2jlmpjpb,False,False,[],"I didn't meant to put it in this sub, sorry everyone!",,1593430154,{},fwcw1jt,False,t3_hhxer5,False,True,t3_hhxer5,/r/Libertarian/comments/hhxer5/so_i_got_banned_from_ahs_for_literally_giving_my/fwcw1jt/,1593430155,1,True,False,Libertarian,t5_2qh63,,0,[],
[],,5th_Law_of_Robotics,,,[],,,,text,t2_9r24q,False,False,[],"Lol. They will never impeach one of their own.


Trump is their captain and the ship is going down with him.",,1593430152,{},fwcw1h9,False,t3_hhx6lm,False,True,t3_hhx6lm,/r/Libertarian/comments/hhx6lm/could_the_republican_party_use_a_2nd_impeachment/fwcw1h9/,1593430153,1,True,False,Libertarian,t5_2qh63,,0,[],
[],,Disney_World_Native,,,"[{'e': 'text', 't': 'Vote Gary Johnson'}]",,Vote Gary Johnson,dark,richtext,t2_p44wj,False,True,[],"Someone trying to answer “How do we reduce automobile related deaths” but doesn’t drive is going to have much different input into that conversation. 

Not everyone’s walk of life is the same.",,1593430077,{},fwcvyik,False,t3_hhkzan,False,True,t1_fwb7fs2,/r/Libertarian/comments/hhkzan/why_are_the_people_that_advocate_for_gun_control/fwcvyik/,1593430078,1,True,False,Libertarian,t5_2qh63,,0,[],
[],,podfather2000,,,[],,,,text,t2_563suukz,False,False,[],"So I read the article and it doesn't really go against anything I said. It's more just a examination of masks in dental care. And the effectiveness of the masks there which I don't see how it applies to this virus. The point of public masking is to control the exhalation of the virus into the environment, so the amount of virus is lowered, and people are less likely to get infected. Secondarily, it helps stop germs from entering the body. Though many do get in, it’s less than would otherwise. This article still recognizes there is some effectiveness to the mask to different degrees, for all different varieties of masks, granted there are variables. Good hand washing, good fitting etc. Anyone of these doctors or researchers who contributed to this writing, were given the option to treat patients positive for, sars or mers or corona, the option to wear a mask or not wear one. They’d wear one. Why? Because even if the percentage of them catching said disease would go down by 1% by wearing the mask, they’d take it.",,1593430053,{},fwcvxln,False,t3_hhwrci,False,True,t1_fwcsrkx,/r/Libertarian/comments/hhwrci/fyi_you_can_be_for_people_wearing_masks_and/fwcvxln/,1593430055,1,True,False,Libertarian,t5_2qh63,,0,[],
[],,Bredditchickens,,,[],,,,text,t2_zpt4l,False,False,[],Colbert is that you? You might eventually make the jump to comedy with this corny joke.,,1593430048,{},fwcvxcy,True,t3_hhp2uv,False,True,t1_fwcd8l4,/r/Libertarian/comments/hhp2uv/masks_dont_stop_covid19_governor_newsom_closes/fwcvxcy/,1593430049,1,True,False,Libertarian,t5_2qh63,,0,[],
[],,Hamster-Food,,,[],,,,text,t2_21k9bhss,False,True,[],"Confirmation bias or possibly an ideological bubble you are living in. There are plenty of people who do know about guns that advocate for gun control. The pro-gun elements of the media like to focus on the people who are less knowledgeable about guns, just as the anti-gun elements like to focus on the most gung-ho gun rights advocates. Neither is anywhere near an accurate representation of either side.

Try googling ""veterans for gun control"" for personal accounts. Then there are organisations like [Gun Owners for Responsible Ownership](https://www.responsibleownership.org/) who are run by and represent those who are knowledgeable about guns but still seek to have some control implemented.",,1593430046,{},fwcvxao,False,t3_hhkzan,False,True,t3_hhkzan,/r/Libertarian/comments/hhkzan/why_are_the_people_that_advocate_for_gun_control/fwcvxao/,1593430046,1,True,False,Libertarian,t5_2qh63,,0,[],
[],,5th_Law_of_Robotics,,,[],,,,text,t2_9r24q,False,False,[],WWII had a big hand in it. Being the only industrial nation that wasn't bombed flat had some perks.,,1593430033,{},fwcvwrz,False,t3_hhw8b7,False,True,t3_hhw8b7,/r/Libertarian/comments/hhw8b7/what_created_the_american_middle_class_and_made/fwcvwrz/,1593430034,1,True,False,Libertarian,t5_2qh63,,0,[],
[],,karlnite,,,[],,,,text,t2_fvjrlzq,False,False,[],"Lol masks are a white liberal issue now. Good god, why do people drag other issues into everything. The masks do not do more harm, no way masks made things worse, that idea is sorta dumb. You can maybe argue they aren’t as effective because people use them wrong, but how is that worse?",,1593430004,{},fwcvvl0,False,t3_hhwrci,False,True,t1_fwct3kh,/r/Libertarian/comments/hhwrci/fyi_you_can_be_for_people_wearing_masks_and/fwcvvl0/,1593430004,1,True,False,Libertarian,t5_2qh63,,0,[],
[],,Eliot__Rosewater,,,[],,,,text,t2_4v018y5a,False,False,[],"Ah, don’t know anything about that one.

Anyway, this has nothing to do with libertarianism, you aren’t entitled to use the ‘againsthatereddit’ forum, they are free to block you and run their sub however they want.",,1593429984,{},fwcvutx,False,t3_hhxer5,False,True,t1_fwcvnqu,/r/Libertarian/comments/hhxer5/so_i_got_banned_from_ahs_for_literally_giving_my/fwcvutx/,1593429985,1,True,False,Libertarian,t5_2qh63,,0,[],
[],,5th_Law_of_Robotics,,,[],,,,text,t2_9r24q,False,False,[],"There really haven't been any significant instances.

People radically misunderstand what the second was about. It was never intended for the US to be a imperialist police state with a $750 billion standing peace time military of 2 million + and if that ever got out of control rednecks with cosplay gear could overthrow the whole mess and start over.


The idea was to not have a police state and massive standing army in the first place with both replaced with armed citizens.

Oops.



It's like your doctor telling you to stop smoking or you'll get cancer and require a lung transplant and you hear ""smoke more, worse case scenario we'll just get you new lungs which is super easy and guaranteed to work"".",,1593429964,{},fwcvu0z,False,t3_hhttla,False,True,t3_hhttla,/r/Libertarian/comments/hhttla/does_anyone_know_any_times_the_2a_has_been_used/fwcvu0z/,1593429966,1,True,False,Libertarian,t5_2qh63,,0,[],
[],,mer_at,,,[],,,,text,t2_10fkmv,False,False,[],"Well. If you see 2 buckets full of shit, and i have to step into one, i chose the one that has less shit in it than the other one. And NO THERE IS NO VALID THIRD BUCKET. Voting third party is rather like suggesting to NOT step into any of the 2 buckets, but rather growing wings and fly away. Yeah .... that won't happen in reality ...",,1593429916,{},fwcvs3b,False,t3_hhy1k4,False,True,t3_hhy1k4,/r/Libertarian/comments/hhy1k4/ill_vote_trump_in_the_election_heres_why_you/fwcvs3b/,1593429917,1,True,False,Libertarian,t5_2qh63,,0,[],
[],,karlnite,,,[],,,,text,t2_fvjrlzq,False,False,[],Do you have more trust in the common man? It seems both will let you down these days.,,1593429870,{},fwcvqbv,False,t3_hhwrci,False,True,t1_fwcu6hi,/r/Libertarian/comments/hhwrci/fyi_you_can_be_for_people_wearing_masks_and/fwcvqbv/,1593429871,1,True,False,Libertarian,t5_2qh63,,0,[],
[],,KamenAkuma,,,[],,,dark,text,t2_pczrt,False,False,[],"I got banned from r/conservative and on another account a while back before this became my main r/progun for disagreeing with a user.

Every sub silences people. Its pretty dumb to make a post whining about it",,1593429830,{},fwcvopm,False,t3_hhxer5,False,True,t3_hhxer5,/r/Libertarian/comments/hhxer5/so_i_got_banned_from_ahs_for_literally_giving_my/fwcvopm/,1593429831,1,True,False,Libertarian,t5_2qh63,,0,[],
[],,MoleculeMan65,,,[],,,,text,t2_2jlmpjpb,False,False,[],"Oh, the now defunct r/darkhumorandmemes",,1593429805,{},fwcvnqu,True,t3_hhxer5,False,True,t1_fwcvmc6,/r/Libertarian/comments/hhxer5/so_i_got_banned_from_ahs_for_literally_giving_my/fwcvnqu/,1593429807,1,True,False,Libertarian,t5_2qh63,,0,[],
[],,Eliot__Rosewater,,,[],,,,text,t2_4v018y5a,False,False,[],No the one you were complaining about them criticizing.,,1593429769,{},fwcvmc6,False,t3_hhxer5,False,True,t1_fwcvkai,/r/Libertarian/comments/hhxer5/so_i_got_banned_from_ahs_for_literally_giving_my/fwcvmc6/,1593429769,1,True,False,Libertarian,t5_2qh63,,0,[],
[],,5th_Law_of_Robotics,,,[],,,,text,t2_9r24q,False,False,[],Here's the thing: if you vote for Trump there's a chance we'll have Trump for president. And that's unconscionable.,,1593429743,{},fwcvlby,False,t3_hhy1k4,False,True,t3_hhy1k4,/r/Libertarian/comments/hhy1k4/ill_vote_trump_in_the_election_heres_why_you/fwcvlby/,1593429744,1,True,False,Libertarian,t5_2qh63,,0,[],
[],,MoleculeMan65,,,[],,,,text,t2_2jlmpjpb,False,False,[],What sub?,,1593429717,{},fwcvkai,True,t3_hhxer5,False,True,t1_fwcvim7,/r/Libertarian/comments/hhxer5/so_i_got_banned_from_ahs_for_literally_giving_my/fwcvkai/,1593429718,1,True,False,Libertarian,t5_2qh63,,0,[],
[],,Eliot__Rosewater,,,[],,,,text,t2_4v018y5a,False,False,[],What was the sub?,,1593429674,{},fwcvim7,False,t3_hhxer5,False,True,t3_hhxer5,/r/Libertarian/comments/hhxer5/so_i_got_banned_from_ahs_for_literally_giving_my/fwcvim7/,1593429675,1,True,False,Libertarian,t5_2qh63,,0,[],
[],,5th_Law_of_Robotics,,,[],,,,text,t2_9r24q,False,False,[],"Both sides same!


That was during the cold war when our president wasn't embarrassingly desperate to become bestest friends with Russia.",,1593429666,{},fwcviap,False,t3_hhfrwa,False,True,t1_fwabm7d,/r/Libertarian/comments/hhfrwa/lawmakers_want_answers_from_trump_administration/fwcviap/,1593429666,1,True,False,Libertarian,t5_2qh63,,0,[],
