all_awardings,associated_award,author,author_flair_background_color,author_flair_css_class,author_flair_richtext,author_flair_template_id,author_flair_text,author_flair_text_color,author_flair_type,author_fullname,author_patreon_flair,author_premium,awarders,body,collapsed_because_crowd_control,comment_type,created_utc,gildings,id,is_submitter,link_id,locked,no_follow,parent_id,permalink,retrieved_on,score,send_replies,stickied,subreddit,subreddit_id,top_awarded_type,total_awards_received,treatment_tags,distinguished
[],,Krednaught,,,[],,,,text,t2_11epij,False,False,[],Approaching 7 years later...,,,1614302622,{},gos1v1o,False,t3_lsijes,False,False,t1_gork826,/r/Libertarian/comments/lsijes/scotus_rules_against_an_innocent_man_who_was/gos1v1o/,1614450823,11,True,False,Libertarian,t5_2qh63,,0,[],
[],,TitaniumGold,,,[],,,,text,t2_946e4chz,False,False,[],By whom?,,,1614302607,{},gos1tzx,True,t3_lsm444,False,False,t1_gos1f92,/r/Libertarian/comments/lsm444/washington_state_supreme_court_rules_drug/gos1tzx/,1614450809,9,True,False,Libertarian,t5_2qh63,,0,[],
[],,chimpokemon7,,,[],,,,text,t2_9jg6pags,False,False,[],"Actually they have been incentivized (in pennslyvania and other areas) to be also about rehab and having few return customers.

&amp;#x200B;

You've also completely ignored the incentives of the public prison employees.  If you think about it, you'll find they are worse",,,1614302603,{},gos1tq6,False,t3_ls6ccs,False,False,t1_gopfots,/r/Libertarian/comments/ls6ccs/wa_legislature_considering_bill_to_ban_forprofit/gos1tq6/,1614450804,1,True,False,Libertarian,t5_2qh63,,0,[],
[],,ClintonsITguy,,,[],,,,text,t2_t47atce,False,False,[],The CCP lied? No way...,,,1614302597,{},gos1tbp,False,t3_lsj171,False,False,t3_lsj171,/r/Libertarian/comments/lsj171/who_investigators_looking_into_the_origins_of/gos1tbp/,1614450799,4,True,False,Libertarian,t5_2qh63,,0,[],
[],,doxxedmeonce,,,[],,,,text,t2_9a5sparj,False,False,[],"Too much privilege for too long. Everybody who thinks the police are the problem is going to rethink that right at the moment they first see someone lose their face into the ground in front of them but it will be far too late. You will have already destroyed the world you wanted to live in, forever. Good luck with that.",,,1614302595,{},gos1t6v,False,t3_lsl5h3,False,True,t3_lsl5h3,/r/Libertarian/comments/lsl5h3/defund_police_question/gos1t6v/,1614450797,-1,False,False,Libertarian,t5_2qh63,,0,[],
[],,Ransom__Stoddard,#f3c817,,"[{'e': 'text', 't': ""You aren't a real libertarian""}]",a1c701c6-1d82-11e2-a5e0-12313b0ce1e2,You aren't a real libertarian,dark,richtext,t2_yxoil,False,False,[],Another reddditar bitching about China that doesn't know anything about China.,,,1614302584,{},gos1scw,False,t3_lsld9n,False,True,t1_gos1i1w,/r/Libertarian/comments/lsld9n/anyone_else_weirded_out/gos1scw/,1614450785,3,True,False,Libertarian,t5_2qh63,,0,[],
[],,Korbohuta,,,[],,,,text,t2_3uirmlg2,False,False,[],Go to hell. You're nothing but a bootlicking Democrat masquerading as a libertarian. Run off to r/politics.,,,1614302575,{},gos1rqy,False,t3_lrpypx,False,True,t1_gos1dvq,/r/Libertarian/comments/lrpypx/exaide_says_gov_cuomo_sexually_harassed_her/gos1rqy/,1614450776,1,True,False,Libertarian,t5_2qh63,,0,[],
[],,PM_ME_SPICY_DECKS,,,[],,,,text,t2_mw54j37,False,False,[],then your comprehension is poor.,,,1614302570,{},gos1rca,False,t3_lsld9n,False,False,t1_gos1bw0,/r/Libertarian/comments/lsld9n/anyone_else_weirded_out/gos1rca/,1614450770,4,True,False,Libertarian,t5_2qh63,,0,[],
[],,GibeTyrandePls,#0dd3bb,,"[{'e': 'text', 't': 'free flow of information is the only safeguard against tyranny'}]",d5a8eef8-6e8e-11eb-90f5-0e288e16a72d,free flow of information is the only safeguard against tyranny,dark,richtext,t2_121p9r,False,False,[],"i've heard that CNN is bad but if you hear 'nukes on gun owners, drone strikes on conservatives and concentration camps on the rest of us' then you seem to be suffering from hallucinations and may have a serious medical condition.",,,1614302549,{},gos1pto,False,t3_lsfdlc,False,True,t1_gos17ju,/r/Libertarian/comments/lsfdlc/democratic_fury_with_gop_explodes_in_house/gos1pto/,1614450748,2,True,False,Libertarian,t5_2qh63,,0,[],
[],,jake_fordyce,#f3c817,,"[{'e': 'text', 't': 'Capitalism is a human right'}]",a1c701c6-1d82-11e2-a5e0-12313b0ce1e2,Capitalism is a human right,dark,richtext,t2_16lvzr,False,False,[],"Would you call any comparison to nazi germany or hitler ""insanely disrespectful"" and deserving of the person being fired? Like all of the people who made the comparison with the holding camps on the border or calling trump hitler? Or is there a different standard when someone on the right does it?",,,1614302545,{},gos1pio,False,t3_lsld9n,False,False,t1_gos00we,/r/Libertarian/comments/lsld9n/anyone_else_weirded_out/gos1pio/,1614450743,1,True,False,Libertarian,t5_2qh63,,0,[],
[],,logiclust,,,[],,,,text,t2_rj60p,False,False,[],That’s not something a libertarian would say,,,1614302544,{},gos1pfq,False,t3_lskx3z,False,False,t1_goru3mc,/r/Libertarian/comments/lskx3z/oregon_decriminalizes_drugs_replaces_arrests_with/gos1pfq/,1614450742,10,True,False,Libertarian,t5_2qh63,,0,[],
[],,willpower069,,,[],,,,text,t2_ziezb,False,False,[],You know you cannot ask right wingers for sources. It scares them.,,,1614302534,{},gos1oqw,False,t3_lsivcv,False,False,t1_gorrm8a,/r/Libertarian/comments/lsivcv/house_passes_equality_act_aimed_at_ending/gos1oqw/,1614450733,3,True,False,Libertarian,t5_2qh63,,0,[],
[],,Ransom__Stoddard,#f3c817,,"[{'e': 'text', 't': ""You aren't a real libertarian""}]",a1c701c6-1d82-11e2-a5e0-12313b0ce1e2,You aren't a real libertarian,dark,richtext,t2_yxoil,False,False,[],"No, the article, and the other articles about this report, and the other half-dozen times OP has posted about this German physicist's report about a biology lab.",,,1614302507,{},gos1msk,False,t3_lslhve,False,False,t1_gos15mt,/r/Libertarian/comments/lslhve/china_calls_germanys_bild_despicable_for/gos1msk/,1614450705,7,True,False,Libertarian,t5_2qh63,,0,[],
[],,johntwit,,,[],,,,text,t2_1m2ouygw,False,True,[],"Ransom is correct that it wasn't actually a ""study,"" it was more like a 100 page research paper and the author even admitted to using some pretty ridiculous sources like youtube. That being said, there are some important youtube videos of knowledgeable people speaking on the topic - for example the Japanese epidemiologists video about the precautions (not) being taken on the cruise ship Princess Diamond back in February that caused quite the stir in Japan. Using a video like that as a source would be acceptable, in my opinion. There was a massive amount of censorship that makes research of this kind necessary.",,,1614302501,{},gos1mdr,True,t3_lslhve,False,True,t1_gos15mt,/r/Libertarian/comments/lslhve/china_calls_germanys_bild_despicable_for/gos1mdr/,1614450699,-3,True,False,Libertarian,t5_2qh63,,0,[],
[],,AICOM_RSPN,,,[],,,,text,t2_6aibnmsj,False,False,[],"You're willing to implement bad policy and let Chinese influence - the greatest force for evil in the world today that the US is in a lowkey cold war with at the moment, and who would like nothing more than to expand their powerbase at the cost of the US's - run unchecked. 

I understand. It's bad policy, it's a bad idea, and just painting the brush with 'let them figure it out' is somewhat ignorant - but you do you.",,,1614302497,{},gos1m2f,False,t3_ls5g94,False,True,t1_gos050e,/r/Libertarian/comments/ls5g94/tennessee_republicans_call_on_university/gos1m2f/,1614450695,1,True,False,Libertarian,t5_2qh63,,0,[],
[],,Shay_Cormac_,,,[],,,,text,t2_36yrk9te,False,False,[],"That’s a stupid idea. You never know who’s behind the wheel, or what they’re capable of.",,,1614302484,{},gos1l5i,False,t3_ls82h5,False,True,t3_ls82h5,/r/Libertarian/comments/ls82h5/all_traffic_enforcement_should_be_handled_by_non/gos1l5i/,1614450682,1,True,False,Libertarian,t5_2qh63,,0,[],
[],,forheavensakes,,,[],,,,text,t2_11l7sx,False,False,[],"but was not controlled by the government, again things created by and for the government are not necessarily somehow part of the government after they ignore all government orders",,,1614302482,{},gos1kzv,False,t3_lqmtde,False,True,t1_gol4c2x,/r/Libertarian/comments/lqmtde/gamestop_fiasco_helps_build_momentum_for_a/gos1kzv/,1614450679,1,True,False,Libertarian,t5_2qh63,,0,[],
[],,HarryBergeron927,,,[],,,,text,t2_tep1e23,False,False,[],"And what do you suggest is done when people spend it on meth, booze, and Only Fans subscriptions?",,,1614302473,{},gos1kcy,False,t3_lsiok5,False,True,t3_lsiok5,/r/Libertarian/comments/lsiok5/ubi/gos1kcy/,1614450671,1,True,False,Libertarian,t5_2qh63,,0,[],
[],,weedlover420,,,[],,,,text,t2_93unw,False,False,[],"but i feel that we should ""cancel"" any corporation that works with them or appease them like hollywood",,,1614302471,{},gos1k8g,False,t3_lsld9n,False,True,t3_lsld9n,/r/Libertarian/comments/lsld9n/anyone_else_weirded_out/gos1k8g/,1614450669,1,True,False,Libertarian,t5_2qh63,,0,[],
[],,TreginWork,,,[],,,,text,t2_qtcfd,False,False,[],Out of no where a week or so ago the OP started spamming this sub constantly and the past couple days will post the same story from every news site/blog he can dig up,,,1614302468,{},gos1jz9,False,t3_lslhve,False,False,t1_gos030m,/r/Libertarian/comments/lslhve/china_calls_germanys_bild_despicable_for/gos1jz9/,1614450666,5,True,False,Libertarian,t5_2qh63,,0,[],
[],,politicsareshit,,,[],,,,text,t2_9vxib0bm,False,False,[],That's a fair point... What can I expect out of a government of governments,,,1614302465,{},gos1jtn,False,t3_lsld9n,False,True,t1_gos1fre,/r/Libertarian/comments/lsld9n/anyone_else_weirded_out/gos1jtn/,1614450664,1,True,False,Libertarian,t5_2qh63,,0,[],
[],,catstuff22,,,[],,,,text,t2_af5rrls4,False,False,[],"Yeah right, I’m sure they’ve put quantifiable effort into making legal immigration easier and aren’t just virtue signaling so they can feel free to shit on illegal immigrants.  

If conservatives just came out and were honest about being anti immigration they’d be less ridiculed about their convenient hypocrisy.",,,1614302464,{},gos1jph,False,t3_lsbqt5,False,True,t1_gorzr46,/r/Libertarian/comments/lsbqt5/60_percent_of_americans_support_eightyear_path_to/gos1jph/,1614450661,-9,True,False,Libertarian,t5_2qh63,,0,[],
[],,twhenk,,,[],,,,text,t2_13h1c5,False,False,[],"You can do all of that with man power. 

Yes they are, gotta love how la has active rigs hidden in the city.",,,1614302463,{},gos1jm4,False,t3_ls0n9e,False,True,t1_gorzjvx,/r/Libertarian/comments/ls0n9e/five_oregon_counties_to_vote_on_leaving_state/gos1jm4/,1614450660,1,True,False,Libertarian,t5_2qh63,,0,[],
[],,eriverside,#f3c817,,"[{'e': 'text', 't': 'NeoLiberal'}]",a1c701c6-1d82-11e2-a5e0-12313b0ce1e2,NeoLiberal,dark,richtext,t2_5s2fs,False,False,[],"All good points for why they should never be manufactured in the first place, but because they exists and some state actors have access to them, a ""well regulated militia"" would need some of their own to level the playing field or at the very least to act as a deterrent. 

(I should mention, this is only as my interpretation of 2a. I personally think 2a should be repealed because it doesn't really make sense anymore, especially as written and for the intended purpose)",,,1614302449,{},gos1inj,False,t3_ls894m,False,True,t1_gor6l52,/r/Libertarian/comments/ls894m/where_do_you_think_the_line_should_be_on_military/gos1inj/,1614450646,1,True,False,Libertarian,t5_2qh63,,0,[],
[],,AnyUsernameWillDo10,,,[],,,,text,t2_ttio7,False,False,[],"And I don’t care about the Amber Alert i get on my phone at 3am. 

But the cops sure as hell do.",,,1614302448,{},gos1ikc,False,t3_lsh7vd,False,False,t1_gos14oe,/r/Libertarian/comments/lsh7vd/phone_records_prove_house_sergeantatarms_did/gos1ikc/,1614450645,8,True,False,Libertarian,t5_2qh63,,0,[],
[],,soldio101,,,[],,,,text,t2_30hqxbsd,False,False,[],Child abuse.....   and criminal doctors should be tried for malpractice.,,,1614302445,{},gos1ida,False,t3_lsm1wo,False,True,t3_lsm1wo,/r/Libertarian/comments/lsm1wo/rand_paul_questioning_biden_appointee_on_giving/gos1ida/,1614450642,-5,True,False,Libertarian,t5_2qh63,,0,[],
[],,politicsareshit,,,[],,,,text,t2_9vxib0bm,False,False,[],"Watch mulan (disney)
And see how many fortune 500 companies have sweatshops in china.
I'll see if I can find the list",,,1614302441,{},gos1i1w,False,t3_lsld9n,False,True,t1_gos1asp,/r/Libertarian/comments/lsld9n/anyone_else_weirded_out/gos1i1w/,1614450638,0,False,False,Libertarian,t5_2qh63,,0,[],
[],,SmellyMammoth,,,[],,,,text,t2_bor8q,False,False,[],"I’ve noticed that the only people who complain about those kinds of comments are r/Conservative and r/Republican posters.

You should debate their ideas instead of trying to gatekeep an ideology you don’t even adhere to.",,,1614302438,{},gos1hta,False,t3_lsbqt5,False,True,t1_goqllqv,/r/Libertarian/comments/lsbqt5/60_percent_of_americans_support_eightyear_path_to/gos1hta/,1614450634,3,True,False,Libertarian,t5_2qh63,,0,[],
[],,Takeoffdpantsnjaket,,,[],,,,text,t2_4a8j1y3g,False,True,[],"&gt;You're exactly like the people who say; ""The driver that plowed through the Charlottesville protest didn't kill that girl! She died of a heart attack!""

We call them nazis.",,,1614302425,{},gos1gwb,False,t3_lsh7vd,False,True,t1_gos0bsx,/r/Libertarian/comments/lsh7vd/phone_records_prove_house_sergeantatarms_did/gos1gwb/,1614450622,-8,True,False,Libertarian,t5_2qh63,,0,[],
[],,donutholster,#1404bd,,"[{'e': 'text', 't': 'Democrat'}]",b42c5e20-3c3d-11e9-bf7f-0ee74baaa2ee,Democrat,light,richtext,t2_5iqpm4zz,False,False,[],You have a pretty high opinion of the United Nations abilities.,,,1614302410,{},gos1fre,False,t3_lsld9n,False,False,t1_gos12ok,/r/Libertarian/comments/lsld9n/anyone_else_weirded_out/gos1fre/,1614450604,4,True,False,Libertarian,t5_2qh63,,0,[],
[],,soldio101,,,[],,,,text,t2_30hqxbsd,False,False,[],They will get OVER TURNED...,,,1614302402,{},gos1f92,False,t3_lsm444,False,True,t3_lsm444,/r/Libertarian/comments/lsm444/washington_state_supreme_court_rules_drug/gos1f92/,1614450597,-8,True,False,Libertarian,t5_2qh63,,0,[],
[],,Ozcolllo,,,[],,,,text,t2_cfs8e,False,False,[],"&gt;	Be careful, I came armed with the brain worms of various talking heads that specialize in telling me what I want to hear.  I can’t be bothered to even check the Wikipedia entries to glean a cursory understanding of various political philosophies, but you better believe that I have very strong opinions!

Well go get ‘em, tiger!",,,1614302392,{},gos1efz,False,t3_ls7ny2,False,False,t1_gorrax0,/r/Libertarian/comments/ls7ny2/oklahoma_republicans_bill_would_ban_critical_race/gos1efz/,1614450586,1,True,False,Libertarian,t5_2qh63,,0,[],
[],,GibeTyrandePls,#0dd3bb,,"[{'e': 'text', 't': 'free flow of information is the only safeguard against tyranny'}]",d5a8eef8-6e8e-11eb-90f5-0e288e16a72d,free flow of information is the only safeguard against tyranny,dark,richtext,t2_121p9r,False,False,[],"it's odd that you assume that everyone who disagrees with you is a cuomo lover. talk about obsession. even your best /r/Conservative  post is a cuomo meme. 

you're just like this asshole u/Korbohuta who also does nothing but complain here. you are perfectly at home in conservative subs, yet you still feel the need to spend months bitching and moaning about how this sub isn't catering to your ideology, while accusing others of brigading.",,,1614302385,{},gos1dvq,False,t3_lrpypx,False,True,t1_gorue4e,/r/Libertarian/comments/lrpypx/exaide_says_gov_cuomo_sexually_harassed_her/gos1dvq/,1614450579,1,True,False,Libertarian,t5_2qh63,,0,[],
[],,Ransom__Stoddard,#f3c817,,"[{'e': 'text', 't': ""You aren't a real libertarian""}]",a1c701c6-1d82-11e2-a5e0-12313b0ce1e2,You aren't a real libertarian,dark,richtext,t2_yxoil,False,False,[],"You know what, I misspoke.  Her contract had already expired.  Disney/Lucasfilm chose not to renew it.",,,1614302381,{},gos1dnc,False,t3_lsld9n,False,True,t1_gos0gqb,/r/Libertarian/comments/lsld9n/anyone_else_weirded_out/gos1dnc/,1614450575,3,True,False,Libertarian,t5_2qh63,,0,[],
[],,dreddllama,,,[],,,,text,t2_108qlz,False,False,[],How about refusing to wear a mask for starters? He's supposed to be an f---ing doctor. Lol,,,1614302371,{},gos1cwg,False,t3_lsdqyo,False,True,t1_gos0t9u,/r/Libertarian/comments/lsdqyo/what_do_you_think_about_rand_pauls_questioning/gos1cwg/,1614450565,3,True,False,Libertarian,t5_2qh63,,0,[],
[],,Ilikegundeals,,,[],,,,text,t2_1jpf1asm,False,False,[],The educational system has failed you horribly.,,,1614302358,{},gos1bzi,False,t3_lsh7vd,False,True,t1_gos14oe,/r/Libertarian/comments/lsh7vd/phone_records_prove_house_sergeantatarms_did/gos1bzi/,1614450551,1,True,False,Libertarian,t5_2qh63,,0,[],
[],,politicsareshit,,,[],,,,text,t2_9vxib0bm,False,False,[],I listened to the entire speech bro....kinda hard to misinterpret it,,,1614302357,{},gos1bw0,False,t3_lsld9n,False,True,t1_gos15gg,/r/Libertarian/comments/lsld9n/anyone_else_weirded_out/gos1bw0/,1614450550,1,False,False,Libertarian,t5_2qh63,,0,[],
[],,logiclust,,,[],,,,text,t2_rj60p,False,False,[],Imbecile,,,1614302348,{},gos1b88,False,t3_lskz42,False,True,t3_lskz42,/r/Libertarian/comments/lskz42/what_pinochet_did_for_chile/gos1b88/,1614450540,3,True,False,Libertarian,t5_2qh63,,0,[],
[],,Ransom__Stoddard,#f3c817,,"[{'e': 'text', 't': ""You aren't a real libertarian""}]",a1c701c6-1d82-11e2-a5e0-12313b0ce1e2,You aren't a real libertarian,dark,richtext,t2_yxoil,False,False,[],Evidence?,,,1614302342,{},gos1asp,False,t3_lsld9n,False,True,t1_gos0mg4,/r/Libertarian/comments/lsld9n/anyone_else_weirded_out/gos1asp/,1614450534,2,True,False,Libertarian,t5_2qh63,,0,[],
[],,soldio101,,,[],,,,text,t2_30hqxbsd,False,False,[],Well DUH....  you do not have to be an expert at racist math to understand that.,,,1614302320,{},gos198n,False,t3_lslf3q,False,False,t3_lslf3q,/r/Libertarian/comments/lslf3q/why_biden_and_krugman_are_wrong_about_the_15/gos198n/,1614450513,2,True,False,Libertarian,t5_2qh63,,0,[],
[],,Ransom__Stoddard,#f3c817,,"[{'e': 'text', 't': ""You aren't a real libertarian""}]",a1c701c6-1d82-11e2-a5e0-12313b0ce1e2,You aren't a real libertarian,dark,richtext,t2_yxoil,False,False,[],"So you aren't going to respond to being incorrect in your statement about insurance, but change the topic to other government spending.

k",,,1614302305,{},gos186a,False,t3_lsiok5,False,True,t1_gos0jxg,/r/Libertarian/comments/lsiok5/ubi/gos186a/,1614450497,1,True,False,Libertarian,t5_2qh63,,0,[],
[],,Ayte66,,,[],,,,text,t2_a1f4cqj9,False,False,[],Just CNN 😆,,,1614302297,{},gos17ju,False,t3_lsfdlc,False,True,t1_gorpcyp,/r/Libertarian/comments/lsfdlc/democratic_fury_with_gop_explodes_in_house/gos17ju/,1614450488,0,True,False,Libertarian,t5_2qh63,,0,[],
[],,Takeoffdpantsnjaket,,,[],,,,text,t2_4a8j1y3g,False,True,[],This guy legals.,,,1614302276,{},gos162j,False,t3_lsh7vd,False,True,t1_gorp8as,/r/Libertarian/comments/lsh7vd/phone_records_prove_house_sergeantatarms_did/gos162j/,1614450466,0,True,False,Libertarian,t5_2qh63,,0,[],
[],,soldio101,,,[],,,,text,t2_30hqxbsd,False,False,[],Says who you?,,,1614302270,{},gos15mt,False,t3_lslhve,False,True,t1_gos030m,/r/Libertarian/comments/lslhve/china_calls_germanys_bild_despicable_for/gos15mt/,1614450460,-4,True,False,Libertarian,t5_2qh63,,0,[],
[],,houseofnim,,,[],,,,text,t2_3azo9vys,False,False,[],"I would 100,000% rather have people send their money to charities and organizations that get actual results than paying taxes to our disgustingly wasteful government.

You do realize that Bezos invests a shit ton of money into charity and climate change right? He already pledged to make Amazon carbon neutral by 2040 (10 years ahead of the paris accord btw) which got other companies, like Microsoft, to join the pledge as well. He committed 10 billion to his Earth Fund. He donated 100m to a food bank organization. He was the number one US charity donator in 2020. IMO, that more than makes up for him “not paying his fair share”.",,,1614302269,{},gos15km,False,t3_lsa6qh,False,True,t1_goripqk,/r/Libertarian/comments/lsa6qh/idaho_tax_cuts_will_mostly_benefit_the_wealthy/gos15km/,1614450459,1,True,False,Libertarian,t5_2qh63,,0,[],
[],,PM_ME_SPICY_DECKS,,,[],,,,text,t2_mw54j37,False,False,[],if you're here to deliberately misinterpret things the president said then yes you should go to r/republican or /r/Conservative,,,1614302268,{},gos15gg,False,t3_lsld9n,False,True,t1_gos0z95,/r/Libertarian/comments/lsld9n/anyone_else_weirded_out/gos15gg/,1614450457,4,True,False,Libertarian,t5_2qh63,,0,[],
[],,atomicllama1,,,[],,,,text,t2_b517d,False,False,[],"You can't say the r word here. So 

Im basically saying I dont care about the jan 6th thing.",,,1614302257,{},gos14oe,False,t3_lsh7vd,False,True,t1_gos0too,/r/Libertarian/comments/lsh7vd/phone_records_prove_house_sergeantatarms_did/gos14oe/,1614450446,-12,True,False,Libertarian,t5_2qh63,,0,[],
[],,soldio101,,,[],,,,text,t2_30hqxbsd,False,False,[],"I am sure they do...  China is about the worst liars on the Planet right now.

They Make Russia look like the good guys.",,,1614302243,{},gos13o9,False,t3_lslhve,False,False,t3_lslhve,/r/Libertarian/comments/lslhve/china_calls_germanys_bild_despicable_for/gos13o9/,1614450431,4,True,False,Libertarian,t5_2qh63,,0,[],
[],,politicsareshit,,,[],,,,text,t2_9vxib0bm,False,False,[],Wouldn't be if the UN did its job,,,1614302229,{},gos12ok,False,t3_lsld9n,False,True,t1_gorzzl1,/r/Libertarian/comments/lsld9n/anyone_else_weirded_out/gos12ok/,1614450416,1,True,False,Libertarian,t5_2qh63,,0,[],
[],,DrunkShimodaPicard,,,[],,,,text,t2_h9t41az,False,False,[],"Thanks again!  That was highly informative.  But, man, while I totally understand that definition of racism, I also am really afraid that it's simplified translation among the general populace is a major problem for spreading the fundamental truths of CRT.  It seems to focus on a situational definition of racism, rather than a universal one, but maybe I'm not quite getting something. It just seems like a poison pill that will allow certain people to justify denouncing all of it, though. But I guess that kind of problem -- that a lot of people don't understanding nuance, goes far beyond just this issue.  In some ways, that is one of the underlying problems of our modern society.
Thanks again for your answer!",,,1614302225,{},gos12fb,False,t3_ls7ny2,False,True,t1_goryxst,/r/Libertarian/comments/ls7ny2/oklahoma_republicans_bill_would_ban_critical_race/gos12fb/,1614450413,1,True,False,Libertarian,t5_2qh63,,0,[],
[],,ee4m,,,[],,,,text,t2_pkour,False,False,[],Cold War type propaganda.,,,1614302207,{},gos114p,False,t3_lslhve,False,True,t3_lslhve,/r/Libertarian/comments/lslhve/china_calls_germanys_bild_despicable_for/gos114p/,1614450393,3,True,False,Libertarian,t5_2qh63,,0,[],
[],,politicsareshit,,,[],,,,text,t2_9vxib0bm,False,False,[],"Partisan? 
Yeah fuck communism and genocide.
I should go to r/republican",,,1614302182,{},gos0z95,False,t3_lsld9n,False,False,t1_gos0us4,/r/Libertarian/comments/lsld9n/anyone_else_weirded_out/gos0z95/,1614450364,1,True,False,Libertarian,t5_2qh63,,0,[],
[],,donutholster,#1404bd,,"[{'e': 'text', 't': 'Democrat'}]",b42c5e20-3c3d-11e9-bf7f-0ee74baaa2ee,Democrat,light,richtext,t2_5iqpm4zz,False,False,[],Capitalism without freedom. Not sure that's really something to be celebrating.,,,1614302182,{},gos0z94,False,t3_lskz42,False,False,t3_lskz42,/r/Libertarian/comments/lskz42/what_pinochet_did_for_chile/gos0z94/,1614450364,3,True,False,Libertarian,t5_2qh63,,0,[],
[],,Ozcolllo,,,[],,,,text,t2_cfs8e,False,False,[],Can you even define the buzzword-boogeymen that you use?,,,1614302179,{},gos0z1a,False,t3_ls7ny2,False,True,t1_gort2vt,/r/Libertarian/comments/ls7ny2/oklahoma_republicans_bill_would_ban_critical_race/gos0z1a/,1614450360,0,True,False,Libertarian,t5_2qh63,,0,[],
[],,WynterRayne,#f3c817,,"[{'e': 'text', 't': 'Libertarian Socialist -7.5, -9.33'}]",a1c701c6-1d82-11e2-a5e0-12313b0ce1e2,"Libertarian Socialist -7.5, -9.33",dark,richtext,t2_1fapgxhy,False,False,[],"Something it doesn't have in common with you. Well.. The 'useful' part, anyway.",,,1614302171,{},gos0ydr,False,t3_lsj48r,False,True,t1_gorim9n,/r/Libertarian/comments/lsj48r/possible_evidence_of_election_fraud_documented_on/gos0ydr/,1614450351,2,True,False,Libertarian,t5_2qh63,,0,[],
[],,logiclust,,,[],,,,text,t2_rj60p,False,False,[],Defund police ≠ no police.,,,1614302152,{},gos0wzx,False,t3_lsl5h3,False,False,t3_lsl5h3,/r/Libertarian/comments/lsl5h3/defund_police_question/gos0wzx/,1614450332,12,True,False,Libertarian,t5_2qh63,,0,[],
[],,PM_ME_SPICY_DECKS,,,[],,,,text,t2_mw54j37,False,False,[],"If you did, you wouldn't be here posting some partisan bullshit",,,1614302121,{},gos0us4,False,t3_lsld9n,False,True,t1_goryxxm,/r/Libertarian/comments/lsld9n/anyone_else_weirded_out/gos0us4/,1614450299,3,True,False,Libertarian,t5_2qh63,,0,[],
[],,politicsareshit,,,[],,,,text,t2_9vxib0bm,False,False,[],it already got to that point man I don't know if you remember during protests people are being beaten for wearing maga hats. Not a fan of trump (too much of a Kardashian for me) but that's not cool. we've already been violent with each other over our political views and it's stupid.,,,1614302112,{},gos0u54,False,t3_lsld9n,False,True,t1_gos00we,/r/Libertarian/comments/lsld9n/anyone_else_weirded_out/gos0u54/,1614450290,3,False,False,Libertarian,t5_2qh63,,0,[],
[],,Ilikegundeals,,,[],,,,text,t2_1jpf1asm,False,False,[],Wut?,,,1614302106,{},gos0too,False,t3_lsh7vd,False,False,t1_gos07nv,/r/Libertarian/comments/lsh7vd/phone_records_prove_house_sergeantatarms_did/gos0too/,1614450284,8,True,False,Libertarian,t5_2qh63,,0,[],
[],,certaindeath4,,,[],,,,text,t2_4xadn,False,False,[],Can you explain how?,,,1614302100,{},gos0t9u,False,t3_lsdqyo,False,True,t1_gor924t,/r/Libertarian/comments/lsdqyo/what_do_you_think_about_rand_pauls_questioning/gos0t9u/,1614450279,0,True,False,Libertarian,t5_2qh63,,0,[],
[],,FlambageShot,,,[],,,,text,t2_41w81b9v,False,False,[],Of course Californians own California.,,,1614302091,{},gos0smf,False,t3_lsbqt5,False,True,t1_gorufn3,/r/Libertarian/comments/lsbqt5/60_percent_of_americans_support_eightyear_path_to/gos0smf/,1614450270,1,True,False,Libertarian,t5_2qh63,,0,[],
[],,OttoManSatire,,,[],,,,text,t2_2labetz4,False,False,[],"Nah brah, we just holding y'all accountable now.",,,1614302081,{},gos0ruo,False,t3_lsl6se,False,False,t3_lsl6se,/r/Libertarian/comments/lsl6se/everything_has_been_criminalized_says_neil/gos0ruo/,1614450259,3,True,False,Libertarian,t5_2qh63,,0,[],
[],,PM_ME_SPICY_DECKS,,,[],,,,text,t2_mw54j37,False,False,[],I'm weirded out by how stupid you are.,,,1614302078,{},gos0rls,False,t3_lsld9n,False,False,t3_lsld9n,/r/Libertarian/comments/lsld9n/anyone_else_weirded_out/gos0rls/,1614450256,4,True,False,Libertarian,t5_2qh63,,0,[],
[],,plsdontarguewithme,,,[],,,,text,t2_7ojozy37,False,False,[],"I may have misunderstood, my apologies.",,,1614302044,{},gos0pba,False,t3_ls5g94,False,True,t1_gos0bsr,/r/Libertarian/comments/ls5g94/tennessee_republicans_call_on_university/gos0pba/,1614450223,1,True,False,Libertarian,t5_2qh63,,0,[],
[],,AutoModerator,,,[],,,,text,t2_6l4z3,False,True,[],"Please note Reddit's policy banning hate-speech, attempting to circumvent automod will result in a ban. Removal triggered by the term 'sub human'. https://www.reddit.com/r/announcements/comments/hi3oht/update_to_our_content_policy/ Please note this is considered an official warning. Please do not bother messaging the mod team, your comment is unlikely to be approved, and the list is not up for debate. Simply repost your comment without the offending word. These words were added to the list due to direct admin removal and are non-negotiable.

*I am a bot, and this action was performed automatically. Please [contact the moderators of this subreddit](/message/compose/?to=/r/Libertarian) if you have any questions or concerns.*",,,1614302029,{},gos0o7t,False,t3_lsiyql,True,True,t1_gos0o6b,/r/Libertarian/comments/lsiyql/equality_act/gos0o7t/,1614450209,2,False,False,Libertarian,t5_2qh63,,0,[],moderator
[],,[deleted],,,,,,dark,,,,,[],[removed],,,1614302028,{},gos0o6b,False,t3_lsiyql,False,True,t1_gorzc0k,/r/Libertarian/comments/lsiyql/equality_act/gos0o6b/,1614450209,1,True,False,Libertarian,t5_2qh63,,0,[],
[],,Vodik_VDK,,,[],,,,text,t2_m0nri54,False,False,[],*Rise of the Warrior Cop* is a book covering the history and development of policing in the US.,,,1614302024,{},gos0nvt,False,t3_lsl5h3,False,False,t3_lsl5h3,/r/Libertarian/comments/lsl5h3/defund_police_question/gos0nvt/,1614450204,8,True,False,Libertarian,t5_2qh63,,0,[],
[],,politicsareshit,,,[],,,,text,t2_9vxib0bm,False,False,[],"Oh yeah,so what about our president and the multiple fortune 500 companies",,,1614302005,{},gos0mg4,False,t3_lsld9n,False,True,t1_gos0813,/r/Libertarian/comments/lsld9n/anyone_else_weirded_out/gos0mg4/,1614450184,0,True,False,Libertarian,t5_2qh63,,0,[],
[],,AutoModerator,,,[],,,,text,t2_6l4z3,False,True,[],"New accounts less than many days old do not have posting permissions. You are welcome to come back in a week or so--we don't say exactly how long--when your account is more seasoned.

*I am a bot, and this action was performed automatically. Please [contact the moderators of this subreddit](/message/compose/?to=/r/Libertarian) if you have any questions or concerns.*",,,1614302002,{},gos0m81,False,t3_lsl5h3,True,True,t1_gos0m59,/r/Libertarian/comments/lsl5h3/defund_police_question/gos0m81/,1614450181,-1,False,False,Libertarian,t5_2qh63,,0,[],moderator
[],,[deleted],,,,,,dark,,,,,[],[removed],,,1614302000,{},gos0m59,False,t3_lsl5h3,False,True,t3_lsl5h3,/r/Libertarian/comments/lsl5h3/defund_police_question/gos0m59/,1614450180,1,True,False,Libertarian,t5_2qh63,,0,[],
[],,Kaseiopeia,,,[],,,,text,t2_4bcf7vo1,False,False,[],Biden will reward the globalists with a war soon enough.,,,1614302000,{},gos0m3a,False,t3_lskqmo,False,True,t3_lskqmo,/r/Libertarian/comments/lskqmo/us_carries_out_airstrike_against_iranianbacked/gos0m3a/,1614450179,1,True,False,Libertarian,t5_2qh63,,0,[],
[],,dreddllama,,,[],,,,text,t2_108qlz,False,False,[],Yeah... I know.,,,1614301974,{},gos0k97,False,t3_lsl5h3,False,False,t1_gos0087,/r/Libertarian/comments/lsl5h3/defund_police_question/gos0k97/,1614450154,3,True,False,Libertarian,t5_2qh63,,0,[],
[],,WynterRayne,#f3c817,,"[{'e': 'text', 't': 'Libertarian Socialist -7.5, -9.33'}]",a1c701c6-1d82-11e2-a5e0-12313b0ce1e2,"Libertarian Socialist -7.5, -9.33",dark,richtext,t2_1fapgxhy,False,False,[],"That logic applies readily to all of government.

Yet 'libertarians' still want my tax to pay for their police and militaries. Still want me to be forced to pay for a judiciary...",,,1614301970,{},gos0jxg,False,t3_lsiok5,False,True,t1_gorzm98,/r/Libertarian/comments/lsiok5/ubi/gos0jxg/,1614450149,0,True,False,Libertarian,t5_2qh63,,0,[],
[],,JimC29,,,[],,,,text,t2_1ycqqydk,False,False,[],It really depends on the state. States like Colorado and Oregon super high quality cannabis is cheaper than the average brown I was getting in the 90s. Newer legalized states it's still higher. We really need interstate commerce.,,,1614301964,{},gos0jis,False,t3_lsb81c,False,True,t1_gory4lf,/r/Libertarian/comments/lsb81c/legal_pot_doesnt_seem_to_increase_teen_use_or/gos0jis/,1614450142,3,True,False,Libertarian,t5_2qh63,,0,[],
[],,politicsareshit,,,[],,,,text,t2_9vxib0bm,False,False,[],Would you happen to know what her contract said?,,,1614301926,{},gos0gqb,False,t3_lsld9n,False,True,t1_gos0cbw,/r/Libertarian/comments/lsld9n/anyone_else_weirded_out/gos0gqb/,1614450103,1,True,False,Libertarian,t5_2qh63,,0,[],
[],,logiclust,,,[],,,,text,t2_rj60p,False,False,[],Has been since the 80s “tough on crime” bozos came to power,,,1614301911,{},gos0fmz,False,t3_lsl6se,False,False,t1_gorymf7,/r/Libertarian/comments/lsl6se/everything_has_been_criminalized_says_neil/gos0fmz/,1614450088,13,True,False,Libertarian,t5_2qh63,,0,[],
[],,dreddllama,,,[],,,,text,t2_108qlz,False,False,[],I'm sure it was just a coincidence.,,,1614301894,{},gos0ef9,False,t3_lsh7vd,False,False,t1_goryctp,/r/Libertarian/comments/lsh7vd/phone_records_prove_house_sergeantatarms_did/gos0ef9/,1614450071,11,True,False,Libertarian,t5_2qh63,,0,[],
[],,stupendousman,,,[],,,,text,t2_19aqg,False,False,[],"&gt;Buddy were talking about immigration. I don't know where tf property came into this.
  
Immigration into what exactly? 
     
&gt; You don't own the United States, hell you don't even own the land you have in the US.
  
Correct, US government employees use threats up to force to control various aspects of my property. If you're in the US this is true for you, why are you not concerned? 
     
&gt;But either way, immigrants do not infringe on your property
     
If you're for the state immigrants don't have any right to membership or travel within the borders- the residents decide. If you're against the state it's all borders. 
     
&gt;Crossing the border in and of itself does not infringe on your right to own your own property and exist on it.
   
Are these people crossing willing to sign a contract that says they won't support property rights infringements by the state or themselves? 
     
&gt;So idk why it matters whether or not the immigrants do.
  
100 people are against me, who cares if you add 50 more?
     
&gt;It's just a silly talking point republicans use
   
I follow AnCap philosophy. 
    
&gt;they think democrats are importing mexicans to bring socialism to the united states.
  
Many members of the Democrat tribe seek increased immigration because it will increase their ability to hold on to power.",,,1614301881,{},gos0dji,False,t3_lsbqt5,False,True,t1_gory7vh,/r/Libertarian/comments/lsbqt5/60_percent_of_americans_support_eightyear_path_to/gos0dji/,1614450059,-1,True,False,Libertarian,t5_2qh63,,0,[],
[],,Ransom__Stoddard,#f3c817,,"[{'e': 'text', 't': ""You aren't a real libertarian""}]",a1c701c6-1d82-11e2-a5e0-12313b0ce1e2,You aren't a real libertarian,dark,richtext,t2_yxoil,False,False,[],"&gt;and it wasn't anything negative 

Other than being outright lies, sure.  She also violated an agreement in her contract.",,,1614301864,{},gos0cbw,False,t3_lsld9n,False,False,t1_gorzxuj,/r/Libertarian/comments/lsld9n/anyone_else_weirded_out/gos0cbw/,1614450042,5,True,False,Libertarian,t5_2qh63,,0,[],
[],,travelsizedsuperman,,,[],,,,text,t2_4dfwmapx,False,False,[],"Phrasing it as ""class related"" ignores the fact that the institutional racism was specifically designed to utilize class (and drug warfare) as a way to hide its true intent.  The ""class related"" is made to hurt Blacks.

The same way Agent Orange is a defoliant but it's real use is hurting the enemy. The same way penalizing crack cocaine more than powdered cocaine is also ""class related"" because crack is cheaper but is reallyeant to hurt Blacks. The same way Heroin was criminalized so harshly (to hurt Blacks) but opiates in pill form weren't really seen as a criminal issue.

They are absolutely class related BUT that's the cover.",,,1614301859,{},gos0bxn,False,t3_ls7ny2,False,True,t1_goryxth,/r/Libertarian/comments/ls7ny2/oklahoma_republicans_bill_would_ban_critical_race/gos0bxn/,1614450037,1,True,False,Libertarian,t5_2qh63,,0,[],
[],,dreddllama,,,[],,,,text,t2_108qlz,False,False,[],"Bs. You don't know. 

&gt;The medical examiner's report on the cause of Sicknick's death has not been released.

All we have grounds to say right now is that he was assaulted by terrorist and died soon after.",,,1614301858,{},gos0bvp,False,t3_lsh7vd,False,False,t1_gory2z8,/r/Libertarian/comments/lsh7vd/phone_records_prove_house_sergeantatarms_did/gos0bvp/,1614450036,7,True,False,Libertarian,t5_2qh63,,0,[],
[],,Darkmortal10,,,[],,,,text,t2_r7jx5c,False,False,[],"I love that everyone in ""the party of Personal Responsibility""

Can't accept that their party is responsible for the murder of a cop. 



You're exactly like the people who say 
&gt;""The driver that plowed through the Charlottesville protest didn't kill that girl! She died of a heart attack!""",,,1614301857,{},gos0bsx,False,t3_lsh7vd,False,True,t1_gorvqvo,/r/Libertarian/comments/lsh7vd/phone_records_prove_house_sergeantatarms_did/gos0bsx/,1614450035,3,True,False,Libertarian,t5_2qh63,,0,[],
[],,quantum-mechanic,,,[],,,,text,t2_1144j,False,False,[],"I'm not backing up Trump here!   It was the example the other dude brought up, where he attempted to muddy the water on the cancel culture issue by bringing in Trump who has myriad other reasons to deserve a cancel",,,1614301857,{},gos0bsr,False,t3_ls5g94,False,True,t1_gory3wb,/r/Libertarian/comments/ls5g94/tennessee_republicans_call_on_university/gos0bsr/,1614450035,1,True,False,Libertarian,t5_2qh63,,0,[],
[],,Tiberius_Caino,,,[],,,,text,t2_a6dlu8ea,False,False,[],"Lol perhaps! 

That said, I haven't seen any credible evidence that the SaA's was engaged in a conspiracy to undermine the response to this protest/insurgency. 

Not calling for backup at a particular point in time is very circumstancial.",,,1614301841,{},gos0aql,False,t3_lsh7vd,False,True,t1_gorzuof,/r/Libertarian/comments/lsh7vd/phone_records_prove_house_sergeantatarms_did/gos0aql/,1614450019,2,True,False,Libertarian,t5_2qh63,,0,[],
[],,Jelly-dogs,,,[],,,,text,t2_61w27cqd,False,False,[]," I am suggesting there not be a need for paperwork when freedom is an option.

Recreational explosives should be the baseline",,,1614301835,{},gos0aa8,False,t3_ls894m,False,True,t1_gordb4a,/r/Libertarian/comments/ls894m/where_do_you_think_the_line_should_be_on_military/gos0aa8/,1614450012,1,True,False,Libertarian,t5_2qh63,,0,[],
[],,obiwanjacobi,,,[],,,,text,t2_81zxd,False,False,[],"If I don’t want to associate with you, I shouldn’t be forced to",,,1614301832,{},gos0a38,False,t3_lsiyql,False,True,t3_lsiyql,/r/Libertarian/comments/lsiyql/equality_act/gos0a38/,1614450010,-2,True,False,Libertarian,t5_2qh63,,0,[],
[],,HarryBergeron927,,,[],,,,text,t2_tep1e23,False,False,[],"&gt;Yet when they frequent said establishment they expect to receive top notch service regardless of who is serving them.

Lol...no I expect them to be able to push the button that has the picture of the big Mac and not the one that has the picture of the McChicken sandwich.

I dont care that anybody earns more. I care that you shouldn't dictate who earns what and why. I care that your fake ass egalitarianism actually produces real human misery for those who are adversely affected by your authoritarian ideas.",,,1614301814,{},gos08p0,False,t3_lskpxo,False,True,t1_gort1kk,/r/Libertarian/comments/lskpxo/increasing_minimum_wage_to_15hr_will_increase_our/gos08p0/,1614449990,2,True,False,Libertarian,t5_2qh63,,0,[],
[],,DanBrino,,,[],,,,text,t2_5q9669u,False,False,[],"Nice feigned ignorance. What I said is fact. You can look it up if you want. Even leftists are [admitting there was no collusion](https://www.npr.org/2019/03/24/706385781/mueller-report-finds-evidence-of-russian-collusion).

Mueller said ""no US person"" was involved in the russian meddling. But I guess you'd have to have a brain to understand that.

I dont get it with morons who keep peddling this shit. There is SOOOOO MUCH to criticize Trump over, and yet you keep making up boogey men.",,,1614301807,{},gos085j,False,t3_lrd6qi,False,True,t1_goqqujq,/r/Libertarian/comments/lrd6qi/after_suing_mike_lindell_sidney_powell_and_rudy/gos085j/,1614449983,0,True,False,Libertarian,t5_2qh63,,0,[],
[],,Ransom__Stoddard,#f3c817,,"[{'e': 'text', 't': ""You aren't a real libertarian""}]",a1c701c6-1d82-11e2-a5e0-12313b0ce1e2,You aren't a real libertarian,dark,richtext,t2_yxoil,False,False,[],"&gt; So it's acceptable to work with the ccp and tolerate those ""different cultural norms""

Except no one is doing that.",,,1614301805,{},gos0813,False,t3_lsld9n,False,True,t3_lsld9n,/r/Libertarian/comments/lsld9n/anyone_else_weirded_out/gos0813/,1614449982,2,True,False,Libertarian,t5_2qh63,,0,[],
[],,atomicllama1,,,[],,,,text,t2_b517d,False,False,[],"I guneinly dont care that a bunch of special helpers got extra excited on Jan 6th. 

The windows where already replaced with our money. Who care.",,,1614301800,{},gos07nv,False,t3_lsh7vd,False,True,t3_lsh7vd,/r/Libertarian/comments/lsh7vd/phone_records_prove_house_sergeantatarms_did/gos07nv/,1614449976,-17,True,False,Libertarian,t5_2qh63,,0,[],
[],,tappinthekeys,#f3c817,,"[{'e': 'text', 't': 'Right Libertarian'}]",b016ca8a-1cf2-11e2-97d4-12313b088941,Right Libertarian,dark,richtext,t2_12tiuz,False,False,[],"That's actually a pretty funny analogy, but I don't think polls are really an accurate reflection of anything.",,,1614301793,{},gos075l,False,t3_lsbqt5,False,True,t1_gorts9s,/r/Libertarian/comments/lsbqt5/60_percent_of_americans_support_eightyear_path_to/gos075l/,1614449969,1,True,False,Libertarian,t5_2qh63,,0,[],
[],,Twink-lover-1911,,,[],,,,text,t2_8pudjkn3,False,False,[],With fewer people.,,,1614301763,{},gos04yp,False,t3_lskpxo,False,True,t1_gortsb2,/r/Libertarian/comments/lskpxo/increasing_minimum_wage_to_15hr_will_increase_our/gos04yp/,1614449939,2,True,False,Libertarian,t5_2qh63,,0,[],
[],,Ransom__Stoddard,#f3c817,,"[{'e': 'text', 't': ""You aren't a real libertarian""}]",a1c701c6-1d82-11e2-a5e0-12313b0ce1e2,You aren't a real libertarian,dark,richtext,t2_yxoil,False,False,[],"First--it wasn't a study, it was a report that wasn't based on any actual evidence.

Second, the author was a physicist with no demonstrable knowledge of epidemiology, biology, or any other field related to the virus.",,,1614301736,{},gos030m,False,t3_lslhve,False,False,t3_lslhve,/r/Libertarian/comments/lslhve/china_calls_germanys_bild_despicable_for/gos030m/,1614449910,5,True,False,Libertarian,t5_2qh63,,0,[],
[],,SmoothCdn,,,[],,,,text,t2_2d211whr,False,False,[],"This. Defunding education was a reduction, not an elimination. Deregulation of Power in Texas was a reduction, not an elimination.",,,1614301717,{},gos01m5,False,t3_lsl5h3,False,True,t1_gorum8p,/r/Libertarian/comments/lsl5h3/defund_police_question/gos01m5/,1614449890,1,True,False,Libertarian,t5_2qh63,,0,[],
[],,LibertyLovingLeftist,#dadada,,"[{'e': 'text', 't': 'Libertarian Socialist'}]",e6717002-6e8e-11eb-818d-0ea05fb70615,Libertarian Socialist,dark,richtext,t2_a9qa8hdj,False,False,[],"The post that got Gina fired was:

&gt;Jews were beaten in the streets, not by Nazi soldiers but by their neighbors...even by children.  
&gt;  
&gt;""Because history is edited, most people today don't realize that to get to the point where Nazi soldiers could easily round up thousands of Jews, the government first made their own neighbors hate them for simply being Jews. How is that any different from hating someone for their political views?""

She got fired for comparing the enormity of Kristallnacht to people not liking each other for their political views. That was an insanely disrespectful comparison to make to the people who lost their lives in the holocaust, and it was an extremely bad look for the company she was working for, especially with her public association.

She 100% deserved to get fired, and she didn't get fired *just* because she said ""don't demonize your neighbor.""",,,1614301707,{},gos00we,False,t3_lsld9n,False,False,t1_gorz0kk,/r/Libertarian/comments/lsld9n/anyone_else_weirded_out/gos00we/,1614449880,5,True,False,Libertarian,t5_2qh63,,0,[],
[],,GodsCelestialShore,#f3c817,,"[{'e': 'text', 't': 'Taxation is Theft'}]",680cfee0-2e83-11e9-9f09-0eed77030fea,Taxation is Theft,dark,richtext,t2_3hpd3m3v,False,False,[],Yes I’m the white “supremie” because the south side of Chicago is full of black on black crime,,,1614301697,{},gos0087,False,t3_lsl5h3,False,True,t1_gorzqwl,/r/Libertarian/comments/lsl5h3/defund_police_question/gos0087/,1614449871,-1,True,False,Libertarian,t5_2qh63,,0,[],
[],,olliethegoldsmith,,,[],,,,text,t2_jew22,False,False,[],Amen!,,,1614301692,{},gorzzvt,False,t3_lsl5h3,False,True,t1_gorum8p,/r/Libertarian/comments/lsl5h3/defund_police_question/gorzzvt/,1614449867,1,True,False,Libertarian,t5_2qh63,,0,[],
[],,donutholster,#1404bd,,"[{'e': 'text', 't': 'Democrat'}]",b42c5e20-3c3d-11e9-bf7f-0ee74baaa2ee,Democrat,light,richtext,t2_5iqpm4zz,False,False,[],"That's the difference between living under freedom and living under the CCP. As far as tolerating the CCP; it's hard to be a complete asshole to the second largest economy, largest army in the world that also  has hundreds of nuclear warheads.",,,1614301688,{},gorzzl1,False,t3_lsld9n,False,True,t3_lsld9n,/r/Libertarian/comments/lsld9n/anyone_else_weirded_out/gorzzl1/,1614449863,3,True,False,Libertarian,t5_2qh63,,0,[],
[],,Dacklar,,,[],,,,text,t2_2hqbes0c,False,False,[],Dam warmonger tru...  oh wait,,,1614301668,{},gorzy3o,False,t3_lskqmo,False,True,t3_lskqmo,/r/Libertarian/comments/lskqmo/us_carries_out_airstrike_against_iranianbacked/gorzy3o/,1614449842,3,True,False,Libertarian,t5_2qh63,,0,[],
[],,Smelly425,,,[],,,,text,t2_a96f7,False,False,[],K,,,1614301665,{},gorzxum,False,t3_lsiyql,False,True,t1_goryoyy,/r/Libertarian/comments/lsiyql/equality_act/gorzxum/,1614449838,-2,True,False,Libertarian,t5_2qh63,,0,[],
