all_awardings,associated_award,author,author_flair_background_color,author_flair_css_class,author_flair_richtext,author_flair_template_id,author_flair_text,author_flair_text_color,author_flair_type,author_fullname,author_patreon_flair,author_premium,awarders,body,collapsed_because_crowd_control,created_utc,gildings,id,is_submitter,link_id,locked,no_follow,parent_id,permalink,retrieved_on,score,send_replies,steward_reports,stickied,subreddit,subreddit_id,total_awards_received
[],,jockeysridge,,,[],,,,text,t2_3olqof35,False,False,[],"what mountains of evidence?  the charges are not even actual laws (by contrast, Clinton’s - an impeachment i vehemently opposed - at least had actual codified crimes). WTF is ibstruction of congress, they made it up once he released the transcripts refuting Schiff accusation and that of his buddy ciarmella",,1577107435,{},fbu4cj5,False,t3_ed22n4,False,True,t1_fble6t5,/r/Libertarian/comments/ed22n4/pelosis_proposal_to_withhold_senate_trial_is/fbu4cj5/,1577107445,1,True,[],False,Libertarian,t5_2qh63,0
[],,NoGoBernieBros,,,[],,,,text,t2_56iztubc,False,False,[],"a bunch of intelligence agencies releasing reports saying the same thing isn't good enough for you? Oh, I see. You're one of those magatards.",,1577107430,{},fbu4c8h,False,t3_ee8bxu,False,True,t1_fbt4opt,/r/Libertarian/comments/ee8bxu/gop_congressman_says_trumps_indifference_to/fbu4c8h/,1577107440,1,True,[],False,Libertarian,t5_2qh63,0
[],,keep-it-light,,,[],,,,text,t2_3rrpbbqr,False,False,[],"The difference is that inexpensive Chinese goods are more important to the selfish consumer than human rights. So a boycott goes against convenience and fails.

Racism is inconvenient. It means less business for the racist business owner, and fewer options for the racist consumer. So a boycott is in line with convenience and succeeds. In fact, even if there is no active boycott, the free market will naturally reward non-racists and bankrupt racists.",,1577107409,{},fbu4b01,False,t3_ee69tu,False,True,t1_fbsl976,/r/Libertarian/comments/ee69tu/im_looking_at_the_comments_in_this_tweet_from_the/fbu4b01/,1577107421,1,True,[],False,Libertarian,t5_2qh63,0
[],,EnvoyOfShadows,,,[],,,,text,t2_1u0gfi7h,False,False,[],"You're basically saying the executive branch is above oversight, which is hilarious coming from self described Libertarians. Anything for daddy, though.",,1577107404,{},fbu4aqi,False,t3_ee6l1r,False,True,t1_fbs3y8b,/r/Libertarian/comments/ee6l1r/republicans_for_rule_of_law_coalition_declares/fbu4aqi/,1577107415,1,True,[],False,Libertarian,t5_2qh63,0
[],,Toxic_032,,,[],,,,text,t2_ssf6wfq,False,False,[],I wonder how many criminals handed in their deadly assault weapons,,1577107361,{},fbu48b1,False,t3_eebdx3,False,True,t3_eebdx3,/r/Libertarian/comments/eebdx3/new_zealanders_hand_in_50000_guns_after_assault/fbu48b1/,1577107372,1,True,[],False,Libertarian,t5_2qh63,0
[],,YamadaDesigns,#f3c817,,"[{'e': 'text', 't': 'Progressive'}]",a1c701c6-1d82-11e2-a5e0-12313b0ce1e2,Progressive,dark,richtext,t2_gmqsj,False,False,[],"Isn’t OP’s article talking about gender, not sex?",,1577107347,{},fbu47k2,False,t3_ee92z2,False,True,t1_fbtejzv,/r/Libertarian/comments/ee92z2/man_changed_gender_to_get_cheaper_car_insurance/fbu47k2/,1577107356,1,True,[],False,Libertarian,t5_2qh63,0
[],,EnvoyOfShadows,,,[],,,,text,t2_1u0gfi7h,False,False,[],lol no there isn't,,1577107310,{},fbu45n7,False,t3_eebdx3,False,True,t1_fbtp8cy,/r/Libertarian/comments/eebdx3/new_zealanders_hand_in_50000_guns_after_assault/fbu45n7/,1577107321,1,True,[],False,Libertarian,t5_2qh63,0
[],,noone397,#f3c817,,"[{'e': 'text', 't': 'Libertarian Party'}]",0df7f9c6-1cf3-11e2-ad4c-12313b088941,Libertarian Party,dark,richtext,t2_1aqy5psm,False,False,[],Did no one here see is commiitee meetingnon zombie programs during halloween? He talks about way more waste during that meeting.,,1577107286,{},fbu44cq,False,t3_eek3hk,False,True,t3_eek3hk,/r/Libertarian/comments/eek3hk/happy_festivus_rand_paul_airs_his_government/fbu44cq/,1577107296,1,True,[],False,Libertarian,t5_2qh63,0
[],,EnvoyOfShadows,,,[],,,,text,t2_1u0gfi7h,False,False,[],Didn't the people vote for this?,,1577107283,{},fbu4470,False,t3_eebdx3,False,True,t1_fbtd5hb,/r/Libertarian/comments/eebdx3/new_zealanders_hand_in_50000_guns_after_assault/fbu4470/,1577107293,1,True,[],False,Libertarian,t5_2qh63,0
[],,runaway-mindtrain,,,[],,,,text,t2_44ol3mka,False,False,[],Not surprised...she the main one dehumanizing people straight to camera.,,1577107278,{},fbu43w5,True,t3_eefqwu,False,True,t1_fbtg43e,/r/Libertarian/comments/eefqwu/crazed_leftists_mob_conservative_students_at/fbu43w5/,1577107289,1,True,[],False,Libertarian,t5_2qh63,0
[],,EnvoyOfShadows,,,[],,,,text,t2_1u0gfi7h,False,False,[],The odds of your house being broken into while you're there is incredibly slim,,1577107266,{},fbu439m,False,t3_eebdx3,False,True,t1_fbtbpvs,/r/Libertarian/comments/eebdx3/new_zealanders_hand_in_50000_guns_after_assault/fbu439m/,1577107276,1,True,[],False,Libertarian,t5_2qh63,0
[],,EnvoyOfShadows,,,[],,,,text,t2_1u0gfi7h,False,False,[],"Ironic, considering the biggest 2nd amendment absolutionists in America are Trump supporters",,1577107192,{},fbu3z57,False,t3_eebdx3,False,True,t1_fbt9lwk,/r/Libertarian/comments/eebdx3/new_zealanders_hand_in_50000_guns_after_assault/fbu3z57/,1577107203,1,True,[],False,Libertarian,t5_2qh63,0
[],,_SHlFTY,,,[],,,,text,t2_25e8sse,False,False,[],"tim gets opinionated in his videos, but i agree that subverse is very professional and extremely unbias (as much as one can be)",,1577107190,{},fbu3z0m,False,t3_eed7nh,False,True,t1_fbt3lex,/r/Libertarian/comments/eed7nh/reliable_news_sources/fbu3z0m/,1577107201,1,True,[],False,Libertarian,t5_2qh63,0
[],,blacksheep281328,,,[],,,,text,t2_44kyy03z,False,False,[],cops are pieces of shit though..,,1577107142,{},fbu3w7n,False,t3_edv90f,False,True,t1_fboyroh,/r/Libertarian/comments/edv90f/cop_gets_life_in_prison_for_hiring_hitman_to/fbu3w7n/,1577107153,1,True,[],False,Libertarian,t5_2qh63,0
[],,oldboomerhippie,,,[],,,,text,t2_3k3ozwoo,False,False,[],Libertarian who loves violent outlaws and thieves.  Angry at cops for explaining law too kids.  Life is so unfair.,,1577107140,{},fbu3w40,False,t3_eegryw,False,True,t3_eegryw,/r/Libertarian/comments/eegryw/the_felony_murder_rule_the_most_ridiculous_law_to/fbu3w40/,1577107151,1,True,[],False,Libertarian,t5_2qh63,0
[],,AsteroidInsurance,,,[],,,,text,t2_53xdyxon,False,False,[],"Make it a law that requires all on the jury to be informed about jury nullification.

Stop courts from trying to suppress jury nullification.",,1577107138,{},fbu3vz1,False,t3_eebphu,False,True,t3_eebphu,/r/Libertarian/comments/eebphu/how_jury_nullification_works/fbu3vz1/,1577107150,1,True,[],False,Libertarian,t5_2qh63,0
[],,WhiteLegion,#de0100,,"[{'e': 'text', 't': 'Republican'}]",bb0f7c54-3c3d-11e9-b60b-0edfe3561f6c,Republican,light,richtext,t2_xg6sw,False,False,[],"Good to hear only 0,3% of Gun owners in New Zealand are pussies.",,1577107112,{},fbu3ukq,False,t3_eebdx3,False,True,t3_eebdx3,/r/Libertarian/comments/eebdx3/new_zealanders_hand_in_50000_guns_after_assault/fbu3ukq/,1577107124,1,True,[],False,Libertarian,t5_2qh63,0
[],,MLKlaughsatrape,,,[],,,,text,t2_4e4p7ddo,False,False,[],"&gt;I'm also not a person of color, so I don't have the perspective that might make it more visceral.

Yikes sweety, time to get off reddit",,1577107099,{},fbu3tus,False,t3_eefqwu,False,True,t1_fbtjfce,/r/Libertarian/comments/eefqwu/crazed_leftists_mob_conservative_students_at/fbu3tus/,1577107110,1,True,[],False,Libertarian,t5_2qh63,0
[],,marx2k,,,[],,,,text,t2_3fq7q,False,False,[],It's ciao,,1577107058,{},fbu3rjz,False,t3_edrnsv,False,True,t1_fbmtrn4,/r/Libertarian/comments/edrnsv/trump_said_putin_planted_the_idea_that_ukraine/fbu3rjz/,1577107068,1,True,[],False,Libertarian,t5_2qh63,0
[],,_SHlFTY,,,[],,,,text,t2_25e8sse,False,False,[],"lol audio taken out of context... typical r/libertarian content right here. just like ""there's fine people on both sides"" and ""mexicans are all rapists"" were genuine direct quotes and totally not taken out of context...

i have not heard the audio myself, but forgive me for not assuming it's contextually complete and fairly represented.

i'm willing to be a dollar that this is actually quoted out of context JUST to make a ""news story""

here's some red flags imo

1, no context reported. - if reporting the context would make ""wisconsin republicans"" look worse, they 100% would have included it.

2, the person who spoke the words, when asked, clarified: ""The adviser said later that his remarks referred to frequent and false accusations that Republicans employ such tactics""  
he goes on:  “**As should be clear from the context of my remarks**, my point was that Republicans historically have been falsely accused of voter suppression and that it is time we stood up to defend our own voters,” Clark said. “Neither I nor anyone I know or work with would condone anyone’s vote being threatened or diluted and our efforts will be focused on preventing just that.” 

but of course, no context necessary for the sheep reader. they'll just parrot the headline and post the story on reddit. the lie will travel half way around the world before the truth has a chance to strap on its boots.",,1577107015,{},fbu3pdo,False,t3_eek1se,False,True,t3_eek1se,/r/Libertarian/comments/eek1se/trump_campaign_adviser_tells_wisconsin/fbu3pdo/,1577107025,1,True,[],False,Libertarian,t5_2qh63,0
[],,EnvoyOfShadows,,,[],,,,text,t2_1u0gfi7h,False,False,[],Can you define communism for me,,1577106968,{},fbu3n3i,False,t3_eea8wo,False,True,t1_fbsvbwr,/r/Libertarian/comments/eea8wo/elizabeth_warrens_campaign_says_asian_indian_and/fbu3n3i/,1577106978,1,True,[],False,Libertarian,t5_2qh63,0
[],,OfficialWhistle,,,[],,,,text,t2_5ilpj,False,True,[],Pissing away tax dollars is pissing away tax dollars. Don’t get shitty because someone pointed your man is just was wasteful.,,1577106959,{},fbu3mop,False,t3_eek3hk,False,True,t1_fbu28ng,/r/Libertarian/comments/eek3hk/happy_festivus_rand_paul_airs_his_government/fbu3mop/,1577106969,1,True,[],False,Libertarian,t5_2qh63,0
[],,EnvoyOfShadows,,,[],,,,text,t2_1u0gfi7h,False,False,[],"""Warren is worse than the demagogue because taxes""

lol

You can't make this shit up",,1577106936,{},fbu3llm,False,t3_eea8wo,False,True,t1_fbsnl0l,/r/Libertarian/comments/eea8wo/elizabeth_warrens_campaign_says_asian_indian_and/fbu3llm/,1577106947,1,True,[],False,Libertarian,t5_2qh63,0
[],,marx2k,,,[],,,,text,t2_3fq7q,False,False,[],"No, you're the puppet!",,1577106916,{},fbu3kng,False,t3_edrnsv,False,True,t3_edrnsv,/r/Libertarian/comments/edrnsv/trump_said_putin_planted_the_idea_that_ukraine/fbu3kng/,1577106926,1,True,[],False,Libertarian,t5_2qh63,0
[],,EnvoyOfShadows,,,[],,,,text,t2_1u0gfi7h,False,False,[],"&gt; Honestly, no libertarian could vote for an asset tax, on top of an income tax, so making fun of Warren's ham fisted race baiting is just piling on.

There are Libertarians that vote for Trump. You sure about this?",,1577106893,{},fbu3jkd,False,t3_eea8wo,False,True,t1_fbsdx3o,/r/Libertarian/comments/eea8wo/elizabeth_warrens_campaign_says_asian_indian_and/fbu3jkd/,1577106902,1,True,[],False,Libertarian,t5_2qh63,0
[],,AsteroidInsurance,,,[],,,,text,t2_53xdyxon,False,False,[],"UBI seems preferable assuming you can abolish everything else in terms of welfare which is easier said than done.

But even less costly than UBI is a negative income tax (you'd get that 1000$, but only proportional to how low your income is, there's no reason to give free cash to people already earning well enough for a comfortable life) and even better than that is no welfare (only private charity) and no excessive taxation.",,1577106883,{},fbu3j4b,False,t3_eeibb2,False,True,t1_fbu2rcw,/r/Libertarian/comments/eeibb2/legalize_regulate_and_tax_with_a_25_vat_weed/fbu3j4b/,1577106893,1,True,[],False,Libertarian,t5_2qh63,0
[],,keep-it-light,,,[],,,,text,t2_3rrpbbqr,False,False,[],And they would suffer economically for it while the neighboring progressive county would get more business,,1577106852,{},fbu3hql,False,t3_ee69tu,False,True,t1_fbrc90e,/r/Libertarian/comments/ee69tu/im_looking_at_the_comments_in_this_tweet_from_the/fbu3hql/,1577106862,1,True,[],False,Libertarian,t5_2qh63,0
[],,EnvoyOfShadows,,,[],,,,text,t2_1u0gfi7h,False,False,[],"&gt; The point is to dehumanize whites.

lol get the fuck out of here",,1577106843,{},fbu3hbf,False,t3_eea8wo,False,True,t1_fbteq0f,/r/Libertarian/comments/eea8wo/elizabeth_warrens_campaign_says_asian_indian_and/fbu3hbf/,1577106853,1,True,[],False,Libertarian,t5_2qh63,0
[],,EnvoyOfShadows,,,[],,,,text,t2_1u0gfi7h,False,False,[],"Another day, another DailyCaller article pushed to the top of r/Libertarian by r/The_D trolls",,1577106803,{},fbu3fdz,False,t3_eea8wo,False,True,t3_eea8wo,/r/Libertarian/comments/eea8wo/elizabeth_warrens_campaign_says_asian_indian_and/fbu3fdz/,1577106814,1,True,[],False,Libertarian,t5_2qh63,0
[],,LifeCoachKlein,,,[],,,,text,t2_55z9vu85,False,False,[],"2 is a new one, where did you read that?

As per 1, government interventionism doesn’t  play a role, in your mind? It’s encouraged the breakup of the family and discouraged employment",,1577106787,{},fbu3en8,False,t3_eea8wo,False,True,t1_fbtjsds,/r/Libertarian/comments/eea8wo/elizabeth_warrens_campaign_says_asian_indian_and/fbu3en8/,1577106797,1,True,[],False,Libertarian,t5_2qh63,0
[],,Monocle_Q_Tophat_Esq,#f3c817,,"[{'e': 'text', 't': 'Minarchist'}]",25c6421c-1cf1-11e2-89d6-12313d051e91,Minarchist,dark,richtext,t2_4ezchkz8,False,False,[],"Finland tried this UBI crap, and it failed, and they gave up on it after 2 years.",,1577106765,{},fbu3dm9,False,t3_eeibb2,False,True,t3_eeibb2,/r/Libertarian/comments/eeibb2/legalize_regulate_and_tax_with_a_25_vat_weed/fbu3dm9/,1577106775,1,True,[],False,Libertarian,t5_2qh63,0
[],,ee4m,,,[],,,,text,t2_pkour,False,False,[],The economy would complain when you cut all those middle class jobs and replace them with unemployment.,,1577106651,{},fbu3888,False,t3_eeibb2,False,True,t1_fbu0xrh,/r/Libertarian/comments/eeibb2/legalize_regulate_and_tax_with_a_25_vat_weed/fbu3888/,1577106662,1,True,[],False,Libertarian,t5_2qh63,0
[],,ultimatefighting,,,[],,,,text,t2_6gbym,False,False,[],Just $50?,,1577106486,{},fbu2zwm,False,t3_eek3hk,False,True,t3_eek3hk,/r/Libertarian/comments/eek3hk/happy_festivus_rand_paul_airs_his_government/fbu2zwm/,1577106496,1,True,[],False,Libertarian,t5_2qh63,0
[],,PapabearRick,,,[],,,,text,t2_tinqq,False,False,[],Ya I agree with that portion of the argument but using the 10th amendment to find a state law to be unconstitutional is a conflict because the 10th amendment is what allows states to make laws that the federal government should not.,,1577106480,{},fbu2zn0,False,t3_eebphu,False,True,t1_fbu2qch,/r/Libertarian/comments/eebphu/how_jury_nullification_works/fbu2zn0/,1577106491,1,True,[],False,Libertarian,t5_2qh63,0
[],,the_wolf_peach,,,[],,,,text,t2_4zf2miye,False,True,[],"Oh, I agree with you about UBI. I'm a Yang supporter. I was just talking about how strange politics is becoming. Party loyalty and ideological purity seems to be going way. 

There used to be a wall between republicans and democrats. There used to be a wall between liberals, conservatives, socialists, and libertarians. 

Now there seems to be a wall forming with the corporate-controlled establishment of both major parties on one side and with populists spanning all ideologies on the other.",,1577106450,{},fbu2y7c,False,t3_eeibb2,False,True,t1_fbu0u19,/r/Libertarian/comments/eeibb2/legalize_regulate_and_tax_with_a_25_vat_weed/fbu2y7c/,1577106460,1,True,[],False,Libertarian,t5_2qh63,0
[],,professorshillphd,,,[],,,,text,t2_44hlnmb1,False,False,[],Based on what?,,1577106374,{},fbu2uqt,False,t3_eeebj9,False,True,t1_fbtcm1l,/r/Libertarian/comments/eeebj9/what_are_your_stances_on_artificially_inflated/fbu2uqt/,1577106386,1,True,[],False,Libertarian,t5_2qh63,0
[],,JohnAbney,,,[],,,,text,t2_15z59z,False,False,[],"No, they didn’t.",,1577106324,{},fbu2sds,False,t3_eebdx3,False,True,t3_eebdx3,/r/Libertarian/comments/eebdx3/new_zealanders_hand_in_50000_guns_after_assault/fbu2sds/,1577106335,1,True,[],False,Libertarian,t5_2qh63,0
[],,AlphaTangoFoxtrt,#f3c817,,"[{'e': 'text', 't': ""r/LibertarianClubHouse, it's private property!""}]",25c6421c-1cf1-11e2-89d6-12313d051e91,"r/LibertarianClubHouse, it's private property!",dark,richtext,t2_10iuzzg1,False,True,[],Oh by the evidence dude was 100% guilty. Open/shut. But I voted not guilty anyway.,,1577106321,{},fbu2saa,False,t3_eebphu,False,True,t1_fbtqvtl,/r/Libertarian/comments/eebphu/how_jury_nullification_works/fbu2saa/,1577106333,1,True,[],False,Libertarian,t5_2qh63,0
[],,AlphaTangoFoxtrt,#f3c817,,"[{'e': 'text', 't': ""r/LibertarianClubHouse, it's private property!""}]",25c6421c-1cf1-11e2-89d6-12313d051e91,"r/LibertarianClubHouse, it's private property!",dark,richtext,t2_10iuzzg1,False,True,[],"I didnt give a long shtick. I just said no.

Because I dont. Constitution is law.",,1577106245,{},fbu2oup,False,t3_eebphu,False,True,t1_fbtuotw,/r/Libertarian/comments/eebphu/how_jury_nullification_works/fbu2oup/,1577106255,1,True,[],False,Libertarian,t5_2qh63,0
[],,MasterOnion47,,,[],,,,text,t2_c02bi,False,True,[],"Government waste is a terrible epidemic, except when The Great Leader creates record shattering deficits, in which case they are very, very great....maybe the greatest government spending of all time!",,1577106110,{},fbu2ifm,False,t3_eek3hk,False,True,t3_eek3hk,/r/Libertarian/comments/eek3hk/happy_festivus_rand_paul_airs_his_government/fbu2ifm/,1577106122,1,True,[],False,Libertarian,t5_2qh63,0
[],,TheFerretman,,,[],,,,text,t2_3y7bt,False,False,[],"They don't have any recognition of the inalienable rights of a citizen....this likely won't go well.

We'll see.",,1577106071,{},fbu2ghu,False,t3_eebdx3,False,True,t3_eebdx3,/r/Libertarian/comments/eebdx3/new_zealanders_hand_in_50000_guns_after_assault/fbu2ghu/,1577106082,1,True,[],False,Libertarian,t5_2qh63,0
[],,motorbiker1985,#f3c817,,"[{'e': 'text', 't': 'Taxation is Theft'}]",680cfee0-2e83-11e9-9f09-0eed77030fea,Taxation is Theft,dark,richtext,t2_31tw37e1,False,False,[],"In Czech Republic in the 90s, I was listening to stories about the very low crime rate in NZ from both locals visiting our post-socialist country and our people who went there either to work/study or as visitors.

It seemed like a fairyland, so safe...

In the 90s, CZ allowed people to carry guns, NZ is slowly banning them...

Result?

NZ now has (slightly) higher homicide rate than the Czech Republic.

How many hundreds of countries/states/territories/lands have to make this mistake?

Why? Just... why?",,1577106011,{},fbu2dgx,False,t3_eebdx3,False,True,t3_eebdx3,/r/Libertarian/comments/eebdx3/new_zealanders_hand_in_50000_guns_after_assault/fbu2dgx/,1577106021,1,True,[],False,Libertarian,t5_2qh63,0
[],,keep-it-light,,,[],,,,text,t2_3rrpbbqr,False,False,[],"No. The libertarian stance on discrimination policy is better for minorities than the status quo. The status quo creates more harm to minorities than good and assumes that minorities lack self respect. 

E.g. I’m an brown man. If somebody puts a sign up on their store that says “no Arabs”, I can avoid a potentially stressful encounter and giving my money to someone who hates me and votes against my interests. I *want* to know where the racists are so that I can filter them out. The secondary benefit is that a non-racist will profit when I go to his store instead.

The civil rights act makes it illegal for him to put up that sign, which eliminates my ability to filter, which is arguably an infringement upon my freedom of association. It’s also an obvious infringement upon the freedom of association of the racist. His desire for me to not enter his private property, however misguided, is more important than my desire to buy beer.

Discrimination is treated like a forbidden fruit in America. Let racists see that it doesn’t taste so sweet. They will be less driven to vote in favor of  immigration bans and other race-based restrictions.",,1577105928,{},fbu29nw,False,t3_ee69tu,False,True,t1_fbsdhgq,/r/Libertarian/comments/ee69tu/im_looking_at_the_comments_in_this_tweet_from_the/fbu29nw/,1577105940,1,True,[],False,Libertarian,t5_2qh63,0
[],,_SHlFTY,,,[],,,,text,t2_25e8sse,False,False,[],"party go-er: ""ya i got a new civic last year, its good, good mileage.""

based news: ""OMG I KNOW isnt trump the WORST!?"" 

&amp;#x200B;

lol no one said shit about trump. you just HAD to talk about him tho. lol

trump truely is living rent free in your heads hahah. i love the internet :D",,1577105906,{},fbu28ng,False,t3_eek3hk,False,True,t1_fbu17vf,/r/Libertarian/comments/eek3hk/happy_festivus_rand_paul_airs_his_government/fbu28ng/,1577105917,1,True,[],False,Libertarian,t5_2qh63,0
[],,halykan,,,[],,,,text,t2_3qk9d3eg,False,False,[],"Seems like they'd be better off buying a fleet of boats for the same price as one of those things, if that's their primary use case.",,1577105877,{},fbu27d6,False,t3_eebdx3,False,True,t1_fbt5pas,/r/Libertarian/comments/eebdx3/new_zealanders_hand_in_50000_guns_after_assault/fbu27d6/,1577105887,1,True,[],False,Libertarian,t5_2qh63,0
[],,SalviaDroid96,,,[],,,,text,t2_56av2li9,False,False,[],Hey man this thread is dead af. Lol. Appreciate the work but there were tons here before.,,1577105875,{},fbu27a4,True,t3_ee4w1u,False,True,t1_fbu1spy,/r/Libertarian/comments/ee4w1u/what_are_we_going_to_do_in_2020/fbu27a4/,1577105886,1,True,[],False,Libertarian,t5_2qh63,0
[],,Simon860,,,[],,,,text,t2_12rqu5d,False,False,[],"What you say is definetely true. However just because taxes have been additive historically, does not mean that you cannot remove them subsequently. I would argue that, with better negotiation or a more mutually beneficial common ground, it can be done. 
VAT tax is indeed a good example of an incredibly damaging tax, that is mostly invisible to average people. Therefore it makes sense to eliminate it, but i don't believe you can do so without offering your opposition something in return. Real world negotiations don't give you everything you want. Compromises have to be made to reach your goals.",,1577105686,{},fbu1ytj,True,t3_eejcgt,False,True,t1_fbtxixc,/r/Libertarian/comments/eejcgt/the_least_bad_tax_that_will_allow_libertarians_to/fbu1ytj/,1577105697,1,True,[],False,Libertarian,t5_2qh63,0
[],,marx2k,,,[],,,,text,t2_3fq7q,False,False,[],"&gt; Dude don't use Canada as a model man. I have a ton of Canadian friends. Do you realize how long those people have to wait to get care?

I have the best HMO in Wisconsin. My psychiatrist is now scheduling into May.

&gt; My friend had to wait months for a very important surgery she was in so much pain.

According to actual data, your friend is an outlier.

&gt; Some people from Canada will legit go to the states just to buy groceries because everything is fucking expensive as shit in Canada.

Not healthcare

&gt; They'll also go to the states in hopes they can get care faster.

https://www.healthline.com/health-news/why-is-rand-paul-going-to-canada-for-surgery",,1577105562,{},fbu1spy,False,t3_ee4w1u,False,True,t1_fbqdgvf,/r/Libertarian/comments/ee4w1u/what_are_we_going_to_do_in_2020/fbu1spy/,1577105572,1,True,[],False,Libertarian,t5_2qh63,0
[],,Based_news,#f3c817,,"[{'e': 'text', 't': 'Ceterum censeo Carthaginem esse delendam'}]",a1c701c6-1d82-11e2-a5e0-12313b0ce1e2,Ceterum censeo Carthaginem esse delendam,dark,richtext,t2_dxw897q,False,False,[],Insurance thing maybe?,,1577105544,{},fbu1ru5,False,t3_eebphu,False,True,t1_fbtdnej,/r/Libertarian/comments/eebphu/how_jury_nullification_works/fbu1ru5/,1577105555,1,True,[],False,Libertarian,t5_2qh63,0
[],,IPredictAReddit,,,[],,,,text,t2_8eny8,False,False,[],"&gt;  I think any reasonable person would discount someone claiming minority status due to a single ancestor 6-10 generations back. 

Sure. And she didn't claim minority status for any job she ever applied for, just like you wanted. When she was hired at Harvard, they had to write up a statement as to why they had passed over a minority woman in order to hire Warren. She was listed as White when she was hired at Penn Law. Same when she was hired at Houston.

So even your ""intended takeaway"" is incorrect. She didn't claim minority status in applying for jobs. She clearly had ""family lore"" about native heritage, given her cousin put together a native american cookbook. Heck, my family is from Oklahoma, and I was told the exact same thing. 

She didn't claim Native heritage in applying for any job, so if that's your standard (as you say it is), then you should probably lay off Warren.

Focus on her plans and ideas, I'm sure you'll find enough meat there to disagree with.",,1577105499,{},fbu1pn7,False,t3_eea8wo,False,True,t1_fbu1bbb,/r/Libertarian/comments/eea8wo/elizabeth_warrens_campaign_says_asian_indian_and/fbu1pn7/,1577105509,1,True,[],False,Libertarian,t5_2qh63,0
[],,AsteroidInsurance,,,[],,,,text,t2_53xdyxon,False,False,[],"UBI like that would cost 3.6 **trillion** a year.

How much in revenue do you actually expect to get from this plan?",,1577105468,{},fbu1o5s,False,t3_eeibb2,False,True,t1_fbu0xrh,/r/Libertarian/comments/eeibb2/legalize_regulate_and_tax_with_a_25_vat_weed/fbu1o5s/,1577105478,1,True,[],False,Libertarian,t5_2qh63,0
[],,Based_news,#f3c817,,"[{'e': 'text', 't': 'Ceterum censeo Carthaginem esse delendam'}]",a1c701c6-1d82-11e2-a5e0-12313b0ce1e2,Ceterum censeo Carthaginem esse delendam,dark,richtext,t2_dxw897q,False,False,[],What he doesn't mention is that the man stole the flag off of a church and burned it in front of the local strip club to intimidate one of the patrons.,,1577105425,{},fbu1mac,False,t3_eebphu,False,True,t1_fbtb3t6,/r/Libertarian/comments/eebphu/how_jury_nullification_works/fbu1mac/,1577105436,1,True,[],False,Libertarian,t5_2qh63,0
[],,teachMeCommunism,#f3c817,,"[{'e': 'text', 't': 'KnowNothing.NoPolicy.'}]",a1c701c6-1d82-11e2-a5e0-12313b0ce1e2,KnowNothing.NoPolicy.,dark,richtext,t2_13qpn5n9,False,False,[],I never heard of anything saying libertarians are isolationists in addition to individualists.,,1577105418,{},fbu1lyt,False,t3_edkpp0,False,True,t1_fbmi6ts,/r/Libertarian/comments/edkpp0/lp_statement_on_white_americans_who_may_be/fbu1lyt/,1577105428,1,True,[],False,Libertarian,t5_2qh63,0
[],,BehrJaeger,,,[],,,,text,t2_4elgs0nw,False,False,[],New Zealand will get what it deserves. You watch how many Islamic terror attacks will happen there now!,,1577105380,{},fbu1k96,False,t3_eebdx3,False,True,t3_eebdx3,/r/Libertarian/comments/eebdx3/new_zealanders_hand_in_50000_guns_after_assault/fbu1k96/,1577105392,1,True,[],False,Libertarian,t5_2qh63,0
[],,Brother_tempus,,,[],,,,text,t2_75t9z,False,False,[],Working with evil ( socialists ) is itself an act of evil,,1577105366,{},fbu1jmd,False,t3_eejcgt,False,True,t3_eejcgt,/r/Libertarian/comments/eejcgt/the_least_bad_tax_that_will_allow_libertarians_to/fbu1jmd/,1577105379,1,True,[],False,Libertarian,t5_2qh63,0
[],,Based_news,#f3c817,,"[{'e': 'text', 't': 'Ceterum censeo Carthaginem esse delendam'}]",a1c701c6-1d82-11e2-a5e0-12313b0ce1e2,Ceterum censeo Carthaginem esse delendam,dark,richtext,t2_dxw897q,False,False,[],"&gt; Worrisome that they feel a registry is what will solve the issue.

It'll reduce the chance at least. There's a reason streamers and such go through a lot of effort to keep their address hidden these days.",,1577105309,{},fbu1h4i,False,t3_eef7j4,False,True,t1_fbtg1w8,/r/Libertarian/comments/eef7j4/seattle_cops_strategy_for_combating_swatting_is/fbu1h4i/,1577105320,1,True,[],False,Libertarian,t5_2qh63,0
[],,QuasiMerlot,,,[],,,,text,t2_4vp6a7s2,False,False,[],"&gt;tWeLf MeR YuRz!!!

lol!

Typically doesn't take your type that long to devolve onto your scripted bullshit. You must be part of their  bottom barrel.",,1577105267,{},fbu1fa4,False,t3_ee6l1r,False,True,t1_fbtbquj,/r/Libertarian/comments/ee6l1r/republicans_for_rule_of_law_coalition_declares/fbu1fa4/,1577105277,1,True,[],False,Libertarian,t5_2qh63,0
[],,cuttlefishmenagerie,,,[],,,,text,t2_39c0r,False,False,[],"No.  Libertarian ideals dictate that the insurance company should be able to charge whatever they want from any customer.  And that the individual has the absolute right to define their own gender.  Therefore I see this as peak libertarianism.

Also I believe you should have used 'its' instead of 'their', and you misspelled 'progressivism'.",,1577105266,{},fbu1f8f,False,t3_ee92z2,False,True,t1_fbszmdk,/r/Libertarian/comments/ee92z2/man_changed_gender_to_get_cheaper_car_insurance/fbu1f8f/,1577105277,1,True,[],False,Libertarian,t5_2qh63,0
[],,Brother_tempus,,,[],,,,text,t2_75t9z,False,False,[],Dumping bad governments should be no big deal as well,,1577105244,{},fbu1e8t,False,t3_eeju37,False,True,t3_eeju37,/r/Libertarian/comments/eeju37/more_impeachments_dumping_bad_presidents_should/fbu1e8t/,1577105255,1,True,[],False,Libertarian,t5_2qh63,0
[],,Onitora,,,[],,,,text,t2_10zw38,False,False,[],"OK, I'll ammend my 'put out a cookbook' to say 'contributed to a Native American cookbook'.

As for her DNA test and 'Native Heritage' - I think any reasonable person would discount someone claiming minority status due to a single ancestor 6-10 generations back.  That was the overall point here that was the intended takeaway.  It didn't seem to be in dispute but for the somantic minutiae.",,1577105180,{},fbu1bbb,False,t3_eea8wo,False,True,t1_fbtz7sg,/r/Libertarian/comments/eea8wo/elizabeth_warrens_campaign_says_asian_indian_and/fbu1bbb/,1577105190,1,True,[],False,Libertarian,t5_2qh63,0
[],,Based_news,#f3c817,,"[{'e': 'text', 't': 'Ceterum censeo Carthaginem esse delendam'}]",a1c701c6-1d82-11e2-a5e0-12313b0ce1e2,Ceterum censeo Carthaginem esse delendam,dark,richtext,t2_dxw897q,False,False,[],"Anything about Trump's golfing?

Rhetorical question, you know there isn't.",,1577105106,{},fbu17vf,False,t3_eek3hk,False,True,t3_eek3hk,/r/Libertarian/comments/eek3hk/happy_festivus_rand_paul_airs_his_government/fbu17vf/,1577105116,1,True,[],False,Libertarian,t5_2qh63,0
[],,AsteroidInsurance,,,[],,,,text,t2_53xdyxon,False,False,[],"You mean tolerant progressive Canada allows males to be discriminated against in insurance?

Oh... yeah... Now I remember. Anti-discrimination applies only one way.",,1577105034,{},fbu14ab,False,t3_ee92z2,False,True,t3_ee92z2,/r/Libertarian/comments/ee92z2/man_changed_gender_to_get_cheaper_car_insurance/fbu14ab/,1577105045,1,True,[],False,Libertarian,t5_2qh63,0
[],,QuasiMerlot,,,[],,,,text,t2_4vp6a7s2,False,False,[],"&gt;Lastly, the LP has truly been progressive on marriage equality, the drug war, justice reform, military adventurism, and privacy consistently far longer than the Democratic party has. We take those positions on principle.",,1577105001,{},fbu12pp,False,t3_ee69tu,False,True,t1_fbqlwxi,/r/Libertarian/comments/ee69tu/im_looking_at_the_comments_in_this_tweet_from_the/fbu12pp/,1577105013,1,True,[],False,Libertarian,t5_2qh63,0
[],,Puchipo,,,[],,,,text,t2_3j5var6b,False,False,[],"What you suggest could never pass in this country. So by rejecting the only viable alternative, you are preserving a welfare state.

The money from the VAT goes back to americans as cash, no strings attached. Spend however you want.

No more food stamps/welfare, people just get cash instead to do with it what they want. A freedom dividend for living in the richest nation on the planet. Everyone gets the UBI so its fair.

Capitalism that doesn’t start at zero.",,1577104890,{},fbu0xrh,True,t3_eeibb2,False,True,t1_fbts7h2,/r/Libertarian/comments/eeibb2/legalize_regulate_and_tax_with_a_25_vat_weed/fbu0xrh/,1577104901,1,True,[],False,Libertarian,t5_2qh63,0
[],,Meto1183,,,[],,,,text,t2_gsx1t,False,False,[],"That's just an internal mag then, and you're loading it via mag. Mags weren't originally detachable in many early iterations",,1577104887,{},fbu0xmg,False,t3_eebdx3,False,True,t1_fbtkgss,/r/Libertarian/comments/eebdx3/new_zealanders_hand_in_50000_guns_after_assault/fbu0xmg/,1577104897,1,True,[],False,Libertarian,t5_2qh63,0
[],,marx2k,,,[],,,,text,t2_3fq7q,False,False,[],Someone definitely isn't following actual events...,,1577104817,{},fbu0uk1,False,t3_eds7dg,False,True,t1_fblxdkn,/r/Libertarian/comments/eds7dg/justreleased_documents_show_the_white_house_moved/fbu0uk1/,1577104826,1,True,[],False,Libertarian,t5_2qh63,0
[],,Puchipo,,,[],,,,text,t2_3j5var6b,False,False,[],"The money from the VAT goes back to americans as cash, no strings attached. Spend however you want.

No more food stamps/welfare, people just get cash instead to do with it what they want. A freedom dividend for living in the richest nation on the planet. Everyone gets the UBI so its fair.

Capitalism that doesn’t start at zero.",,1577104804,{},fbu0u19,True,t3_eeibb2,False,True,t1_fbttr12,/r/Libertarian/comments/eeibb2/legalize_regulate_and_tax_with_a_25_vat_weed/fbu0u19/,1577104815,1,True,[],False,Libertarian,t5_2qh63,0
[],,Odz2427,,,"[{'e': 'text', 't': 'misesian'}]",,misesian,dark,richtext,t2_kvc50,False,False,[],"If you're just following the data, and you are using good data and good methodology, then it isn't racist or sexist. It is discriminatory but that isn't necessarily hateful or wrong.",,1577104794,{},fbu0tlj,False,t3_ee92z2,False,True,t1_fbtc6v3,/r/Libertarian/comments/ee92z2/man_changed_gender_to_get_cheaper_car_insurance/fbu0tlj/,1577104805,1,True,[],False,Libertarian,t5_2qh63,0
[],,El_Duderino_Brevity,,,[],,,,text,t2_4ub7353u,False,True,[],All of the looters. It was basically martial law and Bush ordered the NG to disarm all the civilians still left out there.,,1577104792,{},fbu0th7,True,t3_eecpaa,False,True,t1_fbtsme6,/r/Libertarian/comments/eecpaa/the_great_gun_confiscation_of_hurricane_katrina/fbu0th7/,1577104802,1,True,[],False,Libertarian,t5_2qh63,0
[],,QuasiMerlot,,,[],,,,text,t2_4vp6a7s2,False,False,[],Same thing is echo'd here on a regular basis from the same types from the_donald.,,1577104722,{},fbu0qex,False,t3_ee69tu,False,True,t3_ee69tu,/r/Libertarian/comments/ee69tu/im_looking_at_the_comments_in_this_tweet_from_the/fbu0qex/,1577104731,1,True,[],False,Libertarian,t5_2qh63,0
[],,marx2k,,,[],,,,text,t2_3fq7q,False,False,[],"No, he isn't. Welcome to the present.",,1577104607,{},fbu0l2h,False,t3_eds7dg,False,True,t1_fbkwxd4,/r/Libertarian/comments/eds7dg/justreleased_documents_show_the_white_house_moved/fbu0l2h/,1577104618,1,True,[],False,Libertarian,t5_2qh63,0
[],,snowbirdnerd,,,[],,,,text,t2_13mtu0,False,False,[],This story should be more focused on the insurance company. I really don't care what people identify as.,,1577104605,{},fbu0l07,False,t3_ee92z2,False,True,t3_ee92z2,/r/Libertarian/comments/ee92z2/man_changed_gender_to_get_cheaper_car_insurance/fbu0l07/,1577104615,1,True,[],False,Libertarian,t5_2qh63,0
[],,IPredictAReddit,,,[],,,,text,t2_8eny8,False,False,[],"&gt;Ok but being forced to give up 30% of my pay every 2 weeks is slightly different my friend.

For most of my working life, giving up 30% of my pay for health insurance would have been a bargain.

&gt;If you don’t own a tv would you just pay10$ a month for Netflix?

What is the health insurance equivalent to ""not owning a TV"" here? Are you saying you're...invincible and don't need insurance?

I have a great driving record, and I don't view having car insurance as ""being forced to give up"" anything. It's insurance.",,1577104597,{},fbu0kmr,False,t3_edawll,False,True,t1_fbr12ac,/r/Libertarian/comments/edawll/education_and_healthcare_are_the_2_most_regulated/fbu0kmr/,1577104607,1,True,[],False,Libertarian,t5_2qh63,0
[],,marx2k,,,[],,,,text,t2_3fq7q,False,False,[],Seems that way,,1577104576,{},fbu0jkb,False,t3_eds7dg,False,True,t1_fbnl5nc,/r/Libertarian/comments/eds7dg/justreleased_documents_show_the_white_house_moved/fbu0jkb/,1577104586,1,True,[],False,Libertarian,t5_2qh63,0
[],,A_Kindly_Man,,,[],,,,text,t2_oomz2,False,False,[],Socialism is public ownership of the means of production. Social safety nets are not that.,,1577104254,{},fbu058o,False,t3_eei6bd,False,True,t1_fbtubr3,/r/Libertarian/comments/eei6bd/trumps_secondterm_plan_for_social_security_starve/fbu058o/,1577104265,1,True,[],False,Libertarian,t5_2qh63,0
[],,uncleoce,,,[],,,,text,t2_6jl1k,False,False,[],He just told you,,1577104022,{},fbtzuew,False,t3_ee6l1r,False,True,t1_fbtk5hs,/r/Libertarian/comments/ee6l1r/republicans_for_rule_of_law_coalition_declares/fbtzuew/,1577104032,1,True,[],False,Libertarian,t5_2qh63,0
[],,uncleoce,,,[],,,,text,t2_6jl1k,False,False,[],Don't believe like me? Sad partisan.,,1577103946,{},fbtzr3a,False,t3_ee6l1r,False,True,t1_fbtbiuu,/r/Libertarian/comments/ee6l1r/republicans_for_rule_of_law_coalition_declares/fbtzr3a/,1577103956,1,True,[],False,Libertarian,t5_2qh63,0
[],,uncleoce,,,[],,,,text,t2_6jl1k,False,False,[],Merica,,1577103913,{},fbtzpvp,False,t3_ee6l1r,False,True,t1_fbt1oor,/r/Libertarian/comments/ee6l1r/republicans_for_rule_of_law_coalition_declares/fbtzpvp/,1577103924,1,True,[],False,Libertarian,t5_2qh63,0
[],,too_lewd_for_thou,,,[],,,,text,t2_xepyvtx,False,False,[],"Libertarians think 'woke capitalism' is just like big government, and therefore outwitting a corporation is a victory for them.",,1577103822,{},fbtzmcc,False,t3_ee92z2,False,True,t1_fbtcdu4,/r/Libertarian/comments/ee92z2/man_changed_gender_to_get_cheaper_car_insurance/fbtzmcc/,1577103833,1,True,[],False,Libertarian,t5_2qh63,0
[],,Shademaster21,#f3c817,,"[{'e': 'text', 't': 'Individualist Anarchist'}]",a1c701c6-1d82-11e2-a5e0-12313b0ce1e2,Individualist Anarchist,dark,richtext,t2_m4v8k,False,False,[],The states aren’t free to forbid speech they don’t like or religions they don’t like so no.,,1577103821,{},fbtzm9x,False,t3_eebphu,False,True,t1_fbtalgn,/r/Libertarian/comments/eebphu/how_jury_nullification_works/fbtzm9x/,1577103831,1,True,[],False,Libertarian,t5_2qh63,0
[],,tpinkfloyd,#f3c817,,"[{'e': 'text', 't': 'Constitutionalist/Federalist'}]",a1c701c6-1d82-11e2-a5e0-12313b0ce1e2,Constitutionalist/Federalist,dark,richtext,t2_11wkcy8w,False,False,[],Gobernment is friend. Gobernment keep safe people.,,1577103770,{},fbtzkc7,True,t3_eebdx3,False,True,t1_fbtylby,/r/Libertarian/comments/eebdx3/new_zealanders_hand_in_50000_guns_after_assault/fbtzkc7/,1577103781,1,True,[],False,Libertarian,t5_2qh63,0
[],,tpinkfloyd,#f3c817,,"[{'e': 'text', 't': 'Constitutionalist/Federalist'}]",a1c701c6-1d82-11e2-a5e0-12313b0ce1e2,Constitutionalist/Federalist,dark,richtext,t2_11wkcy8w,False,False,[],Only if they let it happen. I will die before they get mine especially if they want to take them with cops and say they are taking them to keep everyone safe,,1577103727,{},fbtzip9,True,t3_eebdx3,False,True,t1_fbtytmg,/r/Libertarian/comments/eebdx3/new_zealanders_hand_in_50000_guns_after_assault/fbtzip9/,1577103738,1,True,[],False,Libertarian,t5_2qh63,0
[],,Xaddit,,,[],,,,text,t2_3x2aet7,False,False,[],"We do but we definitely don't support the government ruling ""it's not acceptable for civilized society for you to disagree with us"". Or any other policy where the government treats race, gender or whatever different category differently",,1577103615,{},fbtzes6,False,t3_ee92z2,False,True,t1_fbt72xw,/r/Libertarian/comments/ee92z2/man_changed_gender_to_get_cheaper_car_insurance/fbtzes6/,1577103626,1,True,[],False,Libertarian,t5_2qh63,0
[],,Guy-Fietty69u,,,[],,,,text,t2_38upykli,False,False,[],God this is scary,,1577103596,{},fbtze3i,False,t3_eebdx3,False,True,t3_eebdx3,/r/Libertarian/comments/eebdx3/new_zealanders_hand_in_50000_guns_after_assault/fbtze3i/,1577103607,1,True,[],False,Libertarian,t5_2qh63,0
[],,IPredictAReddit,,,[],,,,text,t2_8eny8,False,False,[],"&gt;The point is to dehumanize whites.

You can't be serious.",,1577103539,{},fbtzc23,False,t3_eea8wo,False,True,t1_fbteq0f,/r/Libertarian/comments/eea8wo/elizabeth_warrens_campaign_says_asian_indian_and/fbtzc23/,1577103549,1,True,[],False,Libertarian,t5_2qh63,0
[],,Thanathosza,,,[],,,,text,t2_weolg,False,False,[],"Don't do crime, especially ones that endanger your victims life. Problem solved.",,1577103510,{},fbtzay4,False,t3_eegryw,False,True,t3_eegryw,/r/Libertarian/comments/eegryw/the_felony_murder_rule_the_most_ridiculous_law_to/fbtzay4/,1577103518,1,True,[],False,Libertarian,t5_2qh63,0
[],,too_lewd_for_thou,,,[],,,,text,t2_xepyvtx,False,False,[],Can you list a statistically significant number of cases?,,1577103488,{},fbtza6n,False,t3_ee92z2,False,True,t1_fbte5sm,/r/Libertarian/comments/ee92z2/man_changed_gender_to_get_cheaper_car_insurance/fbtza6n/,1577103493,1,True,[],False,Libertarian,t5_2qh63,0
[],,IPredictAReddit,,,[],,,,text,t2_8eny8,False,False,[],"The school had to write out a statement as to why they hired Warren **instead of a minority woman** who was in the final running for the position. 

The Boston Globe has confirmed that this statement is an original, actual document.

Care to revise your statement?",,1577103482,{},fbtz9y1,False,t3_eea8wo,False,True,t1_fbtbsx8,/r/Libertarian/comments/eea8wo/elizabeth_warrens_campaign_says_asian_indian_and/fbtz9y1/,1577103486,1,True,[],False,Libertarian,t5_2qh63,0
[],,Aavellend,,,[],,,,text,t2_43jspd98,False,False,[],"Labour's rushed firearms legislation and the resulting ‘buy-back’ will go down as the year’s biggest political failure without a doubt.

Forcing complex legislation through Parliament in just nine days, scapegoating law-abiding Kiwis, providing inadequate compensation and constantly shifting the goalposts has led to mass civil disobedience. More than 100,000 firearms will now go underground and feed into the black market.

firearms owners and legal experts all warned Parliament that rushed legislation was bad legislation and would have unintended consequences.

Tens of thousands of firearms going underground, outside of a regulatory cordon and without appropriate security and safety arrangements, is only the most obvious consequence.

Parliament also made criminals of law-abiding New Zealanders and undermined respect for the law.

Police were put under serious pressure to make the ‘buy-back’ a success and this led to a privacy breach in which the personal details of 37,000 firearms owners were left exposed on the Police website, potentially endangering their safety.

It is difficult to imagine how Parliament could have got this more wrong. Parliament’s actions mean New Zealand will end the year less safe than it started.",,1577103453,{},fbtz8zn,False,t3_eebdx3,False,True,t3_eebdx3,/r/Libertarian/comments/eebdx3/new_zealanders_hand_in_50000_guns_after_assault/fbtz8zn/,1577103454,1,True,[],False,Libertarian,t5_2qh63,0
[],,IPredictAReddit,,,[],,,,text,t2_8eny8,False,False,[],"&gt;She even went so far as to put out a   
&gt;  
&gt;native american cookbook  
&gt;  
&gt; FFS!

This is a perfect example of how people spread misinformation.

She submitted a family recipe to a cookbook edited by her cousin. She did not ""put out a native american cookbook"", and you need to be more careful with your statements.

If anything, the fact that her cousin was putting together a cookbook of native food shows that yes, she was told by her family that they had Native heritage (and DNA tests confirmed this, but probably 2-4 generations further back than she had thought).",,1577103412,{},fbtz7sg,False,t3_eea8wo,False,True,t1_fbtn76b,/r/Libertarian/comments/eea8wo/elizabeth_warrens_campaign_says_asian_indian_and/fbtz7sg/,1577103412,1,True,[],False,Libertarian,t5_2qh63,0
[],,dumbwaeguk,#f3c817,,"[{'e': 'text', 't': 'Constructivist'}]",a1c701c6-1d82-11e2-a5e0-12313b0ce1e2,Constructivist,dark,richtext,t2_1779wl,False,True,[],"It's not necessarily that he's all wrong all the time. It's that everything he says needs to be taken with a grain of salt. If you want to cite the citations he uses to make his arguments, that's fine, but citing him wholesale is tantamount to saying ""my dad always used to tell me""",,1577103165,{},fbtz115,False,t3_ee92z2,False,True,t1_fbtd35v,/r/Libertarian/comments/ee92z2/man_changed_gender_to_get_cheaper_car_insurance/fbtz115/,1577103166,1,True,[],False,Libertarian,t5_2qh63,0
[],,IPredictAReddit,,,[],,,,text,t2_8eny8,False,False,[],"Can you link to this?

Because the Boston Globe reported that they verified that Harvard Law, after hiring Warren, **had to write a statement as to why they had hired Warren and passed over a minority woman who was in the running against Warren**.

I think you have your statement 100% backwards, and I think you should clarify.",,1577103110,{},fbtyziz,False,t3_eea8wo,False,True,t1_fbtad1p,/r/Libertarian/comments/eea8wo/elizabeth_warrens_campaign_says_asian_indian_and/fbtyziz/,1577103111,1,True,[],False,Libertarian,t5_2qh63,0
[],,smile-bot-2019,,,[],,,,text,t2_4zs1fjla,False,True,[],"I noticed one of these... :( 



 So here take this... :D",,1577102892,{},fbtytoj,False,t3_eebdx3,False,True,t1_fbtytmg,/r/Libertarian/comments/eebdx3/new_zealanders_hand_in_50000_guns_after_assault/fbtytoj/,1577102893,1,True,[],False,Libertarian,t5_2qh63,0
[],,TXloudRXclear,,,[],,,,text,t2_3b2li9tl,False,False,[],Virginia is next :(,,1577102890,{},fbtytmg,False,t3_eebdx3,False,True,t3_eebdx3,/r/Libertarian/comments/eebdx3/new_zealanders_hand_in_50000_guns_after_assault/fbtytmg/,1577102891,1,True,[],False,Libertarian,t5_2qh63,0
[],,FullmetalGameMaster,,,[],,,,text,t2_12o0d2ij,False,False,[],I'm really happy the LP posted this because it essentially forced non-libertarians within the libertarian party to out themselves like that Jake Ayers guy.,,1577102679,{},fbtynz3,False,t3_ee69tu,False,True,t3_ee69tu,/r/Libertarian/comments/ee69tu/im_looking_at_the_comments_in_this_tweet_from_the/fbtynz3/,1577102680,1,True,[],False,Libertarian,t5_2qh63,0
[],,You-said-it-man,,,[],,,,text,t2_4rk091av,False,False,[],"""People should not be afraid of their governments, governments should be afraid of their people""

Well, not in New Zealand anymore, apparently.🤷‍♂️",,1577102580,{},fbtylby,False,t3_eebdx3,False,True,t3_eebdx3,/r/Libertarian/comments/eebdx3/new_zealanders_hand_in_50000_guns_after_assault/fbtylby/,1577102581,1,True,[],False,Libertarian,t5_2qh63,0
[],,IPredictAReddit,,,[],,,,text,t2_8eny8,False,False,[],"&gt; The left is the side that supports free speech?

Always has been, always will be

&gt;The left has begun conflating verbal disagreement with actual violence.

And the right has, for decades now, used violence to determine what religions can be expressed, what words can be spoken, and what ideas can be taught. But some guy who had an Antifa website once hit someone with a bike lock, so it's samesies.",,1577102222,{},fbtybn5,False,t3_edyurq,False,True,t1_fbq43yb,/r/Libertarian/comments/edyurq/remember_when_republicans_used_to_be_libertarians/fbtybn5/,1577102223,1,True,[],False,Libertarian,t5_2qh63,0
[],,PM_ME_LEGAL_FILES,,,[],,,,text,t2_fpcpv8v,False,False,[],Or the most expensive jewel could just golf at Camp David and save everyone a huge amount of money,,1577102165,{},fbtya54,False,t3_ee5alj,False,True,t1_fbrkg8k,/r/Libertarian/comments/ee5alj/trumps_maralago_winter_vacation_pushes_taxpayer/fbtya54/,1577102167,1,True,[],False,Libertarian,t5_2qh63,0
[],,IPredictAReddit,,,[],,,,text,t2_8eny8,False,False,[],"""a blemish""

Hilarious.",,1577102095,{},fbty8an,False,t3_edyurq,False,True,t1_fbq8rne,/r/Libertarian/comments/edyurq/remember_when_republicans_used_to_be_libertarians/fbty8an/,1577102095,1,True,[],False,Libertarian,t5_2qh63,0
[],,[deleted],,,,,,dark,,,,,[],[removed],,1577102026,{},fbty6ht,False,t3_eecl4f,False,True,t1_fbt4snz,/r/Libertarian/comments/eecl4f/kgb_defector_yuri_bezmenovs_warning_to_america/fbty6ht/,1577102027,1,True,[],False,Libertarian,t5_2qh63,0
