all_awardings,associated_award,author,author_flair_background_color,author_flair_css_class,author_flair_richtext,author_flair_template_id,author_flair_text,author_flair_text_color,author_flair_type,author_fullname,author_patreon_flair,author_premium,awarders,body,collapsed_because_crowd_control,comment_type,created_utc,gildings,id,is_submitter,link_id,locked,no_follow,parent_id,permalink,retrieved_on,score,send_replies,stickied,subreddit,subreddit_id,top_awarded_type,total_awards_received,treatment_tags,distinguished
[],,ttystikk,,,[],,,,text,t2_15pem7,False,False,[],"This is so sad and so true. Americans believe the propaganda served up by our corporatist news media, without any critical thought at all.",,,1603467880,{},g9ro01t,False,t3_jgjrnj,False,True,t1_g9r5ahm,/r/socialism/comments/jgjrnj/bolivia_solidarity_poster/g9ro01t/,1603468554,1,True,False,socialism,t5_2qjii,,0,[],
[],,AnimeEgirl,,,[],,,,text,t2_3zep7mki,False,False,[],"20 million? I calculated it to be a tad higher than that. 9 million a year due to starvation. 8 million due to absence and poor quality healthcare. 2.3 million due to horrible working conditions. 2.2 million due to dehydration. 1.5 million due to lack of vaccination. Which brings the grand total to 23 million a year. From the year 2000, a total of 460 million deaths have occurred due to capitalism, these deaths were all preventable. And this number is an understatement, as it was worse back then. All those deaths in only 20 years. If you were to stretch it since the birth of capitalism, the death toll will unsurprisingly surpass over a billion. I'll find the sources if you want, just ask. I literally calculated this a couple of days ago.",,,1603467878,{},g9rnzwv,False,t3_jgpfaj,False,True,t3_jgpfaj,/r/socialism/comments/jgpfaj/the_death_toll_of_capitalism/g9rnzwv/,1603468552,1,True,False,socialism,t5_2qjii,,0,[],
[],,ttystikk,,,[],,,,text,t2_15pem7,False,False,[],"Congratulations to the people of Bolivia on their recent election victory!

Now, be sure you can keep the liberty you've just won. -An American.",,,1603467804,{},g9rnulu,False,t3_jgjrnj,False,True,t3_jgjrnj,/r/socialism/comments/jgjrnj/bolivia_solidarity_poster/g9rnulu/,1603468466,1,True,False,socialism,t5_2qjii,,0,[],
[],,Lilyo,transparent,,"[{'e': 'text', 't': '☭'}]",2c626e76-b85d-11e8-8340-0e8cb9b1f556,☭,dark,richtext,t2_6u19r,False,False,[],would be awkward for all the communist caucuses it has lol,,,1603467687,{},g9rnm7g,True,t3_jgez57,False,True,t1_g9qwmqg,/r/socialism/comments/jgez57/the_correct_take/g9rnm7g/,1603468326,1,True,False,socialism,t5_2qjii,,0,[],
[],,Squidmaster129,,lenin,"[{'e': 'text', 't': 'Democracy is Indispensable'}]",89f33b24-3ee4-11e5-83e9-0e49b4de90e1,Democracy is Indispensable,dark,richtext,t2_10zrey,False,False,[],"Ugh. This is also a bad take. Saying you can’t protest in a given country is a valid criticism. People under socialism should be able to criticize their governments. “Free speech is meaningless” only works insofar as it’s used as a “freedom” for the sake of existing, like people who say racist shit just because they’re allowed to legally.

Free speech, as long as it’s not racist or blatantly reactionary, is important. Socialist governments need feedback, and need to be able to improve.",,,1603467438,{},g9rn4hh,False,t3_jgez57,False,True,t1_g9rd0ca,/r/socialism/comments/jgez57/the_correct_take/g9rn4hh/,1603468029,1,True,False,socialism,t5_2qjii,,0,[],
[],,[deleted],,,,,,dark,,,,,[],[removed],,,1603467276,{},g9rmt5r,False,t3_jgez57,False,True,t1_g9rd0ca,/r/socialism/comments/jgez57/the_correct_take/g9rmt5r/,1603467847,1,True,False,socialism,t5_2qjii,,0,[],
[],,Squidmaster129,,lenin,"[{'e': 'text', 't': 'Democracy is Indispensable'}]",89f33b24-3ee4-11e5-83e9-0e49b4de90e1,Democracy is Indispensable,dark,richtext,t2_10zrey,False,False,[],"No, it’s not, and that’s not what I said, so I have no idea where you got that. Criticisms like “China is evil” with no explanation or analysis are unhelpful. Criticisms about China being revisionist, with analysis, are extremely good criticisms — and they’re not even criticisms that would apply to the US.

Also for the record I want to distance myself from STP now lmao, because that guy is a brocialist who has said some super fucked up shit",,,1603467082,{},g9rmfhw,False,t3_jgez57,False,True,t1_g9r9eei,/r/socialism/comments/jgez57/the_correct_take/g9rmfhw/,1603467627,1,True,False,socialism,t5_2qjii,,0,[],
[],,ShadePaetrix,,lenin,"[{'e': 'text', 't': 'Lenin'}]",89f33b24-3ee4-11e5-83e9-0e49b4de90e1,Lenin,dark,richtext,t2_6c57q8sc,False,False,[],DSA being based for once,,,1603466989,{},g9rm8s3,False,t3_jgez57,False,True,t3_jgez57,/r/socialism/comments/jgez57/the_correct_take/g9rm8s3/,1603467518,1,True,False,socialism,t5_2qjii,,0,[],
[],,ShardFish,,,[],,,,text,t2_1ahr76ts,False,False,[],"I mean, russia and china are big problems, hough, and you're a full of you don't realize that",,,1603466940,{},g9rm5aq,False,t3_jgez57,False,True,t3_jgez57,/r/socialism/comments/jgez57/the_correct_take/g9rm5aq/,1603467461,1,True,False,socialism,t5_2qjii,,0,[],
[],,TheEnemyOfMyAnenome,,,[],,,,text,t2_emvg4,False,False,[],"&gt; In China, this is very much the case.

lol",,,1603466344,{},g9rkyx7,False,t3_jgez57,False,True,t1_g9qvc6m,/r/socialism/comments/jgez57/the_correct_take/g9rkyx7/,1603466773,1,True,False,socialism,t5_2qjii,,0,[],
[],,AutoModerator,,hammerandsickle,"[{'e': 'text', 't': 'Marxism-Skynetism'}]",,Marxism-Skynetism,dark,richtext,t2_6l4z3,False,True,[],"Hello comrade, thanks for your submission to r/socialism. Unfortunately, it appears that this may be a US election-related post. In order to keep this subreddit international and avoid flooding it with US-centric posts, during the election season we are currently asking users to keep discussion of the US general election, including discussions surrounding Joe Biden and other candidates, in the [US Election Megathread](https://www.reddit.com/r/socialism/comments/im57wp/2020_us_election_megathread/) wherever possible. If you believe this was an error, please message the moderators.

Please feel free to repost your content in the megathread. 


*I am a bot, and this action was performed automatically. Please [contact the moderators of this subreddit](/message/compose/?to=/r/socialism) if you have any questions or concerns.*",,,1603466275,{},g9rku6q,False,t3_jgp2rn,False,True,t3_jgp2rn,/r/socialism/comments/jgp2rn/landlord_threatens_renters_with_rent_hike_if/g9rku6q/,1603466695,1,False,True,socialism,t5_2qjii,,0,[],moderator
[],,PaperPlaneChronicles,,demsoc,"[{'e': 'text', 't': 'Democratic Socialism'}]",99426c94-3ee4-11e5-ad95-0e5e20c89e15,Democratic Socialism,dark,richtext,t2_3mpg0udc,False,False,[],"Idk, maybe he did)

There is actually a few genuine leftists still in there, but the party itself sucks",,,1603466204,{},g9rkp87,False,t3_jgez57,False,True,t1_g9rj8zg,/r/socialism/comments/jgez57/the_correct_take/g9rkp87/,1603466614,1,True,False,socialism,t5_2qjii,,0,[],
[],,PaperPlaneChronicles,,demsoc,"[{'e': 'text', 't': 'Democratic Socialism'}]",99426c94-3ee4-11e5-ad95-0e5e20c89e15,Democratic Socialism,dark,richtext,t2_3mpg0udc,False,False,[],"Eh, it’s not communist anymore. It used to be socialist (arguably), but it has been on the decline for quite a long time now. But yes, a strong party is not enough if it’s not revolutionary and not actually connected to the working class.",,,1603466104,{},g9rki2y,False,t3_jgez57,False,True,t1_g9rj90f,/r/socialism/comments/jgez57/the_correct_take/g9rki2y/,1603466494,1,True,False,socialism,t5_2qjii,,0,[],
[],,[deleted],,,,,,dark,,,,,[],[removed],,,1603465866,{},g9rk13b,False,t3_jfntnq,False,True,t1_g9qbpwd,/r/socialism/comments/jfntnq/fidel_castro_on_capitalism_1620x2160/g9rk13b/,1603466214,1,True,False,socialism,t5_2qjii,,0,[],
[],,trashpanpanda,,,[],,,,text,t2_2n2kr77a,False,False,[],CYMRU AM BLYTH 🏴󠁧󠁢󠁷󠁬󠁳󠁿,,,1603465721,{},g9rjqx6,False,t3_jfyta4,False,True,t3_jfyta4,/r/socialism/comments/jfyta4/wales_becomes_first_uk_nation_to_renationalise/g9rjqx6/,1603466048,1,True,False,socialism,t5_2qjii,,0,[],
[],,PaperPlaneChronicles,,demsoc,"[{'e': 'text', 't': 'Democratic Socialism'}]",99426c94-3ee4-11e5-ad95-0e5e20c89e15,Democratic Socialism,dark,richtext,t2_3mpg0udc,False,False,[],"Well, yeah. In southern Russia, the local Muslim people were mostly left alone (there was discrimination, but not as much), and the local nobles were even allowed to keep their titles as long as they converted to Orthodox Christianity. Siberia was sparsely populated, so there was kinda enough land for both natives and settlers. There also wasn’t a lot of settlers, certainly less than in the Americas. The natives had to pay a special tax in fur and other products (from what we learned in school, but I might not remember it all correctly) but that’s it. The conquest of Caucasus was quite bloody though. Then, under Stalin there was some f_cked up stuff with mass displacement of some local people. So yes, I think we’re kinda a settler state, but many Russians think racism and colonialism don’t apply to our nation",,,1603465687,{},g9rjoia,False,t3_jgez57,False,True,t1_g9reavd,/r/socialism/comments/jgez57/the_correct_take/g9rjoia/,1603466010,1,True,False,socialism,t5_2qjii,,0,[],
[],,S_T_P,,hammerandsickle,"[{'e': 'text', 't': 'Communist (Marxist-Leninist)'}]",6b0de0c4-3ee4-11e5-bc5a-0ee61c357d3b,Communist (Marxist-Leninist),dark,richtext,t2_1021vp,False,False,[],"&gt; My mistake, I was under the impression we were talking about China, not some US party's perception of it.

Neither one of us lives in China. The only way we can affect it is through politics of First World. Obviously, we are discussing local politics first and foremost. Pretending otherwise is sophistry.

&gt;&gt; And what ideology would that be? Liberalism?

&gt; Lol. Apparently everything that's anti-authoritarian/anti-state is immediately a liberal I guess?

Any *actual* ""anti-state"" position would recognize that wealth-based restrictions are part of state as much as ""authoritarian"" laws are.

Nevertheless, you aren't doing it. It is ""authoritarian"" laws (that ignore wealth) that are the target of your criticism.

In other words, you are implicitly recognizing legitimacy of wealth-based restrictions. And *that* is ideology of capitalism. I.e. liberalism.

&gt;&gt; ""Freedom of speech"" never existed anywhere, and could never exist.

&gt; My argument wasn't about free speech absolutism, it was just about criticism of the government. Not the same thing.

My point was that you don't *have* an argument. 

The whole concept is bogus, a political illusion that relies on pretending that economic system isn't part of a society that general public should be able to affect.

From this you deduce some great restrictions on political life in China that are - supposedly - absent in the Land of the Free. However, IRL political restrictions in USA simply take another form. The one that you (implicitly) consider to be *justly* restrictive.

&gt;&gt; It is an endorsement if American imperialism

&gt; Both sides bad.

Except we aren't taking action against both sides, are we?",,,1603465607,{},g9rjivc,False,t3_jgez57,False,True,t1_g9rfs1n,/r/socialism/comments/jgez57/the_correct_take/g9rjivc/,1603465920,1,True,False,socialism,t5_2qjii,,0,[],
[],,VsAl1en,transparent,,"[{'e': 'text', 't': 'Michael Parenti'}]",2c626e76-b85d-11e8-8340-0e8cb9b1f556,Michael Parenti,dark,richtext,t2_122l1z,False,False,[],"By the way, the phenomena of CPRF is a proof that having a formally ""strong"" communist party in a capitalist country doesn't fix anything by itself.",,,1603465463,{},g9rj90f,False,t3_jgez57,False,True,t1_g9riuyp,/r/socialism/comments/jgez57/the_correct_take/g9rj90f/,1603465758,1,True,False,socialism,t5_2qjii,,0,[],
[],,javi_and_stuff,,jeanpaulsartre,"[{'e': 'text', 't': 'Jean Paul Sartre'}]",5edd28c2-54ac-11e5-9e84-0eac6277aa63,Jean Paul Sartre,dark,richtext,t2_2s0r5qcp,False,False,[],was it Jeff Monson who said “there are no communists in the Communist Party” regarding the CPRF?,,,1603465463,{},g9rj8zg,False,t3_jgez57,False,True,t1_g9riuyp,/r/socialism/comments/jgez57/the_correct_take/g9rj8zg/,1603465756,1,True,False,socialism,t5_2qjii,,0,[],
[],,McHonkers,,,[],,,,text,t2_i1zmi,False,False,[],"Okay, mister lib.",,,1603465352,{},g9rj1gk,False,t3_jgez57,False,True,t1_g9r5as9,/r/socialism/comments/jgez57/the_correct_take/g9rj1gk/,1603465634,1,True,False,socialism,t5_2qjii,,0,[],
[],,PaperPlaneChronicles,,demsoc,"[{'e': 'text', 't': 'Democratic Socialism'}]",99426c94-3ee4-11e5-ad95-0e5e20c89e15,Democratic Socialism,dark,richtext,t2_3mpg0udc,False,False,[],"Yes, there is a lot nostalgia, especially among older people. The younger generation mostly condemns the USSR for repressions and stuff, which is justified. Also a lot of people remember late USSR with all of its problems, and don’t want to return to this system. But I think people are still ok with leftist ideas, the problem is we don’t have a proper progressive revolutionary leftist party. The CPRF is too socially conservative and it has pretty much been incorporated into the regime anyway, so it’s more of a fake leftist party. It used to be a major socialist party during the 90-s though, and it still provides a platform for some genuine leftists to run for elections.

As for Putin, it’s complicated. He reaped the benefits of economic recovery after the disastrous neoliberal reforms of the 90-s, without actually changing anything. He is seen as a protector of “stability” to this day, although it’s really more like a slow gradual decline and change is clearly needed. He also won significant popularity (first, by promising to be tough in terrorism after the Chechnya war, and later through propaganda). People are starting to get disillusioned with him though, and his approval rating is slowly falling (especially after cuts to pensions, and now, coronavirus).

The thing is, a lot of people don’t see the alternative, because he has done a lot to silence independent media and political organizations. Liberals are unpopular because everyone remembers Yeltsin, and leftists don’t have a proper platform. There is CPRF, and there are some small leftist movements which aren’t well-known. Which is why I think we need a kind of broad coalition of all leftists and even libs, but there is no sign of anything like it right now.",,,1603465257,{},g9riuyp,False,t3_jgez57,False,True,t1_g9r77fp,/r/socialism/comments/jgez57/the_correct_take/g9riuyp/,1603465528,1,True,False,socialism,t5_2qjii,,0,[],
[],,VsAl1en,transparent,,"[{'e': 'text', 't': 'Michael Parenti'}]",2c626e76-b85d-11e8-8340-0e8cb9b1f556,Michael Parenti,dark,richtext,t2_122l1z,False,False,[],"A whole lot of Russians hate Putin. Alas, at the same time, not enough of them hate capitalism, and, surprisingly, don't even have a slightest idea what socialism is. Most older folks get brainwashed and gaslighted HARD into loving the current regime.",,,1603464921,{},g9ri7nl,False,t3_jgez57,False,True,t1_g9r77fp,/r/socialism/comments/jgez57/the_correct_take/g9ri7nl/,1603465148,1,True,False,socialism,t5_2qjii,,0,[],
[],,ThetruthWithin37,,jesusradicals,"[{'e': 'text', 't': 'Jesus Radicals'}]",140581d2-54bb-11e5-976b-0eb43d04a60b,Jesus Radicals,dark,richtext,t2_2thtqqev,False,False,[],Only through love my friends... [only](https://www.youtube.com/watch?v=UumtS4_eHAs) through love!,,,1603464688,{},g9rhrca,False,t3_jgjrnj,False,True,t3_jgjrnj,/r/socialism/comments/jgjrnj/bolivia_solidarity_poster/g9rhrca/,1603464888,1,True,False,socialism,t5_2qjii,,0,[],
[],,TheJayQuest,,,[],,,,text,t2_8dotcuk8,False,False,[],"Sorry I cant respond, I broke my phone because I got mad at this comment.

I'm 14 BTW.",,,1603464290,{},g9rgzzf,False,t3_jgabe4,False,True,t1_g9rerbf,/r/socialism/comments/jgabe4/conservatives_are_attempting_to_crowdfund_a_kids/g9rgzzf/,1603464444,1,True,False,socialism,t5_2qjii,,0,[],
[],,Blartyboy,,,[],,,,text,t2_7b2pmrd5,False,False,[],"
The propagandaU of childrens cartoons",,,1603463910,{},g9rgaiq,False,t3_jgabe4,False,True,t3_jgabe4,/r/socialism/comments/jgabe4/conservatives_are_attempting_to_crowdfund_a_kids/g9rgaiq/,1603464032,1,True,False,socialism,t5_2qjii,,0,[],
[],,ITriedLightningTendr,,,[],,,,text,t2_2i104q,False,False,[],what debates?,,,1603463760,{},g9rg0a1,False,t3_jgez57,False,True,t3_jgez57,/r/socialism/comments/jgez57/the_correct_take/g9rg0a1/,1603463873,1,True,False,socialism,t5_2qjii,,0,[],
[],,Dubious_Toaster,,,[],,,,text,t2_xed7j,False,False,[],"Yeah, anecdotes are inherently uninformative. They don't speak to trends or broader sentiments. If you only ask capitalists how the economy is working for them, they'd say it's a perfect system.

It's a dishonest tactic, but most of the time anecdotes are used out of laziness. They're best countered with other anecdotes until your interlocutor realizes how frustratingly useless they are.",,,1603463693,{},g9rfvsz,False,t3_jgnrdb,False,True,t1_g9rd72h,/r/socialism/comments/jgnrdb/how_to_argue_against_libs_who_use_their_own/g9rfvsz/,1603463801,1,True,False,socialism,t5_2qjii,,0,[],
[],,CarmenCage,,,[],,,,text,t2_3xndnbmq,False,False,[],"Say their experiences do not sum up everyone else’s. I find it interesting that many people rely on their own experience, and I think that is because they have not educated themselves. It’s also extremely easy to debate because they can’t speak for everyone.

Research the topic. Then present actual statistics and data. However sometimes it’s just not worth debating people who won’t do any research, because in their minds their experiences are the final word. So also know when to simply let it drop, and let them continue on their ignorance.",,,1603463683,{},g9rfv51,False,t3_jgnrdb,False,True,t3_jgnrdb,/r/socialism/comments/jgnrdb/how_to_argue_against_libs_who_use_their_own/g9rfv51/,1603463790,1,True,False,socialism,t5_2qjii,,0,[],
[],,pinkyfloydless,,2-rojava,"[{'e': 'text', 't': 'Bookchin'}]",a1b10e26-3ee4-11e5-a15f-0e8d84207ba5,Bookchin,dark,richtext,t2_1wmcw1oc,False,False,[],"My mistake, I was under the impression we were talking about China, not some US party's perception of it.

&gt; And what ideology would that be? Liberalism?

Lol. Apparently everything that's anti-authoritarian/anti-state is immediately a liberal I guess?

&gt; ""Freedom of speech"" never existed anywhere, and could never exist.

My argument wasn't about free speech absolutism, it was just about criticism of the government. Not the same thing.

&gt; It is an endorsement if American imperialism

Both sides bad. That's the best ""eNdOrSeMeNt oF AmEriCaN iMpEriALisM"" you're gonna get.",,,1603463636,{},g9rfs1n,False,t3_jgez57,False,False,t1_g9rd0ca,/r/socialism/comments/jgez57/the_correct_take/g9rfs1n/,1603463741,1,True,False,socialism,t5_2qjii,,0,[],
[],,AbstractBettaFish,,2-BillyBragg,"[{'e': 'text', 't': 'James Connolly-ist '}]",0b25dd14-f484-11e5-aeec-0ee43ad8a7ed,James Connolly-ist ,dark,richtext,t2_24wuc2s4,False,False,[],"Yeah I’m by no means an expert in China, but adding on top of that the countless millionaires and billionaires there. From a layman’s perspective it’s like “what if we took the exploitation of capitalism, and combined it with the authoritarian aspects of communism!”",,,1603463556,{},g9rfmqw,False,t3_jgez57,False,True,t1_g9qztxq,/r/socialism/comments/jgez57/the_correct_take/g9rfmqw/,1603463659,1,True,False,socialism,t5_2qjii,,0,[],
[],,fillingtheblank,,,[],,,,text,t2_fwm3e,False,False,[],Point taken. Meanwhile you are harassing a 16 y-o kid. His naivety is explained by age and is no real big deal. What is your justification for being pathetic?,,,1603463090,{},g9rerbf,False,t3_jgabe4,False,True,t1_g9r5ax3,/r/socialism/comments/jgabe4/conservatives_are_attempting_to_crowdfund_a_kids/g9rerbf/,1603463158,1,True,False,socialism,t5_2qjii,,0,[],
[],,AlterPhoenix729,,bordiga,"[{'e': 'text', 't': 'Bordiga'}]",30cccf4c-3ee4-11e5-923e-0ebee8e6e23b,Bordiga,dark,richtext,t2_25z2n57,False,False,[],ok but both of those countries are capitalist lol,,,1603463039,{},g9renxg,False,t3_jgez57,False,True,t3_jgez57,/r/socialism/comments/jgez57/the_correct_take/g9renxg/,1603463106,1,True,False,socialism,t5_2qjii,,0,[],
[],,VsAl1en,transparent,,"[{'e': 'text', 't': 'Michael Parenti'}]",2c626e76-b85d-11e8-8340-0e8cb9b1f556,Michael Parenti,dark,richtext,t2_122l1z,False,False,[],"I mean, we can call Russia a colonial state with really progressive for its time (In comparison with Great Britain, for example.) colonial policies. It's just harder to call Russia a colonial state because all of the colonies are appended straight to the metropole.",,,1603462842,{},g9reavd,False,t3_jgez57,False,True,t1_g9rdflo,/r/socialism/comments/jgez57/the_correct_take/g9reavd/,1603462900,1,True,False,socialism,t5_2qjii,,0,[],
[],,croma0910,,,[],,,,text,t2_17aaf5,False,False,[],I was shown prageru in class once,,,1603462811,{},g9re8sw,False,t3_jgabe4,False,True,t1_g9pxw9s,/r/socialism/comments/jgabe4/conservatives_are_attempting_to_crowdfund_a_kids/g9re8sw/,1603462867,1,True,False,socialism,t5_2qjii,,0,[],
[],,comradeMaturin,,2-trotsky,"[{'e': 'text', 't': 'Bolshevik-Leninist'}]",c58da89a-3ee4-11e5-8a50-0eb2aee2097b,Bolshevik-Leninist,dark,richtext,t2_10sd9t,False,False,[],"I’m neutral. 

If Scottish people want independence, then yes it’s our duty to help them. However, their independence would mean setting up a new imperialist bureaucracy to exploit countries outside the core. So I guess it’s not at the top of our priority? If it happens, great, if not, great, it’s what the Scottish people want and to me it’s not something we should especially campaign for


It’s not the same kind of national determination of, say, Ireland which has a much more colonial/oppressed nationality relationship.",,,1603462585,{},g9rdtvd,False,t3_jg4kox,False,True,t3_jg4kox,/r/socialism/comments/jg4kox/what_is_this_subs_view_on_scottish_independence/g9rdtvd/,1603462637,1,True,False,socialism,t5_2qjii,,0,[],
[],,raicopk,transparent,,"[{'e': 'text', 't': 'Salvador Seguí i Rubinat'}]",2c626e76-b85d-11e8-8340-0e8cb9b1f556,Salvador Seguí i Rubinat,dark,richtext,t2_151bl8,False,False,[],"The point of Lenin's article on the bolshevik's relation with the Provisional government was to counterpose material correlations in a context of theorical ""no land"". You are just proposing that a social democratic (not socialist) narrative should be merged with a neoliberal and heavily anti-socialist organization, particularly one of the world's most dangeous evils for any socialist movement in the world, which isn't something to take lightly.

The DSA does NOT have a collective of (actual) governance which can counterpose and weight in any minimal form against a demoliberal system and, even less, is in the same theeorical context that bolsheviks were in. Your proposal is close to having the PG work with the whites (although still, not really) than with the bolsheviks', whilst Lenin's work rather points towards the PCI's electoral participation in Italy, as an organization which DID represent its own collective of (actual) governance.",,,1603462442,{},g9rdkfe,False,t3_jgez57,False,True,t1_g9ra1eq,/r/socialism/comments/jgez57/the_correct_take/g9rdkfe/,1603462484,1,True,False,socialism,t5_2qjii,,0,[],
[],,Sincost121,,,[],,,,text,t2_cvgdq,False,False,[],This is a lot of internalized western chauvinism for a 'socialist'.,,,1603462375,{},g9rdfzq,False,t3_jgez57,False,True,t1_g9ran4f,/r/socialism/comments/jgez57/the_correct_take/g9rdfzq/,1603462412,1,True,False,socialism,t5_2qjii,,0,[],
[],,PaperPlaneChronicles,,demsoc,"[{'e': 'text', 't': 'Democratic Socialism'}]",99426c94-3ee4-11e5-ad95-0e5e20c89e15,Democratic Socialism,dark,richtext,t2_3mpg0udc,False,False,[],"Don’t know why people are downvoting you (we’re speaking of modern day Russia, not USSR, right?)

But yeah. From what I’ve noticed, they use two main talking points. First of all, the narrative that Russia was always (culturally, geographically and economically) “in between” Europe and Asia, so it has its own “third way”, fundamentally incompatible with the Western one. The second one is that we, unlike Western nations, have more “traditional values”. Basically the west is presented as destroying itself due to progressive ideas (like LGBT+ rights, third wave feminism, immigration and so on) while we maintain our culture, “family values” and so on. The nostalgia about Soviet Union is also exploited, and Russian media often condemns American and European actions. Which is often correct, but it’s a bit hypocritical when we’re doing the same.

And, in reality, we still have neoliberal capitalism (although not as radical as in America, I mean, we have free healthcare and partially free higher education. But on the other hand the quality of life is somewhat lower for the ordinary worker), imperialism (like the annexation of Crimea, and also our intervention in the Middle East, which is basically Russian imperialism competing with American imperialism). Again, it’s not as bad because we aren’t overthrowing foreign regimes left and right, but Russia still exerts significant influence over former Soviet nations, supports local dictators, and there are rumors of it funding right-wing movements in the west. The nationalist rhetoric of our leadership also sucks.

Now, the colonialism part is disputable. It’s not as obvious as European colonialism, but I haven’t really learned enough about Russian expansion into Siberia and Caucasus to say for sure.",,,1603462369,{},g9rdflo,False,t3_jgez57,False,True,t1_g9qt3tf,/r/socialism/comments/jgez57/the_correct_take/g9rdflo/,1603462405,1,True,False,socialism,t5_2qjii,,0,[],
[],,ingsocball,,,[],,,,text,t2_789cdr4p,False,False,[],"Statistics, or other people’s experiences",,,1603462238,{},g9rd72h,False,t3_jgnrdb,False,True,t3_jgnrdb,/r/socialism/comments/jgnrdb/how_to_argue_against_libs_who_use_their_own/g9rd72h/,1603462269,1,True,False,socialism,t5_2qjii,,0,[],
[],,Mac_Rat,,2-redstar,"[{'e': 'text', 't': 'Libertarian Socialism'}]",9d799364-3ee4-11e5-bd09-0e5e20c89e15,Libertarian Socialism,dark,richtext,t2_11rdrm,False,False,[],"China already has an  insan3  amount of power and influence.

As long as no one stops China they will become the world leading country. The fuck are you gonna do about capitalism then?

You use a lot of words to say nothing. Listen to yourself, it's embarrassing.

Give me a single argument on why China shouldn't pay their workers fairly? 

You call yourself a socialist, but you're just a capitalist imperialist enabling larper.",,,1603462192,{},g9rd420,False,t3_jgez57,False,True,t1_g9r3bde,/r/socialism/comments/jgez57/the_correct_take/g9rd420/,1603462221,1,True,False,socialism,t5_2qjii,,0,[],
[],,S_T_P,,hammerandsickle,"[{'e': 'text', 't': 'Communist (Marxist-Leninist)'}]",6b0de0c4-3ee4-11e5-bc5a-0ee61c357d3b,Communist (Marxist-Leninist),dark,richtext,t2_1021vp,False,False,[],"&gt; Alright. Here's a very simple question that has nothing to do with the USA.

The question has *everything* to do with USA, as we are not discussing what to do with China. Whatever effect our choice would have, only the tiniest shred of it would affect China.

What we *are* discussing is whether or not should our - tiny - influence be spent in supporting an attempt of US Democrats (and US capital in general) to spread xenophobic hysteria across the US and First World in general, or should we make - however insignificant - attempt to resist it.

Moreover, discussing China while ignoring US is inherently disingenuous.

&gt; out of pure principle I would be ideologically opposed to it.

And what ideology would that be? Liberalism? I'm no liberal.

""Freedom of speech"" never existed anywhere, and could never exist. It is a mirage created by Right-wing shills to legitimize capitalist order, to invent fake ""freedoms"" and fake ""rights"" that - by design - could not be exercised by the poor.

&gt; it still is a criticism nonetheless.

It is endorsement of American imperialism.",,,1603462136,{},g9rd0ca,False,t3_jgez57,False,True,t1_g9rac20,/r/socialism/comments/jgez57/the_correct_take/g9rd0ca/,1603462162,1,True,False,socialism,t5_2qjii,,0,[],
[],,comradeMaturin,,2-trotsky,"[{'e': 'text', 't': 'Bolshevik-Leninist'}]",c58da89a-3ee4-11e5-8a50-0eb2aee2097b,Bolshevik-Leninist,dark,richtext,t2_10sd9t,False,False,[],"Read essays and books, not reddit comments to get your ideas


Right now is a really easy time to dip your toe into IRL politics too. Everyone’s meetings are online. If you’re interested in trotskyism, look at the various orgs in the OP and message one about attending a meeting. There you can just sit and observe, and see what you like.",,,1603462043,{},g9rcuje,False,t3_je2f1u,False,False,t1_g9kt25h,/r/socialism/comments/je2f1u/trotskyist_ama_2020/g9rcuje/,1603462072,1,True,False,socialism,t5_2qjii,,0,[],
[],,raicopk,transparent,,"[{'e': 'text', 't': 'Salvador Seguí i Rubinat'}]",2c626e76-b85d-11e8-8340-0e8cb9b1f556,Salvador Seguí i Rubinat,dark,richtext,t2_151bl8,False,False,[],And... Where exactly have I said this that you are putting in my mouth?,,,1603461484,{},g9rbv2b,False,t3_jgez57,False,True,t1_g9r7436,/r/socialism/comments/jgez57/the_correct_take/g9rbv2b/,1603461503,1,True,False,socialism,t5_2qjii,,0,[],
[],,S_T_P,,hammerandsickle,"[{'e': 'text', 't': 'Communist (Marxist-Leninist)'}]",6b0de0c4-3ee4-11e5-bc5a-0ee61c357d3b,Communist (Marxist-Leninist),dark,richtext,t2_1021vp,False,False,[],"&gt; Why are you sharing DSA posts? Fuck them

What should be shared instead?

Posadist memes?

R.D.Wolffs 527th attempt to remove any and all meaning from the word ""Marxism""?

Thinly veiled Democrat shilling?

Attempts to reveal heinous crimes of Venezuelan dictator Maduro?

Soviet-bashing by *politically correct* Anarcho-""Communists""?

&amp;nbsp;

I have little love for DSA, but this one is a (mostly) correct position.",,,1603461126,{},g9rb836,False,t3_jgez57,False,True,t1_g9qszvc,/r/socialism/comments/jgez57/the_correct_take/g9rb836/,1603461143,1,True,False,socialism,t5_2qjii,,0,[],
[],,Comrade_Cummies,,,[],,,,text,t2_67jnxql5,False,False,[],"This reminds me of the episode from Girl Meets World

https://www.youtube.com/watch?v=yAovehJ4yWE

A blatant pathetic propaganda against communism.",,,1603460967,{},g9raxrv,False,t3_jgabe4,False,True,t3_jgabe4,/r/socialism/comments/jgabe4/conservatives_are_attempting_to_crowdfund_a_kids/g9raxrv/,1603460977,1,True,False,socialism,t5_2qjii,,0,[],
[],,illme,,,[],,,,text,t2_4r9c4,False,False,[],"nothing much except genocide, extinction of all life in every ocean across the world, mass polluting the air to the point of no return and treating people like dirt on the daily",,,1603460802,{},g9ran4f,False,t3_jgez57,False,True,t1_g9r15eq,/r/socialism/comments/jgez57/the_correct_take/g9ran4f/,1603460814,1,True,False,socialism,t5_2qjii,,0,[],
[],,pinkyfloydless,,2-rojava,"[{'e': 'text', 't': 'Bookchin'}]",a1b10e26-3ee4-11e5-a15f-0e8d84207ba5,Bookchin,dark,richtext,t2_1wmcw1oc,False,False,[],"Alright. Here's a very simple question that has nothing to do with the USA.

  


Can you speak out against the government in China with little to no consequences?

  


If the answer is no, then out of pure principle I would be ideologically opposed to it. Obviously that doesn't do a lot, since I'm just a useless nobody online, but it still is a criticism nonetheless.",,,1603460630,{},g9rac20,False,t3_jgez57,False,True,t1_g9r9yp6,/r/socialism/comments/jgez57/the_correct_take/g9rac20/,1603460642,1,True,False,socialism,t5_2qjii,,0,[],
[],,suleman0786,,,[],,,,text,t2_54penqqj,False,True,[],"Cuba has more or less stopped the spread of covid 19. However, the real difficulties are economic given that they are extremely dependent on tourism and this has dried up. They are looking into providing spaces for tourists which will minimize risk to locals and from there on will deal with covid outbreaks on a case to case basis, similar to China.",,,1603460609,{},g9raap4,False,t3_jg2omx,False,True,t3_jg2omx,/r/socialism/comments/jg2omx/how_has_cuba_managed_during_this_whole_corona/g9raap4/,1603460620,1,True,False,socialism,t5_2qjii,,0,[],
[],,Heath1872,,,[],,,,text,t2_43n5nfvl,False,False,[],Op's question was rhetorical.,,,1603460597,{},g9ra9xk,False,t3_jg0w4n,False,True,t1_g9o473s,/r/socialism/comments/jg0w4n/activists_build_facial_recognition_to_id_cops_who/g9ra9xk/,1603460609,1,True,False,socialism,t5_2qjii,,0,[],
[],,suleman0786,,,[],,,,text,t2_54penqqj,False,True,[],"Borat isn't really anticapitalist even. It makes fun of Americans in certain parts, but also portrays the Muslim world as irredeemably backwards. Kazakhstan took in many Jewish refugees during WW2 and a lot of Kazakhs were really unhappy with how their country was presented in the movie.",,,1603460474,{},g9ra21t,False,t3_jg51qi,False,True,t3_jg51qi,/r/socialism/comments/jg51qi/that_borat_movie_was_produced_by_rupert_murdoch/g9ra21t/,1603460488,1,True,False,socialism,t5_2qjii,,0,[],
[],,TheTurboGay,,,[],,,,text,t2_6dpwgxxp,False,False,[],"His whole point was that by having socialists in government, even if they're ostensibly a part of the bourgeoisie government, they can shore-up any gains that have been made by direct action. Politicians are the rearguard of the movement, even those who have to play the game of having a D next to their name, provided they don't kowtow to neoliberal pressures and end up working against the people.",,,1603460464,{},g9ra1eq,False,t3_jgez57,False,True,t1_g9r6966,/r/socialism/comments/jgez57/the_correct_take/g9ra1eq/,1603460479,1,True,False,socialism,t5_2qjii,,0,[],
[],,S_T_P,,hammerandsickle,"[{'e': 'text', 't': 'Communist (Marxist-Leninist)'}]",6b0de0c4-3ee4-11e5-bc5a-0ee61c357d3b,Communist (Marxist-Leninist),dark,richtext,t2_1021vp,False,False,[],"&gt; Criticising China isn't the same as supporting the USA for fucks sakes. 

*Please*. 90% of ""criticisms"" are invented to present US as lesser evil.",,,1603460423,{},g9r9yp6,False,t3_jgez57,False,True,t1_g9r9eei,/r/socialism/comments/jgez57/the_correct_take/g9r9yp6/,1603460438,1,True,False,socialism,t5_2qjii,,0,[],
[],,pinkyfloydless,,2-rojava,"[{'e': 'text', 't': 'Bookchin'}]",a1b10e26-3ee4-11e5-a15f-0e8d84207ba5,Bookchin,dark,richtext,t2_1wmcw1oc,False,False,[],"&gt; further the hegemony of capitalist and bourgeois thought

Criticising China isn't the same as supporting the USA for fucks sakes. That's like saying that every single person who detracts Saudi Arabia is automatically an Iranian sympathizer. It's a completely false dichotomy.",,,1603460095,{},g9r9eei,False,t3_jgez57,False,True,t1_g9qip31,/r/socialism/comments/jgez57/the_correct_take/g9r9eei/,1603460106,1,True,False,socialism,t5_2qjii,,0,[],
[],,chaosreaper187,,lenin,"[{'e': 'text', 't': 'Lenin'}]",89f33b24-3ee4-11e5-83e9-0e49b4de90e1,Lenin,dark,richtext,t2_7kw3cs0,False,False,[],"Whoops, yes that's who I meant",,,1603460055,{},g9r9bz9,True,t3_jg6c1v,False,True,t1_g9r7kt7,/r/socialism/comments/jg6c1v/one_finger_can_be_broken_five_fingers_are_a_fist/g9r9bz9/,1603460066,1,True,False,socialism,t5_2qjii,,0,[],
[],,ThatDudeOver,,,[],,,,text,t2_rhl5fex,False,False,[],"Here's a little bit of an interesting tidbit. The Anarchists and Bolsheviks were pretty well aligned by the time of the revolution in Russia. Even though the Bolsheviks would engage in a lot of polemics against Anarchists in debate and articles, in practice they aligned because other leftist groups such as the Mensheviks and Right Social-Revolutionaries wanted to stay with the old government instead of deferring to the new Soviet power; they wanted reform, the Bolsheviks and Anarchists wanted revolution. The Anarchists remained aligned with the Bolsheviks up until the Brest-Litovsk treaty which pulled Russia out of ww1. The Bolsheviks wanted to give the people room to breath, a respite from the war and to be able to build and the treaty helped the young nation by buying it a few months. The Anarchists instead wanted to continue to fight against Germany because they had Russian territory and a young nation barely holding together trying to fight this costly war would have been reckless and suicidal, and the people just wanted no more war. So Anarchists do often ally themselves with those they today call ""tankies"", even when authoritarian measures are used. What we must understand is that Anarchists back then did not mind using ""authoritarian"" measures, they just preferred a ""local"" system than a centralized system. Anarchism back then fought for different things than so called Anarchists today. So I'd answer you by saying that Anarchists have fought alongside ""state socialists"" and even participated in government, even with the Bolsheviks fought Makno there were Anarchists in the government still who denounced Makno. So I believe Anarchists did participate in China's revolution and you know it they participated in local governments to ""oppress"" the exploiters.",,,1603459358,{},g9r85ng,False,t3_jgjok6,False,True,t3_jgjok6,/r/socialism/comments/jgjok6/question_for_anarchists_from_a_marxist_on_mao/g9r85ng/,1603459370,1,True,False,socialism,t5_2qjii,,0,[],
[],,give_me_roux,,karlmarx,"[{'e': 'text', 't': 'ComUwUnism'}]",7dc638ce-3ee4-11e5-b8cb-0ef63926eacd,ComUwUnism,dark,richtext,t2_7v5b18su,False,False,[],Brazilian here. This is actually Brazilian boomers too,,,1603459186,{},g9r7v9e,False,t3_jfntnq,False,True,t1_g9nanpo,/r/socialism/comments/jfntnq/fidel_castro_on_capitalism_1620x2160/g9r7v9e/,1603459198,1,True,False,socialism,t5_2qjii,,0,[],
[],,give_me_roux,,karlmarx,"[{'e': 'text', 't': 'ComUwUnism'}]",7dc638ce-3ee4-11e5-b8cb-0ef63926eacd,ComUwUnism,dark,richtext,t2_7v5b18su,False,False,[],A guy with a cool beard spit facts,,,1603459032,{},g9r7lyz,False,t3_jfntnq,False,True,t3_jfntnq,/r/socialism/comments/jfntnq/fidel_castro_on_capitalism_1620x2160/g9r7lyz/,1603459044,1,True,False,socialism,t5_2qjii,,0,[],
[],,theGoodDrSan,,,[],,,,text,t2_6a311yjo,False,False,[],Do you mean Ernst Thälmann? Who is Erich Thälmann?,,,1603459013,{},g9r7kt7,False,t3_jg6c1v,False,True,t3_jg6c1v,/r/socialism/comments/jg6c1v/one_finger_can_be_broken_five_fingers_are_a_fist/g9r7kt7/,1603459024,1,True,False,socialism,t5_2qjii,,0,[],
[],,give_me_roux,,karlmarx,"[{'e': 'text', 't': 'ComUwUnism'}]",7dc638ce-3ee4-11e5-b8cb-0ef63926eacd,ComUwUnism,dark,richtext,t2_7v5b18su,False,False,[],Desinformation or just liberals,,,1603458938,{},g9r7gdb,False,t3_jfzr4a,False,False,t3_jfzr4a,/r/socialism/comments/jfzr4a/why_do_people_believe_when_the_government_does/g9r7gdb/,1603458950,1,True,False,socialism,t5_2qjii,,0,[],
[],,[deleted],,,,,,dark,,,,,[],[removed],,,1603458851,{},g9r7b7f,False,t3_jgez57,False,True,t1_g9r3bde,/r/socialism/comments/jgez57/the_correct_take/g9r7b7f/,1603458863,1,True,False,socialism,t5_2qjii,,0,[],
[],,give_me_roux,,karlmarx,"[{'e': 'text', 't': 'ComUwUnism'}]",7dc638ce-3ee4-11e5-b8cb-0ef63926eacd,ComUwUnism,dark,richtext,t2_7v5b18su,False,False,[],Oh yeah it's all coming together,,,1603458814,{},g9r790d,False,t3_jg3vnt,False,False,t3_jg3vnt,/r/socialism/comments/jg3vnt/worldwide_rise_ups_its_time_for_revolution_link/g9r790d/,1603458825,1,True,False,socialism,t5_2qjii,,0,[],
[],,tgay8587348,,,[],,,,text,t2_2pgl7jhe,False,False,[],Do people like Putin? I've heard of strong nostalgic view of the Soviet era today in Russia,,,1603458789,{},g9r77fp,False,t3_jgez57,False,True,t1_g9qkmzb,/r/socialism/comments/jgez57/the_correct_take/g9r77fp/,1603458800,1,True,False,socialism,t5_2qjii,,0,[],
[],,dtjunkie19,,,[],,,,text,t2_dgxl6,False,False,[],"No, but it's also not turn of the 20th century Russia. To assume that the correct strategy in 21st century America is to replicate the exact approach of over 100 years ago....seems like a pretty bad idea.",,,1603458732,{},g9r7436,False,t3_jgez57,False,True,t1_g9r6966,/r/socialism/comments/jgez57/the_correct_take/g9r7436/,1603458743,1,True,False,socialism,t5_2qjii,,0,[],
[],,bitch_boi_92,,,[],,,,text,t2_7lnvjjsz,False,False,[],How about all three are the problem?,,,1603458531,{},g9r6rxd,False,t3_jgez57,False,True,t3_jgez57,/r/socialism/comments/jgez57/the_correct_take/g9r6rxd/,1603458542,1,True,False,socialism,t5_2qjii,,0,[],
[],,give_me_roux,,karlmarx,"[{'e': 'text', 't': 'ComUwUnism'}]",7dc638ce-3ee4-11e5-b8cb-0ef63926eacd,ComUwUnism,dark,richtext,t2_7v5b18su,False,False,[],This ad is so strange... I love it,,,1603458510,{},g9r6qlc,False,t3_jgaou3,False,True,t3_jgaou3,/r/socialism/comments/jgaou3/one_of_the_best_ads_of_the_chilean_national/g9r6qlc/,1603458522,1,True,False,socialism,t5_2qjii,,0,[],
[],,Cheran_Or_Bust,,,[],,,,text,t2_4vcg8ya6,False,False,[],Democratic Socialists of America,,,1603458351,{},g9r6hbc,False,t3_jgjrnj,False,True,t1_g9r5ahm,/r/socialism/comments/jgjrnj/bolivia_solidarity_poster/g9r6hbc/,1603458363,1,True,False,socialism,t5_2qjii,,0,[],
[],,raicopk,transparent,,"[{'e': 'text', 't': 'Salvador Seguí i Rubinat'}]",2c626e76-b85d-11e8-8340-0e8cb9b1f556,Salvador Seguí i Rubinat,dark,richtext,t2_151bl8,False,False,[],"Ah yes, the DSA is absolutely like the Bolsheviks and the Democratic Party like the provisional government /s",,,1603458213,{},g9r6966,False,t3_jgez57,False,True,t1_g9r4yh8,/r/socialism/comments/jgez57/the_correct_take/g9r6966/,1603458224,1,True,False,socialism,t5_2qjii,,0,[],
[],,migBo,,,[],,,,text,t2_30zxuicy,False,False,[],My point being: I don’t have a point lmao,,,1603458132,{},g9r64nv,True,t3_j930ne,False,True,t1_g9gavuh,/r/socialism/comments/j930ne/fuck_bolsonaro/g9r64nv/,1603458143,1,True,False,socialism,t5_2qjii,,0,[],
[],,[deleted],,,,,,dark,,,,,[],[removed],,,1603458109,{},g9r63cx,False,t3_j930ne,False,True,t1_g9gavuh,/r/socialism/comments/j930ne/fuck_bolsonaro/g9r63cx/,1603458121,1,True,False,socialism,t5_2qjii,,0,[],
[],,TheJayQuest,,,[],,,,text,t2_8dotcuk8,False,False,[],The source of the information isn't capable of talking to a woman let alone running the global economy,,,1603457608,{},g9r5ax3,False,t3_jgabe4,False,True,t1_g9r2sbc,/r/socialism/comments/jgabe4/conservatives_are_attempting_to_crowdfund_a_kids/g9r5ax3/,1603457619,1,True,False,socialism,t5_2qjii,,0,[],
[],,TheTurboGay,,,[],,,,text,t2_6dpwgxxp,False,False,[],Doesn’t the Chinese government actively suppress the Maoists who live there? Like... cmon bro stop licking the States boots just because they used to be communist.,,,1603457606,{},g9r5as9,False,t3_jgez57,False,True,t1_g9qqwlx,/r/socialism/comments/jgez57/the_correct_take/g9r5as9/,1603457616,1,True,False,socialism,t5_2qjii,,0,[],
[],,Rein3,,,[],,,,text,t2_9p4cn,False,False,[],"I don't know what's the DSA, but in general most westerners have no fing idea of what's going on outside EU/USA, and maybe Australia. The other day I had to explain to a group of militants of an organization:

* What's going on Armenia
* What's up with Venezuela 
* What's going on Chile

And they speak perfect Spanish, so it's not a language barrier. It's just that internationalism is not a priority, not even in the agenda. It's something burn out activist do for a year to disconnect.",,,1603457600,{},g9r5ahm,False,t3_jgjrnj,False,True,t1_g9qtt6j,/r/socialism/comments/jgjrnj/bolivia_solidarity_poster/g9r5ahm/,1603457611,1,True,False,socialism,t5_2qjii,,0,[],
[],,TheTurboGay,,,[],,,,text,t2_6dpwgxxp,False,False,[],"So there’s this dude called Lenin, right, and he’s got this theory called dual power, right...",,,1603457387,{},g9r4yh8,False,t3_jgez57,False,True,t1_g9qj6yj,/r/socialism/comments/jgez57/the_correct_take/g9r4yh8/,1603457398,1,True,False,socialism,t5_2qjii,,0,[],
[],,raicopk,transparent,,"[{'e': 'text', 't': 'Salvador Seguí i Rubinat'}]",2c626e76-b85d-11e8-8340-0e8cb9b1f556,Salvador Seguí i Rubinat,dark,richtext,t2_151bl8,False,False,[],"&gt;Ok so I gotta repost this comment 'cause apparently I violated a Reddit policy. You can't say ""death t o "" on Reddit.

Just to further detail why is that, here you can read [a comment](https://www.reddit.com/r/socialism/comments/iqivao/never_forget_the_terror_brought_on_by_september/g4skxyb/) I wrote awhile ago explaining why we have done that as a result of a direct ""request"" from Reddit admins. If one's use case isn't along the lines of what would be something along the lines to ""Death to X"" but rather along the lines of your comment, feel more than free to [contact us](https://www.reddit.com/message/compose/?to=/r/socialism) and we will gladly manually approve the comment/post.",,,1603457249,{},g9r4qu7,False,t3_jgc4ue,False,True,t1_g9r2jjl,/r/socialism/comments/jgc4ue/hakim_the_death_toll_of_capitalism/g9r4qu7/,1603457260,1,True,False,socialism,t5_2qjii,,0,[],moderator
[],,raicopk,transparent,,"[{'e': 'text', 't': 'Salvador Seguí i Rubinat'}]",2c626e76-b85d-11e8-8340-0e8cb9b1f556,Salvador Seguí i Rubinat,dark,richtext,t2_151bl8,False,False,[],"Yes, China is the world's leading hegemonic power, not western imperial powers like the US, and the EU. Are you even serious?! For God's sake.

&gt; They absolutely *can* afford to pay their workers fairly, but they are capitalist to the core.

I'm not going to defend dengist thesis because I'm anything but sympathic to them, but basing an ""analysis"" of a globally-inserted economy like China's one without taking into account the composition of said global economic order is **laughable.** And its not precisely because of a lack of valid critiques...

Furthermore, its precisely on this direction that dengist lines of action (wether this meets with the reality is a whole different debate) work towards; breaking with this situation of north-south dependence and domination.
 
&gt; And if you didn't know, China is currently imperialist *themselves*, in Africa.

Trust me, I can assure you that I know more than you do about China's foreign policy (do you even know what the ARCFP is? The relation the PRC has with the UNDRIP?), and that I'm as ideologically opposed to it as you are if not more, but this doesn't mean I'll base my opinion on incredibly decontextualized and unscientific (refering to the scientific method) takes.",,,1603456281,{},g9r3bde,False,t3_jgez57,False,False,t1_g9r1evk,/r/socialism/comments/jgez57/the_correct_take/g9r3bde/,1603456291,1,True,False,socialism,t5_2qjii,,0,[],
[],,vladimir_linen,,,[],,,,text,t2_7y4ak3u2,False,False,[],"There's a summary for Capital [available here](https://www.reddit.com/r/RedInk/wiki/index), if you're interested.

&gt;That is, labor which has a definite, tangible output, like linen, coats, and so on. Where does more intangible, intellectual labor, like that of a novelist or an actor fit in?

This has been heavily debated. If the labor is employed by a capitalist, it's usually seen as 'productive labor' which produces surplus value. (Marx will begin discussing this later in the book.)

&gt;And for that matter, how does Marx's conception of the LTV function when confronted with commodities that are not mass produced, yet still possess the abstract use-value? For example, Picasso did not paint the same painting many many times, but an original Picasso is all the same exchangeable within the relationship of commodities.

Famous art doesn't really follow the 'laws of motion' of normal commodities since they aren't reproducible. (You can copy them, but you can't produce new originals.) I would argue that these things are expensive in terms of **price** without necessarily gaining value. They form part of luxury consumption, after all.",,,1603455945,{},g9r2u16,False,t3_jg52b8,False,True,t3_jg52b8,/r/socialism/comments/jg52b8/need_help_with_understanding_marx/g9r2u16/,1603455957,1,True,False,socialism,t5_2qjii,,0,[],
[],,83n0,,allende,"[{'e': 'text', 't': 'Ancom boi '}]",8e5554b8-ae8c-11e1-9198-12313d28619b,Ancom boi ,dark,richtext,t2_2lmi2clw,False,False,[],Fr they might be kinda cool now,,,1603455878,{},g9r2qko,False,t3_jgez57,False,True,t1_g9qezfq,/r/socialism/comments/jgez57/the_correct_take/g9r2qko/,1603455888,1,True,False,socialism,t5_2qjii,,0,[],
[],,TheJayQuest,,,[],,,,text,t2_8dotcuk8,False,False,[],Its hilarious,,,1603455824,{},g9r2nvw,False,t3_jgabe4,False,True,t1_g9r1lzu,/r/socialism/comments/jgabe4/conservatives_are_attempting_to_crowdfund_a_kids/g9r2nvw/,1603455835,1,True,False,socialism,t5_2qjii,,0,[],
[],,Comrade_Cummies,,,[],,,,text,t2_67jnxql5,False,False,[],"Ok so I gotta repost this comment 'cause apparently I violated a Reddit policy. You can't say ""death t o "" on Reddit. Great vid, thanks comrade. Just to expand on the part about India, although I'm not Indian, I do wanna note that going by this source: https://www.globalresearch.ca/legacy-of-colonialism-britain-robbed-india-of-45-trillion-and-thence-1-8-billion-indians-died-from-deprivation/5663351

The British in India alone killed 1.8 billion people over a course of 200 years while draining $45 trillion from India. It seems that Indians don't realize that the current state of India is solely due to capitalism, and not only that of the British but also that of the successive congress and BJP government who were nothing but puppets of the bourgeoisie. Even just going by the ridiculous numbers from the Black Book of Communism, we can argue that capitalism has substantially caused harm and death t o people all across the globe.",,,1603455738,{},g9r2jjl,False,t3_jgc4ue,False,True,t3_jgc4ue,/r/socialism/comments/jgc4ue/hakim_the_death_toll_of_capitalism/g9r2jjl/,1603455749,1,True,False,socialism,t5_2qjii,,0,[],
[],,porcelain_penance,,,[],,,dark,text,t2_7w3h1yd,False,False,[],Now **that** is what I'd call a punchable face.,,,1603455720,{},g9r2in5,False,t3_jgabe4,False,True,t3_jgabe4,/r/socialism/comments/jgabe4/conservatives_are_attempting_to_crowdfund_a_kids/g9r2in5/,1603455730,1,True,False,socialism,t5_2qjii,,0,[],
[],,AnSoc_Punk,,anarchy,"[{'e': 'text', 't': 'Anarchy'}]",1ded2232-3ee4-11e5-b102-0e3f27028b2f,Anarchy,dark,richtext,t2_3bsgbohr,False,False,[],Years and years of brainwashing,,,1603455633,{},g9r2eaw,False,t3_jfzr4a,False,True,t3_jfzr4a,/r/socialism/comments/jfzr4a/why_do_people_believe_when_the_government_does/g9r2eaw/,1603455643,1,True,False,socialism,t5_2qjii,,0,[],
[],,Comrade_Cummies,,,[],,,,text,t2_67jnxql5,False,False,[],"At first I thought this was parody too, but the more he spoke, I realized this was a serious conservative/libertarian lol.",,,1603455532,{},g9r296y,False,t3_jgabe4,False,True,t1_g9qda41,/r/socialism/comments/jgabe4/conservatives_are_attempting_to_crowdfund_a_kids/g9r296y/,1603455543,1,True,False,socialism,t5_2qjii,,0,[],
[],,fillingtheblank,,,[],,,,text,t2_fwm3e,False,False,[],Why are you linking this?,,,1603455064,{},g9r1lzu,False,t3_jgabe4,False,True,t1_g9pp858,/r/socialism/comments/jgabe4/conservatives_are_attempting_to_crowdfund_a_kids/g9r1lzu/,1603455074,1,True,False,socialism,t5_2qjii,,0,[],
[],,Mac_Rat,,2-redstar,"[{'e': 'text', 't': 'Libertarian Socialism'}]",9d799364-3ee4-11e5-bd09-0e5e20c89e15,Libertarian Socialism,dark,richtext,t2_11rdrm,False,False,[],"China is the one who decides the rules, and other countries will do anything to please them. They absolutely *can* afford to pay their workers fairly, but they are capitalist to the core.

You do realize that *you* are victim blaming Chinese working class for China's own horrible workers rights? You make me sick.

And if you didn't know, China is currently imperialist *themselves*, in Africa.",,,1603454915,{},g9r1evk,False,t3_jgez57,False,True,t1_g9r037j,/r/socialism/comments/jgez57/the_correct_take/g9r1evk/,1603454925,1,True,False,socialism,t5_2qjii,,0,[],
[],,vladimir_linen,,,[],,,,text,t2_7y4ak3u2,False,False,[],"&gt;Marx does note that use-value is more abstract than say, exchange-value or Value with a capital V, in the sense that use-value means simply that society finds something useful in it. 

You're misremembering what the concept 'use-value' means.

&gt;The utility of a thing makes it a use value.\[4\] **But this utility is not a thing of air. Being limited by the physical properties of the commodity, it has no existence apart from that commodity. A commodity, such as iron, corn, or a diamond, is therefore, so far as it is a material thing, a use value, something useful.** This property of a commodity is independent of the amount of labour required to appropriate its useful qualities. When treating of use value, we always assume to be dealing with definite quantities, such as dozens of watches, yards of linen, or tons of iron. The use values of commodities furnish the material for a special study, that of the commercial knowledge of commodities.\[5\] Use values become a reality only by use or consumption: they also constitute the substance of all wealth, whatever may be the social form of that wealth. **In the form of society we are about to consider, they are, in addition, the material depositories of exchange value.** 

Use-values are never abstract. I think Marx uses the term more ambiguously throughout the text, but in the beginning he defines it as corresponding specifically to the physical ""body"" of the commodity. In the first German edition of Capital, Marx wrote:

&gt;It is the utility of a thing for human life that turns it into a use-value. By way of abbreviation let us term the useful thing itself (or **commodity-body**, as iron, wheat, diamond, etc.) use-value, good, article.",,,1603454777,{},g9r189r,False,t3_jg52b8,False,True,t1_g9pkemi,/r/socialism/comments/jg52b8/need_help_with_understanding_marx/g9r189r/,1603454787,1,True,False,socialism,t5_2qjii,,0,[],
[],,MonsieurMeursault,,2-stalin,"[{'e': 'text', 't': ""Won't you take me to Taaankie Town!""}]",bb8d7eba-3ee4-11e5-909f-0ebe57f993df,Won't you take me to Taaankie Town!,dark,richtext,t2_ee36i,False,False,[],WTF is this chauvinist shit? What has China ever done to you?,,,1603454715,{},g9r15eq,False,t3_jgez57,False,True,t3_jgez57,/r/socialism/comments/jgez57/the_correct_take/g9r15eq/,1603454725,1,True,False,socialism,t5_2qjii,,0,[],
[],,[deleted],,,,,,dark,,,,,[],[removed],,,1603454122,{},g9r0e5c,False,t3_jgc4ue,False,True,t3_jgc4ue,/r/socialism/comments/jgc4ue/hakim_the_death_toll_of_capitalism/g9r0e5c/,1603454132,1,True,False,socialism,t5_2qjii,,0,[],
[],,raicopk,transparent,,"[{'e': 'text', 't': 'Salvador Seguí i Rubinat'}]",2c626e76-b85d-11e8-8340-0e8cb9b1f556,Salvador Seguí i Rubinat,dark,richtext,t2_151bl8,False,False,[],According to your own previous comment (which does not coincide with my interpretation) it absolutely is. Or do you think that the international division of labour doesn't exist? That imperialism is like a *X service* subscription that you can cancel at any time and be done with it? That a globally-inserted economy isn't codependent with external agents that completely condition its material realities?,,,1603453880,{},g9r037j,False,t3_jgez57,False,True,t1_g9qz97h,/r/socialism/comments/jgez57/the_correct_take/g9r037j/,1603453890,1,True,False,socialism,t5_2qjii,,0,[],
[],,clydefrog9,,,[],,,,text,t2_47nv4,False,False,[],"Hey if we can punish China and make the US the world leader again that’s just as as good as if the US actually took the slightest action to improve itself to become the world leader again, right? /s",,,1603453815,{},g9r008i,False,t3_jgez57,False,True,t3_jgez57,/r/socialism/comments/jgez57/the_correct_take/g9r008i/,1603453825,1,True,False,socialism,t5_2qjii,,0,[],
[],,jbetances134,,,[],,,,text,t2_3at0d6in,False,False,[],Have you been to Cuba? Not a resort but cuba.  People out there are struggling to survive,,,1603453798,{},g9qzzi4,False,t3_jfntnq,False,True,t1_g9m3uy1,/r/socialism/comments/jfntnq/fidel_castro_on_capitalism_1620x2160/g9qzzi4/,1603453809,1,True,False,socialism,t5_2qjii,,0,[],
[],,Mac_Rat,,2-redstar,"[{'e': 'text', 't': 'Libertarian Socialism'}]",9d799364-3ee4-11e5-bd09-0e5e20c89e15,Libertarian Socialism,dark,richtext,t2_11rdrm,False,False,[],"Yeah because 3.30 dollars a day is a totally reasonable wage.

Their surplus labor is still taken from them by the exploitative capitalist class, who make 100000 times more money from the products that the workers make for the absolutely most mininum wage possible.

And you call yourself a communist, lmfao.",,,1603453671,{},g9qztxq,False,t3_jgez57,False,False,t1_g9qvc6m,/r/socialism/comments/jgez57/the_correct_take/g9qztxq/,1603453683,1,True,False,socialism,t5_2qjii,,0,[],
[],,Mac_Rat,,2-redstar,"[{'e': 'text', 't': 'Libertarian Socialism'}]",9d799364-3ee4-11e5-bd09-0e5e20c89e15,Libertarian Socialism,dark,richtext,t2_11rdrm,False,False,[],The fuck are you saying?,,,1603453203,{},g9qz97h,False,t3_jgez57,False,True,t1_g9qxz0h,/r/socialism/comments/jgez57/the_correct_take/g9qz97h/,1603453213,1,True,False,socialism,t5_2qjii,,0,[],
[],,fillingtheblank,,,[],,,,text,t2_fwm3e,False,False,[],"What the fuck is ""natural law"" supposed to be?

That sounds dangerous as fuck of a concept in political discourse.",,,1603452957,{},g9qyyuj,False,t3_jgabe4,False,True,t3_jgabe4,/r/socialism/comments/jgabe4/conservatives_are_attempting_to_crowdfund_a_kids/g9qyyuj/,1603452968,1,True,False,socialism,t5_2qjii,,0,[],
[],,runicfuzball,,,[],,,,text,t2_2q2fb3u,False,False,[],. . . .Cmon man,,,1603452929,{},g9qyxly,False,t3_jfyta4,False,True,t1_g9qktoe,/r/socialism/comments/jfyta4/wales_becomes_first_uk_nation_to_renationalise/g9qyxly/,1603452940,1,True,False,socialism,t5_2qjii,,0,[],
[],,dornish1919,,,[],,,,text,t2_5s8jhhuq,False,False,[],I mean it’s been proven to work over intense factionalism. I’d prefer it personally.,,,1603452373,{},g9qyaal,False,t3_jgez57,False,True,t1_g9qxtyf,/r/socialism/comments/jgez57/the_correct_take/g9qyaal/,1603452384,1,True,False,socialism,t5_2qjii,,0,[],
[],,MonsieurMeursault,,2-stalin,"[{'e': 'text', 't': ""Won't you take me to Taaankie Town!""}]",bb8d7eba-3ee4-11e5-909f-0ebe57f993df,Won't you take me to Taaankie Town!,dark,richtext,t2_ee36i,False,False,[],WTF is this shit? What has China ever done to you?,,,1603452358,{},g9qy9mw,False,t3_jgez57,False,True,t3_jgez57,/r/socialism/comments/jgez57/the_correct_take/g9qy9mw/,1603452369,1,True,False,socialism,t5_2qjii,,0,[],
[],,raicopk,transparent,,"[{'e': 'text', 't': 'Salvador Seguí i Rubinat'}]",2c626e76-b85d-11e8-8340-0e8cb9b1f556,Salvador Seguí i Rubinat,dark,richtext,t2_151bl8,False,False,[],"""I'm just a lost liberal"" would had been a shorter answer.",,,1603452270,{},g9qy615,False,t3_jgez57,False,True,t1_g9qxywz,/r/socialism/comments/jgez57/the_correct_take/g9qy615/,1603452281,1,True,False,socialism,t5_2qjii,,0,[],moderator
[],,raicopk,transparent,,"[{'e': 'text', 't': 'Salvador Seguí i Rubinat'}]",2c626e76-b85d-11e8-8340-0e8cb9b1f556,Salvador Seguí i Rubinat,dark,richtext,t2_151bl8,False,False,[],"So, according to you, China is the worst enabler of capitalism because (also according to you) it is in the recieving end of the international division of labour? Do you realize that this logic that **you are presenting** is 100% victim blaming?",,,1603452098,{},g9qxz0h,False,t3_jgez57,False,True,t1_g9qulxc,/r/socialism/comments/jgez57/the_correct_take/g9qxz0h/,1603452109,1,True,False,socialism,t5_2qjii,,0,[],
[],,Blacula,,,[],,,,text,t2_4g067,False,False,[],"tiananmen square massacre 1989 

No.",,,1603452096,{},g9qxywz,False,t3_jgez57,False,True,t1_g9qxtb8,/r/socialism/comments/jgez57/the_correct_take/g9qxywz/,1603452106,1,True,False,socialism,t5_2qjii,,0,[],
[],,smartest_kobold,,,[],,,,text,t2_81w6i,False,False,[],"No, unless you consider democratic centralism essential for communism.",,,1603451971,{},g9qxtyf,False,t3_jgez57,False,True,t1_g9qwmqg,/r/socialism/comments/jgez57/the_correct_take/g9qxtyf/,1603451982,1,True,False,socialism,t5_2qjii,,0,[],
