all_awardings,associated_award,author,author_flair_background_color,author_flair_css_class,author_flair_richtext,author_flair_template_id,author_flair_text,author_flair_text_color,author_flair_type,author_fullname,author_patreon_flair,author_premium,awarders,body,collapsed_because_crowd_control,collapsed_reason_code,comment_type,created_utc,gildings,id,is_submitter,link_id,locked,no_follow,parent_id,permalink,retrieved_on,score,send_replies,stickied,subreddit,subreddit_id,top_awarded_type,total_awards_received,treatment_tags,archived,body_sha1,can_gild,collapsed,collapsed_reason,controversiality,distinguished,gilded,retrieved_utc,score_hidden,subreddit_name_prefixed,subreddit_type
[],,PerfectEnthusiasm2,,,[],,,,text,t2_53bo63ur,False,False,[],"Nah, just means that you were lucky enough to learn about injustice from books in your own time rather than have it foisted on you.

We need people who aren’t broken down by hard lives. Solidarity.",,,,1628422865,{},h85rf5h,False,t3_p0c3zr,False,True,t3_p0c3zr,/r/socialism/comments/p0c3zr/am_i_part_of_the_bourgeoisie/h85rf5h/,1628505378.0,39,True,False,socialism,t5_2qjii,,0,[],,,,,,,,,,,,
[],,PandaOfBunnies,,,[],,,,text,t2_142qin,False,False,[],"Yeah, things are going to get real bad real soon",,,,1628422743,{},h85r9is,False,t3_p02y7r,False,False,t1_h84nw72,/r/socialism/comments/p02y7r/if_the_us_really_cared_about_freedom_in_cuba_it/h85r9is/,1628505301.0,4,True,False,socialism,t5_2qjii,,0,[],,,,,,,,,,,,
[],,CreepinWizz,,lenin,"[{'e': 'text', 't': 'Lenin'}]",89f33b24-3ee4-11e5-83e9-0e49b4de90e1,Lenin,dark,richtext,t2_4y30lzdr,False,False,[],We obviously don‘t lol. My dad‘s a regular office clerk.,,,,1628422521,{},h85qzex,True,t3_p0c3zr,False,True,t1_h85oh0s,/r/socialism/comments/p0c3zr/am_i_part_of_the_bourgeoisie/h85qzex/,1628505166.0,27,True,False,socialism,t5_2qjii,,0,[],,,,,,,,,,,,
[],,SSPMemeGuy,,,[],,,,text,t2_dkzeexb9,False,False,[],"Absolutely. There's nothing wrong with playing the game in the society within which you live. As another comrade here has already said, Engels was a member of the bourgeoisie himself.",,,,1628422296,{},h85qp2a,False,t3_p0c3zr,False,True,t1_h85n52i,/r/socialism/comments/p0c3zr/am_i_part_of_the_bourgeoisie/h85qp2a/,1628505025.0,68,True,False,socialism,t5_2qjii,,0,[],,,,,,,,,,,,
[],,carnivalnine,,karlmarx,"[{'e': 'text', 't': 'Marx'}]",7dc638ce-3ee4-11e5-b8cb-0ef63926eacd,Marx,dark,richtext,t2_9exyam8t,False,False,[],this was hard to read,,LOW_SCORE,,1628421257,{},h85pejm,False,t3_p0c3zr,False,True,t3_p0c3zr,/r/socialism/comments/p0c3zr/am_i_part_of_the_bourgeoisie/h85pejm/,1628504362.0,-6,True,False,socialism,t5_2qjii,,0,[],,,,,,,,,,,,
[],,SocialistStoryTeller,,,[],,,,text,t2_19i3qf3i,False,False,[],"It's not reasonable to expect you to manually distribute all of your own wealth, without a system in place where you might be compensated.

Ultimately you and your family simply won the cosmic lottery. No one should get pissy about that unless you use your position to oppress others.",,,,1628420462,{},h85oh0s,False,t3_p0c3zr,False,True,t3_p0c3zr,/r/socialism/comments/p0c3zr/am_i_part_of_the_bourgeoisie/h85oh0s/,1628503890.0,86,True,False,socialism,t5_2qjii,,0,[],,,,,,,,,,,,
[],,RavenSageecon,,,[],,,,text,t2_764lsow5,False,False,[],Market Socialism is a form of revisionist socialism only ever applied in Yugoslavia. It is Capitalism as a problem but doesn’t necessarily believe the free market must be abolished. It believes worker cooperatives should directly control the means of production instead of a government. It is a form of decentralised socialism where the market is preserved and different worker cooperatives compete in a free market. Based on how much government intervention there is it can be anarchist all the way up to to mildly authoritarian for example under Tito. Although many would argue anarchist market socialism or left market anarchism would simply devolve into Capitalism without regulations from the government. Titoism when it was applied in Yugoslavia remains to be one of the most successful communist countries even after losing support from the Warsaw Pact.,,,,1628420109,{},h85o28d,False,t3_p04mfl,False,False,t3_p04mfl,/r/socialism/comments/p04mfl/can_anyone_explain_to_me_more_about_what_market/h85o28d/,1628503682.0,7,True,False,socialism,t5_2qjii,,0,[],,,,,,,,,,,,
[],,Pink_Floyd_Addict42,,,[],,,,text,t2_3zi3hi9m,False,False,[],"Same here. In a capitalist society, I don’t think it’s fair to say that you are not a true socialist simply because you own nice things.",,,,1628419318,{},h85n52i,False,t3_p0c3zr,False,True,t3_p0c3zr,/r/socialism/comments/p0c3zr/am_i_part_of_the_bourgeoisie/h85n52i/,1628503230.0,100,True,False,socialism,t5_2qjii,,0,[],,,,,,,,,,,,
[],,CreepinWizz,,lenin,"[{'e': 'text', 't': 'Lenin'}]",89f33b24-3ee4-11e5-83e9-0e49b4de90e1,Lenin,dark,richtext,t2_4y30lzdr,False,False,[],"Alright, thanks.",,,,1628417813,{},h85lg8a,True,t3_p0c3zr,False,True,t1_h85lc64,/r/socialism/comments/p0c3zr/am_i_part_of_the_bourgeoisie/h85lg8a/,1628502419.0,43,True,False,socialism,t5_2qjii,,0,[],,,,,,,,,,,,
[],,gregy521,,imt,"[{'e': 'text', 't': 'IMT'}]",73d41c0a-3ee4-11e5-b611-0e3f27028b2f,IMT,dark,richtext,t2_ju9jd,False,True,[],"No. Bourgeoisie means you need to own means of production, either as an owner or via investments, and have that constitute the majority of your income.

You're still working class, and people who criticise you for it would do well to remember that Engels was a factory owner. Just try and work towards socialism wherever you can.",,,,1628417708,{},h85lc64,False,t3_p0c3zr,False,True,t3_p0c3zr,/r/socialism/comments/p0c3zr/am_i_part_of_the_bourgeoisie/h85lc64/,1628502366.0,195,True,False,socialism,t5_2qjii,,0,[],,,,,,,,,,,,
[],,gregy521,,imt,"[{'e': 'text', 't': 'IMT'}]",73d41c0a-3ee4-11e5-b611-0e3f27028b2f,IMT,dark,richtext,t2_ju9jd,False,True,[],"If you don't have the labour theory of value, [then you're left with subjective pricing, or utility theory](https://www.marxist.com/in-defence-of-ltv.htm). I.E, 'people dive for pearls because they fetch a high price, those pearls don't fetch a high price because people dive for them'.

In this case, the conclusion is that profit comes from exchange. Buying cheap and selling dear. Coming from the different 'utility' that a consumer has for the product. In this instance, there's no surplus value extraction, and even no exploitation because that consumer is willing to pay for that extra utility.

What these utility theorists fail to adequately explain is why a loaf of bread in the shops is the same price for the starving man as it is for the millionaire. They also fail to understand that the working class can never buy back all of its labour (leading to crises of overproduction).",,,,1628417223,{},h85kt63,False,t3_p0bq66,False,False,t3_p0bq66,/r/socialism/comments/p0bq66/question_about_surplus_value_extraction/h85kt63/,1628502113.0,6,True,False,socialism,t5_2qjii,,0,[],,,,,,,,,,,,
[],,The_Professor64,,,[],,,,text,t2_63tq218s,False,False,[],"Yeah, we know. All forms of Communism is Socialist, not all forms of Socialism is Communist. Pretty simple.",,,,1628417113,{},h85kox5,False,t3_p070a3,False,True,t3_p070a3,/r/socialism/comments/p070a3/socialism_isnt_the_same_as_communism/h85kox5/,1628502058.0,1,True,False,socialism,t5_2qjii,,0,[],,,,,,,,,,,,
[],,disorono,,2-rosa,"[{'e': 'text', 't': 'Luxemburg'}]",a4b2c7cc-3ee4-11e5-801d-0ebee8e6e23b,Luxemburg,dark,richtext,t2_56vuqps2,False,False,,"Both the USA and the Nordic countries have capitalist economies. The difference between the USA and, for example Denmark, is the welfare state. The Nordic countries have government funded healthcare and other social programs that are publicly funded.


The welfare state is great, but unfortunately it is impossible to maintain a capitalist economy and a strong welfare state without exploitation. Through unequal exchange and centuries of imperialism (and even modern day economic imperialism), the west systematically robs third world countries by using its cheap labour, cheap commodities, natural resources etc. to fund it self. Here is an amazing video ([How Rich Countries Rob The Poor; The Failures Of Social Democracy](https://youtu.be/4lDZaKjfs4E)) explaining that in detail.

In a socialist economy, the resources can be distributed in such an equitable way, where the welfare state can be maintained without unequal exchange and imperialism, since there would be no class of rich people hoarding that wealth for their own benefit. People can then work for themselves and for society.",,,,1628416951,{},h85kij9,False,t3_p0bdet,False,True,t3_p0bdet,/r/socialism/comments/p0bdet/question_about_socialism_and_the_nordic_countries/h85kij9/,,1,True,False,socialism,t5_2qjii,,0,[],False,348bdf1084adb67b542fa2cacf6d6505f443b712,True,False,,0.0,,0.0,1628416966.0,True,r/socialism,public
[],,[deleted],,,,,,dark,,,,,[],[deleted],,DELETED,,1628416655,{},h85k6x4,False,t3_p0bdet,False,True,t3_p0bdet,/r/socialism/comments/p0bdet/question_about_socialism_and_the_nordic_countries/h85k6x4/,1628501819.0,2,True,False,socialism,t5_2qjii,,0,[],,,,,,,,,,,,
[],,TzaroStalin,,,[],,,,text,t2_do1ivtck,False,False,[],"Protest in NYC in support of Cuba:
https://peoplesworld.org/article/young-communists-in-nyc-organize-protest-in-support-of-cuba/",,,,1628416275,{},h85jscz,False,t3_oyh1dn,False,False,t3_oyh1dn,/r/socialism/comments/oyh1dn/biweekly_discussion_and_solidarity_thread_for_the/h85jscz/,1628501628.0,1,True,False,socialism,t5_2qjii,,0,[],,,,,,,,,,,,
[],,Absolutely_Average1,,,[],,,,text,t2_4gq2uy99,False,False,[],"Democratic socialist, not socialist but have some government run socialist programs",,,,1628414638,{},h85i0lq,False,t3_p0bdet,False,True,t3_p0bdet,/r/socialism/comments/p0bdet/question_about_socialism_and_the_nordic_countries/h85i0lq/,1628500757.0,5,True,False,socialism,t5_2qjii,,0,[],,,,,,,,,,,,
[],,kalisoli,,,[],,,,text,t2_3jgvt2va,False,False,[],"Worker co-ops in a capitalist society hardly changes anything. A planned economy makes it possible for humanity to produce what it needs, not what brings profits.",,,,1628414634,{},h85i0fq,False,t3_ozuv09,False,True,t3_ozuv09,/r/socialism/comments/ozuv09/how_would_worker_cooperatives_really_be_superior/h85i0fq/,1628500755.0,2,True,False,socialism,t5_2qjii,,0,[],,,,,,,,,,,,
[],,chaosreaper187,,castro,"[{'e': 'text', 't': 'Castro'}]",34b6363e-3ee4-11e5-b760-0e60d8112001,Castro,dark,richtext,t2_7kw3cs0,False,False,[],this is not a debate or 101 subreddit. go to r/socialism101 or r/debatesocialism,,,,1628411834,{},h85eyeb,False,t3_p070a3,False,True,t3_p070a3,/r/socialism/comments/p070a3/socialism_isnt_the_same_as_communism/h85eyeb/,1628499269.0,1,True,False,socialism,t5_2qjii,,0,[],,,,,,,,,,,,
[],,Elder2002-18,,,[],,,,text,t2_8a74rhc4,False,True,[],"Only Said IT, because you are Maoist, thought you would be Interessed, that Mao supported Kim Il Sung.",,,,1628411657,{},h85erbz,False,t3_ozkwo6,False,True,t1_h850vua,/r/socialism/comments/ozkwo6/wanting_to_learn_more_any_beginner_resources/h85erbz/,1628499177.0,0,True,False,socialism,t5_2qjii,,0,[],,,,,,,,,,,,
[],,EquinoxOV,,,[],,,,text,t2_5iszam0e,False,False,[],It is only transitional In Leninist thought though. Plenty of socialists would disagree with the idea that they want socialism to turn to communism.,,,,1628410099,{},h85d0sr,False,t3_p070a3,False,True,t1_h84s76q,/r/socialism/comments/p070a3/socialism_isnt_the_same_as_communism/h85d0sr/,1628498355.0,0,True,False,socialism,t5_2qjii,,0,[],,,,,,,,,,,,
[],,EquinoxOV,,,[],,,,text,t2_5iszam0e,False,False,[],You do know that non of these countries are socialist right?,,,,1628409985,{},h85cw4i,False,t3_p070a3,False,True,t1_h84sujr,/r/socialism/comments/p070a3/socialism_isnt_the_same_as_communism/h85cw4i/,1628498295.0,2,True,False,socialism,t5_2qjii,,0,[],,,,,,,,,,,,
[],,EquinoxOV,,,[],,,,text,t2_5iszam0e,False,False,[],"I cannot understand you however. China is governed by the CCP, China is not communist and never has been actually communist. State capitalism is a thing but it’s not communism these are very different ideas.",,,,1628409938,{},h85cu5p,False,t3_p070a3,False,True,t1_h84r19p,/r/socialism/comments/p070a3/socialism_isnt_the_same_as_communism/h85cu5p/,1628498269.0,4,True,False,socialism,t5_2qjii,,0,[],,,,,,,,,,,,
[],,EquinoxOV,,,[],,,,text,t2_5iszam0e,False,False,[],"There is only one socialist country and that’s Cuba, China also is capitalist not communist though their capitalism is super state controlled. Socialism is sort of possible with capitalism for example a coop buisness but overall not very compatible ideas. Also don’t tell people your age lol.",,,,1628409718,{},h85cl1n,False,t3_p070a3,False,True,t1_h84pn2w,/r/socialism/comments/p070a3/socialism_isnt_the_same_as_communism/h85cl1n/,1628498150.0,1,True,False,socialism,t5_2qjii,,0,[],,,,,,,,,,,,
[],,[deleted],,,,,,dark,,,,,[],[removed],,DELETED,,1628408082,{},h85ao4b,False,t3_ozjlu1,False,True,t1_h836z2g,/r/socialism/comments/ozjlu1/nelson_mandela_talking_talking_about_what_the_us/h85ao4b/,1628497224.0,1,False,False,socialism,t5_2qjii,,0,[],,,,,,,,,,,,
[],,kalisoli,,,[],,,,text,t2_3jgvt2va,False,False,[],"Authoritarianism is a meaningless word, every state by definition is authoritarian. The difference is which class is the oppressing-class, the working-class or the capitalist-class.",,,,1628407835,{},h85adqe,False,t3_p00dfz,False,True,t3_p00dfz,/r/socialism/comments/p00dfz/antiauthoritarianism_is_counter_revolutionary/h85adqe/,1628497082.0,-1,True,False,socialism,t5_2qjii,,0,[],,,,,,,,,,,,
[],,[deleted],,,,,,dark,,,,,[],[removed],,DELETED,,1628407753,{},h85aaad,False,t3_ozjlu1,False,True,t1_h80qhs3,/r/socialism/comments/ozjlu1/nelson_mandela_talking_talking_about_what_the_us/h85aaad/,1628497034.0,1,False,False,socialism,t5_2qjii,,0,[],,,,,,,,,,,,
[],,[deleted],,,,,,dark,,,,,,[removed],,DELETED,,1628407625,{},h85a52r,False,t3_ozjlu1,False,True,t1_h80tqnv,/r/socialism/comments/ozjlu1/nelson_mandela_talking_talking_about_what_the_us/h85a52r/,,1,False,False,socialism,t5_2qjii,,0,[],False,fe993932d6dced4c0a879e9aa5d7a6e0fbb467f5,True,True,,0.0,,0.0,1628407643.0,True,r/socialism,public
[],,bisse_von_fluga,,,[],,,,text,t2_2otakjoy,False,False,[],The red scare never truly ended. It still have a huge effect on how people view socialism/communism. So in much of the western society reading the communist manifesto is frowned upon. But I think America would be the only place where one could get expelled by such a thing,,,,1628407606,{},h85a490,False,t3_oz6ldy,False,True,t1_h7xq86c,/r/socialism/comments/oz6ldy/a_classmate_got_expelled_for_reading_the/h85a490/,1628496948.0,1,True,False,socialism,t5_2qjii,,0,[],,,,,,,,,,,,
[],,kalisoli,,,[],,,,text,t2_3jgvt2va,False,False,[],"Op i think you are confused, i'll try to give you a small summary:

Communism: a stateless, classless (no working-class/ruling-class) and possibly without currency. This is the end-stage of socialism, and no country has achieved it yet.

Socialism: a workers'-state where the means of production (factories, agriculture, etc.) are owned by the working-class, instead of the capitalist-class like now. The state is also owned and run by the working-class, instead of the capitalist-class like now. Examples of this are for example Cuba, Soviet Union, Yugoslavia and Vietnam. Socialism is the transition system to communism.

Social democracy: a capitalist-state with social programs. The means of production and state are owned by the capitalists. Examples of this are the Nordics.",,,,1628407587,{},h85a3hs,False,t3_p070a3,False,True,t3_p070a3,/r/socialism/comments/p070a3/socialism_isnt_the_same_as_communism/h85a3hs/,1628496938.0,3,True,False,socialism,t5_2qjii,,0,[],,,,,,,,,,,,
[],,[deleted],,,,,,dark,,,,,[],[removed],,DELETED,,1628407431,{},h859x0l,False,t3_ozjlu1,False,True,t1_h80gim8,/r/socialism/comments/ozjlu1/nelson_mandela_talking_talking_about_what_the_us/h859x0l/,1628496847.0,1,False,False,socialism,t5_2qjii,,0,[],,,,,,,,,,,,
[],,bisse_von_fluga,,,[],,,,text,t2_2otakjoy,False,False,[],I guess the american capitalism has it’s claws deep into the government. The American political system is so much rigged in capitalism’s favor that a full scale revolution is looking more and more viable,,,,1628407431,{},h859wzx,False,t3_oz6ldy,False,True,t3_oz6ldy,/r/socialism/comments/oz6ldy/a_classmate_got_expelled_for_reading_the/h859wzx/,1628496847.0,1,True,False,socialism,t5_2qjii,,0,[],,,,,,,,,,,,
[],,kalisoli,,,[],,,,text,t2_3jgvt2va,False,False,[],"Socialism is the transition system to communism, of course they're not the same.",,,,1628406860,{},h8598zu,False,t3_p070a3,False,True,t3_p070a3,/r/socialism/comments/p070a3/socialism_isnt_the_same_as_communism/h8598zu/,1628496520.0,1,True,False,socialism,t5_2qjii,,0,[],,,,,,,,,,,,
[],,historyboi69,,demsoc,"[{'e': 'text', 't': 'Democratic Socialism'}]",99426c94-3ee4-11e5-ad95-0e5e20c89e15,Democratic Socialism,dark,richtext,t2_5ifg0tyj,False,False,[],"Because he is the only power figure in Syria that can keep the country together, the civil war is nearing its end and Syria needs a strong, confident and decisive leader, it doesn't matter if he is socialist, capitalist or a fucking darwinist.",,,,1628405705,{},h857v95,False,t3_ozyu52,False,True,t1_h83kzn2,/r/socialism/comments/ozyu52/how_would_a_socialist_view_the_baath_party_what/h857v95/,1628495862.0,3,True,False,socialism,t5_2qjii,,0,[],,,,,,,,,,,,
[],,TheWalkingBag,,,[],,,,text,t2_9fwqptx8,False,False,[],But muh sanctions,,LOW_SCORE,,1628405630,{},h857ryk,False,t3_p02y7r,False,True,t3_p02y7r,/r/socialism/comments/p02y7r/if_the_us_really_cared_about_freedom_in_cuba_it/h857ryk/,1628495819.0,-12,True,False,socialism,t5_2qjii,,0,[],,,,,,,,,,,,
[],,M3fit,,,[],,,,text,t2_89qywet3,False,False,[],"It’s not but there is a campaign to make them the same to belittle and smear the left .

Now I am not going to agree with this page on everything , but I feel like communism got a bad rap because of corrupted by power leaders .",,,,1628402650,{},h85403u,False,t3_p070a3,False,True,t3_p070a3,/r/socialism/comments/p070a3/socialism_isnt_the_same_as_communism/h85403u/,1628494010.0,1,True,False,socialism,t5_2qjii,,0,[],,,,,,,,,,,,
[],,[deleted],,,,,,dark,,,,,[],[removed],,DELETED,,1628402438,{},h853q1f,False,t3_ozpv7u,False,True,t1_h84pnu6,/r/socialism/comments/ozpv7u/what_do_you_think_about_the_modern_monetary_theory/h853q1f/,1628493874.0,1,True,False,socialism,t5_2qjii,,0,[],,,,,,,,,,,,
[],,AstroA1ex,,,[],,,,text,t2_3opbzqq9,False,False,[],This ain't it,,,,1628402380,{},h853n9y,False,t3_p00dfz,False,True,t3_p00dfz,/r/socialism/comments/p00dfz/antiauthoritarianism_is_counter_revolutionary/h853n9y/,1628493836.0,7,True,False,socialism,t5_2qjii,,0,[],,,,,,,,,,,,
[],,[deleted],,,,,,dark,,,,,[],[removed],,DELETED,,1628401790,{},h852vew,False,t3_p0172p,False,True,t3_p0172p,/r/socialism/comments/p0172p/evo_morales_on_why_russia_and_china_arent_empires/h852vew/,1628493448.0,2,True,False,socialism,t5_2qjii,,0,[],,,,,,,,,,,,
[],,[deleted],,,,,,dark,,,,,[],[removed],,DELETED,,1628401564,{},h852k89,False,t3_ozpv7u,False,True,t1_h84pcgx,/r/socialism/comments/ozpv7u/what_do_you_think_about_the_modern_monetary_theory/h852k89/,1628493290.0,1,True,False,socialism,t5_2qjii,,0,[],,,,,,,,,,,,
[],,GoldenRaysWanderer,,,[],,,,text,t2_890lgfte,False,False,,"Rebuttal: 

* The article opens with the argument that ""The current rulers are bad, so let *us* take control and we will be better because we represent you"". This is the same logic used in modern electoral politics. 
* The article once again conflates force with authority, so let us get this out of the way; force can be exerted by anyone, but authority is based on established positions. If a position of command is not present, then there is no hierarchy. In much the same way a slave who kills his master to acquire freedom does not become a new slave master, since he holds no established position of power.
* The article counters the claim of acts of brutality committed by ""socialist"" states with examples of acts of brutality carried out by capitalist states. This is a Tu quoque fallacy because acts of brutality are just as bad no matter who carries them out. 
   * I put ""socialist"" in quotes because none of the states claiming to be socialist have any semblance of worker ownership of the means of production. If you're going to claim that they are socialist, back it up with proof, and be sure that the ""proof"" you provide doesn;t boil down to ""because they say so"", because that is just arguing from authority, which has no legitimacy if there is nothing objective to back it up. 
* The article proceeds to attack people by claiming they have a distorted worldview based on where they live. This is nothing more than an *as homenim* that does not address the actual arguments being presented. Actually address the arguments being presented, otherwise you have no grounding. 
* The article proceeds to argue that the masses cannot come to escape their capitalist indoctrination on their own. In response, I ask, what makes anyone else qualified to tell others how to think? Provide justification for such a position that is not argued from a position of authority, because, as was brought up earlier in this response, authority has no objective basis. 
* The article proceeds to ask for examples of the state being immediately abolished following a revolution, and then proceeds to cite \*ONE\* example of the state supposedly being overthrown, without providing any details of how it fell. If the author wants to make a point, maybe argue *why* past stateless projects failed rather than simply attack them for failing. Going by the Author's logic, I could just as easily attack the Eastern Bloc for ultimately succumbing to capitalism and failing to fight off western aggression, rather than arguing that the USSR failed because it created a capitalist-like system of dependencies between Russia and the outlying republics, and created a new elite class which split the bureaucracy and caused massive political divisions, leading to its collapse. 
   * There are undoubtedly going to be responses citing the failures of Revolutionary Catalonia, despite the fact that the CNT/FAI collaborated with the Spanish state in their fight against Franco, at the expense of the Spanish revolutionaries. Furthermore, the Spanish revolution also had the Spanish Communist Party, at the time loyal to Stalin and the USSR, work against the revolution. 
   * There are also undoubtedly going to be responses citing the failure of the Free Territory of Ukraine, and to that, I respond with the fact that it was the Black Army that fought off the White Army, not the Red Army. The reason that the Free Territory failed was because the Black Army entered an alliance with the Red army, allowing the Red Army to gain a foothold necessary to overthrow the free territory once the white army had been repelled. If there are any responses who condemn the betrayal, provide objective proof that such an event won't be repeated in the future. If there are responses arguing that the betrayal was justified, then you admit that stateless projects can defend themselves, as the free territory did, but you don't accept their existence.
* The article proceeds to argue that until the dominant global power is abolished (it gives the United States as an example), that a guiding authority is necessary to protect against foreign threats. Firstly, that is just repeating the claim that individuals need a guiding authority to behave, or, to decode the language, that people will not come into the preferred ideals of the prospective leader if the leader does not force them upon the masses. As was cited in the example of the free territory, the masses do not need a guiding authority to fight off foreign aggression. 
* The article engages in yet another attack against would-be revolutionaries (AKA, Americanns) that they have been fed misinformation and indoctrination. Rather than counter their percieved notions, however, the article has at best, argued that the actions that people have been told are wrong, are in fact justified. This is the same argument that right-wing authoritarians use when justifying their attrocities. 
* The article closes by asking questions to those who wish to abolish the state immediately following the revolution. I will list my answers, along with counter-questions; 
   * Answer 1: A state is not inherently better than a stateless society at protecting from counter-revolutionaries. 
      * Counter 1: I ask the author: what makes you think that the state is better at defending against counter-revolutionaries than the masses themselves? How can you be sure that counter-revolutionaries won't rise up through the ranks of the state, and subvert the project from within? Alternatively, how can you be sure that the new authorities in power won't simply subvert the revolution for themselves once they are in power?
   * Answer 2: Local communities will best know how to address their concerns and desires.
      * Counter 2: I ask the author, How will a centralized authority that is separate from the masses it rules be able to service the needs and wants of its subjects, despite being separate from them?
   * Answer 3: Without a state, there will be no means by which nationalists can oppress people. Any nationalist that tries to oppress others will be isolated from the community. 
      * Counter 3: I repeat what I said in Counter 1.
   * Answer 4: I repeat what I said in Answer 2. 
      * Counter 4: I repeat what I said in Counter 2. 
   * Answers 5 &amp;6: I repeat what I said in Answer 3. 
      * Counter 5: I repeat Counter 1.
   * Answers 7 &amp; 8: I repeat what I said in Answer 2. Also, local communities can coordinate with each other to determine the necessary distribution of resources, which again, a state is not necessary for. 
      * Counter 6: I repeat Counter 2. 
   * Answer 9: I repeat Answer 3. 
      * Counter 7: I repeat Counter 1.",,,,1628401071,{},h851wjp,False,t3_p00dfz,False,True,t3_p00dfz,/r/socialism/comments/p00dfz/antiauthoritarianism_is_counter_revolutionary/h851wjp/,,1,True,False,socialism,t5_2qjii,,0,[],False,7e4934a99855ca0c118d732a026001b5d8294ef6,True,False,,0.0,,0.0,1628401084.0,True,r/socialism,public
[],,[deleted],,,,,,dark,,,,,[],[removed],,DELETED,,1628400797,{},h851jal,False,t3_p02y7r,False,True,t3_p02y7r,/r/socialism/comments/p02y7r/if_the_us_really_cared_about_freedom_in_cuba_it/h851jal/,1628492789.0,1,True,False,socialism,t5_2qjii,,0,[],,,,,,,,,,,,
[],,The-Real_Kim-Jong-Un,,,[],,,,text,t2_6qjy10zm,False,False,[],"Maybe if you’d read Lenin you’d know. All Marxist-Leninists still strive for the eventual abolition of the state. But the state is a dictatorship of one class over another, and cannot be abolished while class struggle still exists. Please read Lenin.",,,,1628400369,{},h850y7j,False,t3_p00dfz,False,True,t1_h850sjk,/r/socialism/comments/p00dfz/antiauthoritarianism_is_counter_revolutionary/h850y7j/,1628492509.0,-1,True,False,socialism,t5_2qjii,,0,[],,,,,,,,,,,,
[],,VinceMcMao,,mao,"[{'e': 'text', 't': 'M-LM | World Peoples War!'}]",9261b60a-3ee4-11e5-b3c8-0e8d84207ba5,M-LM | World Peoples War!,dark,richtext,t2_gz0ki,False,False,[],What does that have anything to do with politics? I didn't ask nor care whose friends with who.,,,,1628400321,{},h850vua,False,t3_ozkwo6,False,True,t1_h83hk19,/r/socialism/comments/ozkwo6/wanting_to_learn_more_any_beginner_resources/h850vua/,1628492477.0,1,True,False,socialism,t5_2qjii,,0,[],,,,,,,,,,,,
[],,Dark_Nuts,,,[],,,,text,t2_xliqd,False,False,[],Nah I ripped the DVD and used a program called TopazLabs Video Enhance AI,,,,1628400274,{},h850tho,True,t3_ozrbkq,False,True,t1_h850g8o,/r/socialism/comments/ozrbkq/i_upscaled_the_soviet_миллионер_the_millionaire/h850tho/,1628492444.0,3,True,False,socialism,t5_2qjii,,0,[],,,,,,,,,,,,
[],,Acidkat420,,,[],,,,text,t2_rxxzo,False,False,[],Two rules in this world: you never ask a woman how old she is and you never ask a Leninist when they’re going to abolish the state. ;),,,,1628400254,{},h850sjk,False,t3_p00dfz,False,True,t1_h83lm6i,/r/socialism/comments/p00dfz/antiauthoritarianism_is_counter_revolutionary/h850sjk/,1628492431.0,4,True,False,socialism,t5_2qjii,,0,[],,,,,,,,,,,,
[],,Ccaves0127,,,[],,,,text,t2_nj3r1,False,False,[],How'd you do that? You had a film strip?,,,,1628400005,{},h850g8o,False,t3_ozrbkq,False,True,t3_ozrbkq,/r/socialism/comments/ozrbkq/i_upscaled_the_soviet_миллионер_the_millionaire/h850g8o/,1628492267.0,2,True,False,socialism,t5_2qjii,,0,[],,,,,,,,,,,,
[],,Bruhtonium_2,,,[],,,,text,t2_dpnxd37k,False,False,[],Yikes. Communism has neither a state nor money.,,,,1628399832,{},h8507d6,False,t3_p070a3,False,True,t1_h84peor,/r/socialism/comments/p070a3/socialism_isnt_the_same_as_communism/h8507d6/,1628492147.0,5,True,False,socialism,t5_2qjii,,0,[],,,,,,,,,,,,
[],,Bruhtonium_2,,,[],,,,text,t2_dpnxd37k,False,False,[],"Socialism, as defined by Lenin, is a classless society. Communism is a classless, stateless society, and it is the end goal of socialism.

Socialism is a different system than capitalism and the two cannot coexist as one entire system, however, socialist aspects can sometimes exist inside capitalism. 

For example, Venezuela, which is a social democracy, not a socialist state, has over 2,000 independent communes, which in themselves are socialist.

China has a completely capitalist mode of production, but production goals are set by the communist party, whose members also sit on the boards of corporations to make decisions to advance socialist causes and meet the needs of the workers.

I can only make one country that is for certain currently socialist, and that’s Cuba. We don’t know enough about the DPRK to say whether it is, but it definitely has a purely socialist constitution.

China, Vietnam and Laos are the next closest, but Vietnam and Laos followed the path of China which decided to open itself up to capitalist investment in order to gain greater control of world manufacturing and use foreign capital for social programs, with the goal of eventual socialism.

The only society that has ever been *communist* was the KPAM which was destroyed by the Japanese military after three years.",,,,1628399559,{},h84ztgo,False,t3_p070a3,False,True,t1_h84pn2w,/r/socialism/comments/p070a3/socialism_isnt_the_same_as_communism/h84ztgo/,1628491963.0,3,True,False,socialism,t5_2qjii,,0,[],,,,,,,,,,,,
[],,WikiMobileLinkBot,,,[],,,,text,t2_ctj9ecbj,False,False,[],"Desktop version of /u/CornCobbKilla's links:

 * &lt;https://en.wikipedia.org/wiki/Barracks_communism&gt;

 * &lt;https://en.wikipedia.org/wiki/Sergey_Nechayev&gt;

 --- 

 ^([)[^(opt out)](https://reddit.com/message/compose?to=WikiMobileLinkBot&amp;message=OptOut&amp;subject=OptOut)^(]) ^(Beep Boop.  Downvote to delete)",,,,1628399467,{},h84zosm,False,t3_p00dfz,False,True,t1_h84znqx,/r/socialism/comments/p00dfz/antiauthoritarianism_is_counter_revolutionary/h84zosm/,1628491901.0,3,True,False,socialism,t5_2qjii,,0,[],,,,,,,,,,,,
[],,CornCobbKilla,,,[],,,,text,t2_13bnaq,False,False,[],"MLs: The Soviet Union was more democratic than the US!
Also MLs: Authoritarianism is cool guys
Also also MLs: Ignore that [Marx criticized Nechayevs ideology](https://en.m.wikipedia.org/wiki/Barracks_communism) but Lenin ignored that and said Nechayev was a  [""Titan of the revolution"" and that all of the communist revolutionaries must ""read Nechayev"".](https://en.m.wikipedia.org/wiki/Sergey_Nechayev)",,,,1628399447,{},h84znqx,False,t3_p00dfz,False,True,t3_p00dfz,/r/socialism/comments/p00dfz/antiauthoritarianism_is_counter_revolutionary/h84znqx/,1628491888.0,9,True,False,socialism,t5_2qjii,,0,[],,,,,,,,,,,,
[],,DoxYourself,,,[],,,,text,t2_36h1lvfx,False,False,[],"Omg I’m so shocked. This is really sad. He seemed like the kind of artist that would have been making great things into his old age. When I was younger I remember watch Whitest Kids on IFC. It was one of the funniest sketch shows ever. 

Trevor also had great politics.

I hope this is an elaborate prank.",,,,1628398104,{},h84xnr6,False,t3_p0885s,False,False,t3_p0885s,/r/socialism/comments/p0885s/rip_trevor_moore_cofounder_of_the_whitest_kids_u/h84xnr6/,1628490912.0,35,True,False,socialism,t5_2qjii,,0,[],,,,,,,,,,,,
[],,Boomhower113,,,[],,,,text,t2_2qnexlv4,False,False,[],"Imagine a student reading about capitalism in a communist society. That’d be fine, right?",,,,1628398100,{},h84xni3,False,t3_oz6ldy,False,False,t3_oz6ldy,/r/socialism/comments/oz6ldy/a_classmate_got_expelled_for_reading_the/h84xni3/,1628490908.0,1,True,False,socialism,t5_2qjii,,0,[],,,,,,,,,,,,
[],,angelv11,,,[],,,,text,t2_27pcniy6,False,False,[],"Yeah. They're still expanding their military budget every year by a matter of dozens of billions. I wonder why the US is doing that... A real mystery. Almost as if they don't spend that money on ""defense""",,,,1628397888,{},h84xbm3,False,t3_p0172p,False,False,t1_h83yi69,/r/socialism/comments/p0172p/evo_morales_on_why_russia_and_china_arent_empires/h84xbm3/,1628490751.0,1,True,False,socialism,t5_2qjii,,0,[],,,,,,,,,,,,
[],,dmart444,,,"[{'e': 'text', 't': 'anarcho-syndicalist'}]",,anarcho-syndicalist,dark,richtext,t2_a7ybj,False,False,[],The post that made me leave the sub,,,,1628397845,{},h84x9a9,False,t3_p070a3,False,True,t3_p070a3,/r/socialism/comments/p070a3/socialism_isnt_the_same_as_communism/h84x9a9/,1628490718.0,7,True,False,socialism,t5_2qjii,,0,[],,,,,,,,,,,,
[],,MimicKul,,,[],,,,text,t2_3oswcukb,False,False,[],"Oh so this is where you come to cry, I was still waiting for your answer to TVT I wanted to laugh with your answer.",,,,1628397478,{},h84wpe5,False,t3_oyg7gl,False,False,t1_h7xwk2p,/r/socialism/comments/oyg7gl/friedrich_engels_close_friend_of_karl_marx_and/h84wpe5/,1628490444.0,1,True,False,socialism,t5_2qjii,,0,[],,,,,,,,,,,,
[],,sudomarch,,,[],,,,text,t2_9blbsw9o,False,False,[],"Communism is a possible outcome of Socialism. By itself, it is not a realized system. Socialism has many potential outcomes, but Marxists generally see Communism as the eventual goal after stages of transition away from capitalism. 

Capitalists just accuse anyone non-capitalist of being Communists, using it as a buzzword and ignoring its actual meaning.",,,,1628395276,{},h84t77k,False,t3_p070a3,False,True,t3_p070a3,/r/socialism/comments/p070a3/socialism_isnt_the_same_as_communism/h84t77k/,1628488688.0,2,True,False,socialism,t5_2qjii,,0,[],,,,,,,,,,,,
[],,sudomarch,,,[],,,,text,t2_9blbsw9o,False,False,[],"China isn't communist. It openly practices State Capitalism, wage employment, doesn't have universal healthcare, and allows for class to exist. China is, at best, an ML socialist state that was perverted under Deng into a place where liberals have gained widespread control of economics.",,,,1628395160,{},h84t0df,False,t3_p070a3,False,True,t1_h84pn2w,/r/socialism/comments/p070a3/socialism_isnt_the_same_as_communism/h84t0df/,1628488596.0,6,True,False,socialism,t5_2qjii,,0,[],,,,,,,,,,,,
[],,LeninisLif3,,lenin,"[{'e': 'text', 't': 'Lenin'}]",89f33b24-3ee4-11e5-83e9-0e49b4de90e1,Lenin,dark,richtext,t2_1mu1vau9,False,False,[],"That’s not what socialism is, it is a specific economic system.",,,,1628395144,{},h84szed,False,t3_p070a3,False,True,t1_h84sujr,/r/socialism/comments/p070a3/socialism_isnt_the_same_as_communism/h84szed/,1628488583.0,8,False,False,socialism,t5_2qjii,,0,[],,,,,,,,,,,,
[],,Complete_Ad5124,,,[],,,,text,t2_9zn0gpt9,False,False,[],"&gt; Dengists

tell me about nations like : portugal,france,norway,denmark,belgium.... they re all welfare, the public ones have more benifits but you still have the privates ones, i think the best socialist country is france, they are capitalist in the economies and socialist in the peolpe care, i think that s what should be called socialism the socialism of people not money. besides socialism is from social=people so.. thats it :))",,,,1628395062,{},h84sujr,True,t3_p070a3,False,True,t1_h84qgpq,/r/socialism/comments/p070a3/socialism_isnt_the_same_as_communism/h84sujr/,1628488518.0,-3,True,False,socialism,t5_2qjii,,0,[],,,,,,,,,,,,
[],,hypnocentrism,,,[],,,,text,t2_bzb3akwh,False,False,[],"Socialism isn't a separate  ideology from communism, it's the transitional state towards establishing a stateless, moneyless, classless society (communism), which can take different forms but has the same end goal.",,,,1628394667,{},h84s76q,False,t3_p070a3,False,True,t3_p070a3,/r/socialism/comments/p070a3/socialism_isnt_the_same_as_communism/h84s76q/,1628488202.0,6,True,False,socialism,t5_2qjii,,0,[],,,,,,,,,,,,
[],,[deleted],,,,,,dark,,,,,[],[deleted],,DELETED,,1628394360,{},h84rodj,False,t3_p00dfz,False,True,t1_h84r542,/r/socialism/comments/p00dfz/antiauthoritarianism_is_counter_revolutionary/h84rodj/,1628487948.0,1,True,False,socialism,t5_2qjii,,0,[],,,,,,,,,,,,
[],,[deleted],,,,,,dark,,,,,[],[deleted],,DELETED,,1628394042,{},h84r542,False,t3_p00dfz,False,True,t1_h84qru5,/r/socialism/comments/p00dfz/antiauthoritarianism_is_counter_revolutionary/h84r542/,1628487677.0,0,True,False,socialism,t5_2qjii,,0,[],,,,,,,,,,,,
[],,Complete_Ad5124,,,[],,,,text,t2_9zn0gpt9,False,False,[],"i can understand you but you got to know that communism in xxi century has got a new face : the capitalism of the state (country capitalism), it happens in countries with very high industry like china which around 70% of the money goes to the state",,,,1628393978,{},h84r19p,True,t3_p070a3,False,True,t1_h84pyat,/r/socialism/comments/p070a3/socialism_isnt_the_same_as_communism/h84r19p/,1628487625.0,-4,True,False,socialism,t5_2qjii,,0,[],,,,,,,,,,,,
[],,[deleted],,,,,,dark,,,,,[],[deleted],,DELETED,,1628393824,{},h84qru5,False,t3_p00dfz,False,True,t1_h84oa0c,/r/socialism/comments/p00dfz/antiauthoritarianism_is_counter_revolutionary/h84qru5/,1628487498.0,6,True,False,socialism,t5_2qjii,,0,[],,,,,,,,,,,,
[],,LeninisLif3,,lenin,"[{'e': 'text', 't': 'Lenin'}]",89f33b24-3ee4-11e5-83e9-0e49b4de90e1,Lenin,dark,richtext,t2_1mu1vau9,False,False,[],"China is a capitalist state, but even the Dengists among us would never claim it was a communist society. 

You may be confused because western nations occasionally call welfare capitalism socialism.",,,,1628393649,{},h84qgpq,False,t3_p070a3,False,True,t1_h84pn2w,/r/socialism/comments/p070a3/socialism_isnt_the_same_as_communism/h84qgpq/,1628487348.0,8,False,False,socialism,t5_2qjii,,0,[],,,,,,,,,,,,
[],,sxajnas_tiel,,engels,"[{'e': 'text', 't': 'Richard Lewontin (1929-2021)'}]",571335a6-3ee4-11e5-83de-0ecbbd00e599,Richard Lewontin (1929-2021),dark,richtext,t2_bvvhpuf1,False,False,[],"You couldn't really say that China's communist as defined by ""a stateless, classless society"", but I feel like when people say the USSR, China, etc. are communist they mean that these countries are governed by a communist party that (they believe) has the goal of the establishment of communism there. So not communist in material reality, but on the trajectory towards communism or with the intention of building communism.",,,,1628393357,{},h84pyat,False,t3_p070a3,False,True,t1_h84pn2w,/r/socialism/comments/p070a3/socialism_isnt_the_same_as_communism/h84pyat/,1628487099.0,11,True,False,socialism,t5_2qjii,,0,[],,,,,,,,,,,,
[],,Boeology,,,[],,,,text,t2_w9u3k25,False,False,[],"The way I see it is that inflation helps the ruling elites hide wage cuts and stagnation. For example; in 1950 in America the minimum wage was 75 cents an hour. You might think that the current minimum wage of $7.25 is a decent increase of over 950%. However if you account for inflation that 75 cent is equivalent to $8.28 today. Which means in reality minimum wage earners have taken a pay cut of over 10% in the last 70 years.

MMT is not so worried about inflation as long as it isn't hyperinflation. It is an idea to increase the spending power of the government without raising taxes (mainly on the rich and corporations) by means of money printing. 

MMT is nothing more than a regressive tax system in my eyes. This is because it keeps corporate tax low and decreases the wages of working people by reducing the buying power of their wages. And in the end there is no practical difference between paying more of your wage into taxes, or inflation causing your wage to be worth less. Either way workers get less for their labor.",,,,1628393193,{},h84pnu6,False,t3_ozpv7u,False,True,t3_ozpv7u,/r/socialism/comments/ozpv7u/what_do_you_think_about_the_modern_monetary_theory/h84pnu6/,1628486957.0,3,True,False,socialism,t5_2qjii,,0,[],,,,,,,,,,,,
[],,Complete_Ad5124,,,[],,,,text,t2_9zn0gpt9,False,False,[],"yes you re right, but nowadays you cant say that china is socialist, its communist. you have many countries who are actually socialist and besides capitalist like every single western country in europe, which were founded by spd (center-right and christianism democracy).

perhabs you ll never hear somone saying that socialism and capitalism at the same time is possible, but trust me it is. socialism at points like wage form, and capitalism at some market  freedom... if im wrong correct me pls.:::   


  
PS: im only 15 yo

#",,LOW_SCORE,,1628393181,{},h84pn2w,True,t3_p070a3,False,True,t1_h84nn70,/r/socialism/comments/p070a3/socialism_isnt_the_same_as_communism/h84pn2w/,1628486946.0,-10,True,False,socialism,t5_2qjii,,0,[],,,,,,,,,,,,
[],,GoldenRaysWanderer,,,[],,,,text,t2_890lgfte,False,False,[],"*On Authority* is nothing more than an opinion piece which serves to falsely equate force with authority, while using the same logic that reactionaries use when they can no longer exert force over subjects.",,,,1628393129,{},h84pjxe,False,t3_p00dfz,False,True,t1_h843ngy,/r/socialism/comments/p00dfz/antiauthoritarianism_is_counter_revolutionary/h84pjxe/,1628486900.0,10,True,False,socialism,t5_2qjii,,0,[],,,,,,,,,,,,
[],,LeninisLif3,,lenin,"[{'e': 'text', 't': 'Lenin'}]",89f33b24-3ee4-11e5-83e9-0e49b4de90e1,Lenin,dark,richtext,t2_1mu1vau9,False,False,[],"Strikingly incorrect, considering that the latter has no money for starters.",,,,1628393121,{},h84pjen,False,t3_p070a3,False,True,t1_h84peor,/r/socialism/comments/p070a3/socialism_isnt_the_same_as_communism/h84pjen/,1628486893.0,12,False,False,socialism,t5_2qjii,,0,[],,,,,,,,,,,,
[],,VansterVikingVampire,,,"[{'e': 'text', 't': 'Eco-Socialist'}]",171527cc-c791-11e9-bc2c-0e1fccdbffc4,Eco-Socialist,dark,richtext,t2_76agp0l1,False,False,[],"Simplified, socialism is where the government controls where money goes. In communism, the government also controls how the money is made.",,LOW_SCORE,,1628393044,{},h84peor,False,t3_p070a3,False,True,t3_p070a3,/r/socialism/comments/p070a3/socialism_isnt_the_same_as_communism/h84peor/,1628486825.0,-15,True,False,socialism,t5_2qjii,,0,[],,,,,,,,,,,,
[],,judithishere,,,[],,,,text,t2_8ap24kd5,False,False,[],Anyone who is interested in MMT should look into Stephanie Kelton.  She has some videos on YouTube and presents the theory in an accessible way.,,,,1628393007,{},h84pcgx,False,t3_ozpv7u,False,True,t3_ozpv7u,/r/socialism/comments/ozpv7u/what_do_you_think_about_the_modern_monetary_theory/h84pcgx/,1628486794.0,2,True,False,socialism,t5_2qjii,,0,[],,,,,,,,,,,,
[],,NoCampaign5234,,,[],,,,text,t2_91tcz568,False,False,[],And a rapist. How cool.,,,,1628392929,{},h84p7ia,False,t3_p074r7,False,True,t3_p074r7,/r/socialism/comments/p074r7/i_never_knew_mike_tyson_was_a_comrade/h84p7ia/,1628486723.0,1,True,False,socialism,t5_2qjii,,0,[],,,,,,,,,,,,
[],,[deleted],,,,,,dark,,,,,[],[deleted],,DELETED,,1628392389,{},h84oa0c,False,t3_p00dfz,False,True,t1_h84n1nw,/r/socialism/comments/p00dfz/antiauthoritarianism_is_counter_revolutionary/h84oa0c/,1628486244.0,-8,True,False,socialism,t5_2qjii,,0,[],,,,,,,,,,,,
[],,Detrimenraldetrius,,,[],,,,text,t2_c8gv9kp3,False,False,[],"Well One might also consider that American policy as concerns Syria is pretty revolting, I mean we currently occupy like a third of the country (the oil rich regions), one might consider that despite the bad rep that Assad gets (and he may well be a bad guy) he was elected by the people of Syria…..a leftist might be coming at this whole thing from an anti imperialist stance, one where America shouldn’t be dictating what happens in sovereign nations abroad…..using American taxpayers money to do so…..whilst everything from education to infrastructure goes underfunded in America, so that we can support wars and our ever expanding lillypad empire to protect business interests of the very rich. Also funding the terrorists that we claim to be fighting in order to maintain a general state of disorder in the country to justify our staying there…..",,,,1628392276,{},h84o2z3,False,t3_ozyu52,False,False,t1_h83bn4u,/r/socialism/comments/ozyu52/how_would_a_socialist_view_the_baath_party_what/h84o2z3/,1628486142.0,4,True,False,socialism,t5_2qjii,,0,[],,,,,,,,,,,,
[],,mattstorm360,,,[],,,,text,t2_cyois,False,False,[],"Turns out the best way to make socialism, communism, or any ism that you fear would make your capitalism look bad is to blockade and sanction then say ""see! This is what your ism here gets you!""",,,,1628392229,{},h84o02h,False,t3_p02y7r,False,False,t1_h84kgsu,/r/socialism/comments/p02y7r/if_the_us_really_cared_about_freedom_in_cuba_it/h84o02h/,1628486099.0,25,True,False,socialism,t5_2qjii,,0,[],,,,,,,,,,,,
[],,Saladcitypig,,,[],,,,text,t2_669hbyxz,False,False,[],"But then we would all be able to witness a society doing fine under socialism and that is terrifying to the big interests of capitalism. If them, why not us and then...oh no Medicare for all? Eek. Breaking up the big banks? The horror. Housing for all? Free college? Too horrible to imagine.",,,,1628392205,{},h84nym4,False,t3_p02y7r,False,False,t3_p02y7r,/r/socialism/comments/p02y7r/if_the_us_really_cared_about_freedom_in_cuba_it/h84nym4/,1628486077.0,23,True,False,socialism,t5_2qjii,,0,[],,,,,,,,,,,,
[],,mattstorm360,,,[],,,,text,t2_cyois,False,False,[],20 years? I think your time line for how fucked we are is a bit too long.,,,,1628392166,{},h84nw72,False,t3_p02y7r,False,False,t1_h84f3jf,/r/socialism/comments/p02y7r/if_the_us_really_cared_about_freedom_in_cuba_it/h84nw72/,1628486044.0,14,True,False,socialism,t5_2qjii,,0,[],,,,,,,,,,,,
[],,[deleted],,,,,,dark,,,,,[],[removed],,DELETED,,1628392101,{},h84ns4z,False,t3_ozjlu1,False,True,t1_h80qhs3,/r/socialism/comments/ozjlu1/nelson_mandela_talking_talking_about_what_the_us/h84ns4z/,1628485986.0,1,True,False,socialism,t5_2qjii,,0,[],,,,,,,,,,,,
[],,LeninisLif3,,lenin,"[{'e': 'text', 't': 'Lenin'}]",89f33b24-3ee4-11e5-83e9-0e49b4de90e1,Lenin,dark,richtext,t2_1mu1vau9,False,False,[],"Yes, socialism is when the means of production are democratically controlled and the state and money have not been abolished.

Communism is the same as socialism but the state and money have been abolished.

The two are inexorably linked, and one precedes the other.",,,,1628392020,{},h84nn70,False,t3_p070a3,False,True,t3_p070a3,/r/socialism/comments/p070a3/socialism_isnt_the_same_as_communism/h84nn70/,1628485917.0,20,False,False,socialism,t5_2qjii,,0,[],,,,,,,,,,,,
[],,[deleted],,,,,,dark,,,,,[],[deleted],,DELETED,,1628391675,{},h84n1nw,False,t3_p00dfz,False,True,t3_p00dfz,/r/socialism/comments/p00dfz/antiauthoritarianism_is_counter_revolutionary/h84n1nw/,1628485618.0,12,True,False,socialism,t5_2qjii,,0,[],,,,,,,,,,,,
[],,cfrey,,2-philochs,"[{'e': 'text', 't': 'Phil Ochs'}]",,Phil Ochs,dark,richtext,t2_14e35,False,False,[],"Actually the USA fears freedom in Cuba, the freedom from capitalist vampires.",,,,1628390195,{},h84kgsu,False,t3_p02y7r,False,False,t3_p02y7r,/r/socialism/comments/p02y7r/if_the_us_really_cared_about_freedom_in_cuba_it/h84kgsu/,1628484353.0,55,True,False,socialism,t5_2qjii,,0,[],,,,,,,,,,,,
[],,FracasarBetter,,,[],,,,text,t2_dlm4z2y0,False,False,[],"Look for Polish, Cuban and Soviet (duh) propaganda. 
You may find some interesting accounts on Instagram like @sovietvisuals or @comrade.kiev",,,,1628390135,{},h84kd07,False,t3_p068un,False,True,t3_p068un,/r/socialism/comments/p068un/i_need_good_socialist_propaganda_posters/h84kd07/,1628484301.0,3,True,False,socialism,t5_2qjii,,0,[],,,,,,,,,,,,
[],,PM_ME__UR__BUTT_,,,[],,,,text,t2_3lw7qgxa,False,False,[],same for people..?,,,,1628390111,{},h84kbh2,False,t3_ozbz7g,False,True,t1_h840m24,/r/socialism/comments/ozbz7g/alabama_coal_miners_rally_no_contract_no_coal/h84kbh2/,1628484280.0,2,True,False,socialism,t5_2qjii,,0,[],,,,,,,,,,,,
[],,LHtherower,transparent,,"[{'e': 'text', 't': 'CPC bot account'}]",2c626e76-b85d-11e8-8340-0e8cb9b1f556,CPC bot account,dark,richtext,t2_y98fa,False,False,[],"Unfortunately there isn't. You just gotta constantly agitate! Broaden people's horizons and get them to read Lenin, Marx, Engles, Mao and Stalin's writings!",,,,1628389628,{},h84jgrb,False,t3_p00dfz,False,True,t1_h84dbx1,/r/socialism/comments/p00dfz/antiauthoritarianism_is_counter_revolutionary/h84jgrb/,1628483857.0,2,True,False,socialism,t5_2qjii,,0,[],,,,,,,,,,,,
[],,[deleted],,,,,,dark,,,,,[],[deleted],,DELETED,,1628389580,{},h84jdo9,False,t3_p00dfz,False,True,t1_h8462sl,/r/socialism/comments/p00dfz/antiauthoritarianism_is_counter_revolutionary/h84jdo9/,1628483813.0,0,True,False,socialism,t5_2qjii,,0,[],,,,,,,,,,,,
[],,Villamanin24680,,,[],,,,text,t2_a2fdw6ol,False,False,[],Not a problem. I appreciate the response.,,,,1628387533,{},h84fmjw,False,t3_owqgy0,False,False,t1_h83vz4y,/r/socialism/comments/owqgy0/american_healthcare_is_a_dystopia/h84fmjw/,1628481870.0,1,True,False,socialism,t5_2qjii,,0,[],,,,,,,,,,,,
[],,Ilbutters,,malcolmx,"[{'e': 'text', 't': 'Anarcho-Syndicalist'}]",9015f758-3ee4-11e5-8788-0ebee8e6e23b,Anarcho-Syndicalist,dark,richtext,t2_dpkfj,False,False,[],But then what would boil the pot of dissent? Climate change? The CIA would have to wait at least 20 years for that.,,,,1628387242,{},h84f3jf,False,t3_p02y7r,False,False,t3_p02y7r,/r/socialism/comments/p02y7r/if_the_us_really_cared_about_freedom_in_cuba_it/h84f3jf/,1628481598.0,14,True,False,socialism,t5_2qjii,,0,[],,,,,,,,,,,,
[],,[deleted],,,,,,dark,,,,,[],[removed],,DELETED,,1628386762,{},h84e7z8,False,t3_ozjlu1,False,True,t1_h83ng0e,/r/socialism/comments/ozjlu1/nelson_mandela_talking_talking_about_what_the_us/h84e7z8/,1628481158.0,1,True,False,socialism,t5_2qjii,,0,[],,,,,,,,,,,,
[],,darinSWEG,#ffffff,laika,"[{'a': ':Laika:', 'e': 'emoji', 'u': 'https://emoji.redditmedia.com/qbq7qpgrz0n21_t5_2qjii/Laika'}, {'e': 'text', 't': ' - Laika'}]",9c5a84a6-54bb-11e5-8158-0eeff53de575,:Laika: - Laika,dark,richtext,t2_2loh8njv,False,False,,"Western leftist here. Thank you for this article.

I know very little about the global struggle and the countries abroad and it has made me question the constant agitation fed to me by bourgeoisie media.

this article helps reassure me in my doubts. I cant help but wonder why and how my fellow Americans are not tired of the constant propaganda they are subjected to, 

I wish there was an easier way to reach them.",,,,1628386283,{},h84dbx1,False,t3_p00dfz,False,False,t3_p00dfz,/r/socialism/comments/p00dfz/antiauthoritarianism_is_counter_revolutionary/h84dbx1/,,1,True,False,socialism,t5_2qjii,,0,[],False,17911d32fe31fcc554ded5ad9ab14ac94f09bb2e,True,False,,0.0,,0.0,1628386297.0,True,r/socialism,public
[],,alanwatts420,,,[],,,,text,t2_1ubqrwv5,False,False,[],"Post on r/whitepeopletwitter apparently trying to defend ""socialism"" while actually presenting a liberal/social democrat, false definition of socialism and communism. The post seems to still follow the right wing rhetoric of ""communism bad"" so it attempts to equate some sort of false definition to the terms socialism and communism in order to appeal to liberals. 

The term socialism is likely referring to social democratic policies, and not actual socialism. As the goal of socialism is ultimately communism, a stateless, moneyless and classless society. Socialism is not ""anyone can be rich but no one should be poor"" it is worker ownership of the means of production in cooperation with the overall community and preferably in a non market system (although market socialism does exist). 

For people to be ""rich"" it usually means that they are exploiting the value of a collective group of laborers who created that value.",,,,1628384992,{},h84azb7,True,t3_p058ya,False,True,t3_p058ya,/r/socialism/comments/p058ya/thats_not_a_good_definition_of_the_terms_either/h84azb7/,1628479477.0,10,True,False,socialism,t5_2qjii,,0,[],,,,,,,,,,,,
[],,AutoModerator,,,[],,,,text,t2_6l4z3,False,True,[],"Your [submission](https://www.reddit.com/r/socialism/comments/p058i8/when_you_dont_actually_understand_leftism_and_are/ in /r/socialism) has been automatically removed because you used an emoji or other similar symbol. This is part of an ongoing attempt to promote an increase in the quality discourse of the subreddit. Please retry your submission using text characters only.

*I am a bot, and this action was performed automatically. Please [contact the moderators of this subreddit](/message/compose/?to=/r/socialism) if you have any questions or concerns.*",,,,1628384631,{},h84aba6,False,t3_p058i8,False,True,t3_p058i8,/r/socialism/comments/p058i8/when_you_dont_actually_understand_leftism_and_are/h84aba6/,1628479125.0,1,False,False,socialism,t5_2qjii,,0,[],,,,,,,moderator,,,,,
[],,production-values,,,[],,,,text,t2_4op7feq3,False,False,[],"No, I mean being able to live without working if one so chooses.",,,,1628384190,{},h849ic7,False,t3_p00rs6,False,True,t1_h83yj89,/r/socialism/comments/p00rs6/work_for_self_preservation_the_new_normal/h849ic7/,1628478688.0,1,True,False,socialism,t5_2qjii,,0,[],,,,,,,,,,,,
[],,cynetri,,,[],,,,text,t2_7k4n7h3b,False,False,[],What is this shit,,,,1628382293,{},h8462sl,False,t3_p00dfz,False,True,t3_p00dfz,/r/socialism/comments/p00dfz/antiauthoritarianism_is_counter_revolutionary/h8462sl/,1628476896.0,15,True,False,socialism,t5_2qjii,,0,[],,,,,,,,,,,,
[],,[deleted],,,,,,dark,,,,,[],[removed],,DELETED,,1628381556,{},h844pxq,False,t3_p00dfz,False,True,t3_p00dfz,/r/socialism/comments/p00dfz/antiauthoritarianism_is_counter_revolutionary/h844pxq/,1628476158.0,-1,True,False,socialism,t5_2qjii,,0,[],,,,,,,,,,,,
[],,[deleted],,,,,,dark,,,,,[],[removed],,DELETED,,1628381506,{},h844mob,False,t3_p00dfz,False,True,t3_p00dfz,/r/socialism/comments/p00dfz/antiauthoritarianism_is_counter_revolutionary/h844mob/,1628476111.0,1,True,False,socialism,t5_2qjii,,0,[],,,,,,,,,,,,
[],,[deleted],,,,,,dark,,,,,[],[removed],,DELETED,,1628381458,{},h844jjq,False,t3_ozjlu1,False,True,t1_h814yfh,/r/socialism/comments/ozjlu1/nelson_mandela_talking_talking_about_what_the_us/h844jjq/,1628476065.0,0,True,False,socialism,t5_2qjii,,0,[],,,,,,,,,,,,
[],,[deleted],,,,,,dark,,,,,[],[removed],,DELETED,,1628381389,{},h844f06,False,t3_p00dfz,False,True,t3_p00dfz,/r/socialism/comments/p00dfz/antiauthoritarianism_is_counter_revolutionary/h844f06/,1628475997.0,1,True,False,socialism,t5_2qjii,,0,[],,,,,,,,,,,,
[],,DPurp4,,,[],,,,text,t2_3742u4hd,False,False,[],"Have you actually read anything by Marx or Engels?

Look into Marx’s *Critique of the Gotha Program* and Engels *On Authority*, and then get back to us once you have a more nuanced take than one informed strictly by political compass memes",,,,1628380977,{},h843ngy,False,t3_p00dfz,False,True,t1_h83s7iq,/r/socialism/comments/p00dfz/antiauthoritarianism_is_counter_revolutionary/h843ngy/,1628475591.0,8,True,False,socialism,t5_2qjii,,0,[],,,,,,,,,,,,
[],,dielawn87,,2-sankara,"[{'e': 'text', 't': 'Sankara'}]",b2af0dc2-3ee4-11e5-be1c-0e707a1ba6df,Sankara,dark,richtext,t2_gjuyp,False,False,[],I just think we lose nuance when we reduce the unique and culturally contingent phenomena to words like fascist. Like people call Trump fascist and it really just muddys the water. Not every right wing populist is a fascist.,,,,1628380944,{},h843lb0,False,t3_ozjlu1,False,True,t1_h83t38x,/r/socialism/comments/ozjlu1/nelson_mandela_talking_talking_about_what_the_us/h843lb0/,1628475559.0,1,True,False,socialism,t5_2qjii,,0,[],,,,,,,,,,,,
