all_awardings,associated_award,author,author_flair_background_color,author_flair_css_class,author_flair_richtext,author_flair_template_id,author_flair_text,author_flair_text_color,author_flair_type,author_fullname,author_patreon_flair,author_premium,awarders,body,collapsed_because_crowd_control,created_utc,gildings,id,is_submitter,link_id,locked,no_follow,parent_id,permalink,retrieved_on,score,send_replies,stickied,subreddit,subreddit_id,top_awarded_type,total_awards_received,treatment_tags,edited
[],,GenosseMarx,,mao,"[{'e': 'text', 't': '☭ Revolution or Death by Climate Change ☭'}]",,☭ Revolution or Death by Climate Change ☭,dark,richtext,t2_oo0596,False,False,[],"I recommend actually studying and understanding Capital and the experience of the communist projects so far (a good start would be to read the book [Rethinking Socialism](https://foreignlanguages.press/wp-content/uploads/2020/08/S11-Rethinking-Socialism-4th-Printing.pdf)) rather than coming up with the Nth brainless formulation of ""market-socialism"" founded on the most ideological aspects of bourgeois consciousness.",,1598192575,{},g2l3pfx,False,t3_ieyhiq,False,True,t3_ieyhiq,/r/socialism/comments/ieyhiq/market_socialism_vs_decommodified_socialism_hear/g2l3pfx/,1598192586,1,False,False,socialism,t5_2qjii,,0,[],
[],,WK999,,angeladavis,"[{'e': 'text', 't': 'Angela Davis'}]",2270b558-3ee4-11e5-a02d-0ec131dbf691,Angela Davis,dark,richtext,t2_wlvao,False,False,[],"&gt;Using the USSR as an example: most of the housing pretty much did look alike (we’ve all seen pictures of those copy and pasted looking concrete things).

Many housing estates still look like that in post-socialist countries in Europe",,1598192138,{},g2l2ula,False,t3_iem8r2,False,True,t1_g2ik037,/r/socialism/comments/iem8r2/what_socialism_is_and_what_its_not/g2l2ula/,1598192150,1,True,False,socialism,t5_2qjii,,0,[],
[],,[deleted],,,,,,dark,,,,,[],[removed],,1598191734,{},g2l21ox,False,t3_if39tl,False,True,t1_g2l0q7u,/r/socialism/comments/if39tl/are_nazis_welcome_here/g2l21ox/,1598191766,1,True,False,socialism,t5_2qjii,,0,[],
[],,Maleficent_Ad9226,,,[],,,,text,t2_4csrbid3,False,False,[],Except completely planned economies don’t work.,,1598191480,{},g2l1j32,False,t3_iebnsg,False,True,t1_g2jc4vw,/r/socialism/comments/iebnsg/why_do_you_oppose_market_socialism/g2l1j32/,1598191518,1,True,False,socialism,t5_2qjii,,0,[],
[],,bigblindmax,,bukharin,"[{'e': 'text', 't': 'Bukharin'}]",ab0d6aee-5421-11e5-ad23-0e79d7548c77,Bukharin,dark,richtext,t2_8w95p,False,False,[],You’re just replacing one lie with another one.,,1598191248,{},g2l12du,False,t3_iem8r2,False,True,t1_g2jznjx,/r/socialism/comments/iem8r2/what_socialism_is_and_what_its_not/g2l12du/,1598191297,1,True,False,socialism,t5_2qjii,,0,[],
[],,420691017,,,[],,,,text,t2_64zrp7fh,False,False,[],"Read Imperialism, the Highest Stage of Capitalism by Lenin",,1598191201,{},g2l0yom,False,t3_if2y23,False,True,t3_if2y23,/r/socialism/comments/if2y23/what_do_yall_think_about_finland/g2l0yom/,1598191252,1,True,False,socialism,t5_2qjii,,0,[],
[],,Militiaman_1776,,,[],,,,text,t2_7p2jwsfs,False,False,[],So you would be okay expropriating a black business owner's wealth and giving it to a poor white person? How am I supposed to unify behind that?,,1598191076,{},g2l0q7u,True,t3_if39tl,False,True,t1_g2kyx3k,/r/socialism/comments/if39tl/are_nazis_welcome_here/g2l0q7u/,1598191133,1,True,False,socialism,t5_2qjii,,0,[],
[],,MarxistLeninism2050,,,[],,,,text,t2_40kda2wo,False,False,[],https://m.youtube.com/playlist?list=PLbnLysSug0vQ5qdifZ4N0CzrYyal4RQ8S,,1598191030,{},g2l0nfb,False,t3_if2y23,False,True,t3_if2y23,/r/socialism/comments/if2y23/what_do_yall_think_about_finland/g2l0nfb/,1598191094,1,True,False,socialism,t5_2qjii,,0,[],
[],,[deleted],,,,,,dark,,,,,[],[deleted],,1598190800,{},g2l0a0b,False,t3_if2mlq,False,True,t3_if2mlq,/r/socialism/comments/if2mlq/palestinian_child_shot_by_israel_dies_in_detention/g2l0a0b/,1598190846,1,True,False,socialism,t5_2qjii,,0,[],
[],,ThuderingFoxy,,,[],,,,text,t2_xcfoub6,False,False,[],Nice I just checked the posting rules and there it was. Really good to have a space that thinks about these things.,,1598189971,{},g2kz3ne,False,t3_iem8r2,False,True,t1_g2kvnz8,/r/socialism/comments/iem8r2/what_socialism_is_and_what_its_not/g2kz3ne/,1598189981,1,True,False,socialism,t5_2qjii,,0,[],
[],,isthbo,,,[],,,,text,t2_3gtki5xh,False,False,[],"No, we favor racial equality and unity here",,1598189845,{},g2kyx3k,False,t3_if39tl,False,True,t3_if39tl,/r/socialism/comments/if39tl/are_nazis_welcome_here/g2kyx3k/,1598189855,1,True,False,socialism,t5_2qjii,,0,[],
[],,benfranklinthedevil,,,[],,,,text,t2_kxnu6,False,False,[],It means OC doesn't know what democracy means,,1598188468,{},g2kwzxj,False,t3_iem8r2,False,True,t1_g2idiy9,/r/socialism/comments/iem8r2/what_socialism_is_and_what_its_not/g2kwzxj/,1598188478,1,True,False,socialism,t5_2qjii,,0,[],
[],,Comrade7878,,fullcommunism,"[{'e': 'text', 't': 'Full Communism'}]",63fae23c-3ee4-11e5-b538-0ec131dbf691,Full Communism,dark,richtext,t2_7oa9vfwy,False,False,[],Apartheid Israel really is awful.,,1598188383,{},g2kwvwz,False,t3_if2mlq,False,True,t3_if2mlq,/r/socialism/comments/if2mlq/palestinian_child_shot_by_israel_dies_in_detention/g2kwvwz/,1598188393,1,True,False,socialism,t5_2qjii,,0,[],
[],,graphtacular,,,[],,,,text,t2_6m4kfzf0,False,False,[],Don't forget about those flat earthers,,1598188164,{},g2kwlbw,False,t3_iexcvv,False,True,t1_g2k0cu3,/r/socialism/comments/iexcvv/facebook_has_begun_purging_accounts_tied_to/g2kwlbw/,1598188176,1,True,False,socialism,t5_2qjii,,0,[],
[],,graphtacular,,,[],,,,text,t2_6m4kfzf0,False,False,[],Is Zucc fascist?,,1598188142,{},g2kwkar,False,t3_iexcvv,False,True,t1_g2kk2di,/r/socialism/comments/iexcvv/facebook_has_begun_purging_accounts_tied_to/g2kwkar/,1598188153,1,True,False,socialism,t5_2qjii,,0,[],
[],,graphtacular,,,[],,,,text,t2_6m4kfzf0,False,False,[],"Well, no, fascism is still bad, but the problem is that people are being fascist under the guise of anti-fascism. Kind of a catch 22 from an enforcement standpoint, at least as far as managing a business like a social media company.",,1598188107,{},g2kwil7,False,t3_iexcvv,False,True,t1_g2k9mou,/r/socialism/comments/iexcvv/facebook_has_begun_purging_accounts_tied_to/g2kwil7/,1598188117,1,True,False,socialism,t5_2qjii,,0,[],
[],,Aldous_Szasz,,,[],,,,text,t2_smvldvg,False,False,[],The abolition of the value form requires the abolishment of that kind of social relationships. Property claims are legal claims.,,1598188082,{},g2kwhdj,False,t3_iem8r2,False,True,t1_g2kidyi,/r/socialism/comments/iem8r2/what_socialism_is_and_what_its_not/g2kwhdj/,1598188092,1,True,False,socialism,t5_2qjii,,0,[],
[],,crow-of-darkness,,,[],,,,text,t2_2shxyozw,False,False,[],Your right but liberals like aoc are the reason why more people aren’t socialist,,1598187941,{},g2kwanx,False,t3_iem8r2,False,True,t3_iem8r2,/r/socialism/comments/iem8r2/what_socialism_is_and_what_its_not/g2kwanx/,1598187952,1,True,False,socialism,t5_2qjii,,0,[],
[],,dsaddons,,2-mlkjr,"[{'e': 'text', 't': 'Martin Luther King Jr'}]",c32b0546-54bc-11e5-9554-0ef8cb540079,Martin Luther King Jr,dark,richtext,t2_97uin,False,False,[],It's a requirement for all image posts on this sub,,1598187463,{},g2kvnz8,False,t3_iem8r2,False,True,t1_g2i8agc,/r/socialism/comments/iem8r2/what_socialism_is_and_what_its_not/g2kvnz8/,1598187474,1,True,False,socialism,t5_2qjii,,0,[],
[],,BigYikesTM,,,[],,,,text,t2_3dmjkx2y,False,False,[],"I’m not voting for any imperialist who aided war crimes. Call yourself a democrat, I don’t care, they’re both awful candidates.",,1598186996,{},g2kv2q7,False,t3_ietrmi,False,True,t3_ietrmi,/r/socialism/comments/ietrmi/the_brosocialists_only_objective_was_to/g2kv2q7/,1598187006,1,True,False,socialism,t5_2qjii,,0,[],
[],,WeEatCocks4Satan420,,,[],,,,text,t2_78nhhq7x,False,False,[],Thanks for letting me know!,,1598186149,{},g2ku0ni,True,t3_if209o,False,True,t1_g2ktuj6,/r/socialism/comments/if209o/_/g2ku0ni/,1598186160,1,True,False,socialism,t5_2qjii,,0,[],
[],,agithecaca,,,[],,,,text,t2_765sc4pz,False,False,[],Its for visually impared people so the text can be dictated out.,,1598186009,{},g2ktuj6,False,t3_if209o,False,True,t1_g2krvci,/r/socialism/comments/if209o/_/g2ktuj6/,1598186021,1,True,False,socialism,t5_2qjii,,0,[],
[],,WeEatCocks4Satan420,,,[],,,,text,t2_78nhhq7x,False,False,[],"Please note we do require a brief description 

fuck your mother whoever made that rule",,1598184269,{},g2krvci,True,t3_if209o,False,True,t3_if209o,/r/socialism/comments/if209o/_/g2krvci/,1598184280,1,True,False,socialism,t5_2qjii,,0,[],
[],,TheSavior666,,3-cpb,"[{'e': 'text', 't': 'Communist Party of Britain'}]",7e154d34-04c7-11e6-87bf-0ec36f9f170d,Communist Party of Britain,dark,richtext,t2_zrxyf,False,False,[],"Could you not make similar arguments against a democratic government? 

Why can we trust democracy to elect presidents, but not managers? Governments are infinitely more complex then most businesses are.

What skills are so unique to be being a manager or owner that a group of plumbers couldn’t also have or develop? I",,1598183914,{},g2kraf1,False,t3_iem8r2,False,True,t1_g2ji0fb,/r/socialism/comments/iem8r2/what_socialism_is_and_what_its_not/g2kraf1/,1598183926,1,True,False,socialism,t5_2qjii,,0,[],
[],,Valuable-Buffalo,,,[],,,,text,t2_565kztnh,False,False,[],Fucking hell. What a nightmare world this is.,,1598182986,{},g2kpuhj,False,t3_iesbco,False,True,t3_iesbco,/r/socialism/comments/iesbco/the_richest_state_in_the_richest_country_in_the/g2kpuhj/,1598182997,1,True,False,socialism,t5_2qjii,,0,[],
[],,[deleted],,,,,,dark,,,,,[],[removed],,1598182966,{},g2kpth7,False,t3_iaw0du,False,True,t3_iaw0du,/r/socialism/comments/iaw0du/fascism_the_election_why_simply_relying_on_voting/g2kpth7/,1598182976,1,True,False,socialism,t5_2qjii,,0,[],
[],,PenguinKenny,,lenin,"[{'e': 'text', 't': 'Lenin'}]",,Lenin,dark,richtext,t2_3ki6l,False,True,[],Nice title,,1598182347,{},g2kozv5,False,t3_if0q6i,False,True,t3_if0q6i,/r/socialism/comments/if0q6i/socialist_distancing/g2kozv5/,1598182358,1,True,False,socialism,t5_2qjii,,0,[],
[],,Solidarity64,,,[],,,,text,t2_4wuk0fyz,False,False,[],"I just wanted to say this: regardless of what you think of Rojava’s relationship with America, the bottom line is they were instrumental in defeating isis fascism",,1598181622,{},g2ko0pm,False,t3_if1het,False,True,t3_if1het,/r/socialism/comments/if1het/exclusive_the_worldrenowned_taekwondo_team_from/g2ko0pm/,1598181633,1,True,False,socialism,t5_2qjii,,0,[],
[],,_0x783czar,,,[],,,,text,t2_elqhu,False,True,[],Dutch resident here. There are still medical bills in The Netherlands. However they are much more infrequent and reasonable than in the US. But it could be better.,,1598181511,{},g2knv8z,False,t3_iezugf,False,True,t3_iezugf,/r/socialism/comments/iezugf/this_hurts/g2knv8z/,1598181523,1,True,False,socialism,t5_2qjii,,0,[],
[],,Godhelix666,,,[],,,,text,t2_2ocd9zr1,False,False,[],"I consider myself a socialist but I have one problem with what you just said : The bans aka censorship, censor and ban any person that is not exactly te same as you isn’t healthy for either the movement and political views. This reddit unites the socialists of the world but if a liberal for example is interested to debate with us I don’t see any problem with that while living in autarky from the other political movement will only create hatred of us in other political movement and won’t convince anyone that socialism is the future of humankind and society",,1598181264,{},g2knjds,False,t3_ierd2j,False,True,t1_g2j0hqn,/r/socialism/comments/ierd2j/why_is_this_sub_so_forgiving_of_social_democrats/g2knjds/,1598181275,1,True,False,socialism,t5_2qjii,,0,[],
[],,Gty2k2000,,,[],,,,text,t2_w4gjy,False,False,[],I wonder what dance moves are required,,1598180132,{},g2km0mv,False,t3_if0q6i,False,True,t3_if0q6i,/r/socialism/comments/if0q6i/socialist_distancing/g2km0mv/,1598180143,1,True,False,socialism,t5_2qjii,,0,[],
[],,unsuspicious_salmon,,,[],,,,text,t2_3gmlrz6y,False,False,[],"The facts that there was no such a difference in criteria between any of those people, and that Marx is the one who gave socialism and communism precise definitions, shows how absurdly sectarian you are.

Cults of personality are exactly what this movement doesn't need.",,1598179585,{},g2kl8gi,False,t3_iem8r2,False,True,t1_g2jd14p,/r/socialism/comments/iem8r2/what_socialism_is_and_what_its_not/g2kl8gi/,1598179596,1,True,False,socialism,t5_2qjii,,0,[],
[],,lajosfalusi,,,[],,,,text,t2_5g36qb85,False,False,[],It is a symbol of Ulster used by pretty much everyone in Ulster regardless of persuasion.,,1598179066,{},g2kkigi,False,t3_iemhvx,False,True,t1_g2hxex7,/r/socialism/comments/iemhvx/socialist_republic_of_northern_ireland/g2kkigi/,1598179077,1,True,False,socialism,t5_2qjii,,0,[],
[],,theoncelermspppp,,,[],,,,text,t2_5cgacvsk,False,False,[],Zucc needs to get fucked,,1598178704,{},g2kk2di,False,t3_iexcvv,False,True,t3_iexcvv,/r/socialism/comments/iexcvv/facebook_has_begun_purging_accounts_tied_to/g2kk2di/,1598178714,1,True,False,socialism,t5_2qjii,,0,[],
[],,Anarcho_Humanist,,2-redstar,"[{'e': 'text', 't': 'Autonomist (Australia)'}]",9d799364-3ee4-11e5-bd09-0e5e20c89e15,Autonomist (Australia),dark,richtext,t2_122z72,False,False,[],I agree with your point. Although I live in Australia so we only have to feed 25 million.,,1598177557,{},g2kj081,True,t3_iej2qs,False,True,t1_g2k33nl,/r/socialism/comments/iej2qs/rant_i_genuinely_do_not_understand_liberals/g2kj081/,1598177567,1,True,False,socialism,t5_2qjii,,0,[],
[],,Sir_Wheelz_a_Lot,,,[],,,,text,t2_3es8bmcs,False,False,[],LOL if only you tried living in real Socialism.,,1598177159,{},g2kinb5,False,t3_iem8r2,False,True,t3_iem8r2,/r/socialism/comments/iem8r2/what_socialism_is_and_what_its_not/g2kinb5/,1598177169,1,True,False,socialism,t5_2qjii,,0,[],
[],,burgher_remover_1917,,,[],,,,text,t2_636zog85,False,False,[],"What?  


The form of ownership which productive property has in society is not just a legal claim. it's a social relationship.",,1598176868,{},g2kidyi,False,t3_iem8r2,False,True,t1_g2kc1db,/r/socialism/comments/iem8r2/what_socialism_is_and_what_its_not/g2kidyi/,1598176879,1,True,False,socialism,t5_2qjii,,0,[],
[],,measmaer,,,[],,,,text,t2_7g5q71q0,False,False,[],"""This hurts"" *in infinite ways*

1. The debt itself
2. The OP's joke
3. The OP's life if the joke hits reality
4. Continous medical needs
5. Non-citizens in Europe
5. ??? 
6. *Reply with more ways in the comment*",,1598176606,{},g2ki5jr,False,t3_iezugf,False,True,t3_iezugf,/r/socialism/comments/iezugf/this_hurts/g2ki5jr/,1598176617,1,True,False,socialism,t5_2qjii,,0,[],
[],,tzui1234,,,[],,,,text,t2_6z6d68l3,False,False,[],Market can succeed without imperialism. Yugoslavia was never imperialistic and had pretty succesfull market socialism while leadership was good. When leadership went to shit everything went to shit.,,1598175720,{},g2khct1,False,t3_ieyhiq,False,True,t1_g2k7fby,/r/socialism/comments/ieyhiq/market_socialism_vs_decommodified_socialism_hear/g2khct1/,1598175730,1,True,False,socialism,t5_2qjii,,0,[],
[],,Williamson_lol,,,[],,,,text,t2_16wivr,False,False,[],"If a store sells products based on whatever its community needs (if it’s winter and more people are getting sick, it will sell cold and flu suppressants for example) and there is no main boss and all the workers make decisions together, it’s a socialist store.",,1598175268,{},g2kgy8c,False,t3_iem8r2,False,True,t1_g2ke02p,/r/socialism/comments/iem8r2/what_socialism_is_and_what_its_not/g2kgy8c/,1598175278,1,True,False,socialism,t5_2qjii,,0,[],
[],,the-yes-man-please-,,,[],,,,text,t2_5n2zyikq,False,False,[],"Yayyyyyyyy,Winnie the Pooh country",,1598173629,{},g2kfh2s,False,t3_iekelt,False,True,t3_iekelt,/r/socialism/comments/iekelt/announcement_we_are_going_to_china_and_vietnam/g2kfh2s/,1598173640,1,True,False,socialism,t5_2qjii,,0,[],
[],,the-yes-man-please-,,,[],,,,text,t2_5n2zyikq,False,False,[],Are you from the first world?,,1598173564,{},g2kfew6,False,t3_ierd2j,False,True,t3_ierd2j,/r/socialism/comments/ierd2j/why_is_this_sub_so_forgiving_of_social_democrats/g2kfew6/,1598173574,1,True,False,socialism,t5_2qjii,,0,[],
[],,the-yes-man-please-,,,[],,,,text,t2_5n2zyikq,False,False,[],Like what?creating a shitty country run by a corrupt dictatorship?,,1598173509,{},g2kfd2t,False,t3_ie8knu,False,True,t3_ie8knu,/r/socialism/comments/ie8knu/albert_einstein_was_whitewashed/g2kfd2t/,1598173519,1,True,False,socialism,t5_2qjii,,0,[],
[],,CodenameAwesome,,,[],,,,text,t2_dgo4c,False,False,[],"No. Taxation happens far after the fact. Socialist democratization means worker control of the actual process of production, deciding what gets made and how. There would be no fixed boss to make all the decisions.",,1598172026,{},g2ke02p,False,t3_iem8r2,False,True,t1_g2jcu43,/r/socialism/comments/iem8r2/what_socialism_is_and_what_its_not/g2ke02p/,1598172037,1,True,False,socialism,t5_2qjii,,0,[],
[],,comradegreen2,,,[],,,,text,t2_3dicduqs,False,False,[],"Why woudl he as most communsits at time  belived USSR which was ample in resources and with more than two times popualtion than germany woudl crush them.Catastrophes of 1941 were [surprise.](https://surprise.In)Partisans in my occupied coutnrz belived when USSR declared war it woudl be over in months and that germans were lzikng about making advances in soviet territory.

&amp;#x200B;

In reality he was opportunist-he expolotied his wife and probabluz stole lot of ideas for his theories,he supported creation of israe and his loved his previlged upper middle class lifestyle...in uion he woudl join previlged scienties but he didnt belived that life enoguh as western elite cosy lifestyle  was alreadz reality to him...",,1598171936,{},g2kdx5y,False,t3_ie8knu,False,True,t1_g2hjltq,/r/socialism/comments/ie8knu/albert_einstein_was_whitewashed/g2kdx5y/,1598171946,1,True,False,socialism,t5_2qjii,,0,[],
[],,comradegreen2,,,[],,,,text,t2_3dicduqs,False,False,[],"i think this is in major part incorrect,crapitlsi dont give a damn about poor they ultra selfishly care about their own.its not hate..

  \*even though we have a gluttony of empty houses \*

those are their means of getting money,they dotn give them without profit not just cause thez hate poor...they dont see poor or any other for that matter who thez cant profit of as worth interacting regarding ""their"" property-

even ordinary people who dont use house for long time  (for example parent house after parents death,apartments for children in big towns in my coutnry whcih arent used for good par of year) will not give them to homeless.sadly same as most people in world woudl rather buy some useless shit than help africa avoid deaths from hunger.",,1598170327,{},g2kcfbd,False,t3_iew477,False,True,t1_g2jwx3t,/r/socialism/comments/iew477/people_are_getting_evicted_during_a_global/g2kcfbd/,1598170337,1,True,False,socialism,t5_2qjii,,0,[],
[],,Aldous_Szasz,,,[],,,,text,t2_smvldvg,False,False,[],Why have a legal claim when the abolition of value form is factually enough?,,1598169925,{},g2kc1db,False,t3_iem8r2,False,True,t1_g2hxb3i,/r/socialism/comments/iem8r2/what_socialism_is_and_what_its_not/g2kc1db/,1598169937,1,True,False,socialism,t5_2qjii,,0,[],
[],,raicopk,transparent,,"[{'e': 'text', 't': 'Salvador Seguí i Rubinat'}]",2c626e76-b85d-11e8-8340-0e8cb9b1f556,Salvador Seguí i Rubinat,dark,richtext,t2_151bl8,False,False,[],You don't do anyone a favour by banalizing fascism.,,1598168899,{},g2kb1hr,False,t3_ieetlu,False,True,t1_g2i07en,/r/socialism/comments/ieetlu/where_do_you_get_your_news_from/g2kb1hr/,1598168909,1,True,False,socialism,t5_2qjii,,0,[],
[],,chrisname,,,[],,,,text,t2_mcuzm,False,False,[],I thought he called them state socialism and pure communism.,,1598168402,{},g2kak3l,False,t3_iem8r2,False,True,t1_g2j8vs4,/r/socialism/comments/iem8r2/what_socialism_is_and_what_its_not/g2kak3l/,1598168413,1,True,False,socialism,t5_2qjii,,0,[],
[],,NikolaKrippa,,,[],,,,text,t2_1q0jf1g9,False,False,[],"Anti communist propaganda exaggerated his crimes, but this doesn't mean he wasn't a paranoid mass murderer.",,1598167573,{},g2k9qwr,False,t3_ietq3y,False,True,t1_g2jz8kp,/r/socialism/comments/ietq3y/the_fight_against_right_and_ultraleft_deviations/g2k9qwr/,1598167584,1,True,False,socialism,t5_2qjii,,0,[],
[],,DialecticalShitposts,,,[],,,,text,t2_7oqn53sj,False,False,[],"""I feel that for real communists, Stalin weighs no less than Lenin. And in percentage of right decisions, he doesn't even have an equal in world history"" - Xi Jinping.",,1598167564,{},g2k9ql1,False,t3_ietq3y,False,True,t3_ietq3y,/r/socialism/comments/ietq3y/the_fight_against_right_and_ultraleft_deviations/g2k9ql1/,1598167575,1,True,False,socialism,t5_2qjii,,0,[],
[],,Pilast,,,[],,,,text,t2_9cdtd,False,True,[],Yup. Share the post elsewhere on Reddit. This needs to get out.,,1598167542,{},g2k9ptt,True,t3_iexcvv,False,True,t1_g2k9mou,/r/socialism/comments/iexcvv/facebook_has_begun_purging_accounts_tied_to/g2k9ptt/,1598167554,1,True,False,socialism,t5_2qjii,,0,[],
[],,leninism-humanism,,3-zeth,"[{'e': 'text', 't': 'Zeth Höglund'}]",5f5def72-04c7-11e6-b8a5-0e174836e81b,Zeth Höglund,dark,richtext,t2_1fqiovyr,False,False,[],"Social-democrats, in real-life at least, are qualitatively different from a conservative though. A social-democrat engaged in trade union struggle or tenet unions is much more interesting to engage with than random liberal. I'd even go so far as take a rank-and-file social-democrat over a ""radical"" leftist with no grounding in struggle.",,1598167522,{},g2k9p3r,False,t3_ierd2j,False,True,t1_g2j0265,/r/socialism/comments/ierd2j/why_is_this_sub_so_forgiving_of_social_democrats/g2k9p3r/,1598167532,1,True,False,socialism,t5_2qjii,,0,[],
[],,litheEpiphany,,,[],,,,text,t2_618ouos2,False,False,[],Wow. Because being against fascism is bad now? What the fuck?,,1598167452,{},g2k9mou,False,t3_iexcvv,False,True,t3_iexcvv,/r/socialism/comments/iexcvv/facebook_has_begun_purging_accounts_tied_to/g2k9mou/,1598167463,1,True,False,socialism,t5_2qjii,,0,[],
[],,Wafflefrogs101,,,[],,,,text,t2_pzwxnuk,False,False,[],Because they didn't have Western Imperials factories to make the bootstraps yet. /s,,1598167110,{},g2k9ahy,False,t3_ie71sw,False,True,t1_g2jsiii,/r/socialism/comments/ie71sw/leopold_ii_of_belgium_18851908_colonized_and/g2k9ahy/,1598167121,1,True,False,socialism,t5_2qjii,,0,[],
[],,Cognitively_Absurd,,anarchy,"[{'e': 'text', 't': 'Anarchy'}]",1ded2232-3ee4-11e5-b102-0e3f27028b2f,Anarchy,dark,richtext,t2_5i14u6x3,False,False,[],"Huh, social distancing and socialist dancing do use the same letters and it only takes moving the ""ist"" around. But I'm probably pointing out the obvious",,1598166523,{},g2k8p0w,False,t3_ieypa4,False,True,t3_ieypa4,/r/socialism/comments/ieypa4/wait_what/g2k8p0w/,1598166533,1,True,False,socialism,t5_2qjii,,0,[],
[],,comradegreen2,,,[],,,,text,t2_3dicduqs,False,False,[],"This is very much western sub.Socdems in nordic cotunries are realists.they liek they particapte in exploitio of world  with western cliqueto keep their inflated living standards.

Wordlwide communist and socialist revolution would be bane of western world including their workers aristocracy as question of reperations for millions upon million killed and countless lives destroyed and rcihes plundered will be asked.i can see USA gettign on gdp of kongo after reperations for shit they done,ok i lie i dotn see existing at all in communsit future and being remebered as entity worse than nazi germany.",,1598165881,{},g2k81b9,False,t3_ierd2j,False,True,t3_ierd2j,/r/socialism/comments/ierd2j/why_is_this_sub_so_forgiving_of_social_democrats/g2k81b9/,1598165892,1,True,False,socialism,t5_2qjii,,0,[],
[],,Furiosa27,,2-hands,"[{'e': 'text', 't': 'Hammer and Sickle'}]",0c15a4e8-542a-11e5-8127-0e97f1d1897d,Hammer and Sickle,dark,richtext,t2_pc1yx,False,False,[],"The market cannot succeed without imperialism in the 21st century. If america were socialist, the means by which it aquires resources will have to change dramatically. 

If you could get the market to work without exploiting the conditions of other countries this is maybe viable as a stop gap but the market is dependent on others. It's also dependent on trade that would be impacted if the US has a revolution in relative isolation",,1598165298,{},g2k7fby,False,t3_ieyhiq,False,True,t3_ieyhiq,/r/socialism/comments/ieyhiq/market_socialism_vs_decommodified_socialism_hear/g2k7fby/,1598165308,1,True,False,socialism,t5_2qjii,,0,[],
[],,raicopk,transparent,,"[{'e': 'text', 't': 'Salvador Seguí i Rubinat'}]",2c626e76-b85d-11e8-8340-0e8cb9b1f556,Salvador Seguí i Rubinat,dark,richtext,t2_151bl8,False,False,[],"We aren't here to convince anyone. This is a community for socialists, there's countless other subreddits to debate from non-socialist perspectives.",,1598165225,{},g2k7cq1,False,t3_ierd2j,False,True,t1_g2jryaj,/r/socialism/comments/ierd2j/why_is_this_sub_so_forgiving_of_social_democrats/g2k7cq1/,1598165236,1,True,False,socialism,t5_2qjii,,0,[],
[],,jdjsaa,,,[],,,,text,t2_7raeltxp,False,False,[],Y’all all fascists and don’t know it. Socialism and fascism go hand in hand. Just thought I would let you know even though y’all won’t listen.,,1598164987,{},g2k73sb,False,t3_icjm53,False,True,t3_icjm53,/r/socialism/comments/icjm53/monthly_organizing_acomplishments_thread_for/g2k73sb/,1598164997,1,True,False,socialism,t5_2qjii,,0,[],
[],,M0ji_L,,,[],,,,text,t2_citpv,False,False,[],"I have found that effective ways to radicalize liberals involves not bringing up violence. They can come to that conclusion themselves. Infact, thats the way to radicalize em. Make them come to the conclusions themselves.   


Get to know them. Do they care about social justice? if they do, do they care about land back? Reparations? What does that look like to them? Bring up class, indirectly preferably. How were Blacks affected to this day by slavery? Tell them about how police patrol low income neighborhoods disproportionately. The more in contact with police you are, the higher the likely hood you getting murdered. This leads to many people of color getting murdered. Then, talk about the other effects poverty has on people. Help them make the connection that racism isn't individual behavior, which alot of liberals mistake it as something you can solve by callouts, its a systemic problem, and you need different systems to fix these problems.    


You must make the conclusion apparent, but without saying it, through your questions. Class has an affect on people, and that race and class deeply intersect together. They have to come to that conclusion.",,1598164972,{},g2k737k,False,t3_iej2qs,False,True,t3_iej2qs,/r/socialism/comments/iej2qs/rant_i_genuinely_do_not_understand_liberals/g2k737k/,1598164982,1,True,False,socialism,t5_2qjii,,0,[],
[],,GalacticENTpire,,,[],,,,text,t2_eq04h,False,False,[],"I bought MW to play with friends, but I'm gonna hard pass on this one.",,1598164760,{},g2k6v2w,False,t3_id62vh,False,True,t3_id62vh,/r/socialism/comments/id62vh/call_is_duty_cold_war_thoughts_on_this/g2k6v2w/,1598164771,1,True,False,socialism,t5_2qjii,,0,[],
[],,MarFinitor,,,[],,,,text,t2_38h4l2do,False,False,[],Killer title.,,1598164560,{},g2k6nbn,False,t3_ieybox,False,True,t3_ieybox,/r/socialism/comments/ieybox/dance_dance_revolution/g2k6nbn/,1598164570,1,True,False,socialism,t5_2qjii,,0,[],
[],,Ragark,,2-woodyguthrie,"[{'e': 'text', 't': 'Pastures of Plenty must always be free'}]",,Pastures of Plenty must always be free,dark,richtext,t2_4s1ln,False,False,[],"What makes you think this sub's purpose is to convince social democrats? Would you go a gaming subreddit and say ""Why can't I post about books? Good luck getting me to get into gaming!""",,1598164525,{},g2k6lzx,False,t3_ierd2j,False,True,t1_g2jryaj,/r/socialism/comments/ierd2j/why_is_this_sub_so_forgiving_of_social_democrats/g2k6lzx/,1598164535,1,True,False,socialism,t5_2qjii,,0,[],
[],,JoePortagee,,,[],,,,text,t2_669ie,False,False,[],Me too. The wording was pretty bad in this case.,,1598164297,{},g2k6dau,False,t3_ie8knu,False,True,t1_g2efkya,/r/socialism/comments/ie8knu/albert_einstein_was_whitewashed/g2k6dau/,1598164308,1,True,False,socialism,t5_2qjii,,0,[],
[],,Gravelord-_Nito,,,[],,,,text,t2_aulvp,False,True,[],"Socialism is right for everybody

I really don't want to come off sounding like a zealot but there is no future in capitalism. It's a sinking ship and all the problems we're being faced with now are only going to get worse as the tech revolution puts more and more people out of jobs and more of the resources pool in the hands of the wealthy, and as those wealthy solidify their grasp on political power. Every Capitalist argument you hear is patently and blatantly incorrect and unscientific and if you have any you'd like debunked I'd be more than happy to do it for you.",,1598163361,{},g2k5cvi,False,t3_iem8r2,False,True,t1_g2jk2op,/r/socialism/comments/iem8r2/what_socialism_is_and_what_its_not/g2k5cvi/,1598163372,1,True,False,socialism,t5_2qjii,,0,[],
[],,GalacticENTpire,,,[],,,,text,t2_eq04h,False,False,[],This kid is more articulate and politically aware than almost everyone I've ever met in America.,,1598163096,{},g2k52he,False,t3_ie5fjj,False,True,t3_ie5fjj,/r/socialism/comments/ie5fjj/if_he_gets_it/g2k52he/,1598163107,1,True,False,socialism,t5_2qjii,,0,[],
[],,Ajayu,,,[],,,,text,t2_1h6e2lcc,False,False,[],"lol, actually TSE members, particularly it's president, are constantly accused of favoring the MAS. I think they are a vast improvement over last year's TSE. Of those only one at least kept the appearance if impartiality, the rest wore their partisanship (pro-MAS) on their sleeves. 

Like Trump here, there's a 30% of the population that will support Evo no matter what, those came out. The rest largely condemned the blockades and its deadly consequences, to the point that the MAS and Evo ultimately backed down and agreed to the postponement. I wrote a long post about the blockades here:
https://www.reddit.com/r/worldnews/comments/iehpgs/ny_times_as_politicians_clashed_bolivias_pandemic/g2gqrqq?utm_source=share&amp;utm_medium=web2x&amp;context=3

I think the events of last October/November were a civil resistance, a revolution even. Had I been in Bolivia I would have been out protesting the fraud, like millions of Bolivians in all departments (states) were. And I used to be an Evo supporter, I voted for him back in 2009, didn't vote in 2014, and voted in favor of keeping term limits in 2016. He lost me with the TIPNIS situation (2011), better explained here:

https://nacla.org/blog/2011/10/28/bolivia%25E2%2580%2599s-tipnis-road-cancelled-deeper-conflicts-remain-unresolved

Dont think for a second I'm an Añez fan, I'll be voting for Mesa, a left-of-center candidate, who luckily is now tied with the MAS in the polls, having been consistently second this entire time. He's been hitting Añez pretty hard recently. Even during her peak Añez was third in the polling, so unless something drastic happens in the next 7 weeks Mesa and Arce (the MAS candidate) will be facing off in the second round as there will be no clear winner in the first. At the second round the anti-MAS vote will consolidate behind Mesa. The poll from July had Mesa beating Arce by 13 points in a second round, and the poll in August had that growing to 17 points. In terms of the executive it's already over for the MAS, now it's really a battle for congress, were due to some gerrymandering-type laws the MAS has a huge built-in advantage, but we will see. There's virtually no polling on congressional races, so that's anyone guess. (also there is no second round for those, so the anti-MAS vote cannot consolidate behind a single candidate in these races). 

I don't recall in what thread I said this, but my overall summary of the Morales administration is this: 

2006 - 2010 - Amazing
2011 - 2015 - Troubling signs arise
2016 - 2019 - authoritarian regime that disregards the will of the people.

Well thanks again for the civility, this is it for me tonight, might check a little tomorrow.",,1598162868,{},g2k4tdc,False,t3_iesw5q,False,True,t1_g2k28yr,/r/socialism/comments/iesw5q/bbc_spreads_lies_about_evo_morales/g2k4tdc/,1598162879,1,True,False,socialism,t5_2qjii,,0,[],
[],,AgitatedGutterBadger,,,[],,,,text,t2_684j7nbw,False,False,[],"Isn’t democratization of the economy a capitalist economy?

Vote with your dollars by investing in and purchasing from companies you believe in, and let the market decide who wins and who loses.

This meme is just gaslighting bullshit.",,1598162697,{},g2k4ml5,False,t3_iem8r2,False,True,t3_iem8r2,/r/socialism/comments/iem8r2/what_socialism_is_and_what_its_not/g2k4ml5/,1598162708,1,True,False,socialism,t5_2qjii,,0,[],
[],,Jolly_radjur114,,,[],,,,text,t2_7h0g544i,False,False,[],Wrong.,,1598162009,{},g2k3ux3,False,t3_iem8r2,False,True,t3_iem8r2,/r/socialism/comments/iem8r2/what_socialism_is_and_what_its_not/g2k3ux3/,1598162019,1,True,False,socialism,t5_2qjii,,0,[],
[],,FirstwetakeDC,,,[],,,,text,t2_vrorl,False,False,[],scot\* -free,,1598161563,{},g2k3car,False,t3_idr70k,False,True,t1_g2av0qp,/r/socialism/comments/idr70k/after_his_endorsement_of_biden_this_should_be/g2k3car/,1598161574,1,True,False,socialism,t5_2qjii,,0,[],
[],,Dreadbad,,,[],,,,text,t2_npl40,False,False,[],"Do you have a plan for feeding 300+ million people?  Do you have a plan to provide healthcare and medicine to the sick and elderly?        If there is a “revolution”  do you expect food to magically appear in cities when the people who grow all the food are your enemy?    In all likelihood a revolution will lead to millions starving to death in major cities.   As evil as capitalism is, you can’t wave a magic wand and create A socialist state.  You need to plan the transition or you are doomed to failure.",,1598161360,{},g2k33nl,False,t3_iej2qs,False,True,t3_iej2qs,/r/socialism/comments/iej2qs/rant_i_genuinely_do_not_understand_liberals/g2k33nl/,1598161371,1,True,False,socialism,t5_2qjii,,0,[],
[],,Greejmunkle,,,[],,,,text,t2_m4ufs,False,False,[],Exactly... maybe not complete equality of outcome but socialism is about promoting it and reducing inequality,,1598160893,{},g2k2jx2,False,t3_iem8r2,False,True,t1_g2juptb,/r/socialism/comments/iem8r2/what_socialism_is_and_what_its_not/g2k2jx2/,1598160973,1,True,False,socialism,t5_2qjii,,0,[],
[],,Greejmunkle,,,[],,,,text,t2_m4ufs,False,False,[],What? Socialism does promote equality of outcome that’s the whole point.  If we weren’t promoting more equality of outcome we might as well be capitalist.,,1598160715,{},g2k2c73,False,t3_iem8r2,False,True,t3_iem8r2,/r/socialism/comments/iem8r2/what_socialism_is_and_what_its_not/g2k2c73/,1598160871,1,True,False,socialism,t5_2qjii,,0,[],
[],,Nick_________,,2-POUM,"[{'e': 'text', 't': 'POUM'}]",0177bea2-b273-11e5-9825-0e54146fcf07,POUM,dark,richtext,t2_3lqj6bce,False,True,[],"Yea I did know that stuff about the election council but the MAS voted in members who were in line with the opposition


I also don't see how postponing the election was popular considering how there has been larg  scale protests because of the postponements


Let me ask you something would you agree with the statement that the events of November 10th 2019 were a coup",,1598160638,{},g2k28yr,True,t3_iesw5q,False,True,t1_g2k0qvx,/r/socialism/comments/iesw5q/bbc_spreads_lies_about_evo_morales/g2k28yr/,1598160830,1,True,False,socialism,t5_2qjii,,0,[],
[],,Ajayu,,,[],,,,text,t2_1h6e2lcc,False,False,[],"Lol, I signed up originally to talk about MoviePass, then Alist when that came into existence. Once the Bolivian conflicts started last October though I considered it my civic duty to more accurately describe the situation in my country. I still post in r/AMCsAList every now and then, but with 5 months of pandemic there's not much to talk about, other than I'm not ready to go back to the movies until there's a covid-19 vaccine. 

One the indigenous languages in Bolivia is Aymara, of which I know a couple of dozen words, some in Quechua as well. The word ""Ajayu"" means soul/spirit in Aymara.

On that topic, before the pandemic I was also an avid concert goer (which I don't post about on reddit), and I like to film good chunks of the shows I go to. Here's a vid of one show I went to in La Paz in mid-2019,  

[https://youtu.be/yvHzDg3bp0o](https://youtu.be/yvHzDg3bp0o)

but I literally got vids from concerts in and out of Bolivia going back to 2011.

[https://youtu.be/JUeLbLmApqI](https://youtu.be/JUeLbLmApqI)

Feel free to comment in one of those and I can reply to you there.",,1598160615,{},g2k27z9,False,t3_iesw5q,False,True,t1_g2jizvd,/r/socialism/comments/iesw5q/bbc_spreads_lies_about_evo_morales/g2k27z9/,1598160817,1,True,False,socialism,t5_2qjii,,0,[],
[],,Ajayu,,,[],,,,text,t2_1h6e2lcc,False,False,[],"Outside of Bolivia there's a lot of confusion about the election postponement. Añez doesnt have the power to do it, the electoral tribunal (TSE) does. Members of the TSE are selected by the senate which Evo's party (MAS) controls with a 2/3 majority, current TSE members were selected by the MAS. Also the public placed a lot pressure on the TSE to postpone the elections, the TSE finally did a day after a poll came out showing that 64% of the population supported postponement. 

Regarding the lovechild it's actually from the Zapata case, she was claiming their child was still alive, Evo claimed he was dead, information Evo claimed he got from a phone call from Zapata (why wouldn't he attend his son's burial or personally check on Zapata right after giving birth is beyond me). Any press would have a field day with back and forth. Regardless of the child's status, that didn't negate (it actually confirmed) that as president was having a sexual relationship with a teenager half his age. Like I said in one of my posts, this was before #MeToo, if this had exploded now we would all be talking about the power dynamics between Zapata and Morales at the time of the inception. Did she really have the power to say no that relationship? 

Im not sure what you heard of regarding the different parties chances in the coming elections. But Anez, the MAS and a conservative guy named Camacho have been bleeding support. Here's some polls that show voter trajectory:
February 23:
https://www.lostiempos.com/actualidad/pais/20200223/arce-choquehuanca-van-primeros-mesa-esta-segundo-anez-tercera

July 22:
https://www.lostiempos.com/actualidad/pais/20200722/arce-tiene-24-indecisos-mesa-20-anez-cae-16

August 18:
https://www.paginasiete.bo/nacional/2020/8/18/encuesta-arce-mesa-empatan-con-el-23-anez-obtiene-el-12-264898.html

NM's original statement (that she and Morales have been a couple since May and that she went to see him in Mexico/Argentina) was done while Morales was in Argentina. Right now it's believed NM and her family went there, if true her retraction came from Argentina aka from Morales' camp.

There's irrefutable video evidence (from the Argentine press) and published witness accounts (the New Yorker article) that places NM with Morales at both of these countries, so at least those parts of the recantation are untrue, which makes the whole document dubious. It's not uncommon for girls that have been groomed into relationships with powerful men to say there's nothing wrong with it.",,1598159389,{},g2k0qvx,False,t3_iesw5q,False,True,t1_g2jxhx1,/r/socialism/comments/iesw5q/bbc_spreads_lies_about_evo_morales/g2k0qvx/,1598160104,1,True,False,socialism,t5_2qjii,,0,[],
[],,Comrade7878,,fullcommunism,"[{'e': 'text', 't': 'Full Communism'}]",63fae23c-3ee4-11e5-b538-0ec131dbf691,Full Communism,dark,richtext,t2_7oa9vfwy,False,False,[],This happens while anti-vaxxers are allowed to post freely...,,1598159070,{},g2k0cu3,False,t3_iexcvv,False,True,t3_iexcvv,/r/socialism/comments/iexcvv/facebook_has_begun_purging_accounts_tied_to/g2k0cu3/,1598159913,1,True,False,socialism,t5_2qjii,,0,[],
[],,Pooh_Bear,,,[],,,,text,t2_3bj5j,False,False,[],"&gt; First off, I don't believe the average worker is so incredibly dull that they can't understand marxist theory, and so I disagree with the sentiment of attempting to water down theory to appeal to ""the layman"".

It's not that they're ""dull"", but rather that they've been force-fed anti-socialist/anti-communist propaganda their entire lives and have no ideological grounding to understand what these terms really mean. Even supposedly educated people have trouble with this (and are often more brainwashed), so that lack of understanding is not at all unique to working class people. Sure, this definition is somewhat vague, but it does serve as a useful counter to the definition of socialism that most people have been taught to believe, and potentially provides an opening to lead them towards more detailed discussion of the topic.",,1598159019,{},g2k0an8,False,t3_iem8r2,False,True,t1_g2j9dxx,/r/socialism/comments/iem8r2/what_socialism_is_and_what_its_not/g2k0an8/,1598159885,1,True,False,socialism,t5_2qjii,,0,[],
[],,Pooh_Bear,,,[],,,,text,t2_3bj5j,False,False,[],"I'd say it's useful for people who think socialism is when ""the government does stuff"", which is the vast majority of people.",,1598158503,{},g2jznjx,False,t3_iem8r2,False,True,t1_g2jryn9,/r/socialism/comments/iem8r2/what_socialism_is_and_what_its_not/g2jznjx/,1598159572,1,True,False,socialism,t5_2qjii,,0,[],
[],,Condom_falls_off,,,[],,,,text,t2_4wro5fxr,False,False,[],Go fuck yourself.,,1598158364,{},g2jzh4c,False,t3_ietq3y,False,True,t1_g2jvf6i,/r/socialism/comments/ietq3y/the_fight_against_right_and_ultraleft_deviations/g2jzh4c/,1598159484,1,True,False,socialism,t5_2qjii,,0,[],
[],,Condom_falls_off,,,[],,,,text,t2_4wro5fxr,False,False,[],Eat shit lib,,1598158337,{},g2jzfux,False,t3_ietq3y,False,True,t1_g2jm93z,/r/socialism/comments/ietq3y/the_fight_against_right_and_ultraleft_deviations/g2jzfux/,1598159465,1,True,False,socialism,t5_2qjii,,0,[],
[],,Pooh_Bear,,,[],,,,text,t2_3bj5j,False,False,[],"&gt;The entrepreneur class would be eliminated it seems

Or... Expanded to include the people who actually matter when making decisions, as opposed to some investor or group of investors who serve little purpose other than contributing initial capital.

Who do you think *actually* builds these companies?",,1598158323,{},g2jzf7s,False,t3_iem8r2,False,True,t1_g2jl7aj,/r/socialism/comments/iem8r2/what_socialism_is_and_what_its_not/g2jzf7s/,1598159456,1,True,False,socialism,t5_2qjii,,0,[],
[],,SocialismForAll,,,[],,,,text,t2_56zvh2r7,False,False,[],"Sure, why not slander the person who successfully led the USSR through WWII with tired capitalist talking points?",,1598158178,{},g2jz8kp,True,t3_ietq3y,False,True,t1_g2jvf6i,/r/socialism/comments/ietq3y/the_fight_against_right_and_ultraleft_deviations/g2jz8kp/,1598159361,1,True,False,socialism,t5_2qjii,,0,[],
[],,paxrasmussen,,,[],,,,text,t2_5ayf8m9k,False,False,[],Hard to know. The Chinese government isn't known for transparency.,,1598158078,{},g2jz3w6,False,t3_iex275,False,True,t1_g2jxx2y,/r/socialism/comments/iex275/looking_for_more_sources_countering_the_chinese/g2jz3w6/,1598159296,1,True,False,socialism,t5_2qjii,,0,[],
[],,trust-the-praxis,,,[],,,,text,t2_7j74d6qh,False,False,[],Lots of resources to look into here: https://docs.google.com/document/d/1XiHrkJ_zudQZP1hBIBCgJKKAfAILxEG0cmQGrNH8pIU/edit,,1598158067,{},g2jz3fd,False,t3_iex275,False,True,t3_iex275,/r/socialism/comments/iex275/looking_for_more_sources_countering_the_chinese/g2jz3fd/,1598159289,1,True,False,socialism,t5_2qjii,,0,[],
[],,ShiningTortoise,,,[],,,,text,t2_2lsccak5,False,False,[],How many have they killed?,,1598157164,{},g2jxx2y,True,t3_iex275,False,True,t1_g2jxugs,/r/socialism/comments/iex275/looking_for_more_sources_countering_the_chinese/g2jxx2y/,1598158708,1,True,False,socialism,t5_2qjii,,0,[],
[],,kuledude44,,,[],,,,text,t2_11vhkp,False,False,[],"Putting people on trains of a specific faith....

Shaving their hair...

Brain washing them or killing them...

Sounds like a Holocaust to me",,1598157110,{},g2jxugs,False,t3_iex275,False,True,t3_iex275,/r/socialism/comments/iex275/looking_for_more_sources_countering_the_chinese/g2jxugs/,1598158672,1,True,False,socialism,t5_2qjii,,0,[],
[],,KillerKiwiJuice,,,[],,,,text,t2_it5od,False,False,[],"&gt; Your ability to protect your home with a weapon relies on the state, otherwise better armed people could take it from you. 

How is the state involved at any point between me purchasing a house from a company, purchasing a gun from a company, then having the ability to use the gun to protect my home? Do you just mean the police protecting me from someone wanting to rob my home? How is that big government...? I simply don't understand your reasoning. 

Again it's the false equivalence between allow and enforce. Government allows people to own private businesses and hire people, they ENFORCE the laws telling people not to loot these businesses.

Your theoretical socialism enforces the fact that I can't own my own business, and that I must share the means of production with others.",,1598156888,{},g2jxjs1,False,t3_iem8r2,False,True,t1_g2jwlx4,/r/socialism/comments/iem8r2/what_socialism_is_and_what_its_not/g2jxjs1/,1598158528,1,True,False,socialism,t5_2qjii,,0,[],
[],,Nick_________,,2-POUM,"[{'e': 'text', 't': 'POUM'}]",0177bea2-b273-11e5-9825-0e54146fcf07,POUM,dark,richtext,t2_3lqj6bce,False,True,[],"&gt;A question for you, if all these things were exactly the same, but instead of Evo it was Trump, what would you think? I would be screaming guilty from the top of my lungs with the texts alone.


The difference is there wasn't a coup against Trump and now there is a government in there that keeps delaying elections because they know the opposition will lose to any MAS candidate they run up against.


The opposition knows that if they can demonize Evo Morales that will hurt the MAS because Morales is the face of the party.


Ok fine if he said those things that's creepy but it still doesn't prove the accusations being thrown at Morales and we know the Bolivia media is not friendly towards Morales just look at when they had the referendum on extending the term limits and during the run up to the referendum they spent the hole time talking about how he had an "" illegitimate love child"" and that didn't Tern out to be true.


All I'm saying is I don't trust the media or the coup government they are proven liar's and it's in there interests to make this story up.


Like why would the girl retract what she said and claim she was threatened into making that statement if she was the victim of this kind of crime.",,1598156851,{},g2jxhx1,True,t3_iesw5q,False,True,t1_g2jrb0i,/r/socialism/comments/iesw5q/bbc_spreads_lies_about_evo_morales/g2jxhx1/,1598158502,1,True,False,socialism,t5_2qjii,,0,[],
[],,[deleted],,,,,,dark,,,,,[],[removed],,1598156840,{},g2jxhf1,False,t3_ietrmi,False,True,t1_g2jpvl4,/r/socialism/comments/ietrmi/the_brosocialists_only_objective_was_to/g2jxhf1/,1598158494,1,True,False,socialism,t5_2qjii,,0,[],
[],,ShiningTortoise,,,[],,,,text,t2_2lsccak5,False,False,[],"This guy did.

https://youtu.be/7oKvulTU8oU",,1598156705,{},g2jxb42,False,t3_hy9usr,False,True,t1_fzbklab,/r/socialism/comments/hy9usr/notes_on_chinauighur_controversies/g2jxb42/,1598158409,1,True,False,socialism,t5_2qjii,,0,[],
[],,Condom_falls_off,,,[],,,,text,t2_4wro5fxr,False,False,[],"Similar to how the British had good but chose to let Ireland starve to death because the British hated them. 

The capitalist hate the poor and will let them die on the streets even though we have a gluttony of empty houses",,1598156410,{},g2jwx3t,False,t3_iew477,False,True,t3_iew477,/r/socialism/comments/iew477/people_are_getting_evicted_during_a_global/g2jwx3t/,1598158222,1,True,False,socialism,t5_2qjii,,0,[],
[],,mboop127,,,[],,,,text,t2_ke8iu,False,False,[],"When a handful of socialists on reddit are disagreeing with me. 

Feel free to go rally some workers to join your leftist org by telling them you'll abolish the commodity form. If that works, I'll be glad for it.",,1598156303,{},g2jwrva,True,t3_iem8r2,False,True,t1_g2jvkxt,/r/socialism/comments/iem8r2/what_socialism_is_and_what_its_not/g2jwrva/,1598158149,1,True,False,socialism,t5_2qjii,,0,[],
[],,mboop127,,,[],,,,text,t2_ke8iu,False,False,[],"The law is enforced by the state. Your ability to protect your home with a weapon relies on the state, otherwise better armed people could take it from you. 

Supporting capitalism requires supporting a huge militant state",,1598156183,{},g2jwlx4,True,t3_iem8r2,False,True,t1_g2jvp3g,/r/socialism/comments/iem8r2/what_socialism_is_and_what_its_not/g2jwlx4/,1598158066,1,True,False,socialism,t5_2qjii,,0,[],
[],,Steli0Kantos,,,[],,,,text,t2_1qaz6rfd,False,False,[],"Nowadays it just means Nordic style welfare+capitalism. 

It is really hard to get radicalized after that point for a liberal. 

That attitude is there because we are constantly under attack by both alt-right and liberals. Those two fucks are supposed to be enemies but when it comes to fighting socialists, they work in perfect fucking harmony",,1598155831,{},g2jw4ez,False,t3_ierd2j,False,True,t1_g2jv8cz,/r/socialism/comments/ierd2j/why_is_this_sub_so_forgiving_of_social_democrats/g2jw4ez/,1598157828,1,True,False,socialism,t5_2qjii,,0,[],1598156064.0
[],,FreindOfDurruti,,,[],,,,text,t2_5llp5rwv,False,False,[]," *“Well, it is about time that every rebel wakes up to the fact that ""the people"" and the working class have nothing in common.”*  
\--Joe Hill",,1598155754,{},g2jw0pi,False,t3_iem8r2,False,True,t1_g2ixhc4,/r/socialism/comments/iem8r2/what_socialism_is_and_what_its_not/g2jw0pi/,1598157777,1,True,False,socialism,t5_2qjii,,0,[],
[],,KillerKiwiJuice,,,[],,,,text,t2_it5od,False,False,[],"&gt; It's the state. 

Laws deter people... yes. So does private security in businesses, my gun in my home, etc. 

You say this:

&gt; Workers can control and own the means of production without big government. 

Now I say that I'm a worker, looking to work in a business. I claim a section of the business for myself, after all, I am a worker and I own the means of production. Who stops me? The workers? 

&gt; Also, maybe you should be a little concerned by corporations spending billions on ads that influence your choices in life. Would you accept that from a government? 

What's wrong with ads?",,1598155515,{},g2jvp3g,False,t3_iem8r2,False,True,t1_g2juhnp,/r/socialism/comments/iem8r2/what_socialism_is_and_what_its_not/g2jvp3g/,1598157618,1,True,False,socialism,t5_2qjii,,0,[],
[],,sooner2019,,,[],,,,text,t2_11184o,False,False,[],"Authoritarian isn't misused by liberals, it's a fundamentally meaningless term (""On Authority"" by Engels for elaboration). 

Your chain made a load of assumptions that don't necessarily follow. You went from ""everyone"" to ""the only class that would exist after the end of capitalism,"" but democratizing the economy does not bring about that end. Sure, democratizing the economy might mean something if clas society was already toppled but the phrase ""democratization of the economy, that's it"" doesn't entail that end. Hell, even the concept of democracy is a liberal notion that will eventually fall away post-capitalism. 

It's odd to me that you seem hell-bent on defending this when every socialist here is telling you this is not the way to define socialism and obscures our aims.",,1598155428,{},g2jvkxt,False,t3_iem8r2,False,True,t1_g2ju9fl,/r/socialism/comments/iem8r2/what_socialism_is_and_what_its_not/g2jvkxt/,1598157561,1,True,False,socialism,t5_2qjii,,0,[],
[],,Squad_Squirtle,transparent,,"[{'e': 'text', 't': 'Call me out when I misrepresent your position'}]",2c626e76-b85d-11e8-8340-0e8cb9b1f556,Call me out when I misrepresent your position,dark,richtext,t2_12kx7y,False,False,[],There's nothing to defend to the likes of you. You benefit from capitalism. You're a worm and will be treated as such.,,1598155413,{},g2jvk6c,False,t3_iem8r2,False,True,t1_g2jrdar,/r/socialism/comments/iem8r2/what_socialism_is_and_what_its_not/g2jvk6c/,1598157551,1,True,False,socialism,t5_2qjii,,0,[],
