all_awardings,associated_award,author,author_flair_background_color,author_flair_css_class,author_flair_template_id,author_flair_text,author_flair_text_color,awarders,body,collapsed_because_crowd_control,created_utc,gildings,id,is_submitter,link_id,locked,no_follow,parent_id,permalink,retrieved_on,score,send_replies,stickied,subreddit,subreddit_id,total_awards_received,author_flair_richtext,author_flair_type,author_fullname,author_patreon_flair,author_premium,distinguished,edited
[],,[deleted],,,,,dark,[],[removed],,1581158525,{},fgw9cj9,False,t3_f0ppho,False,True,t3_f0ppho,/r/socialism/comments/f0ppho/what_is_rcommunism_about/fgw9cj9/,1581158536,1,True,False,socialism,t5_2qjii,0,,,,,,,
[],,Draech,,,,,,[],Can we start radicalizing users to leftist ideologies now? Can we finally seize the means of YouTube for our own gain??,,1581157315,{},fgw6atl,False,t3_f0phey,False,True,t3_f0phey,/r/socialism/comments/f0phey/research_presented_at_the_acm_fat_2020_conference/fgw6atl/,1581157370,1,True,False,socialism,t5_2qjii,0,[],text,t2_cy3go,False,False,,
[],,Das_Fish,,fullcommunism,63fae23c-3ee4-11e5-b538-0ec131dbf691,Full Communism,dark,[],that’s what we’re working towards,,1581157245,{},fgw5ugf,False,t3_f0jgzi,False,True,t1_fguoyfy,/r/socialism/comments/f0jgzi/did_you_know_that_in_more_developed_countries_its/fgw5ugf/,1581157256,1,True,False,socialism,t5_2qjii,0,"[{'e': 'text', 't': 'Full Communism'}]",richtext,t2_hn85cq1,False,False,,
[],,grayzones,,,,,,[],"It's an alt right sub disguised as a communist sub, any hint that you're leftist of any kind will get you immediately banned. It exists solely to anger newcomers and generally make communists look bad. The entire sub is basically a run by a series of bots generating random anniversaries vaguely related to the USSR. And a sole mod on the prowl for the slightest hint of human activity",,1581157014,{},fgw5cqa,False,t3_f0ppho,False,True,t3_f0ppho,/r/socialism/comments/f0ppho/what_is_rcommunism_about/fgw5cqa/,1581157116,1,True,False,socialism,t5_2qjii,0,[],text,t2_5b0u9w56,False,False,,
[],,merchant2,,,,,,[],Don't worry about it I tried to ask a simple question about how to educate more people on what communism and the different flavors of socialism to break down stereotypes and got booted with no explanation and muted when I asked what I did to warrant such a response. You'd think it'd be important to increase their ranks and bring more members into the fold.,,1581156880,{},fgw52r8,False,t3_f0ppho,False,True,t3_f0ppho,/r/socialism/comments/f0ppho/what_is_rcommunism_about/fgw52r8/,1581156892,1,True,False,socialism,t5_2qjii,0,[],text,t2_3y5ku5lu,False,False,,
[],,orangutanA1,,2-stalin,bb8d7eba-3ee4-11e5-909f-0ebe57f993df,Stalin,dark,[],"Mods are kids and trigger happy.

Still some user make great megathreads about stuff in general and mods cant stop you from reading them.",,1581156874,{},fgw52an,False,t3_f0ppho,False,True,t3_f0ppho,/r/socialism/comments/f0ppho/what_is_rcommunism_about/fgw52an/,1581156886,1,True,False,socialism,t5_2qjii,0,"[{'e': 'text', 't': 'Stalin'}]",richtext,t2_2i4whmn1,False,False,,
[],,Wiwwil,,,,,,[],Sounds like how capitalism work. Taking everything down as well.,,1581156340,{},fgw3l87,False,t3_f0djmb,False,True,t1_fgt39eh,/r/socialism/comments/f0djmb/til_that_because_the_cia_thought_nelson_mandela/fgw3l87/,1581156351,1,True,False,socialism,t5_2qjii,0,[],text,t2_rrjsp,False,False,,
[],,Hairy_Air,,,,,,[],"Yup
He slept with children. He was a complete weirdo but not a paedophile.",,1581155764,{},fgw1vcl,False,t3_f0djmb,False,True,t1_fgw0uae,/r/socialism/comments/f0djmb/til_that_because_the_cia_thought_nelson_mandela/fgw1vcl/,1581155775,1,True,False,socialism,t5_2qjii,0,[],text,t2_5c8hn0gz,False,False,,
[],,Bballbabycakes,,,,,,[],Hell yes. I have been thinking bout this for a bit. We should organize. Is anyone up to messaging to start something?,,1581155738,{},fgw1ti2,False,t3_f0dtb6,False,True,t3_f0dtb6,/r/socialism/comments/f0dtb6/a_student_loan_strike_is_being_organized_thoughts/fgw1ti2/,1581155755,1,True,False,socialism,t5_2qjii,0,[],text,t2_4x9c63w8,False,False,,
[],,vivivox,,anarchy,1ded2232-3ee4-11e5-b102-0e3f27028b2f,Post-Left Tranarchy,dark,[],He still slept with children.,,1581155383,{},fgw0uae,False,t3_f0djmb,False,True,t1_fgvfxkm,/r/socialism/comments/f0djmb/til_that_because_the_cia_thought_nelson_mandela/fgw0uae/,1581155433,1,True,False,socialism,t5_2qjii,0,"[{'e': 'text', 't': 'Post-Left Tranarchy'}]",richtext,t2_x7ov1rv,False,False,,
[],,OliyReddit,,,,,,[],"The CIA and FBI will use any excuse to kill black people and communists/anarchists 

RIP Fred Hampton",,1581155216,{},fgw04z4,False,t3_f0djmb,False,True,t3_f0djmb,/r/socialism/comments/f0djmb/til_that_because_the_cia_thought_nelson_mandela/fgw04z4/,1581155227,1,True,False,socialism,t5_2qjii,0,[],text,t2_xff4e,False,False,,
[],,guspasho,,chavez,861b922a-3f08-11e5-b4ad-0e5ca32a3025,Chavez,dark,[],Sounds about right. The NFL banned public ownership after the city of Green Bay bought the Packers.,,1581154028,{},fgvwps2,False,t3_f0dz78,False,True,t3_f0dz78,/r/socialism/comments/f0dz78/the_madden_gif_maker_has_banned_the_use_of_the/fgvwps2/,1581154039,1,True,False,socialism,t5_2qjii,0,"[{'e': 'text', 't': 'Chavez'}]",richtext,t2_a6w32,False,False,,
[],,guspasho,,chavez,861b922a-3f08-11e5-b4ad-0e5ca32a3025,Chavez,dark,[],They will try and they will fail.,,1581153702,{},fgvw1gu,False,t3_f07apf,False,True,t3_f07apf,/r/socialism/comments/f07apf/the_democratic_party_is_fully_prepared_to_steal/fgvw1gu/,1581153744,1,True,False,socialism,t5_2qjii,0,"[{'e': 'text', 't': 'Chavez'}]",richtext,t2_a6w32,False,False,,
[],,smackerpiller2,,,,,,[],"Yes, I don't recall the scene though.",,1581150881,{},fgvna7b,False,t3_f03z8j,False,True,t1_fgur7bl,/r/socialism/comments/f03z8j/the_rebels_in_star_wars_were_inspired_by_the_viet/fgvna7b/,1581150896,1,True,False,socialism,t5_2qjii,0,[],text,t2_4b4e4,False,False,,
[],,DoctorZeta,,,,,,[],"Presumably for pragmatic reasons, ""to not create a martyr""",,1581150650,{},fgvmtnt,False,t3_f0djmb,False,True,t1_fgv1vxg,/r/socialism/comments/f0djmb/til_that_because_the_cia_thought_nelson_mandela/fgvmtnt/,1581150747,1,True,False,socialism,t5_2qjii,0,[],text,t2_1rt94fku,False,False,,
[],,Zaxio005,,,,,,[],"""Rickard, who was reportedly employed by the CIA until 1978, died in March, two weeks after talking to Irvin in the US.

The CIA declined to comment.""

Hmmm",,1581150133,{},fgvlave,False,t3_f0djmb,False,True,t3_f0djmb,/r/socialism/comments/f0djmb/til_that_because_the_cia_thought_nelson_mandela/fgvlave/,1581150221,1,True,False,socialism,t5_2qjii,0,[],text,t2_p5c9ill,False,False,,
[],,TopperHrly,,,,,,[],"Post removed by moderators.

Of fucking course.",,1581148622,{},fgvgah8,False,t3_f0djmb,False,True,t3_f0djmb,/r/socialism/comments/f0djmb/til_that_because_the_cia_thought_nelson_mandela/fgvgah8/,1581148633,1,True,False,socialism,t5_2qjii,0,[],text,t2_3qecwtnt,False,False,,
[],,Hairy_Air,,,,,,[],Americans literally sent nuclear carrier against India in the bay of Bengal when we were fighting against Pakistan's atrocities in Bangladesh. It was the Russian submarines that prevented American and British entry into the war. Bangladesh was liberated in 13 days.,,1581148604,{},fgvg9bm,False,t3_f0djmb,False,True,t1_fgvd6p7,/r/socialism/comments/f0djmb/til_that_because_the_cia_thought_nelson_mandela/fgvg9bm/,1581148616,1,True,False,socialism,t5_2qjii,0,[],text,t2_5c8hn0gz,False,False,,
[],,freebelion,,,,,,[],I am starting to think that the fear of communism caused more evil compared to anything communism could have ever done.,,1581148514,{},fgvg4cp,False,t3_f0djmb,False,True,t3_f0djmb,/r/socialism/comments/f0djmb/til_that_because_the_cia_thought_nelson_mandela/fgvg4cp/,1581148526,1,True,False,socialism,t5_2qjii,0,[],text,t2_13dshm,False,False,,
[],,Hairy_Air,,,,,,[],"Gandhi used to be a proper, lawful subject of the Empire and a London educated lawyer at that. Of course he was prejudiced against the Africans. In South Africa, he was mostly looking after his Indian countrymen and their upliftment. He even served as a stretcher bearer in the Boer war. Gandhi, in his youth, really believed in the morality of the British empire and was basically trying to ensure that Indians were loyal 'civilized' citizens who deserved to be treated like equals. He had no problem with the subjugation of other nations and races.

It was after he came back to India and witnessed firsthand the atrocities committed on Indian populations that his mind changed and he realized that the British empire in its current form was bad for everyone but her white citizens.

I don't remember which book, but I think Gandhi was quite against the discrimination against the black people, in his later years (1940s). I am not sure of this though.",,1581148389,{},fgvfxkm,False,t3_f0djmb,False,True,t1_fgur9mv,/r/socialism/comments/f0djmb/til_that_because_the_cia_thought_nelson_mandela/fgvfxkm/,1581148399,1,True,False,socialism,t5_2qjii,0,[],text,t2_5c8hn0gz,False,False,,
[],,[deleted],,,,,dark,[],[removed],,1581146697,{},fgvecll,False,t3_ez6aa0,False,True,t3_ez6aa0,/r/socialism/comments/ez6aa0/what_are_you_reading_february_2020/fgvecll/,1581146698,1,True,False,socialism,t5_2qjii,0,,,,,,,
[],,cinicacid,,,,,,[],im not familiar with r/politicalhumor but reddits reccomendation algorithm is really shit,,1581146400,{},fgve3zg,False,t3_f0o6jq,False,True,t3_f0o6jq,/r/socialism/comments/f0o6jq/reddit_said_it/fgve3zg/,1581146401,1,True,False,socialism,t5_2qjii,0,[],text,t2_4twb1spz,False,False,,
[],,noahshamas,,,,,,[],"Americans ask us all the time why most of the world hates them. That's why. Of course the average American had nothing to do with those atrocities, but put yourself in the place of the little guy for once. You guys destroyed democracies and supported coups. Latin America is such a shitshow for a reason",,1581145297,{},fgvd6p7,False,t3_f0djmb,False,True,t3_f0djmb,/r/socialism/comments/f0djmb/til_that_because_the_cia_thought_nelson_mandela/fgvd6p7/,1581145298,1,True,False,socialism,t5_2qjii,0,[],text,t2_2euzoy78,False,False,,
[],,xormybxo,,,,,,[],✊🏻✊🏻✊🏻,,1581143468,{},fgvbkbp,False,t3_f0m7ls,False,True,t3_f0m7ls,/r/socialism/comments/f0m7ls/legend/fgvbkbp/,1581143469,1,True,False,socialism,t5_2qjii,0,[],text,t2_4p0zgtnz,False,False,,
[],,svene,,,,,,[],"Same thing in Vietnam.  From what I've read communism was a means to an end, not a country of true believers.  Then the war, then sad.",,1581142561,{},fgvapru,False,t3_f0djmb,False,True,t3_f0djmb,/r/socialism/comments/f0djmb/til_that_because_the_cia_thought_nelson_mandela/fgvapru/,1581142562,1,True,False,socialism,t5_2qjii,0,[],text,t2_di47i,False,False,,
[],,Cabinettest41,,2-LyudmilaPavlichenko,f5f94ce4-b272-11e5-b8d9-0e21c63396fb,Lyudmila Pavlichenko,dark,[],Description: how capitalism kills by making essential medicine unaffordable.,,1581141887,{},fgva0s2,True,t3_f0nkex,False,True,t3_f0nkex,/r/socialism/comments/f0nkex/xpost/fgva0s2/,1581141888,1,True,False,socialism,t5_2qjii,0,"[{'e': 'text', 't': 'Lyudmila Pavlichenko'}]",richtext,t2_3yq3zmo8,False,False,,
[],,AutoModerator,,hammerandsickle,,Marxism-Skynetism,dark,[],"Original title: Capitalism KILLS

***


*I am a bot, and this action was performed automatically. Please [contact the moderators of this subreddit](/message/compose/?to=/r/socialism) if you have any questions or concerns.*",,1581141815,{},fgv9y1i,False,t3_f0nkex,False,True,t3_f0nkex,/r/socialism/comments/f0nkex/xpost/fgv9y1i/,1581141816,1,False,True,socialism,t5_2qjii,0,"[{'e': 'text', 't': 'Marxism-Skynetism'}]",richtext,t2_6l4z3,False,True,moderator,
[],,b-loved_assassin,,,,,,[],"When in doubt, it's probably the CIA. No, seriously.",,1581140367,{},fgv8gkg,False,t3_f0djmb,False,True,t3_f0djmb,/r/socialism/comments/f0djmb/til_that_because_the_cia_thought_nelson_mandela/fgv8gkg/,1581140368,1,True,False,socialism,t5_2qjii,0,[],text,t2_8l4p0,False,False,,
[],,ComradeEchidna,,,,,,[],Nearly 40years later they and Israel handed Ocalan to Turkey.,,1581140366,{},fgv8gjc,False,t3_f0djmb,False,True,t3_f0djmb,/r/socialism/comments/f0djmb/til_that_because_the_cia_thought_nelson_mandela/fgv8gjc/,1581140367,1,True,False,socialism,t5_2qjii,0,[],text,t2_49tt02w3,False,False,,
[],,FrostyTrenchFoot,,,,,,[],Next should be antifa lmao,,1581138392,{},fgv69rc,False,t3_f0ftwc,False,True,t3_f0ftwc,/r/socialism/comments/f0ftwc/the_fbi_just_put_white_nationalists_and_neonazis/fgv69rc/,1581138394,1,True,False,socialism,t5_2qjii,0,[],text,t2_53pw2ay3,False,False,,
[],,CannaComa,,,,,,[],https://time.com/4231439/bernie-sanders-arrest-photo-civil-rights/,,1581137736,{},fgv5ieg,True,t3_f0m7ls,False,True,t1_fgv3ekc,/r/socialism/comments/f0m7ls/legend/fgv5ieg/,1581137738,1,True,False,socialism,t5_2qjii,0,[],text,t2_2mxb93j7,False,False,,
[],,BGWB1995,,,,,,[],Every day I learn the hypocrisy of my country and life.,,1581137358,{},fgv5272,False,t3_f0djmb,False,True,t3_f0djmb,/r/socialism/comments/f0djmb/til_that_because_the_cia_thought_nelson_mandela/fgv5272/,1581137360,1,True,False,socialism,t5_2qjii,0,[],text,t2_3915zcpd,False,False,,
[],,Ilazyandrunkonteqila,,,,,,[],"To me, it seems one generation builds up our economy (like after ww1 and ww2) and then the next generation messes it up (boomers) and now the millenials have to try and fix it again",,1581137121,{},fgv4s00,False,t3_f0m7dx,False,True,t3_f0m7dx,/r/socialism/comments/f0m7dx/there_is_a_mysterious_cycle_in_human_events_to/fgv4s00/,1581137122,1,True,False,socialism,t5_2qjii,0,[],text,t2_5lvxx19r,False,False,,
[],,Ilazyandrunkonteqila,,,,,,[],"At least Amazon pays a little more than many other companies who require little to no experience or training, it's not much but something I guess.",,1581137017,{},fgv4nf6,False,t3_epz5pt,False,True,t3_epz5pt,/r/socialism/comments/epz5pt/one_does_not_earn_a_billion_dollars_they_steal/fgv4nf6/,1581137018,1,True,False,socialism,t5_2qjii,0,[],text,t2_5lvxx19r,False,False,,
[],,SmilieSmith,,,,,,[],Bernie is the man,,1581136812,{},fgv4ebw,False,t3_f0m7ls,False,True,t3_f0m7ls,/r/socialism/comments/f0m7ls/legend/fgv4ebw/,1581136813,1,True,False,socialism,t5_2qjii,0,[],text,t2_1sbvfaw,False,False,,
[],,nobody_390124,,,,,,[],I believe that's bernie sanders getting arrested at a protest against segregation.,,1581136645,{},fgv46y9,False,t3_f0m7ls,False,True,t1_fgv3ekc,/r/socialism/comments/f0m7ls/legend/fgv46y9/,1581136646,1,True,False,socialism,t5_2qjii,0,[],text,t2_10a26dxh,False,False,,
[],,Adonisus,,gonzo,,A Hero is just a man who knows he's free...,dark,[],That's a young Bernie Sanders being handcuffed while opposing school segregation in Chicagoland.,,1581136612,{},fgv45hx,False,t3_f0m7ls,False,True,t1_fgv3ekc,/r/socialism/comments/f0m7ls/legend/fgv45hx/,1581136613,1,True,False,socialism,t5_2qjii,0,"[{'e': 'text', 't': ""A Hero is just a man who knows he's free...""}]",richtext,t2_mcnlk,False,False,,
[],,CantankerousOrder,,,,,,[],"And nobody was shocked...

I know it's a long, long arc from here to truly free elections, an even longer one until the US reaches socialist policy parity with most of Europe, and forever and two days until parity with Cuba, but I'd really like to be alive for at least the first part.

I mean come on...",,1581136203,{},fgv3ngx,False,t3_f07apf,False,True,t3_f07apf,/r/socialism/comments/f07apf/the_democratic_party_is_fully_prepared_to_steal/fgv3ngx/,1581136204,1,True,False,socialism,t5_2qjii,0,[],text,t2_4syuew96,False,False,,
[],,m00py,,,,,,[],Can someone explain what's going on in this picture?,,1581136006,{},fgv3ekc,False,t3_f0m7ls,False,True,t3_f0m7ls,/r/socialism/comments/f0m7ls/legend/fgv3ekc/,1581136007,1,True,False,socialism,t5_2qjii,0,[],text,t2_ydyjv,False,False,,
[],,elysianism,,,,,,[],"Perfectly said, substance of a commercial. I feel most of Disney's content is pretty much that these days, not made any better by the company being nothing more than an evil, as you say, conglomerate.",,1581135902,{},fgv39uv,False,t3_f03z8j,False,True,t1_fgsf17g,/r/socialism/comments/f03z8j/the_rebels_in_star_wars_were_inspired_by_the_viet/fgv39uv/,1581135902,1,True,False,socialism,t5_2qjii,0,[],text,t2_bttq2,False,False,,
[],,Tripe816,,,,,,[],"Their speed in construction is nothing to snarl about, the building of the hospitals is a good example of such speed.

However, they are not a socialist state. They're state sponsored capitalism with a dose of fascism.

If you don't believe me I'd like to ask how much you think the builders were paid? And also an answer to the detainment camps.",,1581135313,{},fgv2j0q,False,t3_ezret9,False,True,t1_fgpceja,/r/socialism/comments/ezret9/chinas_governance_model_wellsuited_to_confronting/fgv2j0q/,1581135314,1,True,False,socialism,t5_2qjii,0,[],text,t2_nzo1or9,False,False,,
[],,must_not_forget_pwd,,,,,,[],"The world and people are complicated.  Take Thatcher for example.  She repeated called the ANC a terrorist organisation.  However, she was apparently behind the scenes putting pressure on the then South African government not to execute Mandela.",,1581134812,{},fgv1vxg,False,t3_f0djmb,False,True,t3_f0djmb,/r/socialism/comments/f0djmb/til_that_because_the_cia_thought_nelson_mandela/fgv1vxg/,1581134813,1,True,False,socialism,t5_2qjii,0,[],text,t2_wau05,False,False,,
[],,abisiden,,karlmarx,7dc638ce-3ee4-11e5-b8cb-0ef63926eacd,Marx,dark,[],The FBI certainly blamed the Nation...,,1581134064,{},fgv0wx5,False,t3_f0djmb,False,True,t1_fgupocx,/r/socialism/comments/f0djmb/til_that_because_the_cia_thought_nelson_mandela/fgv0wx5/,1581134065,1,True,False,socialism,t5_2qjii,0,"[{'e': 'text', 't': 'Marx'}]",richtext,t2_h7n3n,False,False,,
[],,Boycottprofit,,,,,,[],Bernie must run third party if it's two corporate dog candidates,,1581132763,{},fguz5ek,False,t3_f07apf,False,True,t3_f07apf,/r/socialism/comments/f07apf/the_democratic_party_is_fully_prepared_to_steal/fguz5ek/,1581133030,1,True,False,socialism,t5_2qjii,0,[],text,t2_4spqusz7,False,False,,
[],,Ame_No_Uzume,,,,,,[],Project paper clip baby!,,1581132569,{},fguyv7u,False,t3_f0djmb,False,True,t1_fgu0i23,/r/socialism/comments/f0djmb/til_that_because_the_cia_thought_nelson_mandela/fguyv7u/,1581132878,1,True,False,socialism,t5_2qjii,0,[],text,t2_3wouzxgl,False,False,,
[],,Protochoco,,,,,,[],Lmao explain why,,1581130089,{},fguv3g1,True,t3_f03xpg,False,True,t1_fgu7vg2,/r/socialism/comments/f03xpg/in_honor_of_black_history_month_here_is_a/fguv3g1/,1581130873,1,True,False,socialism,t5_2qjii,0,[],text,t2_1wqdi6gd,False,False,,
[],,Ajitprop,,,,,,[],Conservatives always say they are the most oppressed minority. I really wish every single part of that statement was true.,,1581128429,{},fgusil3,False,t3_f0jgzi,False,True,t3_f0jgzi,/r/socialism/comments/f0jgzi/did_you_know_that_in_more_developed_countries_its/fgusil3/,1581129483,1,True,False,socialism,t5_2qjii,0,[],text,t2_2c7mqb50,False,False,,
[],,KingoftheGinge,,,,,,[],"If you can show beyond doubt that the CIA have prevented more deaths than those which they have caused then I will chew leather.
You're the only one who mentioned bombs.",,1581128101,{},fgus0xs,False,t3_f0djmb,False,True,t1_fgul929,/r/socialism/comments/f0djmb/til_that_because_the_cia_thought_nelson_mandela/fgus0xs/,1581129217,1,True,False,socialism,t5_2qjii,0,[],text,t2_5pwuh,False,False,,
[],,count_vlad_dickula,,,,,,[],Bootlicking fashies are adorable.,,1581128070,{},fgurz8h,False,t3_f0djmb,False,True,t1_fgul929,/r/socialism/comments/f0djmb/til_that_because_the_cia_thought_nelson_mandela/fgurz8h/,1581129191,2,True,False,socialism,t5_2qjii,0,[],text,t2_56nnw98e,False,False,,
[],,count_vlad_dickula,,,,,,[],Kindly go fuck yourself.,,1581127955,{},fgurt2f,False,t3_f0djmb,False,True,t1_fguh3ex,/r/socialism/comments/f0djmb/til_that_because_the_cia_thought_nelson_mandela/fgurt2f/,1581129098,4,True,False,socialism,t5_2qjii,0,[],text,t2_56nnw98e,False,False,,
[],,ElGosso,,,,,,[],"We should be frank - anyone with even a ""middle class"" standard of living in America is having their lifestyle subsidized by cheap goods made through the exploitation of third world labor. We are the world's petit bourgeois.",,1581127946,{},fgurske,False,t3_f0djmb,False,True,t1_fgtpzdd,/r/socialism/comments/f0djmb/til_that_because_the_cia_thought_nelson_mandela/fgurske/,1581129090,1,True,False,socialism,t5_2qjii,0,[],text,t2_2yk37djy,False,False,,
[],,Conquestofbaguettes,,,,,,[],It really kinda was.,,1581127811,{},fgurl27,False,t3_f03z8j,False,True,t1_fgupgyt,/r/socialism/comments/f03z8j/the_rebels_in_star_wars_were_inspired_by_the_viet/fgurl27/,1581128977,1,True,False,socialism,t5_2qjii,0,[],text,t2_135v5f,False,False,,
[],,KingoftheGinge,,,,,,[],"They weren't incorrect, but they were wrong.",,1581127664,{},fgurd5y,False,t3_f0djmb,False,True,t3_f0djmb,/r/socialism/comments/f0djmb/til_that_because_the_cia_thought_nelson_mandela/fgurd5y/,1581128860,1,True,False,socialism,t5_2qjii,0,[],text,t2_5pwuh,False,False,,
[],,WhatAboutBergzoid,,,,,,[],I'm a bit ashamed I also only learned this today.,,1581127612,{},fgurac2,False,t3_f0djmb,False,True,t3_f0djmb,/r/socialism/comments/f0djmb/til_that_because_the_cia_thought_nelson_mandela/fgurac2/,1581128815,1,True,False,socialism,t5_2qjii,0,[],text,t2_771yefx,False,False,,
[],,KingoftheGinge,,,,,,[],Not Ghandi though... he was a racist prick,,1581127598,{},fgur9mv,False,t3_f0djmb,False,True,t1_fgtejtt,/r/socialism/comments/f0djmb/til_that_because_the_cia_thought_nelson_mandela/fgur9mv/,1581128804,1,True,False,socialism,t5_2qjii,0,[],text,t2_5pwuh,False,False,,
[],,Viali7,,,,,,[],Have you seen the Rise of Skywalker yet? That's almost exactly what happens in one scene,,1581127556,{},fgur7bl,False,t3_f03z8j,False,True,t1_fgry9nz,/r/socialism/comments/f03z8j/the_rebels_in_star_wars_were_inspired_by_the_viet/fgur7bl/,1581128769,1,True,False,socialism,t5_2qjii,0,[],text,t2_x7o36,False,False,,
[],,taosk8r,,,,,,[],"Makes me wonder how much more cheating he will be found to be doing (and, in the case of the coin flip, apparently getting away with).",,1581127364,{},fguqww0,False,t3_f0a69d,False,True,t3_f0a69d,/r/socialism/comments/f0a69d/is_buttigieg_americas_juan_guaido_a_cia_asset/fguqww0/,1581128606,1,True,False,socialism,t5_2qjii,0,[],text,t2_grcr,False,False,,
[],,Takyon5,,,,,,[],It was the Nation of Islam. I don’t doubt that the CIA might’ve helped though.,,1581126536,{},fgupocx,False,t3_f0djmb,False,True,t1_fgtw6pz,/r/socialism/comments/f0djmb/til_that_because_the_cia_thought_nelson_mandela/fgupocx/,1581127941,2,True,False,socialism,t5_2qjii,0,[],text,t2_13rdh6,False,False,,
[],,Bureaucromancer,,,,,,[],Honestly.... Numbering the first film IV was his single greatest bit of brilliance.,,1581126397,{},fgupgyt,False,t3_f03z8j,False,True,t1_fgsp8vq,/r/socialism/comments/f03z8j/the_rebels_in_star_wars_were_inspired_by_the_viet/fgupgyt/,1581127832,2,True,False,socialism,t5_2qjii,0,[],text,t2_5clvh,False,False,,
[],,Bureaucromancer,,,,,,[],The general plan was fine. The actual script is the part that was ******* awful.,,1581126345,{},fgupe3w,False,t3_f03z8j,False,True,t1_fgsml0o,/r/socialism/comments/f03z8j/the_rebels_in_star_wars_were_inspired_by_the_viet/fgupe3w/,1581127789,1,True,False,socialism,t5_2qjii,0,[],text,t2_5clvh,False,False,,
[],,orangejuice_vitaminC,,,,,,[],DONALD  “THE DON”  TRUMP IS COMPLETELY AND TOTALLY EXONERATED! ! ! ! ! !,,1581126281,{},fgupais,False,t3_f0jgzi,False,True,t3_f0jgzi,/r/socialism/comments/f0jgzi/did_you_know_that_in_more_developed_countries_its/fgupais/,1581127734,0,True,False,socialism,t5_2qjii,0,[],text,t2_4pc39i4a,False,False,,
[],,Desert-Mystic,,2-redstar1,9417e744-6310-11e5-9e12-12d48f46797b,Semi-Marxist,dark,[],If only being a conservative were illegal. If only.,,1581126064,{},fguoyfy,False,t3_f0jgzi,False,False,t3_f0jgzi,/r/socialism/comments/f0jgzi/did_you_know_that_in_more_developed_countries_its/fguoyfy/,1581127557,4,True,False,socialism,t5_2qjii,0,"[{'e': 'text', 't': 'Semi-Marxist'}]",richtext,t2_4hf8bpgw,False,False,,
[],,matiVHS,,,,,,[],"First of all your situation seems very bad and I'm sorry to hear that.

I'm sorry to say that I don't think you're in a state of mind where a reasonable discussion about those kinds of topics is possible or helpful in any way. I would suggest, and please don't take this as an insult, seek some professional help (social workers, psychiatrist, ....). You're clearly either deeply scarred or currently hurting, possibly both. Both your situation as well as this discussion is obviously not good for you. These are the moments when we are most vulnerable to be manipulated by ideolgies (of any kind) so I'm done arguing mine with you!

Be extremely cautios of everybody that tries to make you take his/her radical position of any kind at this moment given the state you seem to be in (that includes Petersons brand of neo-fascim, radical religious believes and more radical politcal theories and yes that can include different forms of leftism too).

I hope you get better, I really do. When you are and for some odd reason I see a post of you on the net again, I'm happy to have an arguement then.

Take care, I mean it.

&amp;#x200B;

If I recall correctly you live in th UK atm. Why not give the Sane hotline a quick call? It's for emotional support, information and guidance for people affected by mental illness, their families and carers. Maybe they can help you out a bit and if not you're only wasting a couple of minutes, so why not give it a try? The worst that can happen is somebody taking the time to listen to your problems a bit. SANEline is 0300 304 7000 (daily, 4.30pm to 10.30pm)",,1581125864,{},fguond9,False,t3_eztqjd,False,True,t1_fguinfk,/r/socialism/comments/eztqjd/would_a_marxist_fraction_ever_condone_stalin/fguond9/,1581127394,1,True,False,socialism,t5_2qjii,0,[],text,t2_3h0qj6dn,False,False,,1581126815.0
[],,bigblindmax,,2-redstar1,9417e744-6310-11e5-9e12-12d48f46797b,Marxism-Centerism 🇺🇸🔥,dark,[],"Thanks for your contribution but unfortunately we had to remove it as it violates one of our Submission Guidelines:

&gt;**Reactionary Content:** Don't link to or platform fascist/reactionary sites even if it's to criticize or mock them. This includes, but is not limited to Breibart, Fox News, Infowars, etc as well as fascist or reactionary subreddits, and the websites/social media of reactionary political figures, YouTube personalities, or provocateurs. If you feel that such content is of urgent importance or relevance, a screenshot or article from a different source covering the content in question is preferred.

See our [Submission Guidelines](https://www.reddit.com/r/socialism/wiki/index/submissionguidelines) for more info, and feel free to reply to this message with any further questions.

r/Socialism's mod team.",,1581125433,{},fgunz43,False,t3_f0j2dr,False,True,t3_f0j2dr,/r/socialism/comments/f0j2dr/watch_this_its_really_great/fgunz43/,1581127027,1,True,True,socialism,t5_2qjii,0,"[{'e': 'text', 't': 'Marxism-Centerism 🇺🇸🔥'}]",richtext,t2_8w95p,False,False,moderator,
[],,sewsallysew,,,,,,[],"All ideologies last for a maximum of 40 years before there either societally ridiculed and cast out or updated. There’s no ideology in its same form that is around today that would have been accessible to your grandparents at your age. Therefore to see such necessity to anchor yourself to an ideology is beyond me. 

I’m a Christian, I try to follow the first church by following the bible I believe the same politics as my church, but I’m not overly fussed on what they are. They don’t like Brexit and Trump is seen as tacky. We don’t vote, we wouldn’t fight in wars. 

I’m a survivor of socialism, I belong to a very unique group of people. Idk if that’s an ideology. I belong to Scotland, to my neighbourhood.",,1581125383,{},fgunwah,False,t3_eztqjd,False,True,t1_fguk5qa,/r/socialism/comments/eztqjd/would_a_marxist_fraction_ever_condone_stalin/fgunwah/,1581126983,1,True,False,socialism,t5_2qjii,0,[],text,t2_5fascugi,False,False,,
[],,Yellow_013,,,,,,[],"Fidel is a piece of shit, the day he felt down and when he died were the happiest day of my life.",,1581123757,{},fgulg6z,False,t3_f01uue,False,True,t3_f01uue,/r/socialism/comments/f01uue/hey_everyone_i_created_and_mod_on_a_sub_dedicated/fgulg6z/,1581125669,0,True,False,socialism,t5_2qjii,0,[],text,t2_29nvlwy3,False,False,,
[],,VanItten,,,,,,[],"Oh no, the CIA prevented a bombing that would result into lots of deaths... Those assholes...",,1581123612,{},fgul929,False,t3_f0djmb,False,True,t3_f0djmb,/r/socialism/comments/f0djmb/til_that_because_the_cia_thought_nelson_mandela/fgul929/,1581125559,1,True,False,socialism,t5_2qjii,0,[],text,t2_56nnbp9g,False,False,,
[],,TheRealLazloFalconi,,,,,,[],"It also lead to his death, but that was in the other timeline.",,1581123070,{},fgukhu5,False,t3_f0djmb,False,True,t3_f0djmb,/r/socialism/comments/f0djmb/til_that_because_the_cia_thought_nelson_mandela/fgukhu5/,1581125144,1,True,False,socialism,t5_2qjii,0,[],text,t2_oz0un,False,False,,
[],,matiVHS,,,,,,[],"Owells 1984 presents a world where hate speech was/is allowed propagate through society. It becomes the background of the social one can not escape in the private or public sphere. Orwell writes ""The next moment a hideous, grinding speech, as of some monstrous machine running without oil, burst from the big telescreen at the end of the room. It was a noise that set one’s teeth on edge and bristled the hair at the back of one’s neck. The Hate had started."".

I'm not terribly interested in having the free speech fundamentalist/extremist  argument. You said you ""don’t understand why it’s illegal in \[your\] country"" I provided the answer why it is. Take it or leave it.

You claimed you ""actually don’t have a political ideology"". From what I can gather you seem to clearly have one even though it may not be coherent. Thinking of yourself of the sole person free of ideology (especially when having such strong positions as you advanced here in this threat) is strange, to put it mildely. This notion may be the first thing I would suggest you reexamine as this blind spot obfiscates of your own biases to yourself. Leading to gross misreadings/misinterpretations that further spirals you out of the realm of reasonable discussions. Thinking of yourself and hence your positions to be free of ideology leads to a world view by which your ideas become ""true"" in a scientific/technocratic sense by virtue of you believing them. What follows for example is the believe one could bridge the philosophical is/ought gap (between the descriptive and the normative) by means of science. The most prominet person that fall into these kind of trapping was the alt-right atheist guy Sam Harris. Getting out of this mindset may be hardest and most important of all. So good luck with that I guess. A first step might be to consider Zizeks analysis of ideology here is a link to an interview (sorry the interviewer speaks german and Zizek english but the subtitles are good and Zizek does most of the talking anyway): 

   [https://www.youtube.com/watch?v=Zm5tpQp6sT4&amp;t=184s](https://www.youtube.com/watch?v=Zm5tpQp6sT4&amp;t=184s)",,1581122826,{},fguk5qa,False,t3_eztqjd,False,True,t1_fgt03qk,/r/socialism/comments/eztqjd/would_a_marxist_fraction_ever_condone_stalin/fguk5qa/,1581124959,1,True,False,socialism,t5_2qjii,0,[],text,t2_3h0qj6dn,False,False,,
[],,bluewafflestomping,,,,,,[],You are gas lighting. I've made my case. I'm not going to waste anymore of my time explaining this if you're just going to start hurling made up accusations at me instead of addressing the subject at hand.,,1581122804,{},fguk4my,False,t3_ezri4n,False,True,t1_fgucfud,/r/socialism/comments/ezri4n/content_warning_sa_us_soldiers_and_contractors/fguk4my/,1581124945,1,True,False,socialism,t5_2qjii,0,[],text,t2_3kxzk8rw,False,False,,
[],,AutoModerator,,hammerandsickle,,Marxism-Skynetism,dark,[],"Original title: Krystal Ball: Pete, DNC collusion is class warfare

***


*I am a bot, and this action was performed automatically. Please [contact the moderators of this subreddit](/message/compose/?to=/r/socialism) if you have any questions or concerns.*",,1581122057,{},fguj349,False,t3_f0jsp9,False,True,t3_f0jsp9,/r/socialism/comments/f0jsp9/krystal_ball_pete_dnc_collusion_is_class_warfare/fguj349/,1581124389,1,False,True,socialism,t5_2qjii,0,"[{'e': 'text', 't': 'Marxism-Skynetism'}]",richtext,t2_6l4z3,False,True,moderator,
[],,saladcesar,,,,,,[],True. Most centrists are conservatives in the closet.,,1581121873,{},fguitjl,False,t3_ezri4n,False,True,t1_fgp805s,/r/socialism/comments/ezri4n/content_warning_sa_us_soldiers_and_contractors/fguitjl/,1581124245,1,True,False,socialism,t5_2qjii,0,[],text,t2_n19llx8,False,False,,
[],,sewsallysew,,,,,,[],"The primary socialisation is done under the family unit, or should be. There’s lots of behavioural science behind that. 

I didn’t read the second article actually, I just skimmed thru it and saw it made points that fulfilled my conception of what I think about Marxist family roles. The first one I own in a book.

So I don’t have an issue whatsoever with private property. I think the more you assume the more responsibility you get, the more your in a position to help others. That Marxism is basically a really complex serfdom. In terms of bourgeois: firstly, how you define what that is? And secondly are they not highly competent people? Like they can be from misery and turn their lives around through a really fastidious attitude to life? They are the reason we can communicate with one another, the reason we can read. They are people who have looked after me and shown me humanity (total unknown concept until like my 20’s).

Marxism by being so threatened by competition and striving to be your best actually means you’ll always remain functioning at a low level. 

“The thirst for education is already an aristocratic thirst. As soon as there is family or love, there is a desire for property. We shall throttle that desire: we shall unleash drunkenness, scandal, denunciations; we shall unleash unprecedented debauchery; we shall extinguish every genius in his infancy. Everything must be reduced to the common denominator, total equality” 

I never went to school, I had 50% maximum attendance on any report card in junior then left aged 11. No private tuition. Yes, that is illegal in the UK. He abandoned us and my mum lived on a tiny tiny amount of money, spent it all on cigarettes and we had no electricity, no tv, no furniture, no carpet. I was a little girl, my mother was a blind schizophrenic. Albeit the party didn’t know the details they knew enough to put pieces together. 

“Each belongs to all, and all to each. All are slaves and equal in slavery. In extreme cases it will mean deformation and murder, but the main thing is equality. First there will be a drop in the standard of education, in learning and talent. A high level of learning and talent is accessible to the very brainy. We must abolish the brainy! ...... we will execute or exile them.” 

They exiled me and my mum for years, so I’m exiled by a doctrine that means I’m cut off from society, I’m exiled because my mothers schizophrenic, I’m exiled because that party then rejects the fruit that it created, because the horror that is me as a child is too much for them to look at. How awful is that? 

The reason I say KM is I’ve been head banging until I get large bruises, nose bleeds since I was 2. Hospitalised with a brain injury because of a failed suicide attempt aged 5. That mans name is banned from my vocab. I’ll never speak his name allowed. He brought his family to utter destruction. 2 of his daughters committed suicide. I know Eleanor is always cited as having done it because an actor cheated on her, but we all know there’s underlying factors and that man did something terrible. He had a phd. He should have provided for them better. Then there’s the housekeeper, Helen, who never received a wage, back when it was regular done thing to pay your servant, we will never know how many times she was raped. But then there’s the real tragedy of Freddie. 

There’s an NYT article that just really presses on your heart about him  https://www.nytimes.com/1983/03/14/opinion/what-marx-hid.html It does try to moralise KM like he’s a priest who’s had an affair or something, but we all know the blue print for sexual savagery in their works. 

It’s my fault. It’s my fault I didn’t go to kindergarten. Its my fault i headbang. It’s my fault I’m not doing too well as an adult. Completely absolves himself of any sin like it’s nowt. That is a very Marxist thing isn’t it? All those murders and no accountability. 

One of my favourite things to do when drunk around him (I have to be drunk or I self harm) is to make the argument that the current trend/notion of pop cultures version of mental illness (not the bad ones like my mum has) is a kind of radical leftist byproduct. That because you don’t become the best, because of this wonderful Shigalyovism you end up depressed, frustrated etc but rather than understand it and do something about it there’s this whole linguistical, capitalist enterprise that’s making so much money from deluding people and not showing them their true identity as people but rather using abstract terms. I’m like there’s cause and effect. There’s sin. 

He moans at us that he’s suicidal and puts his burdens on me and my mother!!!!!! I just think —- mate, you come from such a lovely home with loving parents, you were so well educated etc (typical Marxist frustration mindset) and I just think, are you having an actual laugh? He literally plays the victim in all of this. And because me and my mum are conservative and go to church we’re quite resilient people, far more than the depressed types at socialist meetings, so we leave him to it to play victim. 

Except when I say “good, I’m glad that you are suicidal because it means that my religion works”. I think that’s what KM’s daughters would have done if they had the courage and support. 

“You will know them by their fruits”. Socialists fruits are conservative Christian children so well done. So many of us have come to God thru socialism. 

Quotes from Dostoevsky, The Possessed. 

Just enjoyed watching this: https://youtu.be/dOmJx8mTnm8",,1581121753,{},fguinfk,True,t3_eztqjd,False,True,t1_fguchka,/r/socialism/comments/eztqjd/would_a_marxist_fraction_ever_condone_stalin/fguinfk/,1581124154,1,True,False,socialism,t5_2qjii,0,[],text,t2_5fascugi,False,False,,
[],,dkwhattocallthis,,,,,,[],"These were mass murderers and eugenicists. They should have been executed, not building rockets.",,1581121569,{},fguie1a,False,t3_f0djmb,False,False,t1_fguh3ex,/r/socialism/comments/f0djmb/til_that_because_the_cia_thought_nelson_mandela/fguie1a/,1581124012,4,True,False,socialism,t5_2qjii,0,[],text,t2_3zcjyh86,False,False,,
[],,saladcesar,,,,,,[],The Abu Ghraib scandal was a can of worm by itself. The abusers like Lynndie England only got a slap on the wrist.,,1581121447,{},fgui80v,False,t3_ezri4n,False,True,t1_fgpmqx4,/r/socialism/comments/ezri4n/content_warning_sa_us_soldiers_and_contractors/fgui80v/,1581123920,2,True,False,socialism,t5_2qjii,0,[],text,t2_n19llx8,False,False,,
[],,[deleted],,,,,dark,[],[removed],,1581121023,{},fguhmk8,False,t3_f0djmb,False,True,t1_fgufvzi,/r/socialism/comments/f0djmb/til_that_because_the_cia_thought_nelson_mandela/fguhmk8/,1581123596,1,True,False,socialism,t5_2qjii,0,,,,,,,
[],,allworlds_apart,,,,,,[],See Kevin Smith’s take on Death Star Contractors.,,1581120790,{},fguhat4,False,t3_f03z8j,False,True,t1_fgrtfc9,/r/socialism/comments/f03z8j/the_rebels_in_star_wars_were_inspired_by_the_viet/fguhat4/,1581123417,1,True,False,socialism,t5_2qjii,0,[],text,t2_3ssr1izk,False,False,,
[],,chingy_daily100,,,,,,[],"Picture shows a twitter post saying g that it's easier to Come out as gay these days than as a Conservative, a point swiftly slain by our hero making it clear that's it's because there's nothing wrong with being gay, stay strong comrades",,1581120684,{},fguh5g1,True,t3_f0jgzi,False,True,t3_f0jgzi,/r/socialism/comments/f0jgzi/did_you_know_that_in_more_developed_countries_its/fguh5g1/,1581123338,1,True,False,socialism,t5_2qjii,0,[],text,t2_4sbgs9mi,False,False,,
[],,adops_dsp,,,,,,[],"Yes, because they were really good at building rockets. Not for their politics.",,1581120643,{},fguh3ex,False,t3_f0djmb,False,True,t1_fgu0i23,/r/socialism/comments/f0djmb/til_that_because_the_cia_thought_nelson_mandela/fguh3ex/,1581123308,-3,True,False,socialism,t5_2qjii,0,[],text,t2_3b77jtb2,False,False,,
[],,AutoModerator,,hammerandsickle,,Marxism-Skynetism,dark,[],"Original title: Coming Out

***


*I am a bot, and this action was performed automatically. Please [contact the moderators of this subreddit](/message/compose/?to=/r/socialism) if you have any questions or concerns.*",,1581120547,{},fgugykf,False,t3_f0jgzi,False,True,t3_f0jgzi,/r/socialism/comments/f0jgzi/did_you_know_that_in_more_developed_countries_its/fgugykf/,1581123228,1,False,True,socialism,t5_2qjii,0,"[{'e': 'text', 't': 'Marxism-Skynetism'}]",richtext,t2_6l4z3,False,True,moderator,
[],,[deleted],,,,,dark,[],[deleted],,1581120428,{},fgugsnh,False,t3_f0djmb,False,True,t3_f0djmb,/r/socialism/comments/f0djmb/til_that_because_the_cia_thought_nelson_mandela/fgugsnh/,1581123135,1,True,False,socialism,t5_2qjii,0,,,,,,,
[],,allworlds_apart,,,,,,[],"I saw ROTS opening night at a theater in DC, just blocks away from the White House... the whole theater broke out in laughter when Ewan McGregor delivered the second line. 

The with us or against us comment is pretty on par for movie villain diatribes, it was the Obi-Wans response that made it such an obvious call out on Bush.",,1581120384,{},fgugqgl,False,t3_f03z8j,False,True,t1_fgrwlzn,/r/socialism/comments/f03z8j/the_rebels_in_star_wars_were_inspired_by_the_viet/fgugqgl/,1581123101,1,True,False,socialism,t5_2qjii,0,[],text,t2_3ssr1izk,False,False,,
[],,Mr-Stalin,transparent,,2c626e76-b85d-11e8-8340-0e8cb9b1f556,PCUSA,dark,[],Fuck that shit. Monetization of medicine is fucked up.,,1581120086,{},fgugb50,False,t3_f0iobu,False,True,t3_f0iobu,/r/socialism/comments/f0iobu/teen_misses_cutoff_age_for_medicine_that_would/fgugb50/,1581122869,1,True,False,socialism,t5_2qjii,0,"[{'e': 'text', 't': 'PCUSA'}]",richtext,t2_3np4hl0f,False,False,,
[],,AutoModerator,,hammerandsickle,,Marxism-Skynetism,dark,[],"Original title: Bernie Sanders Interviews Punks [1988]

***


*I am a bot, and this action was performed automatically. Please [contact the moderators of this subreddit](/message/compose/?to=/r/socialism) if you have any questions or concerns.*",,1581120018,{},fgug7qx,False,t3_f0jd1v,False,True,t3_f0jd1v,/r/socialism/comments/f0jd1v/gen_x_and_bernie_meet_in_a_mall_for_an_exchange/fgug7qx/,1581122820,1,False,True,socialism,t5_2qjii,0,"[{'e': 'text', 't': 'Marxism-Skynetism'}]",richtext,t2_6l4z3,False,True,moderator,
[],,faux_noodles,,,,,,[],"And I hope you free yourself from the toxic anti-communist, pro-authoritarian and pro-capitalist narrative that poisons mankind. Your passion could actually be useful if it was focused on the right things.",,1581119793,{},fgufvzi,False,t3_f0djmb,False,False,t1_fguert3,/r/socialism/comments/f0djmb/til_that_because_the_cia_thought_nelson_mandela/fgufvzi/,1581122647,6,True,False,socialism,t5_2qjii,0,[],text,t2_5t1hwn,False,False,,
[],,nefastvs,,connoly1,,Connolly,dark,[],I made a promise years ago no not give the banks a red cent for my education. Been in 0-pay since.,,1581119780,{},fgufvbm,False,t3_f0dtb6,False,True,t3_f0dtb6,/r/socialism/comments/f0dtb6/a_student_loan_strike_is_being_organized_thoughts/fgufvbm/,1581122636,1,True,False,socialism,t5_2qjii,0,"[{'e': 'text', 't': 'Connolly'}]",richtext,t2_cusp1,False,False,,
[],,Dark-X,,,,,,[],Works fine for me :/,,1581119740,{},fguft9r,False,t3_ezri4n,False,True,t1_fgr5wat,/r/socialism/comments/ezri4n/content_warning_sa_us_soldiers_and_contractors/fguft9r/,1581122603,1,True,False,socialism,t5_2qjii,0,[],text,t2_6dx80,False,False,,
[],,DukatenDonald,,,,,,[],"Uh no, My bag got surched. This Must be a totalitarian regime.",,1581119543,{},fgufiv6,False,t3_f0j2dr,False,True,t3_f0j2dr,/r/socialism/comments/f0j2dr/watch_this_its_really_great/fgufiv6/,1581122446,1,True,False,socialism,t5_2qjii,0,[],text,t2_k2pd6q,False,False,,
[],,taquaria,,,,,,[],No problem! And it's going to eventually get to a point where I'll have to hang it up and go study. We can all do something.,,1581119196,{},fguf0s0,False,t3_f07apf,False,True,t1_fgsz42m,/r/socialism/comments/f07apf/the_democratic_party_is_fully_prepared_to_steal/fguf0s0/,1581122169,1,True,False,socialism,t5_2qjii,0,[],text,t2_3mwxoqpz,False,False,,
[],,Red_Cocktober,,,,,,[],I hope you get Coronavirus.,,1581119025,{},fguert3,False,t3_f0djmb,False,True,t1_fgucxv5,/r/socialism/comments/f0djmb/til_that_because_the_cia_thought_nelson_mandela/fguert3/,1581122026,-7,True,False,socialism,t5_2qjii,0,[],text,t2_2fh2qcus,False,False,,
[],,[deleted],,,,,dark,[],[removed],,1581118913,{},fguelw5,False,t3_eysnd6,False,True,t1_fgizs6w,/r/socialism/comments/eysnd6/iowa_caucus_is_depressing/fguelw5/,1581121932,1,True,False,socialism,t5_2qjii,0,,,,,,,
[],,KanataTheVillage,,,,,,[],"The invasion and forced removal of Wet'suwet'en citizens from their lands is in direct violation of [UNDRIP Article 10](https://www.un.org/development/desa/indigenouspeoples/wp-content/uploads/sites/19/2018/11/UNDRIP_E_web.pdf):

&gt;Indigenous peoples shall not be forcibly removed from their lands or territories. No relocation shall take place without the free, prior and informed consent of the indigenous peoples concerned and after agreement on just and fair compensation and, where possible, with the option of return.",,1581118842,{},fguei50,True,t3_f0j3qa,False,True,t3_f0j3qa,/r/socialism/comments/f0j3qa/at_this_moment_in_northern_british_columbia_the/fguei50/,1581121876,1,True,False,socialism,t5_2qjii,0,[],text,t2_3drupwl5,False,False,,
[],,AutoModerator,,hammerandsickle,,Marxism-Skynetism,dark,[],"Original title: Everything You've Ever Seen About Cuba Is A Lie

***


*I am a bot, and this action was performed automatically. Please [contact the moderators of this subreddit](/message/compose/?to=/r/socialism) if you have any questions or concerns.*",,1581118651,{},fgue821,False,t3_f0j2dr,False,True,t3_f0j2dr,/r/socialism/comments/f0j2dr/watch_this_its_really_great/fgue821/,1581121717,1,False,True,socialism,t5_2qjii,0,"[{'e': 'text', 't': 'Marxism-Skynetism'}]",richtext,t2_6l4z3,False,True,moderator,
[],,[deleted],,,,,dark,[],[deleted],,1581118168,{},fgudinh,False,t3_epz5pt,False,True,t3_epz5pt,/r/socialism/comments/epz5pt/one_does_not_earn_a_billion_dollars_they_steal/fgudinh/,1581121325,1,True,False,socialism,t5_2qjii,0,,,,,,,
[],,hariseldon2,,,,,,[],"&gt;TIL That because the CIA are fascists...

Ftfy",,1581118160,{},fgudi8b,False,t3_f0djmb,False,True,t3_f0djmb,/r/socialism/comments/f0djmb/til_that_because_the_cia_thought_nelson_mandela/fgudi8b/,1581121319,2,True,False,socialism,t5_2qjii,0,[],text,t2_9377o,False,False,,
[],,faux_noodles,,,,,,[],We (or someone) just has to make sure the price is paid.,,1581117780,{},fgucxv5,False,t3_f0djmb,False,True,t1_fgtn5e2,/r/socialism/comments/f0djmb/til_that_because_the_cia_thought_nelson_mandela/fgucxv5/,1581121004,2,True,False,socialism,t5_2qjii,0,[],text,t2_5t1hwn,False,False,,
[],,matiVHS,,,,,,[],"First of all even though Weikart obviously has a very critical reading of marxist theory, I really enjoyed this article nevertheless. So thanks for that. One should point out though that Weikarts believe in concepts like intelligent design and general position on  evolution/Darwin seem to inform his views at times. His works are controversial in the academic sphere, so a heads up for all readers is necessary.

Looking at his reading of the term ""Erziehung"" for example one can see a lack of academic rigor masked behind the fact that most readers are not native germans. To a German like myself the term refers to something very uncontroversial: (goal oriented) socialisation (especially in childhood). It is obvious that ""Erziehung"" is done not only by the partens but by different actors in society. Priests, schools, coaches of sports teams, elder siblings/grand parents, teachers of music/art, child care workers, ... all ""erziehen""/ raise a child in that sense. To suggest that ""Erziehung"" can/should be done solely by the parents is absurd. One has to remember that bourgeoise families (especially during this period but also today) live a highly insulated life from the rest of society. Marx and Engels argument, that this insulation of the rich children from influces of the public sphere will stop ones there is no rich elite anymore,  follows naturally from an analysis of material influences on society. It's an argument against elitism and for the emancipation of children from the shackles of the economic conditions of their parents in the most formative years of their lives. Public programms teaching art, music, sport, knowledge (so schools, tutoring programms, ...) today are well established (because the left pushed for them) in first world countries but that wasn't the case in Engels/Marx lifetime. They observed first hand the impacts of the sort of child labor that in todays globalized world is just outsourced into other countries. Look at Weikarts analysis of Marx life: ""Part of the reason for his financial problems was his alacrity to spend beyond his income to provide various amenities for his children, including private tutoring in languages, music, and drama."". Marxist views on family are based on the fact that this kind of ""Erziehung"" should be made availible to all children not just to the rich or the ones whose parents have rich friends to found it for them. 

I won't do a complete critique of your cited works (because that would take me a loooooooong ass time) but I think even just focusing on maybe this one or two sentences of this article (that with serious academic rigor would have to be a book/article in itself) for a bit one can see the sort of problems Weikarts works are riddled with through and through. It's a mixture of selective uncharitable readings (even missreadings at times) used to establish a conclusion he had from the beginning. This kind of approach is what brought criticism about his other works too I think. For this article I would share Strobls critique of Weikart  (I think it was against his ""From Darwin to Hitler"") that it ""reads like a mixture of a television voiceover and the worst kind of undergraduate essay"".",,1581117475,{},fguchka,False,t3_eztqjd,False,True,t1_fgspy5a,/r/socialism/comments/eztqjd/would_a_marxist_fraction_ever_condone_stalin/fguchka/,1581120751,1,True,False,socialism,t5_2qjii,0,[],text,t2_3h0qj6dn,False,False,,
[],,SunBurnCruton_11,,,,,,[],"Dude you tried to say the President pardons rapists and compared that idea to the EG case, and you didn't even know what the EG case was about. You said it was all about PR... thats pretty sad how you belittle the victims of rape and there plight... How you say the President would free the people guilty over a PR move. thats pretty sick.",,1581117443,{},fgucfud,False,t3_ezri4n,False,True,t1_fgu0l5r,/r/socialism/comments/ezri4n/content_warning_sa_us_soldiers_and_contractors/fgucfud/,1581120725,1,True,False,socialism,t5_2qjii,0,[],text,t2_1q9npism,False,False,,
[],,Broncattus,,,,,,[],rise up and destroy the Electoral College,,1581116979,{},fgubr25,False,t3_f07apf,False,True,t3_f07apf,/r/socialism/comments/f07apf/the_democratic_party_is_fully_prepared_to_steal/fgubr25/,1581120342,2,True,False,socialism,t5_2qjii,0,[],text,t2_8apnxc,False,False,,
[],,Broncattus,,,,,,[],"Good! We need more of it. More strikes, riots, protests, and revolutions!",,1581116952,{},fgubpkx,False,t3_f0dtb6,False,True,t3_f0dtb6,/r/socialism/comments/f0dtb6/a_student_loan_strike_is_being_organized_thoughts/fgubpkx/,1581120319,1,True,False,socialism,t5_2qjii,0,[],text,t2_8apnxc,False,False,,
