all_awardings,associated_award,author,author_flair_background_color,author_flair_css_class,author_flair_richtext,author_flair_template_id,author_flair_text,author_flair_text_color,author_flair_type,author_fullname,author_patreon_flair,author_premium,awarders,body,collapsed_because_crowd_control,comment_type,created_utc,gildings,id,is_submitter,link_id,locked,no_follow,parent_id,permalink,retrieved_on,score,send_replies,stickied,subreddit,subreddit_id,top_awarded_type,total_awards_received,treatment_tags,distinguished,author_cakeday
[],,Kudzu87,,,[],,,,text,t2_3t4lxn0l,False,False,[],I got a B+ in his Marxian Econ class.,,,1617310220,{},gt2mxca,False,t3_mhwvas,False,False,t3_mhwvas,/r/socialism/comments/mhwvas/to_achieve_a_society_that_exhibits_liberty/gt2mxca/,1617313176,1,True,False,socialism,t5_2qjii,,0,[],,
[],,knightsofmars,,,[],,,,text,t2_emg1m,False,False,[],"I mean the comment above says ""eat the rich"" and it's still up so idk maybe they're after me.",,,1617309741,{},gt2lwm6,True,t3_mi0rlc,False,True,t1_gt2l5kf,/r/socialism/comments/mi0rlc/uuhhh_is_this_new/gt2lwm6/,1617312654,1,True,False,socialism,t5_2qjii,,0,[],,
[],,ttxd_88,,,[],,,,text,t2_9vhlzvb3,False,False,[],Is 'consume the wealthy' or 'devour the moneyed‘ acceptable?,,,1617309394,{},gt2l5kf,False,t3_mi0rlc,False,False,t3_mi0rlc,/r/socialism/comments/mi0rlc/uuhhh_is_this_new/gt2l5kf/,1617312272,1,True,False,socialism,t5_2qjii,,0,[],,
[],,redstarjedi,,2-tito,"[{'e': 'text', 't': 'Tito'}]",,Tito,dark,richtext,t2_ap116,False,False,[],"Love this guy, wish he was 20 years younger. Need a new crop like him. NO YOUTUBERS. Actual young-ish left academics.",,,1617308337,{},gt2iuar,False,t3_mhwvas,False,False,t3_mhwvas,/r/socialism/comments/mhwvas/to_achieve_a_society_that_exhibits_liberty/gt2iuar/,1617311092,1,True,False,socialism,t5_2qjii,,0,[],,
[],,trippingbilly0304,,,[],,,,text,t2_ah421,False,False,[],"Youngstown Ohio checking in!   

Wolff was originally raised here in the rust belt.",,,1617308044,{},gt2i81b,False,t3_mhwvas,False,True,t1_gt1b7hb,/r/socialism/comments/mhwvas/to_achieve_a_society_that_exhibits_liberty/gt2i81b/,1617310774,1,True,False,socialism,t5_2qjii,,0,[],,
[],,East_River,,,[],,,,text,t2_a51vm,False,False,[],"This would be capitalism. The cooperatives would be in market competition with each other, would have to take business from competitors and ultimately cut their own wages/renumeration in order to compete. Better than present-day capitalism because surplus value would be distributed among the workers instead of being taken by executives or Wall Street, but it'd still be capitalism and the wages of cooperative members would remain commodities, just as they are today.",,,1617307926,{},gt2hz4d,False,t3_mhj39q,False,True,t3_mhj39q,/r/socialism/comments/mhj39q/would_cooperative_cooperations_competing_in_a/gt2hz4d/,1617310651,1,True,False,socialism,t5_2qjii,,0,[],,
[],,ieatedjesus,,hochiminh,"[{'e': 'text', 't': 'Uncle Ho'}]",d53fe0e6-54ab-11e5-9c88-0e7e6ff966a1,Uncle Ho,dark,richtext,t2_5s287,False,False,[],"On more thing to add to the other comments is Promotion of sports - in the GDR for example, factories had their own sports teams which would compete with other factories.",,,1617307393,{},gt2guku,False,t3_mhz9us,False,True,t3_mhz9us,/r/socialism/comments/mhz9us/how_would_socialism_solve_obesity_problems/gt2guku/,1617310075,1,True,False,socialism,t5_2qjii,,0,[],,
[],,bagman_,,,[],,,,text,t2_jcgjs,False,False,[],"Him and ed asner have the same voice and similar politics, the only boomers i like",,,1617306879,{},gt2fqlq,False,t3_mhwvas,False,True,t1_gt204u1,/r/socialism/comments/mhwvas/to_achieve_a_society_that_exhibits_liberty/gt2fqlq/,1617309511,1,True,False,socialism,t5_2qjii,,0,[],,
[],,amandadasaro,,,[],,,,text,t2_4g7u7rlj,False,False,[],primary sources only!,,,1617306717,{},gt2fdyw,False,t3_m4qwm3,False,True,t3_m4qwm3,/r/socialism/comments/m4qwm3/becoming_a_us_history_teacher_without_falling_for/gt2fdyw/,1617309335,1,True,False,socialism,t5_2qjii,,0,[],,
[],,SirDigbySelfie-Stick,,gramsci,"[{'e': 'text', 't': 'Gramsci'}]",68a44dbe-3ee4-11e5-883d-0e5ca32a3025,Gramsci,dark,richtext,t2_19v8ntmq,False,False,[],There are a decent number of septuagenarian and octogenarian Marxist academics and teachers out there. Even better news is that there are many young ones too 👍🏽,,,1617306596,{},gt2f4qn,False,t3_mhwvas,False,False,t1_gt204u1,/r/socialism/comments/mhwvas/to_achieve_a_society_that_exhibits_liberty/gt2f4qn/,1617309205,1,True,False,socialism,t5_2qjii,,0,[],,
[],,b01sh3v1k,,,[],,,,text,t2_8646qi3o,False,False,[],"He also just started doing a weekly economics segment on The Socialist Program podcast. It’s really great, love Dr. Wolff.",,,1617306594,{},gt2f4j9,False,t3_mhwvas,False,True,t1_gt1p714,/r/socialism/comments/mhwvas/to_achieve_a_society_that_exhibits_liberty/gt2f4j9/,1617309202,1,True,False,socialism,t5_2qjii,,0,[],,
[],,ImanShumpertplus,,,[],,,,text,t2_lalvy,False,False,[],"did you buy the books? i want to support him, but i’m also entirely a library reader and i am having trouble finding his work (surprise surprise)",,,1617306587,{},gt2f40q,False,t3_mhwvas,False,True,t1_gt1iu0f,/r/socialism/comments/mhwvas/to_achieve_a_society_that_exhibits_liberty/gt2f40q/,1617309195,1,True,False,socialism,t5_2qjii,,0,[],,
[],,11SomeGuy17,,,[],,,,text,t2_p9lskmk,False,False,[],"I mean, advertising is an issue. But the majority of people know that fast food tastes like trash compared to a home-cooked meal. A burger made at home will always taste better than one from McDonald's. I'm sure it effects children a lot but most adults know better. All the advertising does is amply the effect of the other issues more than actually causing it itself. Advertising is probably most dangerous to children but after growing up most people begin to tune out advertisements as background noise. At least I do. After all, they are only actually effective if you pay attention.",,,1617306263,{},gt2edxu,False,t3_mhz9us,False,True,t1_gt28iok,/r/socialism/comments/mhz9us/how_would_socialism_solve_obesity_problems/gt2edxu/,1617308835,1,True,False,socialism,t5_2qjii,,0,[],,
[],,AutoModerator,,,[],,,,text,t2_6l4z3,False,True,[],"Your [submission](https://www.reddit.com/r/socialism/comments/mi3ac2/free_love_and_peace/ in /r/socialism) has been automatically removed because you used an emoji or other similar symbol. This is part of an ongoing attempt to promote an increase in the quality discourse of the subreddit. Please retry your submission using text characters only.

*I am a bot, and this action was performed automatically. Please [contact the moderators of this subreddit](/message/compose/?to=/r/socialism) if you have any questions or concerns.*",,,1617306187,{},gt2e7v6,False,t3_mi3ac2,False,True,t3_mi3ac2,/r/socialism/comments/mi3ac2/free_love_and_peace/gt2e7v6/,1617308752,1,False,False,socialism,t5_2qjii,,0,[],moderator,
[],,SecretOfficerNeko,,,[],,,,text,t2_oywci,False,False,[],I love that this new revitalization of the US labor movement is starting in the deep red states.,,,1617306151,{},gt2e4q3,False,t3_mi0md7,False,True,t3_mi0md7,/r/socialism/comments/mi0md7/1100_mine_workers_in_alabama_are_going_on_strike/gt2e4q3/,1617308709,1,True,False,socialism,t5_2qjii,,0,[],,
[],,[deleted],,,,,,dark,,,,,[],[removed],,,1617305978,{},gt2dqyo,False,t3_mi1cf8,False,True,t3_mi1cf8,/r/socialism/comments/mi1cf8/what_do_you_call_a_nice_republican/gt2dqyo/,1617308511,1,True,False,socialism,t5_2qjii,,0,[],,
[],,Eotheod0092,,demsoc,"[{'e': 'text', 't': 'Democratic Socialism'}]",99426c94-3ee4-11e5-ad95-0e5e20c89e15,Democratic Socialism,dark,richtext,t2_5razvejy,False,False,[],I'd have to meet one first.,,,1617304833,{},gt2bagc,False,t3_mi1cf8,False,True,t3_mi1cf8,/r/socialism/comments/mi1cf8/what_do_you_call_a_nice_republican/gt2bagc/,1617307230,1,True,False,socialism,t5_2qjii,,0,[],,
[],,funkmastermcflash,,,[],,,,text,t2_sitn7,False,False,[],"My bad, I remember reading about the obesity epidemic during the Holodomor.",,,1617304811,{},gt2b8t9,False,t3_mhz9us,False,True,t1_gt288zc,/r/socialism/comments/mhz9us/how_would_socialism_solve_obesity_problems/gt2b8t9/,1617307206,1,True,False,socialism,t5_2qjii,,0,[],,
[],,ttxd_88,,,[],,,,text,t2_9vhlzvb3,False,False,[],"Is that any different from Taoism as a Religion and Philosophy? It seems to me that people in the west take in what they want from ""Eastern Philosophies"" and create something utterly unrecognizable to the actual practitioner of said ""Eastern Philosophy"", such as the attempt to ""secularize"" Buddhism and Taoism, ignoring all the clearly supernatural parts of it, like the Buddhist cosmology of Devas, Rakshas, Ashuras, etc. or the Taoist world populated by immortals and saints and gods you need to offer sacrifices to if you want to get in their good graces. It is fine, if a bit orientalist (in Said's sense), but at its core, Taoism, Christianity, Buddhism, Hinduism, etc. are all fundamentally there to uphold the status quo.",,,1617304801,{},gt2b81m,False,t3_mht8nz,False,True,t1_gt22w4s,/r/socialism/comments/mht8nz/are_taoism_and_socialism_compatible/gt2b81m/,1617307195,1,True,False,socialism,t5_2qjii,,0,[],,
[],,[deleted],,,,,,dark,,,,,[],[removed],,,1617304242,{},gt2a0kj,False,t3_mi1cf8,False,True,t1_gt29y3o,/r/socialism/comments/mi1cf8/what_do_you_call_a_nice_republican/gt2a0kj/,1617306575,1,True,False,socialism,t5_2qjii,,0,[],,
[],,ihopeirememberthisun,,,[],,,,text,t2_895z4,False,False,[],"I know, but it’s worth remembering that all proponents of liberalism (even the more right-wing liberals like Republicans) are either ignorant or manipulative, greedy assholes.",,,1617304211,{},gt29y3o,False,t3_mi1cf8,False,True,t1_gt29po3,/r/socialism/comments/mi1cf8/what_do_you_call_a_nice_republican/gt29y3o/,1617306540,1,True,False,socialism,t5_2qjii,,0,[],,
[],,thecoldestplay,,,[],,,,text,t2_9y38f1og,False,False,[],Coupled with better studies &amp; education on nutrition this makes the most sense,,,1617304106,{},gt29px1,False,t3_mhz9us,False,True,t1_gt1x7e3,/r/socialism/comments/mhz9us/how_would_socialism_solve_obesity_problems/gt29px1/,1617306420,1,True,False,socialism,t5_2qjii,,0,[],,
[],,ctnfpiognm,,,[],,,,text,t2_4epznt5q,False,False,[],I meant someone who appears nice in public like joe biden,,,1617304103,{},gt29po3,True,t3_mi1cf8,False,True,t1_gt29f22,/r/socialism/comments/mi1cf8/what_do_you_call_a_nice_republican/gt29po3/,1617306416,1,True,False,socialism,t5_2qjii,,0,[],,
[],,ihopeirememberthisun,,,[],,,,text,t2_895z4,False,False,[],There’s nothing nice about serving corporate interests while pretending to care about your constituents.,,,1617303967,{},gt29f22,False,t3_mi1cf8,False,True,t3_mi1cf8,/r/socialism/comments/mi1cf8/what_do_you_call_a_nice_republican/gt29f22/,1617306265,1,True,False,socialism,t5_2qjii,,0,[],,
[],,HogarthTheMerciless,,,[],,,,text,t2_h3fgk,False,False,[],Don't forget advertising: https://youtu.be/-cuM5CWYJuM,,,1617303547,{},gt28iok,False,t3_mhz9us,False,True,t1_gt1s7u4,/r/socialism/comments/mhz9us/how_would_socialism_solve_obesity_problems/gt28iok/,1617305805,1,True,False,socialism,t5_2qjii,,0,[],,
[],,throwaway1286346,,,[],,,,text,t2_8uizw4gy,False,False,[],"Mobile and itch mainly, available for both windows and Linux(don't have a Mac so I can't test it) currently have some of the story details down as well as the spell creation",,,1617303481,{},gt28dm6,False,t3_mex1ze,False,True,t1_gszz6au,/r/socialism/comments/mex1ze/having_been_checking_out_rsocialism_for_about_a/gt28dm6/,1617305734,1,True,False,socialism,t5_2qjii,,0,[],,
[],,HogarthTheMerciless,,,[],,,,text,t2_h3fgk,False,False,[],"Tell me again which system feeds all citizens to the best of their ability as a human right, and which system let's people starve while others own mega yachts, and spend a few grand just on dinner?",,,1617303422,{},gt288zc,False,t3_mhz9us,False,True,t1_gt25qhk,/r/socialism/comments/mhz9us/how_would_socialism_solve_obesity_problems/gt288zc/,1617305671,1,True,False,socialism,t5_2qjii,,0,[],,
[],,goldenboyr420,,,[],,,,text,t2_40e32t1h,False,False,[],Looo9ooll aghhahahag,,,1617303162,{},gt27oqu,True,t3_mhz9us,False,True,t1_gt25qhk,/r/socialism/comments/mhz9us/how_would_socialism_solve_obesity_problems/gt27oqu/,1617305379,1,True,False,socialism,t5_2qjii,,0,[],,
[],,ihopeirememberthisun,,,[],,,,text,t2_895z4,False,False,[],It took them long enough.,,,1617303143,{},gt27n6v,False,t3_mi0md7,False,True,t1_gt25psu,/r/socialism/comments/mi0md7/1100_mine_workers_in_alabama_are_going_on_strike/gt27n6v/,1617305356,1,True,False,socialism,t5_2qjii,,0,[],,
[],,Keegsta,,blank,"[{'e': 'text', 't': 'Marxist'}]",,Marxist,dark,richtext,t2_9i1qy,False,False,[],"No, no, no, that's republicans, we're talking about Republicans. Big difference.",,,1617302638,{},gt26k1d,False,t3_mi1cf8,False,True,t1_gt23cp9,/r/socialism/comments/mi1cf8/what_do_you_call_a_nice_republican/gt26k1d/,1617304791,1,True,False,socialism,t5_2qjii,,0,[],,
[],,MDKMurd,,,[],,,,text,t2_axbe7dsq,False,False,[],"The history department at my college was full of Marxist historians who used historical materialism and stressed this approach to historical research. I guess I am lucky to know a few Marxist boomers, they were Latin Americanists which probably influenced their ideologies.",,,1617302545,{},gt26cx4,False,t3_mhwvas,False,True,t1_gt204u1,/r/socialism/comments/mhwvas/to_achieve_a_society_that_exhibits_liberty/gt26cx4/,1617304690,1,True,False,socialism,t5_2qjii,,0,[],,
[],,zezar911,,,[],,,,text,t2_5hu2sxjn,False,False,[],"i would say richard wolff de-radicalized me, got me thinking about tangible solutions instead of rhetoric.

smart guy. turned me from an armchair socialist into someone who can actually speak with some semblance of authority and credibility on the topic of market economics.",,,1617302441,{},gt2653b,False,t3_mhwvas,False,True,t1_gt2007q,/r/socialism/comments/mhwvas/to_achieve_a_society_that_exhibits_liberty/gt2653b/,1617304575,1,True,False,socialism,t5_2qjii,,0,[],,
[],,bolt704,,2-JohnBrown,"[{'e': 'text', 't': 'John Brown'}]",64e03b56-ac09-11e5-9fd6-0e5665d3921d,John Brown,dark,richtext,t2_5zwvszc3,False,False,[],So was Reagan and you conservatives love him,,,1617302341,{},gt25xm7,False,t3_mhvsag,False,True,t1_gt1zehy,/r/socialism/comments/mhvsag/my_favourite_fidel_castro_speech_i_think_this_is/gt25xm7/,1617304467,1,True,False,socialism,t5_2qjii,,0,[],,
[],,funkmastermcflash,,,[],,,,text,t2_sitn7,False,False,[],Starving people tend to lose weight.,,,1617302249,{},gt25qhk,False,t3_mhz9us,False,True,t3_mhz9us,/r/socialism/comments/mhz9us/how_would_socialism_solve_obesity_problems/gt25qhk/,1617304365,1,True,False,socialism,t5_2qjii,,0,[],,
[],,bolt704,,2-JohnBrown,"[{'e': 'text', 't': 'John Brown'}]",64e03b56-ac09-11e5-9fd6-0e5665d3921d,John Brown,dark,richtext,t2_5zwvszc3,False,False,[],I guess they were fed up by conservative oppression,,,1617302240,{},gt25psu,False,t3_mi0md7,False,True,t1_gt1ye1p,/r/socialism/comments/mi0md7/1100_mine_workers_in_alabama_are_going_on_strike/gt25psu/,1617304354,1,True,False,socialism,t5_2qjii,,0,[],,
[],,Powderstones,,,[],,,,text,t2_47c6yhw9,False,False,[],"Not just April fools, THEE April fools baby! Woo!",,,1617301848,{},gt24wnb,False,t3_mhwvas,False,True,t1_gt1v6sw,/r/socialism/comments/mhwvas/to_achieve_a_society_that_exhibits_liberty/gt24wnb/,1617303943,1,True,False,socialism,t5_2qjii,,0,[],,
[],,kitofarfar,,,[],,,,text,t2_7q9dbkfo,False,False,[],Or the exception that proves the rule.,,,1617301188,{},gt23ifb,False,t3_mi1cf8,False,True,t3_mi1cf8,/r/socialism/comments/mi1cf8/what_do_you_call_a_nice_republican/gt23ifb/,1617303221,1,True,False,socialism,t5_2qjii,,0,[],,
[],,TheNaheed,,lenin,"[{'e': 'text', 't': 'Lenin'}]",89f33b24-3ee4-11e5-83e9-0e49b4de90e1,Lenin,dark,richtext,t2_3bhaotcf,False,False,[],I started watching him around July 2019 first ever Video was him explaining Marxism 101 showing how Capitalism is devouring itself w Abby Martin fast forward to the present and I'm now a Marxist-Leninist,,,1617301138,{},gt23enh,False,t3_mhwvas,False,False,t3_mhwvas,/r/socialism/comments/mhwvas/to_achieve_a_society_that_exhibits_liberty/gt23enh/,1617303168,1,True,False,socialism,t5_2qjii,,0,[],,
[],,nick_anagnost,,,[],,,,text,t2_93aplteu,False,False,[],"Nope, a nice republican is an Irish republican (or a Spanish republican)",,,1617301113,{},gt23cp9,False,t3_mi1cf8,False,False,t3_mi1cf8,/r/socialism/comments/mi1cf8/what_do_you_call_a_nice_republican/gt23cp9/,1617303142,1,True,False,socialism,t5_2qjii,,0,[],,
[],,lisp-and-sleep,,,[],,,,text,t2_8mqm5xa9,False,False,[],What about Taoism as a way of life?,,,1617300895,{},gt22w4s,True,t3_mht8nz,False,True,t1_gt1emk8,/r/socialism/comments/mht8nz/are_taoism_and_socialism_compatible/gt22w4s/,1617302908,1,True,False,socialism,t5_2qjii,,0,[],,
[],,thecoolcocobean,,,[],,,,text,t2_4bmiv0nd,False,False,[],"What type of shitlib take is that?

When you're a country that major world powers won't recognize, and those powers constantly murders your people without really much defense, are you really surprised the US and Israel have an exorbitant amount of influence in their country?",,,1617300523,{},gt223aj,False,t3_mhusam,False,True,t1_gt11cjy,/r/socialism/comments/mhusam/palestine_elections_talks_collapse_over_formation/gt223aj/,1617302486,1,True,False,socialism,t5_2qjii,,0,[],,
[],,Scumtacular,,,[],,,,text,t2_o5koi,False,False,[],"Sure, that was centuries after imperialist occupation. Let's not act like transgressions are negated by other transgressions.",,,1617300434,{},gt21wet,False,t3_meds20,False,True,t1_gt1vr83,/r/socialism/comments/meds20/us_military_bases_are_poisoning_okinawa_the_us/gt21wet/,1617302389,1,True,False,socialism,t5_2qjii,,0,[],,
[],,thecoolcocobean,,,[],,,,text,t2_4bmiv0nd,False,False,[],"First off, nearly every country has seen a rise in support of socialism in the past four years. In the US, the DSA (as much as some of us don't like them) has been campaigning in local elections and winning. Actual change happens more-so on the local level. Secondly, as the wealth gap grows, people see their standard of living decreasing even more than it has, while Jeff Bezos gets even wealthier. When people see that the system of capitalism inevitably fails everybody, they turn to socialism. And that is happening right now. You aren't a moderate, you're a capitalist fanboy. God I fucking hate centrists.",,,1617300174,{},gt21cg0,False,t3_mhusam,False,True,t1_gt11a4d,/r/socialism/comments/mhusam/palestine_elections_talks_collapse_over_formation/gt21cg0/,1617302102,1,True,False,socialism,t5_2qjii,,0,[],,
[],,knightsofmars,,,[],,,,text,t2_emg1m,False,False,[],"No thanks, I'm good. But I do want to be able to say the phrase. Has a nice mouth feel.",,,1617299853,{},gt20nar,True,t3_mi0rlc,False,True,t1_gt1zexp,/r/socialism/comments/mi0rlc/uuhhh_is_this_new/gt20nar/,1617301747,1,True,False,socialism,t5_2qjii,,0,[],,
[],,knightsofmars,,,[],,,,text,t2_emg1m,False,False,[],"Ya, I just posted a comment explaining that what I wrote was ""I am not a revolutionary, I don't want to eat the r***."" So I replaced that phrase with ""build gallows"" and everything was fine.",,,1617299748,{},gt20evp,True,t3_mi0rlc,False,True,t1_gt1zib0,/r/socialism/comments/mi0rlc/uuhhh_is_this_new/gt20evp/,1617301625,1,True,False,socialism,t5_2qjii,,0,[],,
[],,AmericanDSR,,,[],,,,text,t2_b6qhhe6k,False,False,[],I got all my posts deleted for shit like this on my old account,,,1617299653,{},gt207a4,False,t3_mi0rlc,False,True,t3_mi0rlc,/r/socialism/comments/mi0rlc/uuhhh_is_this_new/gt207a4/,1617301520,1,True,False,socialism,t5_2qjii,,0,[],,
[],,sungod003,,,[],,,,text,t2_6nr01joh,False,False,[],"Hes the only boomer i know that is not pro capitalist, racist etc. And he couldve been one as he went to school with the elietes but he didnt.",,,1617299623,{},gt204u1,False,t3_mhwvas,False,True,t1_gt1uy0m,/r/socialism/comments/mhwvas/to_achieve_a_society_that_exhibits_liberty/gt204u1/,1617301485,1,True,False,socialism,t5_2qjii,,0,[],,
[],,sungod003,,,[],,,,text,t2_6nr01joh,False,False,[],"He really radicalized me from liberal to an avid leftist. I tune into economic update every week. He crumbled the notion of the ussr being a country out for slavery and going to enslave the usa. Yes i actually thought that. It was richard wolff and Hakim and reading marx, lenin and anarchists that made me what i am today. I love richard wolff may you live many more years.",,,1617299566,{},gt2007q,False,t3_mhwvas,False,False,t1_gt1p714,/r/socialism/comments/mhwvas/to_achieve_a_society_that_exhibits_liberty/gt2007q/,1617301418,1,True,False,socialism,t5_2qjii,,0,[],,
[],,knightsofmars,,,[],,,,text,t2_emg1m,False,False,[],"Image Transcription:

Screenshot of a message from Reddit Automoderator that says a comment I made in r/CapitalismVsocialism was removed for containg the phrase ""eat the r***,"" where ""r***"" is the english word for a person with great personal wealth, because this phrase isn't allowed on reddit. The great irony is that the comment as written was ""I am not a revolutionary, I dont want to eat the r***"" 

Is reddit really censoring content in this way? To what end?",,,1617299564,{},gt2001q,True,t3_mi0rlc,False,False,t3_mi0rlc,/r/socialism/comments/mi0rlc/uuhhh_is_this_new/gt2001q/,1617301416,1,True,False,socialism,t5_2qjii,,0,[],,
[],,phobicFerret,,,[],,,,text,t2_oku10tl,False,False,[],I would think calling for violence was always against the rules,,,1617299353,{},gt1zib0,False,t3_mi0rlc,False,True,t3_mi0rlc,/r/socialism/comments/mi0rlc/uuhhh_is_this_new/gt1zib0/,1617301171,1,True,False,socialism,t5_2qjii,,0,[],,
[],,tripsafe,,,[],,,,text,t2_178boq,False,True,[],"Yeah I wouldn't expect liberals to give a solid counterargument. I was wondering what leftists in general think. MLs and anarchists would probably have different views, for example. I got a few responses in this thread a while back if you're curious https://www.reddit.com/r/InternationalLeft/comments/mbzr2l/i_see_mls_give_wolff_a_hard_time_sometimes_but/gs1nd7y/?context=3.",,,1617299347,{},gt1zhru,False,t3_mhwvas,False,True,t1_gt1xgeu,/r/socialism/comments/mhwvas/to_achieve_a_society_that_exhibits_liberty/gt1zhru/,1617301163,1,True,False,socialism,t5_2qjii,,0,[],,
[],,OversubtileTornado,,,[],,,,text,t2_a61rb9mp,False,False,[],Eat the rich?,,,1617299314,{},gt1zexp,False,t3_mi0rlc,False,True,t3_mi0rlc,/r/socialism/comments/mi0rlc/uuhhh_is_this_new/gt1zexp/,1617301125,1,True,False,socialism,t5_2qjii,,0,[],,
[],,Zealousideal-Fold-76,,,[],,,,text,t2_8crutf72,False,False,[],And murderer,,,1617299309,{},gt1zehy,False,t3_mhvsag,False,True,t1_gt1ju9k,/r/socialism/comments/mhvsag/my_favourite_fidel_castro_speech_i_think_this_is/gt1zehy/,1617301119,1,True,False,socialism,t5_2qjii,,0,[],,
[],,[deleted],,,,,,dark,,,,,[],[removed],,,1617298970,{},gt1yllb,False,t3_mhwvas,False,True,t3_mhwvas,/r/socialism/comments/mhwvas/to_achieve_a_society_that_exhibits_liberty/gt1yllb/,1617300718,1,True,False,socialism,t5_2qjii,,0,[],,
[],,ihopeirememberthisun,,,[],,,,text,t2_895z4,False,False,[],It’s amazing that these actions are happening in Alabama.,,,1617298878,{},gt1ye1p,False,t3_mi0md7,False,True,t3_mi0md7,/r/socialism/comments/mi0md7/1100_mine_workers_in_alabama_are_going_on_strike/gt1ye1p/,1617300611,1,True,False,socialism,t5_2qjii,,0,[],,
[],,NoUseForAName2222,,,[],,,,text,t2_3d7vwl6j,False,False,[],"I used to argue with reactionaries online a lot. They never were able to provide a counter argument to WSDEs. In America, the idea of ""being your own boss"" is attractive even to bootlickers.",,,1617298490,{},gt1xgeu,False,t3_mhwvas,False,True,t1_gt1rxdb,/r/socialism/comments/mhwvas/to_achieve_a_society_that_exhibits_liberty/gt1xgeu/,1617300137,1,True,False,socialism,t5_2qjii,,0,[],,
[],,LeninisLif3,,lenin,"[{'e': 'text', 't': 'Lenin'}]",89f33b24-3ee4-11e5-83e9-0e49b4de90e1,Lenin,dark,richtext,t2_1mu1vau9,False,False,[],"It wouldn’t, intrinsically. But access to better diets and a labor culture that leaves time for exercise would be a good start.",,,1617298383,{},gt1x7e3,False,t3_mhz9us,False,True,t3_mhz9us,/r/socialism/comments/mhz9us/how_would_socialism_solve_obesity_problems/gt1x7e3/,1617300005,1,False,False,socialism,t5_2qjii,,0,[],,
[],,Zealousideal-Fold-76,,,[],,,,text,t2_8crutf72,False,False,[],Has anyone here lived under a socialist/communist system?,,,1617298188,{},gt1wqms,False,t3_mhpk4x,False,True,t3_mhpk4x,/r/socialism/comments/mhpk4x/color_me_shocked/gt1wqms/,1617299774,1,True,False,socialism,t5_2qjii,,0,[],,
[],,drunk_frat_boy,,,[],,,,text,t2_10uqr6,False,False,[],We have to remember what the Japanese did to China during WWII.,,,1617297771,{},gt1vr83,False,t3_meds20,False,True,t1_gshcmpz,/r/socialism/comments/meds20/us_military_bases_are_poisoning_okinawa_the_us/gt1vr83/,1617299284,1,True,False,socialism,t5_2qjii,,0,[],,
[],,Impressive_Split_789,,,[],,,,text,t2_7ebnszvi,False,False,[],"You can do that all for free, but you have to do it yourself, everyone has access to it you just want someone else’s labour for free, it costs a lot to pump water and clean water to get it into your house",,,1617297694,{},gt1vl8k,False,t3_jwob0l,False,True,t1_gi2pspl,/r/socialism/comments/jwob0l/what_radicalised_you/gt1vl8k/,1617299197,1,True,False,socialism,t5_2qjii,,0,[],,
[],,progsnobb,,,[],,,,text,t2_4te4r17w,False,False,[],His bday is on the april fools? Thats one day before mine.,,,1617297510,{},gt1v6sw,False,t3_mhwvas,False,False,t3_mhwvas,/r/socialism/comments/mhwvas/to_achieve_a_society_that_exhibits_liberty/gt1v6sw/,1617298990,1,True,False,socialism,t5_2qjii,,0,[],,
[],,eisagi,,,[],,,,text,t2_h24rh,False,False,[],I love when old people are sharper than most people 50 years younger than them.,,,1617297396,{},gt1uy0m,False,t3_mhwvas,False,True,t1_gt1ompn,/r/socialism/comments/mhwvas/to_achieve_a_society_that_exhibits_liberty/gt1uy0m/,1617298866,1,True,False,socialism,t5_2qjii,,0,[],,
[],,yaosio,,2-sovietspace,"[{'e': 'text', 't': 'Space Communism'}]",,Space Communism,dark,richtext,t2_3z3zm,False,False,[],"Most people won't care, they'll just go with whatever happens. People not participating is, and will continue to be, the norm.",,,1617296946,{},gt1ty9i,False,t3_mhwsew,False,True,t3_mhwsew,/r/socialism/comments/mhwsew/if_a_worker_in_socialism_doesnt_want_to/gt1ty9i/,1617298351,1,True,False,socialism,t5_2qjii,,0,[],,True
[],,11SomeGuy17,,,[],,,,text,t2_p9lskmk,False,False,[],"Obesity is caused by poor diets. These poor diets are largely caused by food deserts, poverty, and a lack of time. All of these are issues of capitalism.",,,1617296156,{},gt1s7u4,False,t3_mhz9us,False,True,t3_mhz9us,/r/socialism/comments/mhz9us/how_would_socialism_solve_obesity_problems/gt1s7u4/,1617297451,1,True,False,socialism,t5_2qjii,,0,[],,
[],,drunk_frat_boy,,,[],,,,text,t2_10uqr6,False,False,[],I honestly prefer a seniority system to performance,,,1617296106,{},gt1s3rs,False,t3_mgopvv,False,True,t1_gsudihg,/r/socialism/comments/mgopvv/how_do_you_decide_which_workers_to_discharge_in_a/gt1s3rs/,1617297394,1,True,False,socialism,t5_2qjii,,0,[],,
[],,tripsafe,,,[],,,,text,t2_178boq,False,True,[],I enjoyed it but he didn't really go deep into counterarguments people would have against WSDEs and how he would address them.,,,1617296026,{},gt1rxdb,False,t3_mhwvas,False,True,t1_gt1iu0f,/r/socialism/comments/mhwvas/to_achieve_a_society_that_exhibits_liberty/gt1rxdb/,1617297302,1,True,False,socialism,t5_2qjii,,0,[],,
[],,A_Peoples_Calendar,,,[],,,,text,t2_77ghj4sy,False,False,[],He was the person who got me started on socialist thought. I'll always be grateful for that.,,,1617295972,{},gt1rsym,True,t3_mhwvas,False,True,t1_gt1p714,/r/socialism/comments/mhwvas/to_achieve_a_society_that_exhibits_liberty/gt1rsym/,1617297239,1,True,False,socialism,t5_2qjii,,0,[],,
[],,whiteriot0906,,,[],,,,text,t2_5kall6by,False,False,[],"Aw shit, they’re on to us.  Pray harder to the rainbow diety brothers!  We must rally around one another in these difficult times!  Solidarity forever, pigment never!",,,1617295606,{},gt1qzal,False,t3_mhouhi,False,True,t3_mhouhi,/r/socialism/comments/mhouhi/dont_know_if_this_is_worth_a_post_but_i_actually/gt1qzal/,1617296820,1,True,False,socialism,t5_2qjii,,0,[],,
[],,[deleted],,,,,,dark,,,,,[],[removed],,,1617295131,{},gt1pxbh,False,t3_mhkbm3,False,True,t1_gt14i0a,/r/socialism/comments/mhkbm3/if_the_minimum_wage_had_increased_as_much_as_wall/gt1pxbh/,1617296279,1,True,False,socialism,t5_2qjii,,0,[],,
[],,hoganloaf,,,[],,,,text,t2_4pdzh,False,False,[],"I just finished ""Understanding Socialism"" and I really enjoyed it. It's a short read that puts the modern socialist movement into historical context and imagines what actions a successful strengthening of the working class might require. There's a lot of stuff that well-read socialists will know about already but it's good.",,,1617294879,{},gt1pd2h,False,t3_mhwvas,False,True,t1_gt1iu0f,/r/socialism/comments/mhwvas/to_achieve_a_society_that_exhibits_liberty/gt1pd2h/,1617295989,1,True,False,socialism,t5_2qjii,,0,[],,
[],,neon_pisces,,,[],,,,text,t2_aegqm,False,False,[],His YouTube videos really got me to dive deeper into socialism and Marxian economics. Love this guy.,,,1617294803,{},gt1p714,False,t3_mhwvas,False,False,t3_mhwvas,/r/socialism/comments/mhwvas/to_achieve_a_society_that_exhibits_liberty/gt1p714/,1617295904,1,True,False,socialism,t5_2qjii,,0,[],,
[],,Psychological_Log749,,,[],,,,text,t2_9yw0k1tk,False,False,[],Did not expect him to be this old wow,,,1617294549,{},gt1ompn,False,t3_mhwvas,False,False,t3_mhwvas,/r/socialism/comments/mhwvas/to_achieve_a_society_that_exhibits_liberty/gt1ompn/,1617295619,1,True,False,socialism,t5_2qjii,,0,[],,
[],,i_do_the_kokomo,,,[],,,,text,t2_5jqtopqu,False,False,[],"Actually yes, it still is! The original game unfortunately is not, but Toontown Rewritten is around now :)",,,1617294402,{},gt1oamj,False,t3_mhcf20,False,True,t1_gsyjbka,/r/socialism/comments/mhcf20/toontown_as_an_anticapitalist_allegory/gt1oamj/,1617295447,1,True,False,socialism,t5_2qjii,,0,[],,
[],,i_do_the_kokomo,,,[],,,,text,t2_5jqtopqu,False,False,[],"I played Toontown growing up (I love this game so much) and my sister and I always said the same thing. You're definitely onto something, your ideas are really good!",,,1617294353,{},gt1o6l1,False,t3_mhcf20,False,True,t3_mhcf20,/r/socialism/comments/mhcf20/toontown_as_an_anticapitalist_allegory/gt1o6l1/,1617295389,1,True,False,socialism,t5_2qjii,,0,[],,
[],,CASE64,,hammerandsickle,"[{'e': 'text', 't': ""Pascal's Village""}]",6b0de0c4-3ee4-11e5-bc5a-0ee61c357d3b,Pascal's Village,dark,richtext,t2_piwlj,False,False,[],"Well shit. If this dude can still remain an optimist long after the Cold War ended and the Capitalist powers prevailed, any Socialist today can.",,,1617294349,{},gt1o690,False,t3_mhvsag,False,True,t3_mhvsag,/r/socialism/comments/mhvsag/my_favourite_fidel_castro_speech_i_think_this_is/gt1o690/,1617295384,1,True,False,socialism,t5_2qjii,,0,[],,
[],,Sveet_Pickle,,,[],,,,text,t2_a6h5o,False,False,[],"I'm not beating myself up about it or anything, but I always strive to be a better person, and I just learned a thing about myself.",,,1617293910,{},gt1n6nm,False,t3_mhwvas,False,True,t1_gt1mm5j,/r/socialism/comments/mhwvas/to_achieve_a_society_that_exhibits_liberty/gt1n6nm/,1617294878,1,True,False,socialism,t5_2qjii,,0,[],,
[],,Archvilee,,,[],,,,text,t2_7ac09aru,False,False,[],Chill. You're fine lol.,,,1617293654,{},gt1mm5j,False,t3_mhwvas,False,True,t1_gt1mjtz,/r/socialism/comments/mhwvas/to_achieve_a_society_that_exhibits_liberty/gt1mm5j/,1617294586,1,True,False,socialism,t5_2qjii,,0,[],,
[],,Sveet_Pickle,,,[],,,,text,t2_a6h5o,False,False,[],TIL I have some amount of internalized ableism to address...,,,1617293625,{},gt1mjtz,False,t3_mhwvas,False,True,t1_gt1m51g,/r/socialism/comments/mhwvas/to_achieve_a_society_that_exhibits_liberty/gt1mjtz/,1617294553,1,True,False,socialism,t5_2qjii,,0,[],,
[],,mrsandwich9,,,[],,,,text,t2_2ze9osn7,False,False,[],I thought it was because of stress but now it doesn’t seem to be.,,,1617293547,{},gt1mdhu,False,t3_mhpk4x,False,True,t3_mhpk4x,/r/socialism/comments/mhpk4x/color_me_shocked/gt1mdhu/,1617294465,1,True,False,socialism,t5_2qjii,,0,[],,
[],,Archvilee,,,[],,,,text,t2_7ac09aru,False,False,[],For blind people,,,1617293442,{},gt1m51g,False,t3_mhwvas,False,True,t1_gt1l20j,/r/socialism/comments/mhwvas/to_achieve_a_society_that_exhibits_liberty/gt1m51g/,1617294348,1,True,False,socialism,t5_2qjii,,0,[],,
[],,Sveet_Pickle,,,[],,,,text,t2_a6h5o,False,False,[],"I see people doing image transcriptions in this sub all the time, why is that?",,,1617292948,{},gt1l20j,False,t3_mhwvas,False,True,t1_gt1b4kf,/r/socialism/comments/mhwvas/to_achieve_a_society_that_exhibits_liberty/gt1l20j/,1617293799,1,True,False,socialism,t5_2qjii,,0,[],,
[],,Wisex,,,[],,,,text,t2_d1d9l,False,False,[],Castro was a true international revolutionary,,,1617292400,{},gt1ju9k,False,t3_mhvsag,False,True,t3_mhvsag,/r/socialism/comments/mhvsag/my_favourite_fidel_castro_speech_i_think_this_is/gt1ju9k/,1617293170,1,True,False,socialism,t5_2qjii,,0,[],,
[],,Wisex,,,[],,,,text,t2_d1d9l,False,False,[],Wolff is 79??????? Holy smokes what a guy,,,1617292188,{},gt1jcxu,False,t3_mhwvas,False,False,t3_mhwvas,/r/socialism/comments/mhwvas/to_achieve_a_society_that_exhibits_liberty/gt1jcxu/,1617292919,1,True,False,socialism,t5_2qjii,,0,[],,
[],,Sveet_Pickle,,,[],,,,text,t2_a6h5o,False,False,[],I often struggle to sympathize/empathize with strangers.,,,1617292062,{},gt1j2po,False,t3_mhpk4x,False,True,t1_gt106y6,/r/socialism/comments/mhpk4x/color_me_shocked/gt1j2po/,1617292769,1,True,False,socialism,t5_2qjii,,0,[],,
[],,Alastair789,,,[],,,,text,t2_13vmxa,False,False,[],"I’ve read “Democracy at work, a cure for Capitalism,” and loved it, do you have any recommendations as to what I should read next?",,,1617291954,{},gt1iu0f,False,t3_mhwvas,False,True,t1_gt1inku,/r/socialism/comments/mhwvas/to_achieve_a_society_that_exhibits_liberty/gt1iu0f/,1617292645,1,True,False,socialism,t5_2qjii,,0,[],,
[],,no_clipping,,,[],,,,text,t2_1mklulzo,False,False,[],Would have fooled me. I thought this guy was decades younger from his energy &amp; passion,,,1617291945,{},gt1ita2,False,t3_mhwvas,False,True,t3_mhwvas,/r/socialism/comments/mhwvas/to_achieve_a_society_that_exhibits_liberty/gt1ita2/,1617292636,1,True,False,socialism,t5_2qjii,,0,[],,
[],,LeHarpoon,,,[],,,,text,t2_81mxbdzw,False,False,[],"If anyone hasn't checked out any of his books, I recommend you doing so.",,,1617291874,{},gt1inku,False,t3_mhwvas,False,True,t3_mhwvas,/r/socialism/comments/mhwvas/to_achieve_a_society_that_exhibits_liberty/gt1inku/,1617292555,1,True,False,socialism,t5_2qjii,,0,[],,
[],,ttxd_88,,,[],,,,text,t2_9vhlzvb3,False,False,[],"I would say not, since it is based on a feudal view of the world, with the gods and goddesses arranged in a strict hierarchy, propitiated with ritual according to feudal superstitions. While you may argue that this is ""Tao-chiao"" 道教 rather than ""Tao-chia"" 道家，Taoism as a religion rather than Taoism as a philosophy, this distinction was introduced by the west to preserve what they think is the wisdom of things like the Tao-te-ching 道德经 and the Chuang-tzŭ  庄子, without all the clearly superstitious, mythical and silly bits found in stuff like Huai-nan tzŭ 淮南子 and the Lieh-Hsian Chuan 列仙传.",,,1617290055,{},gt1emk8,False,t3_mht8nz,False,True,t3_mht8nz,/r/socialism/comments/mht8nz/are_taoism_and_socialism_compatible/gt1emk8/,1617290528,1,True,False,socialism,t5_2qjii,,0,[],,
[],,[deleted],,,,,,dark,,,,,[],[removed],,,1617289860,{},gt1e7ff,False,t3_mhb1l7,False,True,t1_gsy00r4,/r/socialism/comments/mhb1l7/can_someone_point_me_to_sources_about_che/gt1e7ff/,1617290311,1,True,False,socialism,t5_2qjii,,0,[],,
[],,11SomeGuy17,,,[],,,,text,t2_p9lskmk,False,False,[],"As long as the worker still does their job then nothing happens. If the worker refuses to do their job, then they're fired. Its like voting. A refusal to vote doesn't give anyone the ability to ignore the law. You ignore the law you still get punished, regardless if you voted or not.",,,1617289263,{},gt1cwda,False,t3_mhwsew,False,True,t3_mhwsew,/r/socialism/comments/mhwsew/if_a_worker_in_socialism_doesnt_want_to/gt1cwda/,1617289650,1,True,False,socialism,t5_2qjii,,0,[],,
[],,AnarchaSidhe,,,[],,,,text,t2_9dvjy70w,False,False,[],They’re killing communist pages on Facebook too,,,1617289223,{},gt1cta9,False,t3_mhvwlv,False,True,t3_mhvwlv,/r/socialism/comments/mhvwlv/the_lullaby_aint_loud_as_it_used_to_be_hood/gt1cta9/,1617289606,1,True,False,socialism,t5_2qjii,,0,[],,
[],,ConstantAmazement,,,[],,,,text,t2_3i7xyy5a,False,False,[],"It depends upon the flavor of socialisim (""socialisim"" is a broad term just like ""capitalism""), and the particular mechanisms of participation that have been built in to their local government. 

The word ""Socialism"" does not define a   governmental or economic system. It describes a philosophy that is its North Star.",,,1617288786,{},gt1bv7i,False,t3_mhwsew,False,False,t3_mhwsew,/r/socialism/comments/mhwsew/if_a_worker_in_socialism_doesnt_want_to/gt1bv7i/,1617289120,1,True,False,socialism,t5_2qjii,,0,[],,
[],,A_Peoples_Calendar,,,[],,,,text,t2_77ghj4sy,False,False,[],"**Richard Wolff (1942 - )**

Richard D. Wolff, born [on this day](https://www.apeoplescalendar.org/calendar/day/4-1) in 1942, is a Marxist economist and author known for co-founding Democracy at Work and hosting Economic Update, a weekly series which discusses political and economic issues from a Marxist perspective.

Wolff is also Professor Emeritus of Economics at the University of Massachusetts Amherst and currently a Visiting Professor in the Graduate Program in International Affairs of the New School University in New York.

In 1988, Wolff co-founded ""Rethinking Marxism"", a still running academic journal dedicated to Marxist analyses of economics, culture, and society. Among his other works are ""Capitalism Hits the Fan"" (2009) and ""Democracy at Work: A Cure for Capitalism"".

The New York Times dubbed Wolff ""America's most prominent Marxist economist"", and he is featured regularly in television, print, and internet media.

[Main Source](https://en.wikipedia.org/wiki/Richard_D._Wolff)

[More Info](https://www.democracyatwork.info/)",,,1617288483,{},gt1b7hb,True,t3_mhwvas,False,True,t3_mhwvas,/r/socialism/comments/mhwvas/to_achieve_a_society_that_exhibits_liberty/gt1b7hb/,1617288793,1,True,False,socialism,t5_2qjii,,0,[],,
[],,A_Peoples_Calendar,,,[],,,,text,t2_77ghj4sy,False,False,[],**Image Transcription**: The image shows Richard Wolff giving a talk in an auditorium.,,,1617288447,{},gt1b4kf,True,t3_mhwvas,False,True,t3_mhwvas,/r/socialism/comments/mhwvas/to_achieve_a_society_that_exhibits_liberty/gt1b4kf/,1617288752,1,True,False,socialism,t5_2qjii,,0,[],,
[],,poli421,,,[],,,,text,t2_4m2v0,False,False,[],"Dude most people who are staunch defenders of capitalism would see this and say something like “Capitalism is all about freedom of choice and good, nothing bad. Oh this? Well yeah, these are just people looking out for their business. Of course they do these things. Do you really expect them not to be unethical when it means helping their business?”

They will always and forever excuse the things they say don’t exist because of course they exist, how else would you expect the world to work if they didn’t exist. It is doublethink in full swing.",,,1617287952,{},gt1a2tf,False,t3_mhpk4x,False,True,t1_gt0ezsn,/r/socialism/comments/mhpk4x/color_me_shocked/gt1a2tf/,1617288226,1,True,False,socialism,t5_2qjii,,0,[],,
[],,Patterson9191717,,cwi,"[{'e': 'text', 't': 'ISA'}]",4c1cd60c-3ee4-11e5-bc6f-0ebee8e6e23b,ISA,dark,richtext,t2_gtzvb,False,False,[],Voting has ended,,,1617286185,{},gt16g4j,False,t3_mh5sot,False,True,t3_mh5sot,/r/socialism/comments/mh5sot/the_amazon_union_vote_will_be_a_huge_step_in/gt16g4j/,1617286214,1,True,False,socialism,t5_2qjii,,0,[],,
[],,Patterson9191717,,cwi,"[{'e': 'text', 't': 'ISA'}]",4c1cd60c-3ee4-11e5-bc6f-0ebee8e6e23b,ISA,dark,richtext,t2_gtzvb,False,False,[],"If you’re not working at Amazon, but want help organizing, [talk to an organizer ](https://workerorganizing.org/talk-with-an-organizer/)",,,1617286093,{},gt169ke,False,t3_mh5sot,False,True,t1_gsyw95v,/r/socialism/comments/mh5sot/the_amazon_union_vote_will_be_a_huge_step_in/gt169ke/,1617286121,1,True,False,socialism,t5_2qjii,,0,[],,
[],,Zayde096,,,[],,,,text,t2_9ki8mrtu,False,False,[],"I'll elaborate, we should abolish the wage system.",,,1617285191,{},gt14i0a,False,t3_mhkbm3,False,True,t1_gt0gvw4,/r/socialism/comments/mhkbm3/if_the_minimum_wage_had_increased_as_much_as_wall/gt14i0a/,1617285210,1,True,False,socialism,t5_2qjii,,0,[],,
[],,Scrambled_Lizzy,,,[],,,,text,t2_2kku52yc,False,False,[],"The internet has democratized speech like guns democratized war. There have always been decentralized negative reactions to media but the internet allows more people to create media and find nitch audiences. Audiances also have more tools to respond publicly and some even build their own audiances cultivating negative reactions(youtube drama channels). Media exist in a hierarchy of platforms and reach  so often platforms create doubt about a ""cancel culture"" because they don't want people to unite against the hierarchy that actually cancels people. The biggest threats comes from already existing hierarchies like capitalism.",,,1617285140,{},gt14ekb,False,t3_mgcpnp,False,True,t3_mgcpnp,/r/socialism/comments/mgcpnp/64_of_usians_view_cancel_culture_as_threat_to/gt14ekb/,1617285160,1,True,False,socialism,t5_2qjii,,0,[],,
[],,worldwidescrotes,,,[],,,,text,t2_t4w28,False,False,[],"Human beings have free will, but our actions are constrained by material realities.  Understanding how material and practical conditions shape human behaviour can make all the difference between success and catastrophic failure when it comes to the whole spectrum of political action, from private sector negotiation, to crafting legislation and making revolution.


This episode looks at:

How we can synthesize the seemingly contradictory ideas that people have free will with the idea that social structures are the result of material conditions.

The relationship between economic activity and the high status of women in traditional Haudenosaunee / Iroquois society

How World War I helped women win the right to vote in Europe and North America 

How World War II catalyzed the Black civil rights movement in the United States (the Double V Campaign).  

How the English Peasant’s Revolt of 1381 almost overthrew feudalism and established a christian libertarian socialist society, and why it failed. 

The implications of the Anarchist Revolution in Spain in 1936-1939 for the future of industrial civilization

Music by [Tony Ezzy](https://tonyezzy.bandcamp.com/) and [Cheap Wig](https://cheapwig.bandcamp.com/album/magic-idea)

[BIBLIOGRAPHY](https://www.patreon.com/posts/49462460)

[AUDIO PODCAST app link](https://www.podfollow.com/worbs)

[rss feed](http://feeds.feedburner.com/WHATISPOLITICS)",,,1617284806,{},gt13rg2,True,t3_mhvn16,False,True,t3_mhvn16,/r/socialism/comments/mhvn16/how_history_is_made_social_change_consciousness/gt13rg2/,1617284829,1,True,False,socialism,t5_2qjii,,0,[],,
