all_awardings,associated_award,author,author_flair_background_color,author_flair_css_class,author_flair_richtext,author_flair_template_id,author_flair_text,author_flair_text_color,author_flair_type,author_fullname,author_patreon_flair,author_premium,awarders,body,collapsed_because_crowd_control,comment_type,created_utc,gildings,id,is_submitter,link_id,locked,no_follow,parent_id,permalink,retrieved_on,score,send_replies,stickied,subreddit,subreddit_id,top_awarded_type,total_awards_received,treatment_tags,edited
[],,phoeniks,,,[],,,,text,t2_8xgb,False,False,[],Where's the evidence of fascism?,,,1604703532,{},gbebaxp,False,t3_jpfbxo,False,True,t3_jpfbxo,/r/socialism/comments/jpfbxo/fascist_with_a_thing_for_bible_quotes/gbebaxp/,1604711059,1,True,False,socialism,t5_2qjii,,0,[],
[],,[deleted],,,,,,dark,,,,,[],[removed],,,1604702740,{},gbe9rpb,False,t3_jpbq2w,False,True,t1_gbe8kki,/r/socialism/comments/jpbq2w/find_out_who_wore_the_maga_hats_before_they_go/gbe9rpb/,1604710241,1,True,False,socialism,t5_2qjii,,0,[],1604703198.0
[],,informationtiger,,,[],,,,text,t2_5ffgxz3,False,False,[],"Three Arrows doesn't fit here.

Also cringe af",,,1604702671,{},gbe9mw0,False,t3_jp0vi1,False,True,t3_jp0vi1,/r/socialism/comments/jp0vi1/pic_of_portland_today_still_do_not_know_know_to/gbe9mw0/,1604710173,1,True,False,socialism,t5_2qjii,,0,[],
[],,NicetomeetyouIMVEGAN,,,[],,,,text,t2_1sv7yhr1,False,False,[],"What are you going to do with that analysis?

Make fascism a fucking thought crime?

Literally nothing good can come from having this info of the ability to get the info.",,,1604702116,{},gbe8kki,False,t3_jpbq2w,False,True,t1_gbe846i,/r/socialism/comments/jpbq2w/find_out_who_wore_the_maga_hats_before_they_go/gbe8kki/,1604709611,1,True,False,socialism,t5_2qjii,,0,[],
[],,ccpowerlines018,,,[],,,,text,t2_ywl2j,False,False,[],"Mostly against authoritarian communism but definitely a socialist org. Anti-fascist, anti-monarchist, anti-communist",,,1604702093,{},gbe8iue,False,t3_jp0vi1,False,False,t1_gbbqksn,/r/socialism/comments/jp0vi1/pic_of_portland_today_still_do_not_know_know_to/gbe8iue/,1604709586,1,True,False,socialism,t5_2qjii,,0,[],
[],,bluewolfhudson,,,[],,,,text,t2_itdn0ft,False,False,[],Yeah and you gotta remember when it was being used Russia was a big dictatorship so it's definitely anti Hitler anti stalin,,,1604702031,{},gbe8ejz,False,t3_jp0vi1,False,True,t1_gbbzgym,/r/socialism/comments/jp0vi1/pic_of_portland_today_still_do_not_know_know_to/gbe8ejz/,1604709523,1,True,False,socialism,t5_2qjii,,0,[],
[],,ATRUECOMMUNIST,,2-trotsky,"[{'e': 'text', 't': 'Trotsky'}]",c58da89a-3ee4-11e5-8a50-0eb2aee2097b,Trotsky,dark,richtext,t2_6pghk655,False,False,[],Evil monster,,,1604701941,{},gbe889x,False,t3_jp9tig,False,True,t3_jp9tig,/r/socialism/comments/jp9tig/no_elon_musk_is_an_awful_guy/gbe889x/,1604709430,1,True,False,socialism,t5_2qjii,,0,[],
[],,RoastThisPoorKid,,,[],,,,text,t2_7n7wse9i,False,False,[],"Gotta love the AK47/74. The people's weapon, and the refinement of the people's weapon.",,,1604701925,{},gbe876g,False,t3_jp0vi1,False,True,t3_jp0vi1,/r/socialism/comments/jp0vi1/pic_of_portland_today_still_do_not_know_know_to/gbe876g/,1604709414,1,True,False,socialism,t5_2qjii,,0,[],
[],,ATRUECOMMUNIST,,2-trotsky,"[{'e': 'text', 't': 'Trotsky'}]",c58da89a-3ee4-11e5-8a50-0eb2aee2097b,Trotsky,dark,richtext,t2_6pghk655,False,False,[],Good job!,,,1604701906,{},gbe85tt,False,t3_jpbtj8,False,True,t3_jpbtj8,/r/socialism/comments/jpbtj8/mexie_on_strategies_for_postcapitalism/gbe85tt/,1604709394,1,True,False,socialism,t5_2qjii,,0,[],
[],,Necrotyrannus,,,[],,,,text,t2_nl4a7rf,False,False,[],"Knew this was coming. First off, read it again, slightly harder. There's a lot to be had here for means of analysis and allowing them plausible deniability gets people killed. Chill.",,,1604701883,{},gbe846i,True,t3_jpbq2w,False,False,t1_gbe7k7h,/r/socialism/comments/jpbq2w/find_out_who_wore_the_maga_hats_before_they_go/gbe846i/,1604709370,1,True,False,socialism,t5_2qjii,,0,[],
[],,PatAss98,,,[],,,,text,t2_4qqw7qk4,False,False,[],why does it look edited?,,,1604701844,{},gbe81gm,False,t3_jp0vi1,False,True,t3_jp0vi1,/r/socialism/comments/jp0vi1/pic_of_portland_today_still_do_not_know_know_to/gbe81gm/,1604709330,1,True,False,socialism,t5_2qjii,,0,[],
[],,[deleted],,,,,,dark,,,,,[],[removed],,,1604701804,{},gbe7yo6,False,t3_jpecpy,False,True,t3_jpecpy,/r/socialism/comments/jpecpy/democrats_waste_no_time_punching_left_in_the_wake/gbe7yo6/,1604709288,1,True,False,socialism,t5_2qjii,,0,[],
[],,Dilpickle6194,,,[],,,,text,t2_16o1n6,False,False,[],"Ah yes, if you’re not a commie and not a fucking nazi, you’re just a filthy centrist.",,,1604701762,{},gbe7vns,False,t3_jp0vi1,False,True,t1_gbbu8dg,/r/socialism/comments/jp0vi1/pic_of_portland_today_still_do_not_know_know_to/gbe7vns/,1604709244,1,True,False,socialism,t5_2qjii,,0,[],
[],,Antsonfire,,antonionegri,"[{'e': 'text', 't': 'Antonio Negri'}]",,Antonio Negri,dark,richtext,t2_d2xq1,False,False,[],"Holy shit thanks!

Honestly I don't think I'll be on Reddit anymore lol",,,1604701714,{},gbe7sak,False,t3_jpcpcx,False,True,t1_gbe4nt7,/r/socialism/comments/jpcpcx/banned_from_participating_rcommunism_and_r/gbe7sak/,1604709193,1,True,False,socialism,t5_2qjii,,0,[],1604701944.0
[],,NicetomeetyouIMVEGAN,,,[],,,,text,t2_1sv7yhr1,False,False,[],"What are you going to do? Jesus, get your shit together. Fight for policies that help all. Stop playing games. Are you going to fight to remove class distinctions or punish disenfranchised confused brainwashed people for the rest of your life?",,,1604701601,{},gbe7k7h,False,t3_jpbq2w,False,False,t3_jpbq2w,/r/socialism/comments/jpbq2w/find_out_who_wore_the_maga_hats_before_they_go/gbe7k7h/,1604709075,1,True,False,socialism,t5_2qjii,,0,[],
[],,Ileroy53,,,[],,,,text,t2_33h2etb,False,False,[],We can agree that people should have guns? Glad we could come to this accord,,,1604701493,{},gbe7clb,False,t3_jp0vi1,False,True,t3_jp0vi1,/r/socialism/comments/jp0vi1/pic_of_portland_today_still_do_not_know_know_to/gbe7clb/,1604708957,1,True,False,socialism,t5_2qjii,,0,[],
[],,burgher_remover_1917,,,[],,,,text,t2_636zog85,False,False,[],"I don't necessarily agree with the sentiment that we have to radically reduce our productive capabilities. It is only under socialism that collective and sustainable forms of travel can be effectively utilized because you can plan the economy and infrastructure in order to accomodate it. For example the DPRK has, partly due to fuel shortages, planned their housing units in a manner where university staff live near or in adjunction to the university, and factory/farm workers live near or in adjunction to their respective workplaces. Most driving is when people commute, and in a socialist planned economy we can drastically reduce commuting distances, as already you can see has been done in for example the DPRK. In capitalist countries the highways and freeways of major cities are complete clusterfucks at 8am and 5pm, because the anarchy of the market economy means people work and live in completely different places.",,,1604701493,{},gbe7cjc,False,t3_jpbtj8,False,True,t3_jpbtj8,/r/socialism/comments/jpbtj8/mexie_on_strategies_for_postcapitalism/gbe7cjc/,1604708957,1,True,False,socialism,t5_2qjii,,0,[],
[],,rafaelo2709,,,[],,,,text,t2_x5v3uca,False,False,[],"Maybe leftists in USA are more friendly towards monotheism (there is even a pretty amazing leftist Christian Subreddit r/radicalchristianity). But in my Country it pretty normal to here stuff like ""I hate religion"" or the classical ""religious people are mentally sick"" or ""reta**ed"". 

I'm not a fan of institutionalised religion either. Quite the contrary nearly every step towards institutionalising is like acid eating away the truth from a religious denomination.",,,1604701307,{},gbe6zfi,False,t3_jp0vi1,False,True,t1_gbdwa1p,/r/socialism/comments/jp0vi1/pic_of_portland_today_still_do_not_know_know_to/gbe6zfi/,1604708766,1,True,False,socialism,t5_2qjii,,0,[],
[],,FierceBun,,,[],,,,text,t2_4y6c37y3,False,True,[],Thats an amazing take on their part since progressives gained 3 seats,,,1604701275,{},gbe6x4l,False,t3_jpecpy,False,False,t1_gbe4smg,/r/socialism/comments/jpecpy/democrats_waste_no_time_punching_left_in_the_wake/gbe6x4l/,1604708733,1,True,False,socialism,t5_2qjii,,0,[],
[],,Xbox_Dharma_Bum,,,[],,,,text,t2_4szqiuzd,False,False,[],I agree that what you describe is the reality. What I mean is the optics are better to appeal to people's sense of justice rather than revenge.,,,1604700942,{},gbe69q0,False,t3_jp0vi1,False,True,t1_gbe3zwk,/r/socialism/comments/jp0vi1/pic_of_portland_today_still_do_not_know_know_to/gbe69q0/,1604708388,1,True,False,socialism,t5_2qjii,,0,[],
[],,Andrew3780,,,[],,,,text,t2_12rak7,False,False,[],Isn’t he a fascist or “Third Position” though?,,,1604700699,{},gbe5sm0,False,t3_gi0k4z,False,True,t1_fqbvf8s,/r/socialism/comments/gi0k4z/why_capitalism_will_fail_by_keith_woods_i_found/gbe5sm0/,1604708138,1,True,False,socialism,t5_2qjii,,0,[],
[],,Goddamnmint,,,[],,,,text,t2_1qyejri9,False,False,[],"yeah but I have a feeling he can't back up that claim cause his ""billions"" don't exist",,,1604700666,{},gbe5qbi,False,t3_jo8aty,False,True,t1_gbb2y05,/r/socialism/comments/jo8aty/trumps_latest_emails_to_his_supporters_gone_is/gbe5qbi/,1604708102,1,True,False,socialism,t5_2qjii,,0,[],
[],,steelcase556,,,[],,,,text,t2_8k7a8odj,False,False,[],Hell yeah,,,1604700658,{},gbe5pss,False,t3_jp9xqo,False,True,t3_jp9xqo,/r/socialism/comments/jp9xqo/socialists_chant_fk_trump_fk_biden_too_during/gbe5pss/,1604708094,1,True,False,socialism,t5_2qjii,,0,[],
[],,capoony147,,,[],,,,text,t2_43e4t,False,False,[],fair enough lol,,,1604700418,{},gbe59vv,False,t3_jp0vi1,False,True,t1_gbcuqs3,/r/socialism/comments/jp0vi1/pic_of_portland_today_still_do_not_know_know_to/gbe59vv/,1604707854,1,True,False,socialism,t5_2qjii,,0,[],
[],,thats_no_Mun,,,[],,,,text,t2_hgegwxe,False,False,[],"r/americanironfront this is them

Edit: wrong sub, it’s actually r/ironfrontUSA",,,1604700248,{},gbe4xqc,False,t3_jp0vi1,False,False,t1_gbbqksn,/r/socialism/comments/jp0vi1/pic_of_portland_today_still_do_not_know_know_to/gbe4xqc/,1604707669,1,True,False,socialism,t5_2qjii,,0,[],
[],,skinnereatsit,,,[],,,,text,t2_eqht5,False,False,[],"LARPing 2020. “Wait, are we pro gun? Anti gun?” “If we use an AK47 we look more like revolutionaries”. Suburban revolutionaries.",,,1604700227,{},gbe4w7t,False,t3_jp0vi1,False,True,t3_jp0vi1,/r/socialism/comments/jp0vi1/pic_of_portland_today_still_do_not_know_know_to/gbe4w7t/,1604707646,1,True,False,socialism,t5_2qjii,,0,[],
[],,ThatDudeOver,,,[],,,,text,t2_rhl5fex,False,False,[],"One of the Dems were blaming progressives for making the Dems lose seats in the house and the funny thing about that is that it was moderates who lost seats. This is why our agitation must be uncompromising, get rid of moderates entirely and that'll create the opening we need to organize mass scale.",,,1604700178,{},gbe4smg,False,t3_jpecpy,False,False,t3_jpecpy,/r/socialism/comments/jpecpy/democrats_waste_no_time_punching_left_in_the_wake/gbe4smg/,1604707591,1,True,False,socialism,t5_2qjii,,0,[],
[],,Red_Kea,,,[],,,,text,t2_8kbygt7p,False,False,[],Here: [https://www.chapo.chat/](https://www.chapo.chat/),,,1604700112,{},gbe4nt7,False,t3_jpcpcx,False,True,t1_gbdwvy6,/r/socialism/comments/jpcpcx/banned_from_participating_rcommunism_and_r/gbe4nt7/,1604707517,1,True,False,socialism,t5_2qjii,,0,[],
[],,Adonisus,,hochiminh,"[{'e': 'text', 't': 'Hochi Minh'}]",d53fe0e6-54ab-11e5-9c88-0e7e6ff966a1,Hochi Minh,dark,richtext,t2_mcnlk,False,False,[],"You can also tell how it negatively effects those subreddits: Whereas r/socialism has been steadily growing over the last few years, their numbers remain stagnant.",,,1604700063,{},gbe4keh,False,t3_jpcpcx,False,True,t1_gbdxzk8,/r/socialism/comments/jpcpcx/banned_from_participating_rcommunism_and_r/gbe4keh/,1604707466,1,True,False,socialism,t5_2qjii,,0,[],
[],,Secure-Editor7818,,,[],,,,text,t2_7ygmh35k,False,False,[],Let's everyone just calm down,,,1604700041,{},gbe4ivx,False,t3_jp0vi1,False,True,t3_jp0vi1,/r/socialism/comments/jp0vi1/pic_of_portland_today_still_do_not_know_know_to/gbe4ivx/,1604707444,1,True,False,socialism,t5_2qjii,,0,[],
[],,Adonisus,,hochiminh,"[{'e': 'text', 't': 'Hochi Minh'}]",d53fe0e6-54ab-11e5-9c88-0e7e6ff966a1,Hochi Minh,dark,richtext,t2_mcnlk,False,False,[],Both of those subs are overrun with a very specific species of tankie: The Dengist.,,,1604699982,{},gbe4eoh,False,t3_jpcpcx,False,False,t3_jpcpcx,/r/socialism/comments/jpcpcx/banned_from_participating_rcommunism_and_r/gbe4eoh/,1604707382,1,True,False,socialism,t5_2qjii,,0,[],
[],,fynical,,,[],,,,text,t2_oj5btpd,False,False,[],"well no, both revenge and justice give an excuse for people to do bad things. the main difference being one is decided in a court room with multiple people involved and the law involved",,,1604699781,{},gbe3zwk,False,t3_jp0vi1,False,True,t1_gbd5aoq,/r/socialism/comments/jp0vi1/pic_of_portland_today_still_do_not_know_know_to/gbe3zwk/,1604707159,1,True,False,socialism,t5_2qjii,,0,[],
[],,COOKIEEEEEE,,,[],,,,text,t2_semog,False,False,[],thx bruv,,,1604699607,{},gbe3n00,True,t3_joyzht,False,True,t1_gbcq6jx,/r/socialism/comments/joyzht/i_was_coming_up_with_an_argument_on_the/gbe3n00/,1604706966,1,True,False,socialism,t5_2qjii,,0,[],
[],,Nandredor,,,[],,,,text,t2_3zg26vdn,False,False,[],This is fucking hilarious,,,1604699383,{},gbe36s6,False,t3_jp0vi1,False,True,t3_jp0vi1,/r/socialism/comments/jp0vi1/pic_of_portland_today_still_do_not_know_know_to/gbe36s6/,1604706716,1,True,False,socialism,t5_2qjii,,0,[],
[],,NuclearComrade,,anarchy,"[{'e': 'text', 't': 'Anarchy'}]",1ded2232-3ee4-11e5-b102-0e3f27028b2f,Anarchy,dark,richtext,t2_5vjwq29z,False,False,[],I got banned for being an anarchist.,,,1604699364,{},gbe35eq,False,t3_jpcpcx,False,True,t3_jpcpcx,/r/socialism/comments/jpcpcx/banned_from_participating_rcommunism_and_r/gbe35eq/,1604706696,1,True,False,socialism,t5_2qjii,,0,[],
[],,Ghuldarkar,,,[],,,,text,t2_oqbsgt1,False,False,[],"I used ideas that dworkin would agree with in a 300 symbol comment and they banned me for being sexist because I'm in the bdsm subreddit, lol.",,,1604699311,{},gbe31r6,False,t3_jpcpcx,False,True,t1_gbe1dmw,/r/socialism/comments/jpcpcx/banned_from_participating_rcommunism_and_r/gbe31r6/,1604706640,1,True,False,socialism,t5_2qjii,,0,[],
[],,mujiko123,,,[],,,,text,t2_8nlez8fu,False,False,[],"Thanks. Do you know, did he also wrote or mention anything about the topics such as Iraq war, American imperialism, Western civilization, etc.

I noticed that he also met Evo Morales, Hugo Chavez.",,,1604699284,{},gbe2zqy,True,t3_jpd1ym,False,True,t1_gbdyihj,/r/socialism/comments/jpd1ym/eduardo_galeano/gbe2zqy/,1604706609,1,True,False,socialism,t5_2qjii,,0,[],
[],,spacealienz,,,[],,,,text,t2_42hzq,False,False,[],If the SPD hadn't murdered Rosa she might have lived long enough to be murdered by Stalin.,,,1604699257,{},gbe2xsg,False,t3_jp0vi1,False,True,t1_gbe17we,/r/socialism/comments/jp0vi1/pic_of_portland_today_still_do_not_know_know_to/gbe2xsg/,1604706579,1,True,False,socialism,t5_2qjii,,0,[],
[],,Ghuldarkar,,,[],,,,text,t2_oqbsgt1,False,False,[],I got banned for being a sexist bdsm freak making a feminist argument against porn when someone asked in comments. They're some kind of nazbol cult i guess,,,1604699202,{},gbe2tvd,False,t3_jpcpcx,False,True,t1_gbdu76d,/r/socialism/comments/jpcpcx/banned_from_participating_rcommunism_and_r/gbe2tvd/,1604706520,1,True,False,socialism,t5_2qjii,,0,[],
[],,ZinZorius312,,,[],,,,text,t2_1qb24bqj,False,False,[],"It was originally meant to show the 3 things that the german social democrats were against.

1.Monarchism
2.Nazism 
3. Communism

Some people are using it as a generic symbol against fascism in recent times.",,,1604699131,{},gbe2ov4,False,t3_jp0vi1,False,True,t1_gbc7ku6,/r/socialism/comments/jp0vi1/pic_of_portland_today_still_do_not_know_know_to/gbe2ov4/,1604706444,1,True,False,socialism,t5_2qjii,,0,[],
[],,Ghuldarkar,,,[],,,,text,t2_oqbsgt1,False,False,[],"They banned me for being into bdsm lol. I kid you not it was one of the main reasons, citing it as me being sexist, despite making a feminist point against pornographie in the comment they used to ban me.",,,1604699084,{},gbe2ld7,False,t3_jpcpcx,False,True,t1_gbdu47d,/r/socialism/comments/jpcpcx/banned_from_participating_rcommunism_and_r/gbe2ld7/,1604706394,1,True,False,socialism,t5_2qjii,,0,[],
[],,mujiko123,,,[],,,,text,t2_8nlez8fu,False,False,[],"&gt;d some ideas he transmited he then changed his mind about them. I don't think he was fully socialist. But he was into some of the ideas of socialism.  
&gt;  
&gt;He certainly was anti-capitalism tho.

Thanks, I think you are right and that he was anti-capitalist.",,,1604699056,{},gbe2jcc,True,t3_jpd1ym,False,False,t1_gbdyhxu,/r/socialism/comments/jpd1ym/eduardo_galeano/gbe2jcc/,1604706363,1,True,False,socialism,t5_2qjii,,0,[],
[],,Smutteringplib,,,[],,,,text,t2_8sgxj,False,False,[],"Obama was certainly a neocon, the media just never called him one",,,1604698803,{},gbe20sr,False,t3_jp0vi1,False,True,t1_gbe1vzv,/r/socialism/comments/jp0vi1/pic_of_portland_today_still_do_not_know_know_to/gbe20sr/,1604706086,1,True,False,socialism,t5_2qjii,,0,[],
[],,applejuice72,,,[],,,,text,t2_79z67qeo,False,False,[],"Yes. That’s more of a clarification. However then Hillary/Obama would be considered Neocons in the sense of if you count the expansions of the war on terror and the destabilizing of Libya, but yes two wings of the same bird.",,,1604698737,{},gbe1vzv,False,t3_jp0vi1,False,True,t1_gbdzmdn,/r/socialism/comments/jp0vi1/pic_of_portland_today_still_do_not_know_know_to/gbe1vzv/,1604706013,1,True,False,socialism,t5_2qjii,,0,[],
[],,TheUnitedStates1776,,,[],,,,text,t2_2d2aez1m,False,False,[],"You guys do know your ideology isn’t popular in the United States, right?",,,1604698499,{},gbe1efn,False,t3_jp0vi1,False,True,t1_gbbqsxy,/r/socialism/comments/jp0vi1/pic_of_portland_today_still_do_not_know_know_to/gbe1efn/,1604705735,1,True,False,socialism,t5_2qjii,,0,[],
[],,Leegh229,,hammerandsickle,"[{'e': 'text', 't': ""Pascal's Village""}]",6b0de0c4-3ee4-11e5-bc5a-0ee61c357d3b,Pascal's Village,dark,richtext,t2_fatnw,False,False,[],I would just ignore them. I personally have been banned from r/communism101 for questioning the practices of Socialism with Chinese characteristics. Their ultra-orthodox attitude and ban-happy mods are incredibly detrimental to educating people about the ideas of Communism.,,,1604698489,{},gbe1dmw,False,t3_jpcpcx,False,True,t3_jpcpcx,/r/socialism/comments/jpcpcx/banned_from_participating_rcommunism_and_r/gbe1dmw/,1604705723,1,True,False,socialism,t5_2qjii,,0,[],
[],,ToooloooT,,,[],,,,text,t2_zz1zz,False,False,[],Gotta try harder than that bud. Lol,,,1604698444,{},gbe1a8s,False,t3_jpdqho,False,True,t3_jpdqho,/r/socialism/comments/jpdqho/is_socialism_only_for_poor_people/gbe1a8s/,1604705669,1,True,False,socialism,t5_2qjii,,0,[],
[],,jonkik,,,[],,,,text,t2_5exeap6h,False,False,[],"The context was Hitler being taking power, and after the SPD killed Luxembourg and Liebknecht with the help of the Freikorps..

Of cause it was anti communism, by a party alined itself with parts of the right wing, capitalist class.",,,1604698411,{},gbe17we,False,t3_jp0vi1,False,True,t1_gbcyb9c,/r/socialism/comments/jp0vi1/pic_of_portland_today_still_do_not_know_know_to/gbe17we/,1604705633,1,True,False,socialism,t5_2qjii,,0,[],
[],,jonkik,,,[],,,,text,t2_5exeap6h,False,False,[],its not like [Anarchists](https://libcom.org/library/bakunin-marx-rothschild) have their fair share of problems.,,,1604698267,{},gbe0x4u,False,t3_jp0vi1,False,True,t1_gbczdzl,/r/socialism/comments/jp0vi1/pic_of_portland_today_still_do_not_know_know_to/gbe0x4u/,1604705464,1,True,False,socialism,t5_2qjii,,0,[],
[],,LeninisLif3,,lenin,"[{'e': 'text', 't': 'Lenin'}]",89f33b24-3ee4-11e5-83e9-0e49b4de90e1,Lenin,dark,richtext,t2_1mu1vau9,False,False,[],"It’s for any proletarian, from doctor to fast food worker. And because how hard you work under capitalism has almost no bearing on earnings.",,,1604698220,{},gbe0tgz,False,t3_jpdqho,False,True,t3_jpdqho,/r/socialism/comments/jpdqho/is_socialism_only_for_poor_people/gbe0tgz/,1604705405,1,False,False,socialism,t5_2qjii,,0,[],
[],,jonkik,,,[],,,,text,t2_5exeap6h,False,False,[],The GDR remembered him as a hero and  produced a good film about him... And yeah beating Hitler was kind of the top priority of the USSR during WW2...,,,1604698177,{},gbe0q8o,False,t3_jp0vi1,False,True,t1_gbcv257,/r/socialism/comments/jp0vi1/pic_of_portland_today_still_do_not_know_know_to/gbe0q8o/,1604705357,1,True,False,socialism,t5_2qjii,,0,[],
[],,McHonkers,,,[],,,,text,t2_i1zmi,False,False,[],Communist authoritarianism is so wrong... So let's better stay under capitalist authoritarianism for ever instead of having a positive and educational relation to historical revolutions...,,,1604697849,{},gbe01qv,False,t3_jp0vi1,False,True,t1_gbczdzl,/r/socialism/comments/jp0vi1/pic_of_portland_today_still_do_not_know_know_to/gbe01qv/,1604704976,1,True,False,socialism,t5_2qjii,,0,[],
[],,[deleted],,,,,,dark,,,,,[],[removed],,,1604697804,{},gbdzya8,False,t3_jp0vi1,False,True,t1_gbdyu4r,/r/socialism/comments/jp0vi1/pic_of_portland_today_still_do_not_know_know_to/gbdzya8/,1604704926,1,True,False,socialism,t5_2qjii,,0,[],
[],,[deleted],,,,,,dark,,,,,[],[removed],,,1604697756,{},gbdzund,False,t3_jp0vi1,False,True,t3_jp0vi1,/r/socialism/comments/jp0vi1/pic_of_portland_today_still_do_not_know_know_to/gbdzund/,1604704871,1,True,False,socialism,t5_2qjii,,0,[],
[],,Son_of_Sithis,,,[],,,,text,t2_2zgecw5a,False,False,[],Yall mfs to dependent on the government,,,1604697743,{},gbdztn7,False,t3_jopnld,False,True,t3_jopnld,/r/socialism/comments/jopnld/new_yorks_elected_socialists_are_building_a/gbdztn7/,1604704856,1,True,False,socialism,t5_2qjii,,0,[],
[],,Blk_Cffee,,,[],,,,text,t2_4o9ldlwm,False,True,[],The 3 arrows or ‘iron front’ or ‘iron gate’ is the traditional anti fascist symbol,,,1604697689,{},gbdzpob,False,t3_jp0vi1,False,True,t3_jp0vi1,/r/socialism/comments/jp0vi1/pic_of_portland_today_still_do_not_know_know_to/gbdzpob/,1604704794,1,True,False,socialism,t5_2qjii,,0,[],1604697935.0
[],,[deleted],,,,,,dark,,,,,[],[removed],,,1604697670,{},gbdzo5i,False,t3_jp0vi1,False,True,t3_jp0vi1,/r/socialism/comments/jp0vi1/pic_of_portland_today_still_do_not_know_know_to/gbdzo5i/,1604704772,1,True,False,socialism,t5_2qjii,,0,[],
[],,Smutteringplib,,,[],,,,text,t2_8sgxj,False,False,[],"Not quite. Neoconservativism is about foreign policy while neoliberalism is about economics. In the simplest terms neocons are pro-imperialist war hawks. 

Most/many american politicians are both neoliberal and neoconservative. They are often 2 sides of the same worldview.",,,1604697648,{},gbdzmdn,False,t3_jp0vi1,False,True,t1_gbdedo3,/r/socialism/comments/jp0vi1/pic_of_portland_today_still_do_not_know_know_to/gbdzmdn/,1604704744,1,True,False,socialism,t5_2qjii,,0,[],
[],,AmputatorBot,,,[],,,,text,t2_40ogh1l4,False,False,[],"It looks like you shared some AMP links. These should load faster, but Google's AMP is controversial because of [concerns over privacy and the Open Web](https://www.reddit.com/r/AmputatorBot/comments/ehrq3z/why_did_i_build_amputatorbot).

You might want to visit **the canonical pages** instead:

[1] **[https://mobile.twitter.com/kawsachunnews/status/1324555254604668929?ref%5c_url=https%3a%2f%2fforums.somethingawful.com%2fshowthread.php%3fthreadid%3d3684031pagenumber%3d230lastpost](https://mobile.twitter.com/kawsachunnews/status/1324555254604668929?ref%5c_url=https%3a%2f%2fforums.somethingawful.com%2fshowthread.php%3fthreadid%3d3684031pagenumber%3d230lastpost)**

[2] **[https://mobile.twitter.com/kawsachunnews/status/1324555254604668929?ref_url=https%3a%2f%2fforums.somethingawful.com%2fshowthread.php%3fthreadid%3d3684031pagenumber%3d230lastpost](https://mobile.twitter.com/kawsachunnews/status/1324555254604668929?ref_url=https%3a%2f%2fforums.somethingawful.com%2fshowthread.php%3fthreadid%3d3684031pagenumber%3d230lastpost)**

*****

 ^(I'm a bot | )[^(Why &amp; About)](https://www.reddit.com/r/AmputatorBot/comments/ehrq3z/why_did_i_build_amputatorbot)^( | )[^(Summon me with u/AmputatorBot)](https://www.reddit.com/r/AmputatorBot/comments/cchly3/you_can_now_summon_amputatorbot/)",,,1604697601,{},gbdzind,False,t3_jozqkl,False,True,t1_gbdzhpv,/r/socialism/comments/jozqkl/bolivias_presidentelect_luis_arce_attacked_with/gbdzind/,1604704692,1,True,False,socialism,t5_2qjii,,0,[],
[],,alwayssalty_,,,[],,,,text,t2_107jcnt,False,False,[],"Apparently the military is providing very poor security for Arce

&amp;#x200B;

[https://twitter.com/KawsachunNews/status/1324555254604668929?ref\_src=twsrc%5Etfw%7Ctwcamp%5Etweetembed%7Ctwterm%5E1324555254604668929%7Ctwgr%5Eshare\_3&amp;ref\_url=https%3A%2F%2Fforums.somethingawful.com%2Fshowthread.php%3Fthreadid%3D3684031pagenumber%3D230lastpost](https://twitter.com/KawsachunNews/status/1324555254604668929?ref_src=twsrc%5Etfw%7Ctwcamp%5Etweetembed%7Ctwterm%5E1324555254604668929%7Ctwgr%5Eshare_3&amp;ref_url=https%3A%2F%2Fforums.somethingawful.com%2Fshowthread.php%3Fthreadid%3D3684031pagenumber%3D230lastpost)",,,1604697589,{},gbdzhpv,False,t3_jozqkl,False,True,t3_jozqkl,/r/socialism/comments/jozqkl/bolivias_presidentelect_luis_arce_attacked_with/gbdzhpv/,1604704678,1,True,False,socialism,t5_2qjii,,0,[],1604699829.0
[],,Yiphix,,,[],,,,text,t2_3j2ilfds,False,False,[],That they agree with it.  Maybe based in fact or reality?,,,1604697528,{},gbdzd25,False,t3_jp0vi1,False,True,t1_gbdmbkz,/r/socialism/comments/jp0vi1/pic_of_portland_today_still_do_not_know_know_to/gbdzd25/,1604704608,1,True,False,socialism,t5_2qjii,,0,[],
[],,say-oink-plz,,,[],,,,text,t2_306epys5,False,False,[],Thanks for the recommendation! That looks like it's going to be a great resource on this.,,,1604697312,{},gbdyw5w,True,t3_jp0lv8,False,False,t1_gbdtj16,/r/socialism/comments/jp0lv8/has_anyone_looked_into_capitalism_as_a/gbdyw5w/,1604704344,1,True,False,socialism,t5_2qjii,,0,[],
[],,Comrade_BobAvakyan,,mao,"[{'e': 'text', 't': 'Mao:MaoZedong:'}]",9261b60a-3ee4-11e5-b3c8-0e8d84207ba5,Mao:MaoZedong:,dark,richtext,t2_698p8gaw,False,False,[],"My good fellow, since you so kindly asked the mods not to remove this, I decided to report your ass for reactionary content. Also, voting for Socialism, nah, we're gonna have a revolution for it. Also, my parents are also from a Communist country, and they fucking miss it.",,,1604697306,{},gbdyvpr,False,t3_jpdjbb,False,True,t3_jpdjbb,/r/socialism/comments/jpdjbb/mods_please_dont_remove_this_i_know_that_everyone/gbdyvpr/,1604704336,1,True,False,socialism,t5_2qjii,,0,[],
[],,McHonkers,,,[],,,,text,t2_i1zmi,False,False,[],"This is what a nervous liberal looks like, who anxiously needs to deflect when people expose his horrific ideology.",,,1604697286,{},gbdyu4r,False,t3_jp0vi1,False,True,t1_gbdin8l,/r/socialism/comments/jp0vi1/pic_of_portland_today_still_do_not_know_know_to/gbdyu4r/,1604704312,1,True,False,socialism,t5_2qjii,,0,[],
[],,orodant,,,[],,,,text,t2_63s895et,False,False,[],Bit conceited to think no one here has information on it,,,1604697281,{},gbdytrf,False,t3_jpdjbb,False,True,t3_jpdjbb,/r/socialism/comments/jpdjbb/mods_please_dont_remove_this_i_know_that_everyone/gbdytrf/,1604704307,1,True,False,socialism,t5_2qjii,,0,[],
[],,JehGuevara,,,[],,,,text,t2_2gujb4y5,False,False,[],"I guess it depends on how important accuracy is to you. Historically, Trump may or may not quite fit the (admittedly nebulous) definition of Fascism, though he flirts with it constantly. Further, most Trump supporters still claim to believe in the ""importance of voting""--for the ""right people"", but it's voting nonetheless--hence the traction ""they are stealing the election"" has been able to gather. For true Fascists, voting is something they are specifically against.

In no way am I saying the GOP isn't headed in that direction, or that they shouldn't be fought in the streets if necessary, I'm simply saying from a historical point-of-view they aren't there yet.

Additionally, this shouldn't be taken to negate any anti-fascist activities you (or myself and my comrades) are undertaking. Anti-fascists don't have to wait until proper Fascism rears its head. The warning signs are everywhere, and it's easier to stop it on the front end than to fight it once it's established.",,,1604697237,{},gbdyq9m,False,t3_jp0vi1,False,True,t1_gbdwifb,/r/socialism/comments/jp0vi1/pic_of_portland_today_still_do_not_know_know_to/gbdyq9m/,1604704252,1,True,False,socialism,t5_2qjii,,0,[],
[],,McHonkers,,,[],,,,text,t2_i1zmi,False,False,[],"No, you misunderstood, he said capitalism three times.",,,1604697157,{},gbdyjsi,False,t3_jp0vi1,False,True,t1_gbc27y5,/r/socialism/comments/jp0vi1/pic_of_portland_today_still_do_not_know_know_to/gbdyjsi/,1604704149,1,True,False,socialism,t5_2qjii,,0,[],
[],,FancyPak,,,[],,,,text,t2_1ekidsx2,False,False,[],"The USSR was communist/stalinist, which is authoritarian socalisim. Majority of people here are liberal socialists.",,,1604697142,{},gbdyime,False,t3_jpdjbb,False,True,t3_jpdjbb,/r/socialism/comments/jpdjbb/mods_please_dont_remove_this_i_know_that_everyone/gbdyime/,1604704131,1,True,False,socialism,t5_2qjii,,0,[],
[],,Vaeon,,,[],,,,text,t2_ezubv,False,False,[],"He makes it quite clear that capitalism is a cancer that has rotted Latin America, and he shows exactly how it was done. It's not heavy-handed or polemical, it's just so eloquently stated...it's gripping.",,,1604697140,{},gbdyihj,False,t3_jpd1ym,False,True,t1_gbdvj7i,/r/socialism/comments/jpd1ym/eduardo_galeano/gbdyihj/,1604704130,1,True,False,socialism,t5_2qjii,,0,[],
[],,omysoull,,,[],,,,text,t2_5cwsgxgd,False,False,[],"He made some statements specifically on that book. He said he was a child when he wrote it and some ideas he transmited he then changed his mind about them.
I don't think he was fully socialist. But he was into some of the ideas of socialism. 

He certainly was anti-capitalism tho.",,,1604697133,{},gbdyhxu,False,t3_jpd1ym,False,True,t1_gbdvj7i,/r/socialism/comments/jpd1ym/eduardo_galeano/gbdyhxu/,1604704121,1,True,False,socialism,t5_2qjii,,0,[],
[],,Tokarev309,,,[],,,,text,t2_4jie4sq5,False,False,[],"Your analysis is correct. Marx acknowledges that a man with a family will require more resources than a man without one. Meaning if both worked at the same job in the same place, they would be compensated differently, due to the difference in needs.

I am a Marxist-Leninist and have been banned from both of those subs for supporting Mao's China over Dengist reforms.

Those moderators are a bit too ban happy, which hurts them, as their goal (in theory) is to educate. If one cannot ask questions, than how can one learn?",,,1604697071,{},gbdycy9,False,t3_jpcpcx,False,False,t3_jpcpcx,/r/socialism/comments/jpcpcx/banned_from_participating_rcommunism_and_r/gbdycy9/,1604704040,1,True,False,socialism,t5_2qjii,,0,[],
[],,Comrade_BobAvakyan,,mao,"[{'e': 'text', 't': 'Mao:MaoZedong:'}]",9261b60a-3ee4-11e5-b3c8-0e8d84207ba5,Mao:MaoZedong:,dark,richtext,t2_698p8gaw,False,False,[],"Don't you get it, terrorism exists, so that why we need to ban hijabs and beards, just like how dipshit revisionists exists, which is why we need to ban zoomers altogether.",,,1604696973,{},gbdy4zq,False,t3_jp0fpm,False,True,t1_gbdl5sv,/r/socialism/comments/jp0fpm/a_look_at_the_official_xinjiang_anti_extremist/gbdy4zq/,1604703918,1,True,False,socialism,t5_2qjii,,0,[],
[],,pmctrash,,,[],,,,text,t2_42q0kcnr,False,False,[],"Happens often.

I almost admire their hyper-orthodoxy; but the other commenters are correct: their definition of reaction is totally relative to their own very specific and exclusionary take on communism, to the point of being absurd. Many examples of folks simply not willing to educate others, despite it being ""communism 101"". I'm not convinced that running a highly exclusionary online space or identifying activity in socialist adjacent political parties as 'reactionary' is politically or strategically meaningful. I'm sure it's a shock, but I wouldn't sweat it, comrade.",,,1604696907,{},gbdxzk8,False,t3_jpcpcx,False,False,t3_jpcpcx,/r/socialism/comments/jpcpcx/banned_from_participating_rcommunism_and_r/gbdxzk8/,1604703835,1,True,False,socialism,t5_2qjii,,0,[],
[],,420691017,,,[],,,,text,t2_64zrp7fh,False,False,[],Not cracking down leads to coups,,,1604696839,{},gbdxtvr,False,t3_jozqkl,False,True,t1_gbcles0,/r/socialism/comments/jozqkl/bolivias_presidentelect_luis_arce_attacked_with/gbdxtvr/,1604703746,1,True,False,socialism,t5_2qjii,,0,[],
[],,[deleted],,,,,,dark,,,,,[],[removed],,,1604696772,{},gbdxoan,False,t3_jp0vi1,False,True,t1_gbdwa1p,/r/socialism/comments/jp0vi1/pic_of_portland_today_still_do_not_know_know_to/gbdxoan/,1604703659,1,True,False,socialism,t5_2qjii,,0,[],
[],,MurderMittenSleuth,,,[],,,,text,t2_88qqix2l,False,False,[],"So Al Pacino can have his Amazon Original spinoff series, *American Nazi Hunters.*",,,1604696647,{},gbdxdiw,False,t3_jpbq2w,False,True,t1_gbdm8b7,/r/socialism/comments/jpbq2w/find_out_who_wore_the_maga_hats_before_they_go/gbdxdiw/,1604703494,1,True,False,socialism,t5_2qjii,,0,[],
[],,wikipedia_text_bot,,,[],,,,text,t2_8pm6pzxo,False,False,[],"**Abu Ghraib Torture And Prisoner Abuse**

During the early stages of the Iraq War, United States Army and Central Intelligence Agency personnel committed a series of human rights violations against detainees in the Abu Ghraib prison in Iraq, including physical and sexual abuse, torture, rape, sodomy, and murder. The abuses came to public attention with the publication of photographs of the abuse by CBS News in April 2004. The incidents received widespread condemnation both within the United States and abroad.The administration of George W.",,,1604696615,{},gbdxasd,False,t3_jo8aty,False,True,t1_gbdx9jo,/r/socialism/comments/jo8aty/trumps_latest_emails_to_his_supporters_gone_is/gbdxasd/,1604703452,1,True,False,socialism,t5_2qjii,,0,[],
[],,Jalor218,,,[],,,,text,t2_qj3m2tt,False,False,[],"Nixon had those firsts when he was president and still got pardoned. The Bush administration's war crimes were the first to happen in an era of mass media and be [documented for the world to see](https://en.wikipedia.org/wiki/Abu_Ghraib_torture_and_prisoner_abuse), their war profiteering was the most obvious yet, and they still got pardoned.

I don't think any US president will *ever* face charges for things they did in office, because the next office holder will never want to change that precedent.",,,1604696600,{},gbdx9jo,False,t3_jo8aty,False,True,t1_gbdhsja,/r/socialism/comments/jo8aty/trumps_latest_emails_to_his_supporters_gone_is/gbdx9jo/,1604703434,1,True,False,socialism,t5_2qjii,,0,[],
[],,Magnus--Dux,,,[],,,,text,t2_5mpamy74,False,False,[],"Hello again! and thanks for taking the time to replay.

I think I've failed to explain myself, I never meant to imply that your video was simplistic, I just think that ""a transition period form capitalism to communism"" doesn't have to be part of an accurate definition of socialism and that dialectical materialism, historical materialism and the dictatorship of the proletariat are not topics that should be part of a video called ""Socialism for the absolute beginner"" unless of course you make explicit the intention of a more ""marx-focused"" take on socialism.

I absolutely agree that the ""capitalism is human nature"" mindset represents a big obstacle and must be debunked and ""debugged"" out of people's minds as soon as possible and that showing different modes of organizing production and society in general is a good way of doing it.

Looking forward to your uploads!",,,1604696599,{},gbdx9dr,False,t3_joxrky,False,True,t1_gbdhix5,/r/socialism/comments/joxrky/socialism_for_the_absolute_beginner_short_video/gbdx9dr/,1604703433,1,True,False,socialism,t5_2qjii,,0,[],
[],,Antsonfire,,antonionegri,"[{'e': 'text', 't': 'Antonio Negri'}]",,Antonio Negri,dark,richtext,t2_d2xq1,False,False,[],I miss r/chapo tbh,,,1604696456,{},gbdwvy6,False,t3_jpcpcx,False,True,t3_jpcpcx,/r/socialism/comments/jpcpcx/banned_from_participating_rcommunism_and_r/gbdwvy6/,1604703239,1,True,False,socialism,t5_2qjii,,0,[],
[],,SuperBarracuda6,,,[],,,,text,t2_3bgccpa0,False,False,[],"Those subs are fake and run by trolls.  They only allow a few of their friends to comment, anyone else gets banned.  Most of the threads have no comments because no one is allowed to comment.",,,1604696428,{},gbdwteu,False,t3_jpcpcx,False,True,t3_jpcpcx,/r/socialism/comments/jpcpcx/banned_from_participating_rcommunism_and_r/gbdwteu/,1604703203,1,True,False,socialism,t5_2qjii,,0,[],
[],,ntldr,,,[],,,,text,t2_45hsy,False,False,[],"I agree that the NSDAP was more open about their intentions of smashing democracy, but isn't this just a slight deviation in tactics? And it's not like Trump supporters were completely blind to this, remember how on r/t_d they would refer to him as ""God Emperor"". These are different times than post WWI Germany. Fascism is still a bad word and Democracy remains a good word. While Trump is not intelligent by any stretch of the imagination, he's at least smart enough to realize that it's easier to re-brand fascism than to try and convince people that fascism is a good way forward.

And my concern is, if we call it anything but fascism, aren't we just supporting/enabling their rebranding efforts?",,,1604696286,{},gbdwifb,False,t3_jp0vi1,False,True,t1_gbdoiq2,/r/socialism/comments/jp0vi1/pic_of_portland_today_still_do_not_know_know_to/gbdwifb/,1604703034,1,True,False,socialism,t5_2qjii,,0,[],
[],,RhombusAcheron,transparent,,"[{'e': 'text', 't': '☭'}]",2c626e76-b85d-11e8-8340-0e8cb9b1f556,☭,dark,richtext,t2_b5qjo,False,False,[],"leftists: religious institutions are often controlling and reactionary and people should be free of that burden

you: this is theophobia i got the stigmata",,,1604696173,{},gbdwa1p,False,t3_jp0vi1,False,False,t1_gbdul0t,/r/socialism/comments/jp0vi1/pic_of_portland_today_still_do_not_know_know_to/gbdwa1p/,1604702901,1,True,False,socialism,t5_2qjii,,0,[],
[],,[deleted],,,,,,dark,,,,,[],[removed],,,1604696169,{},gbdw9r8,False,t3_jp0vi1,False,True,t3_jp0vi1,/r/socialism/comments/jp0vi1/pic_of_portland_today_still_do_not_know_know_to/gbdw9r8/,1604702896,1,True,False,socialism,t5_2qjii,,0,[],
[],,Yeetaway1404,,,[],,,,text,t2_2yr90auq,False,False,[],What’s so bad about optics? Geez leftists really don’t want to win do they?,,,1604696062,{},gbdw1z2,False,t3_jp0vi1,False,True,t1_gbbqsxy,/r/socialism/comments/jp0vi1/pic_of_portland_today_still_do_not_know_know_to/gbdw1z2/,1604702775,1,True,False,socialism,t5_2qjii,,0,[],
[],,mujiko123,,,[],,,,text,t2_8nlez8fu,False,False,[],"Thanks. Yes, this book is probably his most known. 

I think he was a socialist, wasn't he? 
Did he mention or express his stance  on socialism, capitalism, Iraq war, American imperialism etc. in this book?",,,1604695812,{},gbdvj7i,True,t3_jpd1ym,False,True,t1_gbdv1dt,/r/socialism/comments/jpd1ym/eduardo_galeano/gbdvj7i/,1604702477,1,True,False,socialism,t5_2qjii,,0,[],
[],,master_x_2k,,,[],,,,text,t2_d4290,False,False,[],The laborers,,,1604695579,{},gbdv1p8,False,t3_jp0vi1,False,True,t1_gbbu8dg,/r/socialism/comments/jp0vi1/pic_of_portland_today_still_do_not_know_know_to/gbdv1p8/,1604702201,1,True,False,socialism,t5_2qjii,,0,[],
[],,Vaeon,,,[],,,,text,t2_ezubv,False,False,[],"I've only read *The Open Veins of Latin America* and it was non-fiction, a historical account of the plunder of Latin America by Europe and the US.

It's very well written, highly informative, and infuriating.",,,1604695575,{},gbdv1dt,False,t3_jpd1ym,False,True,t3_jpd1ym,/r/socialism/comments/jpd1ym/eduardo_galeano/gbdv1dt/,1604702195,1,True,False,socialism,t5_2qjii,,0,[],
[],,snillhundz,,,[],,,,text,t2_2yl0n98d,False,False,[],Take a note from Mandela please.,,,1604695462,{},gbduswq,False,t3_jp0vi1,False,True,t3_jp0vi1,/r/socialism/comments/jp0vi1/pic_of_portland_today_still_do_not_know_know_to/gbduswq/,1604702068,1,True,False,socialism,t5_2qjii,,0,[],
[],,[deleted],,,,,,dark,,,,,[],[removed],,,1604695362,{},gbdulks,False,t3_jp0vi1,False,True,t3_jp0vi1,/r/socialism/comments/jp0vi1/pic_of_portland_today_still_do_not_know_know_to/gbdulks/,1604701952,1,True,False,socialism,t5_2qjii,,0,[],
[],,rafaelo2709,,,[],,,,text,t2_x5v3uca,False,False,[],"Looking at the evangelics in your united states or some denominations in my own country, I cant really be mad about the stigmatas, but it's sad that supposedly ""progressive and open-minded"" people cant get the theophobia out of their heads. There are literally leftist that think all forms of religions are menatal illnesses and religios people should be ""healed"" from it. Im getting serious 3. Reich vibes.",,,1604695354,{},gbdul0t,False,t3_jp0vi1,False,True,t1_gbdsb69,/r/socialism/comments/jp0vi1/pic_of_portland_today_still_do_not_know_know_to/gbdul0t/,1604701944,1,True,False,socialism,t5_2qjii,,0,[],
[],,cimat1984,,,[],,,,text,t2_28kfnit8,False,False,[],"I was banned because someone asked about the green party in that forum. I, a green party membered, gave a very accurate response, and got banned. 

I'm sure the greens fail some ultra-orthodox communist purity test blah blah blah....",,,1604695170,{},gbdu76d,False,t3_jpcpcx,False,True,t3_jpcpcx,/r/socialism/comments/jpcpcx/banned_from_participating_rcommunism_and_r/gbdu76d/,1604701727,1,True,False,socialism,t5_2qjii,,0,[],
[],,Comrade_BobAvakyan,,mao,"[{'e': 'text', 't': 'Mao:MaoZedong:'}]",9261b60a-3ee4-11e5-b3c8-0e8d84207ba5,Mao:MaoZedong:,dark,richtext,t2_698p8gaw,False,False,[],r/communism and its affiliate r/communism101 are both just trash subs.,,,1604695131,{},gbdu47d,False,t3_jpcpcx,False,True,t3_jpcpcx,/r/socialism/comments/jpcpcx/banned_from_participating_rcommunism_and_r/gbdu47d/,1604701681,1,True,False,socialism,t5_2qjii,,0,[],
[],,humanispherian,,2-pierrejosephproudhon,"[{'e': 'text', 't': 'Anarchist'}]",,Anarchist,dark,richtext,t2_b6596,False,False,[],"I was also banned recently, despite trying to be very careful in my response to a question about anarchist theory. According to the notification, the ban was not for my answer, but for my ""reactionary"" post history. Since I spend most of my time fielding questions on radical history or talking about anarchist theory, their definition of ""reaction"" appears to be particularly partisan.",,,1604694959,{},gbdtr6s,False,t3_jpcpcx,False,True,t3_jpcpcx,/r/socialism/comments/jpcpcx/banned_from_participating_rcommunism_and_r/gbdtr6s/,1604701475,1,True,False,socialism,t5_2qjii,,0,[],
[],,soutinewrench,,,[],,,,text,t2_8fk3241k,False,False,[],"Also worth looking into is Eugene McCarraher's ""The Enchantments of Mammon: How Capitalism Became the Religion of Modernity""",,,1604694851,{},gbdtj16,False,t3_jp0lv8,False,True,t3_jp0lv8,/r/socialism/comments/jp0lv8/has_anyone_looked_into_capitalism_as_a/gbdtj16/,1604701350,1,True,False,socialism,t5_2qjii,,0,[],
[],,[deleted],,,,,,dark,,,,,[],[removed],,,1604694824,{},gbdth0p,False,t3_jp0vi1,False,True,t3_jp0vi1,/r/socialism/comments/jp0vi1/pic_of_portland_today_still_do_not_know_know_to/gbdth0p/,1604701317,1,True,False,socialism,t5_2qjii,,0,[],
[],,DiredRaven,,,[],,,,text,t2_19rfuv4b,False,True,[],Ooh yikes I might be leaving a subreddit here soon,,,1604694795,{},gbdtewa,False,t3_jp0vi1,False,True,t1_gbdt4uq,/r/socialism/comments/jp0vi1/pic_of_portland_today_still_do_not_know_know_to/gbdtewa/,1604701284,1,True,False,socialism,t5_2qjii,,0,[],
[],,Roxxagon,,,[],,,,text,t2_4zkq2wd,False,False,[],I don't want revenge for that shit. I don't believe revenge is justice. I just want that crap to end.,,,1604694757,{},gbdtc2n,False,t3_jp0vi1,False,True,t3_jp0vi1,/r/socialism/comments/jp0vi1/pic_of_portland_today_still_do_not_know_know_to/gbdtc2n/,1604701240,1,True,False,socialism,t5_2qjii,,0,[],
[],,Sterling-4rcher,,,[],,,,text,t2_112zuq,False,False,[],that didn't sound half as tough as you thought it would.,,,1604694704,{},gbdt85t,False,t3_jp0vi1,False,True,t1_gbdlmit,/r/socialism/comments/jp0vi1/pic_of_portland_today_still_do_not_know_know_to/gbdt85t/,1604701176,1,True,False,socialism,t5_2qjii,,0,[],
[],,[deleted],,,,,,dark,,,,,[],[removed],,,1604694682,{},gbdt6hg,False,t3_jpcpcx,False,True,t3_jpcpcx,/r/socialism/comments/jpcpcx/banned_from_participating_rcommunism_and_r/gbdt6hg/,1604701149,1,True,False,socialism,t5_2qjii,,0,[],
