all_awardings,associated_award,author,author_flair_background_color,author_flair_css_class,author_flair_richtext,author_flair_template_id,author_flair_text,author_flair_text_color,author_flair_type,author_fullname,author_patreon_flair,author_premium,awarders,body,collapsed_because_crowd_control,comment_type,created_utc,gildings,id,is_submitter,link_id,locked,no_follow,parent_id,permalink,retrieved_on,score,send_replies,stickied,subreddit,subreddit_id,top_awarded_type,total_awards_received,treatment_tags
[],,FieldWorksS,,,[],,,,text,t2_63q6eb1t,False,False,[],"Yeah, learning about the foundations all economic systems were based upon allowed me to choose which one I found most effective at explaining phenomena and fitting in with humanity.

Funny thing is, despite knowing of my far left believes and my teachers trumpist remarks, my economics teacher still has me as his favourite student...

I think a lot of people on the far left have an over generalised few of economics as capitalist propaganda, while to me it is more like a tool to be used in favour of socialism.",,,1606387973,{},gdnfc4a,False,t3_k19owf,False,True,t1_gdn8zw3,/r/socialism/comments/k19owf/how_to_respond_to_you_dont_understand_economics/gdnfc4a/,1606387984,1,True,False,socialism,t5_2qjii,,0,[]
[],,redscaretrance,,2-WilliamMorris,"[{'e': 'text', 't': 'William Morris'}]",7aba05f0-f485-11e5-9c2c-0edccc499e0b,William Morris,dark,richtext,t2_yykrb,False,False,[],"Transcription: throngs of working Americans line up for food at a food bank, called ""Neighbours in Need."" The greeter at the food bank is saying to them ""At least the Dow is at 30,000"".",,,1606387700,{},gdneymk,True,t3_k1crow,False,True,t3_k1crow,/r/socialism/comments/k1crow/he_actually_called_it_a_sacred_number/gdneymk/,1606387710,1,True,False,socialism,t5_2qjii,,0,[]
[],,FieldWorksS,,,[],,,,text,t2_63q6eb1t,False,False,[],Actually I think my economics courses have helped me reason socialism better. But that's just my opinion...,,,1606387666,{},gdnex02,False,t3_k19owf,False,True,t1_gdn1hgo,/r/socialism/comments/k19owf/how_to_respond_to_you_dont_understand_economics/gdnex02/,1606387677,1,True,False,socialism,t5_2qjii,,0,[]
[],,Furiousfapperdapper9,,anarchy,"[{'e': 'text', 't': 'mutualist'}]",1ded2232-3ee4-11e5-b102-0e3f27028b2f,mutualist,dark,richtext,t2_lg2bj,False,False,[],"How do you know that capitalism is ""the best"" environment for technological and scientific advancement? We hear this argument a lot and seems to be the only reasonable point made against socialism.

Capitalism is a system that is concerned with ownership and I think that there's no direct connection to advancement here. I think that the free market is useful for technological, scientific and developmental progress but not private property.

Well there are theories on the left that combines the free market with socialism that's called ""market socialism"". One of which is mutualism.

Following market socialist principles the society can achieve all goals; fair, free and productive.

So arguments for social capitalism:

* It's kinder and safer than laissez faire capitalism.

Arguments against:

* It is in opposition of interests with most capitalistic principles.
* Its policies are expensive and induce inflation due to increased spending (not necessarily a bad thing but not good either).
* Experience from such a system suggests that the government will tax every avenue they can think of. Environmentalism means causing very unequal taxation where rural people gets to shoulder more of the environmental burden than they should. Environmentalism tends to be included in social capitalism.
* It's even more dysfunctional than laissez faire capitalism since it has a tendency to stagnate society.
* It's not as fair or free as socialism.
* Highly skilled laborers make up the biggest share of sponsors for the system and suffer significantly worse quality of life considering their contribution to society compared to laissez faire capitalist countries. This can lead to brain drain.",,,1606387269,{},gdnedio,False,t3_k1buqf,False,True,t3_k1buqf,/r/socialism/comments/k1buqf/need_arguments_foragainst_social_capitalismm/gdnedio/,1606387280,1,True,False,socialism,t5_2qjii,,0,[]
[],,Selectivefearing,,,[],,,,text,t2_63g1f3k2,False,False,[],Please may you explain what you mean by control of the capitalism?,,,1606387121,{},gdne6fc,True,t3_k1buqf,False,True,t1_gdndk1g,/r/socialism/comments/k1buqf/need_arguments_foragainst_social_capitalismm/gdne6fc/,1606387132,1,True,False,socialism,t5_2qjii,,0,[]
[],,YipYepYeah,,,[],,,,text,t2_15490ogp,False,False,[],James McClean begs to differ,,,1606386825,{},gdndrzg,False,t3_k0ygpe,False,True,t1_gdlijvy,/r/socialism/comments/k0ygpe/rip_maradona_he_also_had_a_tattoo_of_che_on_his/gdndrzg/,1606386836,1,True,False,socialism,t5_2qjii,,0,[]
[],,silverwalker1,,,[],,,,text,t2_76rxpniw,False,False,[],"sounds like more ""socialists are doing the same things we do but its bad because theyre so socialist""  propaganda. Hydro dams always cause problems like that. its a form of fascist double speak where socialists are held to higher standard for not being perfect while capitalist countries can do whatever they want because capitalism is ""natural"". like when segregationist americans accuse the USSR of being racist theyre not actually concerned about racism",,,1606386749,{},gdndodx,False,t3_k1cm4w,False,True,t1_gdnclsn,/r/socialism/comments/k1cm4w/questions_about_the_three_gorges_dam/gdndodx/,1606386760,1,True,False,socialism,t5_2qjii,,0,[]
[],,HowManyBadDogs,,,[],,,,text,t2_6xztyqr0,False,False,[],How will the republic separate itself from control of the capitalism such that it can make social decisions?,,,1606386657,{},gdndk1g,False,t3_k1buqf,False,True,t3_k1buqf,/r/socialism/comments/k1buqf/need_arguments_foragainst_social_capitalismm/gdndk1g/,1606386667,1,True,False,socialism,t5_2qjii,,0,[]
[],,PaleontologistNo8325,,,[],,,,text,t2_8i1i9aii,False,False,[],There are no great men in power.,,,1606386524,{},gdnddp4,False,t3_k0ygpe,False,True,t1_gdncvim,/r/socialism/comments/k0ygpe/rip_maradona_he_also_had_a_tattoo_of_che_on_his/gdnddp4/,1606386535,1,True,False,socialism,t5_2qjii,,0,[]
[],,Ruanda1990,,,[],,,,text,t2_4rlofdnm,False,False,[],Didn't Maradona beat his wife and made use of drugs like Cocaine? He wasn't exactly a great man...,,,1606386149,{},gdncvim,False,t3_k0ygpe,False,False,t3_k0ygpe,/r/socialism/comments/k0ygpe/rip_maradona_he_also_had_a_tattoo_of_che_on_his/gdncvim/,1606386159,1,True,False,socialism,t5_2qjii,,0,[]
[],,supergreen14,,,[],,,,text,t2_3b90bjie,False,False,[],The western narrative is that there was a forced displacement of tons of people and that the dam was an environmental catastrophe but im very skeptical of any news about China because western informational organizations so often lie or stretch the truth. I just want to hear a competing socialist/communist environmentalist narrative.,,,1606385941,{},gdnclsn,True,t3_k1cm4w,False,True,t1_gdnc86r,/r/socialism/comments/k1cm4w/questions_about_the_three_gorges_dam/gdnclsn/,1606385952,1,True,False,socialism,t5_2qjii,,0,[]
[],,utopista114,,,[],,,,text,t2_5g34425,False,False,[],"My mistake, they're from Hadad, and do not belong to Clarin. However they're indistinguishable.",,,1606385763,{},gdncdb8,False,t3_k0ygpe,False,False,t1_gdnb3c9,/r/socialism/comments/k0ygpe/rip_maradona_he_also_had_a_tattoo_of_che_on_his/gdncdb8/,1606385773,1,True,False,socialism,t5_2qjii,,0,[]
[],,redscaretrance,,2-WilliamMorris,"[{'e': 'text', 't': 'William Morris'}]",7aba05f0-f485-11e5-9c2c-0edccc499e0b,William Morris,dark,richtext,t2_yykrb,False,False,[],like how tone-deaf and reptilian can a human being actually fucking be,,,1606385705,{},gdncaib,True,t3_k1crow,False,True,t3_k1crow,/r/socialism/comments/k1crow/he_actually_called_it_a_sacred_number/gdncaib/,1606385716,1,True,False,socialism,t5_2qjii,,0,[]
[],,KawadaShogo,,,[],,,,text,t2_dl6ytgc,False,False,[],"I don't have anything on hand about the USSR's view on Pol Pot at the moment, although I think the fact that the USSR was a strong supporter of the People's Republic of Kampuchea and of Vietnam's intervention against Pol Pot speaks for itself.

As for Fidel, it's easy to find Pol Pot references in his speeches. Here are a couple of them:

&gt;Cuba's position as regards the Kampuchean problem is known. We recognize the only real and legitimate government of Kampuchea which is comprised of the Revolutionary People's Council of the People's Republic of Kampuchea, And we support the solidarity provided by Vietnam to that fraternal country. \[applause\] Emphasis is placed on the fact that Vietnam sent combatants in support of the Kampuchean revolutionaries. Why is it not mentioned that the bloody clique, which took over the country with the compliance of China and imperialism, provoked and attacked Vietnam first? And there is irrefutable and documented proof of the massive killings perpetrated against Vietnamese men, women, old people and children. We condemn with all our energies the genocidal government of Pol Pot and Ieng Sary. \[applause\] Three million dead accuse the Even Sihanouk himself confesses that part of his family was killed. It is a shame for the progressive forces of the world that such crimes could have been committed in the name of revolution and socialism.

[http://lanic.utexas.edu/project/castro/db/1979/19790903.html](http://lanic.utexas.edu/project/castro/db/1979/19790903.html)

&gt;Aren't Pol Pot and Ieng Sary, the butchers of Kampuchea, today the most faithful allies of Yankee imperialism in Southeast Asia. We in Cuba, since the beginning of the crisis in Grenada, have been calling the Coard group, in order to call it something, have been calling it the Pol Potian group. Our relations with the new leaders of Grenada had to be subjected to a deep study, as was announced in the statement of the party and Government of Cuba on 20 October.

[http://lanic.utexas.edu/project/castro/db/1983/19831114.html](http://lanic.utexas.edu/project/castro/db/1983/19831114.html)

&gt;In Southeast Asia there was the defeat of the criminal Pol Pot and Ieng Sary gang which maintained Cambodia under oppression and inhuman treatment and which, with the support of China, represented an obstacle to the process of socialist construction in the former Indochina.  
&gt;  
&gt;...  
&gt;  
&gt;We are joined by firm ties to the Lao People's Democratic Republic \[applause\] and in addition, relations have been resumed with Kampuchea \[applause\] following its liberation from the opprobrious regime of Pol Pot and Ieng Sary. With the DPRK \[applause\] which is struggling for the reunification of its people, we maintain links of reciprocal friendship and companionship.

[http://lanic.utexas.edu/project/castro/db/1980/19801217.html](http://lanic.utexas.edu/project/castro/db/1980/19801217.html)",,,1606385669,{},gdnc8t6,False,t3_k175cf,False,True,t1_gdnapj4,/r/socialism/comments/k175cf/my_us_history_teacher_is_a_hardcore_libertarian/gdnc8t6/,1606385680,1,True,False,socialism,t5_2qjii,,0,[]
[],,silverwalker1,,,[],,,,text,t2_76rxpniw,False,False,[],"I wasn't aware there were any, can you elaborate?",,,1606385655,{},gdnc86r,False,t3_k1cm4w,False,True,t3_k1cm4w,/r/socialism/comments/k1cm4w/questions_about_the_three_gorges_dam/gdnc86r/,1606385665,1,True,False,socialism,t5_2qjii,,0,[]
[],,Selectivefearing,,,[],,,,text,t2_63g1f3k2,False,False,[],"That sounds delicious but you missed my position. Social capitalism is just what I call it. Capitalism is very good at efficient distribution of goods and services, and is the best environment for technological and scientific advancement. However, like any system in a world with scarce resources some people may lose out. Therefore the state needs to tax progressively and protect everyone via a welfare state, free education, free healthcare. For example in Britain if you are sick, a single parent, unable to work, you can get access to housing and benefits that enable you to live a life that would be considered luxurious by many poor countries around the world.",,,1606385623,{},gdnc6km,True,t3_k1buqf,False,True,t1_gdnaqn6,/r/socialism/comments/k1buqf/need_arguments_foragainst_social_capitalismm/gdnc6km/,1606385634,1,True,False,socialism,t5_2qjii,,0,[]
[],,beanerboner1000100,,,[],,,,text,t2_5cubw9ry,False,False,[],"According to wiki, Cuba outlawed slavery in 1886—well before the revolution. Along with Brazil and the US it was one of the last countries in the West to illegalize it. This explains the large population of people of African descent in Cuba, Brazil, and the US south.

I won’t provide you with direct sources because with a quick search with the term Cuba Slavery, a plethora of information shows up",,,1606385010,{},gdnbcp3,False,t3_k18n2j,False,True,t3_k18n2j,/r/socialism/comments/k18n2j/questions_about_slaves_in_cuba_before_the/gdnbcp3/,1606385021,1,True,False,socialism,t5_2qjii,,0,[]
[],,raicopk,transparent,,"[{'e': 'text', 't': 'Salvador Seguí i Rubinat'}]",2c626e76-b85d-11e8-8340-0e8cb9b1f556,Salvador Seguí i Rubinat,dark,richtext,t2_151bl8,False,False,[],"Isn't it part of the Grupo Infobae and not Clarin? Clarin, however, is the group behind La Razón, which is a plain reactionary platform.",,,1606384810,{},gdnb3c9,False,t3_k0ygpe,False,True,t1_gdmxsjh,/r/socialism/comments/k0ygpe/rip_maradona_he_also_had_a_tattoo_of_che_on_his/gdnb3c9/,1606384821,1,True,False,socialism,t5_2qjii,,0,[]
[],,beanerboner1000100,,,[],,,,text,t2_5cubw9ry,False,False,[],Such a dichotomy of feelings this gives me.,,,1606384642,{},gdnavbj,False,t3_k0ws3s,False,True,t3_k0ws3s,/r/socialism/comments/k0ws3s/remembering_fidel_castro/gdnavbj/,1606384653,1,True,False,socialism,t5_2qjii,,0,[]
[],,I_am_dazbog,,,[],,,,text,t2_8aeq4ctf,False,False,[],"I’ve not heard of social capital outside sociological circles and it doesn’t mean what you are suggesting. 

‘Social market economy’ maybe? In the German/north European style?",,,1606384552,{},gdnaqn6,False,t3_k1buqf,False,True,t3_k1buqf,/r/socialism/comments/k1buqf/need_arguments_foragainst_social_capitalismm/gdnaqn6/,1606384563,1,True,False,socialism,t5_2qjii,,0,[]
[],,beanerboner1000100,,,[],,,,text,t2_5cubw9ry,False,False,[],Sources?,,,1606384531,{},gdnapj4,False,t3_k175cf,False,True,t1_gdn5p9m,/r/socialism/comments/k175cf/my_us_history_teacher_is_a_hardcore_libertarian/gdnapj4/,1606384542,1,True,False,socialism,t5_2qjii,,0,[]
[],,beanerboner1000100,,,[],,,,text,t2_5cubw9ry,False,False,[],"Your teacher either was a victim or has generational trauma inflicted by the Khmer Rouge. Which was a totalitarian regime under the guise of ☭ but did nothing for the people, and instead murdered hundreds of thousands if not millions. 

Be aware with your wording around these types of individuals because they can be triggered by such things. It is their genuine feelings and should be respected.",,,1606384414,{},gdnak2c,False,t3_k175cf,False,True,t3_k175cf,/r/socialism/comments/k175cf/my_us_history_teacher_is_a_hardcore_libertarian/gdnak2c/,1606384425,1,True,False,socialism,t5_2qjii,,0,[]
[],,Hankman66,,,[],,,,text,t2_8hsqy,False,False,[],"&gt;The USSR ......hated Pol Pot.

When the Khmer Rouge took Phnom Penh they fired a rocket at the USSR embassy gates to open them. Then they evicted all the diplomats who were then sent to the French embassy like all the other foreigners.",,,1606384242,{},gdnabsj,False,t3_k175cf,False,True,t1_gdn5p9m,/r/socialism/comments/k175cf/my_us_history_teacher_is_a_hardcore_libertarian/gdnabsj/,1606384253,1,True,False,socialism,t5_2qjii,,0,[]
[],,PaleontologistNo8325,,,[],,,,text,t2_8i1i9aii,False,False,[],"Ah yes, I too enjoy tattoos of rapists.",,,1606384065,{},gdna30d,False,t3_k0ygpe,False,True,t3_k0ygpe,/r/socialism/comments/k0ygpe/rip_maradona_he_also_had_a_tattoo_of_che_on_his/gdna30d/,1606384076,1,True,False,socialism,t5_2qjii,,0,[]
[],,Selectivefearing,,,[],,,,text,t2_63g1f3k2,False,False,[],"I studied economics and never got taught it was holy, or that it was objectively right. Most economic theories were derived from observable data and are adjusted over time.

For example inflation inclusive models worked initially, but started being off. Data showed people react according to expectations of inflation and deviations from that expectation instead to be more accurate.

Also, they are rarely taught as objective. One of first things hammered into us in school was that models are just tools to frame understanding, and should not be overly relied upon due to enormous amounts of additional factors not included.",,,1606383225,{},gdn8zw3,False,t3_k19owf,False,True,t1_gdn3q7m,/r/socialism/comments/k19owf/how_to_respond_to_you_dont_understand_economics/gdn8zw3/,1606383235,1,True,False,socialism,t5_2qjii,,0,[]
[],,PupidStunk,,iww,"[{'e': 'text', 't': 'IWW'}]",790a3650-3ee4-11e5-8e6d-0ebee8e6e23b,IWW,dark,richtext,t2_648gucfq,False,False,[],bea n,,,1606382757,{},gdn8eu7,False,t3_k0rkuu,False,True,t1_gdjs04b,/r/socialism/comments/k0rkuu/with_just_1_of_farms_controlling_70_of_global/gdn8eu7/,1606382768,1,True,False,socialism,t5_2qjii,,0,[]
[],,theminister911,,,[],,,,text,t2_7gj3xplv,False,False,[],Red menace is theory based but they do go over some real time events.,,,1606382239,{},gdn7sfp,False,t3_k141ph,False,True,t3_k141ph,/r/socialism/comments/k141ph/historical_left_wing_podcasts/gdn7sfp/,1606382250,1,True,False,socialism,t5_2qjii,,0,[]
[],,Lurkingmonster69,,,[],,,,text,t2_jrwyk,False,False,[],"As someone who worked in a GSOC for many large companies for years, I really gotta say, that if this had been a part of my job I would have quit,

SOC workers can get jobs in days. Prolly making more money cause they now have Amazon as a resume item. Aside from the entire executive board at Amazon who get a Mussolini lamp post, those class traitors in that SOC should be tarred and feathered.",,,1606381847,{},gdn7bgi,False,t3_k16s0k,False,True,t3_k16s0k,/r/socialism/comments/k16s0k/amazon_hires_the_pinkertons_to_spy_on_unionizers/gdn7bgi/,1606381858,1,True,False,socialism,t5_2qjii,,0,[]
[],,Selectivefearing,,,[],,,,text,t2_63g1f3k2,False,False,[],"For context I grew up in a very right wing family with parents and siblings self employed making a good living, then I went way left briefly at university after the 2008 financial crisis, before ending up in my position now.",,,1606381339,{},gdn6mlo,True,t3_k1buqf,False,True,t3_k1buqf,/r/socialism/comments/k1buqf/need_arguments_foragainst_social_capitalismm/gdn6mlo/,1606381350,1,True,False,socialism,t5_2qjii,,0,[]
[],,Spiritboxxx,,,[],,,,text,t2_8y0b8f1m,False,False,[],"Of course, material interests dictates it necessary for Castro",,,1606380869,{},gdn5zf1,False,t3_k14mmz,False,True,t1_gdn5wkj,/r/socialism/comments/k14mmz/hard_to_believe_its_already_been_four_years_since/gdn5zf1/,1606380880,1,True,False,socialism,t5_2qjii,,0,[]
[],,SkiiiMask03,,,[],,,,text,t2_4n0n8r0w,False,False,[],"Mandela: “... Arafat, Fidel castro (and) colonel Gaddafi, support our struggle to the hilt”.",,,1606380808,{},gdn5wkj,False,t3_k14mmz,False,True,t1_gdn3us0,/r/socialism/comments/k14mmz/hard_to_believe_its_already_been_four_years_since/gdn5wkj/,1606380819,1,True,False,socialism,t5_2qjii,,0,[]
[],,KawadaShogo,,,[],,,,text,t2_dl6ytgc,False,False,[],"The USSR and Cuba both hated Pol Pot. Fidel Castro used his name as a byword for ultra-left lunacy. When Maurice Bishop was overthrown and murdered in a coup in Grenada by ultra-leftists, Fidel called them the ""Pol Pot group"" and condemned them.",,,1606380662,{},gdn5p9m,False,t3_k175cf,False,True,t1_gdmfoc1,/r/socialism/comments/k175cf/my_us_history_teacher_is_a_hardcore_libertarian/gdn5p9m/,1606380673,1,True,False,socialism,t5_2qjii,,0,[]
[],,systembucker,,,[],,,,text,t2_67pl7ppb,False,False,[],haymarket is all u need,,,1606379407,{},gdn3v1h,False,t3_k18sqs,False,True,t3_k18sqs,/r/socialism/comments/k18sqs/looking_for_good_lefty_bookstores/gdn3v1h/,1606379418,1,True,False,socialism,t5_2qjii,,0,[]
[],,Spiritboxxx,,,[],,,,text,t2_8y0b8f1m,False,False,[],He had critical support for movements that opposed the west. Just what his material conditions dictated,,,1606379402,{},gdn3us0,False,t3_k14mmz,False,True,t1_gdn3i0s,/r/socialism/comments/k14mmz/hard_to_believe_its_already_been_four_years_since/gdn3us0/,1606379413,1,True,False,socialism,t5_2qjii,,0,[]
[],,Corosis255,,,[],,,,text,t2_4fytksyw,False,False,[],"Go learn economics if that's the argument you want to win. Richard Wolff used to teach capitalist economics and has many things to say about why it's a joke of a counter argument.

All the economics taught in schools operate on the presumption of capitalism being holy, and there being an objective right answer. Marxists can show that neither of those are true.",,,1606379298,{},gdn3q7m,False,t3_k19owf,False,True,t3_k19owf,/r/socialism/comments/k19owf/how_to_respond_to_you_dont_understand_economics/gdn3q7m/,1606379310,1,True,False,socialism,t5_2qjii,,0,[]
[],,MarlonBrandoRules,,demsoc,"[{'e': 'text', 't': 'Democratic Socialism'}]",99426c94-3ee4-11e5-ad95-0e5e20c89e15,Democratic Socialism,dark,richtext,t2_2sw5pvun,False,False,[],"Never heard this quote before, is this why he helped Nelson Mandela’s anti-apartheid movement?",,,1606379114,{},gdn3i0s,True,t3_k14mmz,False,True,t1_gdn2x46,/r/socialism/comments/k14mmz/hard_to_believe_its_already_been_four_years_since/gdn3i0s/,1606379125,1,True,False,socialism,t5_2qjii,,0,[]
[],,Comrade_Crimson_,,,[],,,,text,t2_88m8okr3,False,False,[],"Ask them what Laffer curve and Keynesianism are, and then laugh because most of people saying ""you don't understand economics"" actually don't understand any economics.",,,1606378951,{},gdn39rh,False,t3_k19owf,False,True,t3_k19owf,/r/socialism/comments/k19owf/how_to_respond_to_you_dont_understand_economics/gdn39rh/,1606378962,1,True,False,socialism,t5_2qjii,,0,[]
[],,Richiesusername,,,[],,,,text,t2_12bmtj,False,False,[],"I'll quote Mao once again, because you clearly haven't even bothered reading what a lifelong communist has been telling you, in order to help you.

Unless you have investigated a problem, you will be deprived of the right to speak on it. Isn't that too harsh? Not in the least. When you have not probed into a problem, into the present facts and its past history, and know nothing of its essentials, whatever you say about it will undoubtedly be nonsense. Talking nonsense solves no problems, as everyone knows, so why is it unjust to deprive you of the right to speak? Quite a few comrades always keep their eyes shut and talk nonsense, and for a Communist that is disgraceful. How can a Communist keep his eyes shut and talk nonsense? 

It won' t do!

It won't do!

You must investigate!

You must not talk nonsense!

II. TO INVESTIGATE A PROBLEM IS TO SOLVE IT
You can' t solve a problem? Well, get down and investigate the present facts and its past history! When you have investigated the problem thoroughly, you will know how to solve it. Conclusions invariably come after investigation, and not before. Only a blockhead cudgels his brains on his own, or together with a group, to ""find solution"" or ""evolve an idea"" without making any investigation. It must be stressed that this cannot possibly lead to any effective solution or any good idea. In other words, he is bound to arrive at a wrong solution and a wrong idea.

There are not a few comrades doing inspection work, as well as guerrilla leaders and cadres newly in office, who like to make political pronouncements the moment they arrive at a place and who strut about, criticizing this and condemning that when they have only seen the surface of things or minor details. Such purely subjective nonsensical talk is indeed detestable. These people are bound to make a mess of things, lose the confidence of the masses and prove incapable of solving any problem at all.

When they come across difficult problems, quite a number of people in leading positions simply heave a sigh without being able to solve them. They lose patience and ask to be transferred on the ground that they ""have not the ability and cannot do the job""; These are cowards' words. Just get moving on your two legs, go the rounds of every section placed under your charge and ""inquire into everything''[1] as Confucius did, and then you will be able to solve the problems, however little is your ability; for although your head may be empty before you go out of doors, it will be empty no longer when you return but will contain all sorts of material necessary for the solution of the problems, and that is how problems are solved. Must you go out of doors? Not necessarily. You can call a fact-finding meeting of people familiar with the situation in order to get at the source of what you call a difficult problem and come to know how it stands now, and then it will be easy to solve your difficult problem.

Investigation may be likened to the long months of pregnancy, and solving a problem to the day of birth. To investigate a problem is, indeed, to solve it.",,,1606378920,{},gdn37zx,False,t3_jxvqbw,False,True,t1_gdkmuhx,/r/socialism/comments/jxvqbw/xi_jinping_openly_rejects_marxism/gdn37zx/,1606378931,1,True,False,socialism,t5_2qjii,,0,[]
[],,naomitheshort,,,[],,,,text,t2_4ei7dj7r,False,False,[],"Left Bank Books in Pike Place Market, Seattle, is a good one. They sell online too https://leftbankbooks.com/store.php 
Also in googling their website I found another bookstore of the same name in Missouri that is also leftist, don’t know anything about them personally tho",,,1606378829,{},gdn330d,False,t3_k18sqs,False,False,t3_k18sqs,/r/socialism/comments/k18sqs/looking_for_good_lefty_bookstores/gdn330d/,1606378840,1,True,False,socialism,t5_2qjii,,0,[]
[],,Spiritboxxx,,,[],,,,text,t2_8y0b8f1m,False,False,[],I really liked his quote about blacks being terrible revolutionaries.,,,1606378719,{},gdn2x46,False,t3_k14mmz,False,True,t3_k14mmz,/r/socialism/comments/k14mmz/hard_to_believe_its_already_been_four_years_since/gdn2x46/,1606378729,1,True,False,socialism,t5_2qjii,,0,[]
[],,TheCourior6,,,[],,,,text,t2_14zyvts4,False,False,[],A while ago when the stores were running low on food my dad said “You know this what happens in socialism.” The irony was so astounding I couldn’t speak.,,,1606378290,{},gdn2a80,False,t3_k179fs,False,True,t3_k179fs,/r/socialism/comments/k179fs/what_an_accomplishment_dow/gdn2a80/,1606378301,1,True,False,socialism,t5_2qjii,,0,[]
[],,Azometic,,,[],,,,text,t2_5tc1vj09,False,False,[],Televised public execution when?,,,1606378287,{},gdn2a28,False,t3_k0u443,False,True,t3_k0u443,/r/socialism/comments/k0u443/bolivia_jeanine_añez_prevented_from_leaving_the/gdn2a28/,1606378297,1,True,False,socialism,t5_2qjii,,0,[]
[],,SuccessfulCoffee3,,,[],,,,text,t2_4t5adnjy,False,False,[],What kind of ridiculous question is this?,,,1606377751,{},gdn1k1f,False,t3_k180pv,False,True,t3_k180pv,/r/socialism/comments/k180pv/is_america_on_stolen_land/gdn1k1f/,1606377762,1,True,False,socialism,t5_2qjii,,0,[]
[],,SuccessfulCoffee3,,,[],,,,text,t2_4t5adnjy,False,False,[],"Why should you need economics lessons?  All ""economics"" taught in schools and universities it's Capitalist propaganda. I've taken a class or two.",,,1606377694,{},gdn1hgo,False,t3_k19owf,False,True,t3_k19owf,/r/socialism/comments/k19owf/how_to_respond_to_you_dont_understand_economics/gdn1hgo/,1606377705,1,True,False,socialism,t5_2qjii,,0,[]
[],,Worldnewsusersarestu,,,[],,,,text,t2_11ktmr,False,False,[],"That, and many other reasons is why it's the greatest sport.",,,1606377552,{},gdn1aoi,False,t3_k0ygpe,False,True,t1_gdn0sdw,/r/socialism/comments/k0ygpe/rip_maradona_he_also_had_a_tattoo_of_che_on_his/gdn1aoi/,1606377563,1,True,False,socialism,t5_2qjii,,0,[]
[],,bigbrowncommie69,,,[],,,,text,t2_6pdo0xjv,False,False,[],"Well Thatcher was a #girlboss. And Reagan starred in a movie with a monkey or something, and he loved jelly beans. He was such a goofball president.",,,1606377345,{},gdn127k,False,t3_k0ygpe,False,False,t1_gdmr3k3,/r/socialism/comments/k0ygpe/rip_maradona_he_also_had_a_tattoo_of_che_on_his/gdn127k/,1606377356,1,True,False,socialism,t5_2qjii,,0,[]
[],,bigbrowncommie69,,,[],,,,text,t2_6pdo0xjv,False,False,[],"Makes sense when you think about it on a technical level. Few rules, easy scoring system and the only equipment you need is four random objects to use as goals (like school jumpers). Easy to just pick up and play.",,,1606377103,{},gdn0sdw,False,t3_k0ygpe,False,True,t1_gdmojrb,/r/socialism/comments/k0ygpe/rip_maradona_he_also_had_a_tattoo_of_che_on_his/gdn0sdw/,1606377114,1,True,False,socialism,t5_2qjii,,0,[]
[],,bigbrowncommie69,,,[],,,,text,t2_6pdo0xjv,False,False,[],Game recognises game,,,1606376683,{},gdn0bbn,False,t3_k0ygpe,False,False,t1_gdlbym1,/r/socialism/comments/k0ygpe/rip_maradona_he_also_had_a_tattoo_of_che_on_his/gdn0bbn/,1606376695,1,True,False,socialism,t5_2qjii,,0,[]
[],,duckducker69420,,,[],,,,text,t2_7syoqotr,False,False,[],okay thank you! won't use them in an argument ever again!,,,1606375837,{},gdmzch3,False,t3_k0ygpe,False,True,t1_gdmxsjh,/r/socialism/comments/k0ygpe/rip_maradona_he_also_had_a_tattoo_of_che_on_his/gdmzch3/,1606375847,1,True,False,socialism,t5_2qjii,,0,[]
[],,-Boy-With-Apple-,,,[],,,,text,t2_50kp37ep,False,False,[],"Dont train yourself with ready-made responses, go to khan academy and educate yourself with some micro/macro economics videos",,,1606375333,{},gdmys0o,False,t3_k19owf,False,True,t3_k19owf,/r/socialism/comments/k19owf/how_to_respond_to_you_dont_understand_economics/gdmys0o/,1606375344,1,True,False,socialism,t5_2qjii,,0,[]
[],,TheNaheed,,,[],,,,text,t2_3bhaotcf,False,False,[],A lot of Gusanos in that thread.,,,1606375318,{},gdmyrd5,False,t3_k17ziv,False,True,t3_k17ziv,/r/socialism/comments/k17ziv/immortality/gdmyrd5/,1606375330,1,True,False,socialism,t5_2qjii,,0,[]
[],,JustAFilmDork,,,[],,,,text,t2_3ama5q4n,False,False,[],"This really isn't the gotcha you think it is.

Private Property is property which is owned but not possessed by a government.  

Native-Americans, much like socialists, don't believe in privately owned land, at least not to the extent it's owned under capitalism.  However, both natives and socialists are fully aware that governments can and should control lands.

In this sense much of the land is stolen as it was taken without Native agreement OR in the event the natives did agree to it, it was only because they were in a position in which they had little to no bargaining chips, effectively making it blackmail.",,,1606375135,{},gdmyk3t,False,t3_k180pv,False,True,t3_k180pv,/r/socialism/comments/k180pv/is_america_on_stolen_land/gdmyk3t/,1606375146,1,True,False,socialism,t5_2qjii,,0,[]
[],,Benu5,,,[],,,,text,t2_iv5kr,False,False,[],Why do you say that?,,,1606374842,{},gdmy7yc,False,t3_k15xj9,False,True,t1_gdm7ykm,/r/socialism/comments/k15xj9/tell_somebody_today_that_despite_all_the/gdmy7yc/,1606374853,1,True,False,socialism,t5_2qjii,,0,[]
[],,Ruhani777,,,[],,,,text,t2_mim10,False,False,[],"""They're raping our cuisine and taking our soup kitchen jobs!!11""",,,1606374737,{},gdmy3ok,False,t3_k0vc9y,False,True,t1_gdlosq3,/r/socialism/comments/k0vc9y/this_could_be_great_praxis_opening_up_covid_safe/gdmy3ok/,1606374748,1,True,False,socialism,t5_2qjii,,0,[]
[],,Silver_Magician3979,,,[],,,,text,t2_8vl3w4qe,False,False,[],rest on peace,,,1606374660,{},gdmy0gg,False,t3_k0ygpe,False,True,t3_k0ygpe,/r/socialism/comments/k0ygpe/rip_maradona_he_also_had_a_tattoo_of_che_on_his/gdmy0gg/,1606374670,1,True,False,socialism,t5_2qjii,,0,[]
[],,[deleted],,,,,,dark,,,,,[],[removed],,,1606374634,{},gdmxzes,False,t3_k19owf,False,True,t3_k19owf,/r/socialism/comments/k19owf/how_to_respond_to_you_dont_understand_economics/gdmxzes/,1606374645,1,True,False,socialism,t5_2qjii,,0,[]
[],,utopista114,,,[],,,,text,t2_5g34425,False,False,[],"Infobae is the garbage dump of the neocon Clarin Group, the media support of the Videla Dictatorship of the 1970s. It's said that Clarin is good to kindle your barbacue fire. Infobae not even for that.",,,1606374469,{},gdmxsjh,False,t3_k0ygpe,False,True,t1_gdmujdt,/r/socialism/comments/k0ygpe/rip_maradona_he_also_had_a_tattoo_of_che_on_his/gdmxsjh/,1606374479,1,True,False,socialism,t5_2qjii,,0,[]
[],,CosmoTea,,,[],,,,text,t2_32pybv1e,False,False,[],I think you might well be right,,,1606374139,{},gdmxf1h,False,t3_k0ygpe,False,True,t1_gdljp06,/r/socialism/comments/k0ygpe/rip_maradona_he_also_had_a_tattoo_of_che_on_his/gdmxf1h/,1606374150,1,True,False,socialism,t5_2qjii,,0,[]
[],,JuRaGo_,,anarchy,"[{'e': 'text', 't': 'Anarchy'}]",1ded2232-3ee4-11e5-b102-0e3f27028b2f,Anarchy,dark,richtext,t2_63ytams9,False,False,[],"Your question is fundamentally flawed and here's why, you fail to give a criteria for what it means for a country to have ""failed"" the USSR for example went from being a feudal backwater that was among the worst countries in all of Europe to becoming a superpower in just 30 years, despite its collapse I would hardly consider the USSR a failure due to how much it achieved. Plus the reason many of these governments either collapse or experience shortcomings is due to foreign interference among other factors, for example Grenada was invaded by the US and Nicaragua was destroyed by not just sanctions from the US but also the contras who were trained and supported by the US with the sole intention of destroying socialism in Nicaragua. If you'd like for me to give specific examples of socialisms success with sources I'd be happy to do so.",,,1606373976,{},gdmx8gf,False,t3_k19jfd,False,True,t3_k19jfd,/r/socialism/comments/k19jfd/got_banned_for_asking_a_question_in_rcommunism/gdmx8gf/,1606373986,1,True,False,socialism,t5_2qjii,,0,[]
[],,ThatOneDudeNextDoor,,,[],,,,text,t2_3w093a1f,False,False,[],"https://youtu.be/CmH9oNtXzF8

Hakims Video on the Post-Soviet Ukraine.",,,1606373469,{},gdmwnkc,False,t3_k19jfd,False,True,t1_gdmwip6,/r/socialism/comments/k19jfd/got_banned_for_asking_a_question_in_rcommunism/gdmwnkc/,1606373480,1,True,False,socialism,t5_2qjii,,0,[]
[],,ThatOneDudeNextDoor,,,[],,,,text,t2_3w093a1f,False,False,[],"
The Soviet union reformed a backwater basically feudal nation to a superpower-one of only three to ever exist. Tsarist Russia was I'd argue worse than Brazil during the 1900s and 1910s. 1917, while Russia was devastated from the first world war, the Bolsheviks took power. They then fought the white Army and its supporters from basically the whole world, and while the Red army won, the white Army burned down a lot of Farms causing a Famine. Then there was the great depression. And then there was WWII which was largely fought on Soviet Soil, devastating the Nation once again. But they prevailed, defeated the Third Reich, took large Parts of Europe and 10 Years later were on Par with the USA which had 200 Years more to develop and was not burned down three times in the last 40 years. The Soviet union then went on, working on stuff like space technology and good Healthcare for all its people. It only then broken up illegally in spite of the referendum in which the people voted to stay one nation and basically everything was privatized. Since then, most nations that were part of the Soviet union, fell and they fell far. Comrade Hakim has a great video about the Ukraine in particular. Is that a ""failure""? I would argue no. 

Or China. China was humiliated for hundreds of Years. Things like that one time a Pirate Queen brought the Imperial Navy to its knees, or the Opium Wars, or the British seizing of Hong Kong, or the Russian seizing of outer Manchuria, or the Japanese seizing of inner Manchuria, countless plagues and Civil Wars, Shit like the Heavenly Kingdom or the Boxer Rebellion..... the list goes on. China was fu**** for Hundreds of Years. Then they were hit by the Spanish flu, probably one of the hardest hit Nations in the world, they fought the second world war for longer than most, as for them it started with the Incident at the Marco Polo Bridge in 1937. They endured through the War, look up the ""Rape of Nanjing"" or ""Unit 731"" if you want to know what horror stories happened in WWII China. And then they continued their civil war for a few more years. 

A few days ago, China officially defeated absolute Poverty. From 31. December 2012 to November 2020, the amount of people in china living in absolute poverty fell from 98.8Million to 0. They have better Education, better healthcare and a stronger industry than most other countries. Would you consider this a ""Failure""? 

Even a nation like Cuba, which has been under heavy sanctions for most of its communist existence, and had quite literally a bunch of Terror attacks perpetrated by the Usa, has compared to other nations around it great healthcare and education. It also has the lowest child death rate of any Latin American country, aswell as the lowest rates in poverty, homelessness and almost no people without a Job. Is this ""Failure""? 

Or do you count a nation as failed if they stop exiting? In that case, you have to include, for instance, the Roman empire as having failed. Or the Greek city states. Or the Inka (Who built Machu Pichu WITHOUT the wheel, slavery or a writing system). Imo this just isn't the way to classify success/failure.",,,1606373351,{},gdmwip6,False,t3_k19jfd,False,True,t3_k19jfd,/r/socialism/comments/k19jfd/got_banned_for_asking_a_question_in_rcommunism/gdmwip6/,1606373361,1,True,False,socialism,t5_2qjii,,0,[]
[],,Hankman66,,,[],,,,text,t2_8hsqy,False,False,[],"&gt;I’m sure there are some Soviet or Cuban posters praising Pol Pot

I'm certain there aren't, the USSR didn't support Pol Pot. There are some Cuban anti- Nixon bombing posters for Cambodia from the early 70s.",,,1606372919,{},gdmw0p5,False,t3_k175cf,False,True,t1_gdmfoc1,/r/socialism/comments/k175cf/my_us_history_teacher_is_a_hardcore_libertarian/gdmw0p5/,1606372929,1,True,False,socialism,t5_2qjii,,0,[]
[],,Dejaallee,,,[],,,,text,t2_48080izi,False,False,[],That's beautiful!,,,1606372036,{},gdmuyx4,False,t3_k19199,False,True,t3_k19199,/r/socialism/comments/k19199/drawing_of_evo_morales_by_me_stale_art/gdmuyx4/,1606372046,1,True,False,socialism,t5_2qjii,,0,[]
[],,Niall_DeNobis,,,[],,,,text,t2_7225jgjr,False,False,[],"This doesn’t answer your question directly, but I really enjoy this quote and I think it’s relevant:

“*The purpose of studying economics is not to acquire a set of ready-made answers to economic questions, but to learn how to avoid being deceived by economists.*”

—Joan Robinson, in Chapter 7 of “Marx, Marshall and Keynes”",,,1606371970,{},gdmuw07,False,t3_k19owf,False,True,t3_k19owf,/r/socialism/comments/k19owf/how_to_respond_to_you_dont_understand_economics/gdmuw07/,1606371981,1,True,False,socialism,t5_2qjii,,0,[]
[],,Kieselguhr_Kid,,,[],,,,text,t2_540ok,False,False,[],He did. On his arm.,,,1606371960,{},gdmuvk3,False,t3_k0ygpe,False,True,t1_gdmqoah,/r/socialism/comments/k0ygpe/rip_maradona_he_also_had_a_tattoo_of_che_on_his/gdmuvk3/,1606371971,1,True,False,socialism,t5_2qjii,,0,[]
[],,AmputatorBot,,,[],,,,text,t2_40ogh1l4,False,False,[],"It looks like you shared some AMP links. These should load faster, but Google's AMP is controversial because of [concerns over privacy and the Open Web](https://www.reddit.com/r/AmputatorBot/comments/ehrq3z/why_did_i_build_amputatorbot). Fully cached AMP pages (like the ones you shared), are [especially problematic](https://www.reddit.com/r/AmputatorBot/comments/ehrq3z/why_did_i_build_amputatorbot).

You might want to visit **the canonical pages** instead:

[1] **[https://www.encancha.cl/internacional/2020/11/25/acusado-de-misoginia-pedofilia-los-episodios-mas-negros-en-la-vida-de-diego-armando-maradona-64404.html](https://www.encancha.cl/internacional/2020/11/25/acusado-de-misoginia-pedofilia-los-episodios-mas-negros-en-la-vida-de-diego-armando-maradona-64404.html)**

[2] **[https://www.infobae.com/america/deportes/2017/07/03/diego-maradona-fue-acusado-de-acoso-sexual-a-una-periodista-en-un-hotel-de-rusia/](https://www.infobae.com/america/deportes/2017/07/03/diego-maradona-fue-acusado-de-acoso-sexual-a-una-periodista-en-un-hotel-de-rusia/)**

*****

 ^(I'm a bot | )[^(Why &amp; About)](https://www.reddit.com/r/AmputatorBot/comments/ehrq3z/why_did_i_build_amputatorbot)^( | )[^(Summon me with u/AmputatorBot)](https://www.reddit.com/r/AmputatorBot/comments/cchly3/you_can_now_summon_amputatorbot/)",,,1606371699,{},gdmujzg,False,t3_k0ygpe,False,True,t1_gdmujdt,/r/socialism/comments/k0ygpe/rip_maradona_he_also_had_a_tattoo_of_che_on_his/gdmujzg/,1606371709,1,True,False,socialism,t5_2qjii,,0,[]
[],,fxreverdvl,,,[],,,,text,t2_8j6bkaht,False,False,[],"ok

https://www.periodicocubano.com/pedofilia-violencia-y-adicciones-merecia-diego-maradona-el-luto-nacional-decretado-en-argentina/

this is from a cuban newspaper that covered it on an article

""Several years ago images of the former Argentine player were released embracing two naked ""women"", who had all the appearance of minors. The same photos reappeared in June of this year, after the Anonymus group exhibited them and openly accused him of pedophilia, a case that Maradona's lawyer, Matías Morla, defended, saying that the photos were several years old and that they were while he was in Cuba.""

""The island was precisely one of the former soccer player's favorite destinations. He did not pose often on the beaches, which together with the known photos, leads several to believe that the Argentine enjoyed child sexual exploitation on the island.

Cuba is one of the main destinations for child sex tourism, and although it is not recognized by government authorities, it is an ""open secret"" that has been reflected in several foreign press reports.""

https://www.google.com/amp/s/www.encancha.cl/internacional/2020/11/25/amp/acusado-de-misoginia-pedofilia-los-episodios-mas-negros-en-la-vida-de-diego-armando-maradona-64404.html

""en cancha cl"" it's a website dedicated to sports and they have made an article about this topic

""In 2014 Rocío Oliva, then partner of the former trans-Andean star, released a video where Maradona is seen verbally attacking her and in an obvious state of drunkenness.""

""After knowing in 2019 a story about an alleged sixth unrecognized son of the former player, named Santiago Lara, the young man from La Plata brought to light an alleged case of pedophilia in which Diego was involved with his mother Natalia Garat, who was a minor at the time of conception. Even, at some point in a trans-Andean program called TV Intrusos, it was said that ""the lawyers of this boy who lives in La Plata, say they have documented the relationship with Natalia Garat, Santiago Lara's mother, which lasted five years and began when she was a minor. What the lawyer says is that in the face of your lack of response and showing ill will regarding the dialogue and testing the issue, now hold on, I'm going for everything.""

https://www.google.com/amp/s/www.infobae.com/america/deportes/2017/07/03/diego-maradona-fue-acusado-de-acoso-sexual-a-una-periodista-en-un-hotel-de-rusia/%3foutputType=amp-type

Infobae is an Argentine digital newspaper

""(talking about a photo where maradona is seen with the woman he harassed) On the left, Ekaterina Nadolskaya, with Diego Maradona On the left, Ekaterina Nadolskaya, with Diego Maradona A Russian journalist denounced Diego Maradona in Saint Petersburg, assuring that the former footballer pulled his clothes and offered him money to have sex with him, so he left the room screaming. The young woman, identified as Ekaterina Nadolskaya, would have been interviewing the Argentine, invited by FIFA for the final of the Confederations Cup. Journalists from the Globo chain witnessed how the young woman got out of the elevator, with three security officers, on Monday morning. Later, she left the hotel accompanied by a policeman. In turn, the hotel refused to comment on the incident and did not indicate whether the technical director was staying at the hotel, but numerous witnesses confirmed that they had seen him in the building.""


if you aren't convinced with this articles, don't worry, there's a lot more",,,1606371686,{},gdmujdt,False,t3_k0ygpe,False,True,t1_gdmszov,/r/socialism/comments/k0ygpe/rip_maradona_he_also_had_a_tattoo_of_che_on_his/gdmujdt/,1606371697,1,True,False,socialism,t5_2qjii,,0,[]
[],,[deleted],,,,,,dark,,,,,[],[removed],,,1606371539,{},gdmucq4,False,t3_k19owf,False,True,t3_k19owf,/r/socialism/comments/k19owf/how_to_respond_to_you_dont_understand_economics/gdmucq4/,1606371550,1,True,False,socialism,t5_2qjii,,0,[]
[],,RedToFilth,,,[],,,,text,t2_3hx9jfxq,False,False,[],"No. The history is absolutely relevant. Regardless of how (or even if!) human societies develop, gravity will always exist. Property rights, on the other hand, are not divinely ordained; they evolve out of the social relations of production particular to a given society.

If the word “stolen” is too dissonant for you, then instead of “America was built on stolen land,” consider “America was built on land which was appropriated from the people who had lived on it and depended upon it for survival against their will, and the consequences of this conflict have developed under the aegis of capitalism such that we might now anachronistically call what transpired ‘theft.’” For the purposes of sloganeering, I think you can recognize which one is more effective.",,,1606371189,{},gdmtx4r,False,t3_k180pv,False,True,t1_gdmt947,/r/socialism/comments/k180pv/is_america_on_stolen_land/gdmtx4r/,1606371199,1,True,False,socialism,t5_2qjii,,0,[]
[],,LeninisLif3,,lenin,"[{'e': 'text', 't': 'Lenin'}]",89f33b24-3ee4-11e5-83e9-0e49b4de90e1,Lenin,dark,richtext,t2_1mu1vau9,False,False,[],"170 years of socialist philosophy. This definition of property acknowledges the very real material differences between the two, and is more qualified to evolve beyond an outdated Lockian definition. Not that your semantics have much to do with the argument.",,,1606371083,{},gdmtsfp,False,t3_k180pv,False,True,t1_gdmsv8t,/r/socialism/comments/k180pv/is_america_on_stolen_land/gdmtsfp/,1606371094,1,False,False,socialism,t5_2qjii,,0,[]
[],,nexxus25,,,[],,,,text,t2_31j7cbs,False,False,[],"I expected openness and dialog, boy was I in for a supprise. What's the equivalent of Siberia here?",,,1606371055,{},gdmtr69,True,t3_k19jfd,False,True,t1_gdmsj8n,/r/socialism/comments/k19jfd/got_banned_for_asking_a_question_in_rcommunism/gdmtr69/,1606371065,1,True,False,socialism,t5_2qjii,,0,[]
[],,Niall_DeNobis,,,[],,,,text,t2_7225jgjr,False,False,[],"I’m not sure what you mean so I’ll just say a few things and maybe it’ll help. 

First off I kind of thought you were a troll at first but your other comments seem to indicate that you’re not trying to defend the colonizers, so if you’re just trying to have a philosophical discussion I think that’s cool. The problem is probably that the word “steal” here is not well defined, so most of us here are probably debating based on our semantic interpretation of the word. My interpretation is that if in the original state of things no one owns any private property, then everyone shares the commons. If some Brits come and say “only we can use this land now,” then the amount of people who can use it dramatically dropped. I don’t think it’s unreasonable here to say that the land was in a sense stolen from those who can now no longer use it at all",,,1606371054,{},gdmtr5b,False,t3_k180pv,False,True,t1_gdmquvk,/r/socialism/comments/k180pv/is_america_on_stolen_land/gdmtr5b/,1606371064,1,True,False,socialism,t5_2qjii,,0,[]
[],,nexxus25,,,[],,,,text,t2_31j7cbs,False,False,[],"Yeah, i realize no matter the ideology, corruption is an issue.",,,1606370825,{},gdmtgt1,True,t3_k19jfd,False,True,t1_gdmtelv,/r/socialism/comments/k19jfd/got_banned_for_asking_a_question_in_rcommunism/gdmtgt1/,1606370836,1,True,False,socialism,t5_2qjii,,0,[]
[],,FcLeason,,,[],,,,text,t2_26xzihe7,False,False,[],"Usually corruption, mismanagement in apportioning resources and CIA coups.",,,1606370777,{},gdmtelv,False,t3_k19jfd,False,True,t1_gdmsjhm,/r/socialism/comments/k19jfd/got_banned_for_asking_a_question_in_rcommunism/gdmtelv/,1606370788,1,True,False,socialism,t5_2qjii,,0,[]
[],,nexxus25,,,[],,,,text,t2_31j7cbs,False,False,[],I told them English is not my first language.,,,1606370777,{},gdmtekm,True,t3_k19jfd,False,True,t1_gdmtb8r,/r/socialism/comments/k19jfd/got_banned_for_asking_a_question_in_rcommunism/gdmtekm/,1606370788,1,True,False,socialism,t5_2qjii,,0,[]
[],,MuhFreezePeachhh,,,[],,,,text,t2_4bij0snh,False,False,[],They probably thought you were a troll or a lib trying to start shit imo... the wording of the question doesnt seem too sincere,,,1606370703,{},gdmtb8r,False,t3_k19jfd,False,True,t3_k19jfd,/r/socialism/comments/k19jfd/got_banned_for_asking_a_question_in_rcommunism/gdmtb8r/,1606370713,1,True,False,socialism,t5_2qjii,,0,[]
[],,cliffiscool,,,[],,,,text,t2_54cpui0a,False,False,[],"The history of it is irrelevant, socialists do not believe in property rights, thus they cannot believe in stolen land. This is literally like saying gravity didn't exist until the apple fell on Newton's head. Everybody floats around because there's no gravity. 

You're not understanding where I'm getting at whatsoever. I've already previously recognized that what Europe did was an atrocity, it was horrible. However socialists believing in stolen land is antithetical. You do not understand where I was trying to get at with my original post.",,,1606370655,{},gdmt947,True,t3_k180pv,False,False,t1_gdmsqsg,/r/socialism/comments/k180pv/is_america_on_stolen_land/gdmt947/,1606370666,1,True,False,socialism,t5_2qjii,,0,[]
[],,galacticlinx1,,,[],,,,text,t2_11j3x3,False,False,[],SOURCE PLEASE.,,,1606370451,{},gdmszov,False,t3_k0ygpe,False,True,t1_gdmswhg,/r/socialism/comments/k0ygpe/rip_maradona_he_also_had_a_tattoo_of_che_on_his/gdmszov/,1606370462,1,True,False,socialism,t5_2qjii,,0,[]
[],,duckducker69420,,,[],,,,text,t2_7syoqotr,False,False,[],"literally almost every article about him on spanish is talking about it and every other thing he's done, don't try to defend him only because he was a socialist, yes, he was a socialist but he was a horrible person.",,,1606370381,{},gdmswhg,False,t3_k0ygpe,False,True,t1_gdmsorn,/r/socialism/comments/k0ygpe/rip_maradona_he_also_had_a_tattoo_of_che_on_his/gdmswhg/,1606370392,1,True,False,socialism,t5_2qjii,,0,[]
[],,cliffiscool,,,[],,,,text,t2_54cpui0a,False,False,[],whos definition is this? it differs from the dictionary and multiple other economist definitions,,,1606370356,{},gdmsv8t,True,t3_k180pv,False,True,t1_gdmrpxh,/r/socialism/comments/k180pv/is_america_on_stolen_land/gdmsv8t/,1606370366,1,True,False,socialism,t5_2qjii,,0,[]
[],,galacticlinx1,,,[],,,,text,t2_11j3x3,False,False,[],"Source??

Please not CIA Twitter accounts and only checked info. 

Try to avoid British butthurt media.",,,1606370217,{},gdmsorn,False,t3_k0ygpe,False,True,t1_gdms0ea,/r/socialism/comments/k0ygpe/rip_maradona_he_also_had_a_tattoo_of_che_on_his/gdmsorn/,1606370227,1,True,False,socialism,t5_2qjii,,0,[]
[],,nexxus25,,,[],,,,text,t2_31j7cbs,False,False,[],"I asked "" Why Communist Governments fail? Is it because of narcissist individuals?""",,,1606370104,{},gdmsjhm,True,t3_k19jfd,False,True,t3_k19jfd,/r/socialism/comments/k19jfd/got_banned_for_asking_a_question_in_rcommunism/gdmsjhm/,1606370115,1,True,False,socialism,t5_2qjii,,0,[]
[],,2EVs,,,[],,,,text,t2_2pwk17lo,False,False,[],Be glad you weren’t sent to Siberia! 🤣,,,1606370099,{},gdmsj8n,False,t3_k19jfd,False,True,t3_k19jfd,/r/socialism/comments/k19jfd/got_banned_for_asking_a_question_in_rcommunism/gdmsj8n/,1606370109,1,True,False,socialism,t5_2qjii,,0,[]
[],,Ganjikuntist_No-1,,,[],,,,text,t2_anjv3fk,False,False,[],Socialism bad because bread lines,,,1606369911,{},gdmsaie,False,t3_k179fs,False,True,t3_k179fs,/r/socialism/comments/k179fs/what_an_accomplishment_dow/gdmsaie/,1606369922,1,True,False,socialism,t5_2qjii,,0,[]
[],,fxreverdvl,,,[],,,,text,t2_8j6bkaht,False,False,[],"bro, the girls fron the picture said they were minor at the time and he wasn't ""barely hugging them"" they were naked and in one picture one of the girls was touching maradona's DICK, i can't belive you belive the CIA would even make that up...",,,1606369695,{},gdms0ea,False,t3_k0ygpe,False,True,t1_gdmrtbm,/r/socialism/comments/k0ygpe/rip_maradona_he_also_had_a_tattoo_of_che_on_his/gdms0ea/,1606369706,1,True,False,socialism,t5_2qjii,,0,[]
[],,[deleted],,,,,,dark,,,,,[],[removed],,,1606369553,{},gdmrtjo,False,t3_k180pv,False,True,t1_gdmqp7f,/r/socialism/comments/k180pv/is_america_on_stolen_land/gdmrtjo/,1606369563,1,True,False,socialism,t5_2qjii,,0,[]
[],,galacticlinx1,,,[],,,,text,t2_11j3x3,False,False,[],"Pedophile?

Thats a CIA troll farm propaganda.

There was only 1 (ONE) picture viralized by a CIA fake account  that showed him with 2 young ADULT women and he was barely hugging them.

It was all consented among ADULT people,


It’s funny how easy people fall for CIA troll farm propaganda.

He had very powerfull enemies like Bush or Blatter that tried several times to ruin him because he was anti stablishment.",,,1606369548,{},gdmrtbm,False,t3_k0ygpe,False,True,t1_gdlnod1,/r/socialism/comments/k0ygpe/rip_maradona_he_also_had_a_tattoo_of_che_on_his/gdmrtbm/,1606369558,1,True,False,socialism,t5_2qjii,,0,[]
[],,LeninisLif3,,lenin,"[{'e': 'text', 't': 'Lenin'}]",89f33b24-3ee4-11e5-83e9-0e49b4de90e1,Lenin,dark,richtext,t2_1mu1vau9,False,False,[],"Personal property are things an individual owns that aren’t used to extract surplus labor value. A car, a lawn, a board game. 

Private property is a means of production or other object used to extract surplus labor value. A factory owned by a capitalist, houses run by landlords, etc.",,,1606369476,{},gdmrpxh,False,t3_k180pv,False,True,t1_gdmr25t,/r/socialism/comments/k180pv/is_america_on_stolen_land/gdmrpxh/,1606369486,1,False,False,socialism,t5_2qjii,,0,[]
[],,cliffiscool,,,[],,,,text,t2_54cpui0a,False,False,[],"I did.
read the first 3 words and look at the punctuation.",,,1606369348,{},gdmrjvk,True,t3_k180pv,False,True,t1_gdmr3dn,/r/socialism/comments/k180pv/is_america_on_stolen_land/gdmrjvk/,1606369358,1,True,False,socialism,t5_2qjii,,0,[]
[],,galacticlinx1,,,[],,,,text,t2_11j3x3,False,False,[],"Most of claims were false CIA propaganda.

Like the pedophilia CIA troll farm Twitter accounts tryied to install.

It was a picture of him with two young ADULT women with few clothes (not fully naked) and Maradona was barely hugging them.

It was concert among adults and no sex involved.

But that CIA troll farm account installed the lie anyway.

He had very powerfull enemies like Bush or Blatter.


The domestic violence claims were true tho. He was ill. And under the influence of drugs when that happened. That is not an excuse. It’s just context. He was an ill person trying to recover himself.

Anyway they forgived him. And tomorrow she will be at his funeral. Today she was on tv saying how much she will miss him, and talked about his drug related illness.

He tried very hard to stop his illness. He literally died trying to recover and that’s why they love him and forgive him.

They (including Maradona) are all Catholics and belive that a person can make amends if they try hard enough to correct his mistakes.

There is no doubt he tryied as hard as he can.",,,1606369238,{},gdmrelk,False,t3_k0ygpe,False,True,t1_gdmbfmz,/r/socialism/comments/k0ygpe/rip_maradona_he_also_had_a_tattoo_of_che_on_his/gdmrelk/,1606369248,1,True,False,socialism,t5_2qjii,,0,[]
[],,[deleted],,,,,,dark,,,,,[],[removed],,,1606369224,{},gdmrdyo,False,t3_k180pv,False,True,t1_gdmqp7f,/r/socialism/comments/k180pv/is_america_on_stolen_land/gdmrdyo/,1606369235,1,True,False,socialism,t5_2qjii,,0,[]
[],,cliffiscool,,,[],,,,text,t2_54cpui0a,False,False,[],"I'm not denying that America was built on genocide and colonialism, however colonialism is literally a violation of property rights. Thus socialists, or individuals who don't believe in property rights, cannot believe in stolen land.",,,1606369185,{},gdmrc42,True,t3_k180pv,False,True,t1_gdmoiwm,/r/socialism/comments/k180pv/is_america_on_stolen_land/gdmrc42/,1606369195,1,True,False,socialism,t5_2qjii,,0,[]
[],,jellybeans_over_raw,,,[],,,,text,t2_ch3en9u,False,False,[],I’m sure if he had pictures with Ronald Reagan and Margaret Thatcher they would run them so.....,,,1606369006,{},gdmr3k3,False,t3_k0ygpe,False,True,t1_gdlijvy,/r/socialism/comments/k0ygpe/rip_maradona_he_also_had_a_tattoo_of_che_on_his/gdmr3k3/,1606369016,1,True,False,socialism,t5_2qjii,,0,[]
[],,Juulmo,,,[],,,,text,t2_15728y,False,False,[],Did you even read my comment or are you just reposting your copy+paste bullshit?,,,1606369002,{},gdmr3dn,False,t3_k180pv,False,True,t1_gdmqzb7,/r/socialism/comments/k180pv/is_america_on_stolen_land/gdmr3dn/,1606369012,1,True,False,socialism,t5_2qjii,,0,[]
[],,cliffiscool,,,[],,,,text,t2_54cpui0a,False,False,[],can you define personal property and private property...?,,,1606368977,{},gdmr25t,True,t3_k180pv,False,True,t1_gdmqxbr,/r/socialism/comments/k180pv/is_america_on_stolen_land/gdmr25t/,1606368988,1,True,False,socialism,t5_2qjii,,0,[]
[],,cliffiscool,,,[],,,,text,t2_54cpui0a,False,False,[],"land isn't property...?
the diverse group of people lived on land, on their property, European settlers came and stole it.

you cannot believe in stolen land if you dont believe in property rights",,,1606368918,{},gdmqzb7,True,t3_k180pv,False,True,t1_gdmowau,/r/socialism/comments/k180pv/is_america_on_stolen_land/gdmqzb7/,1606368929,1,True,False,socialism,t5_2qjii,,0,[]
[],,LeninisLif3,,lenin,"[{'e': 'text', 't': 'Lenin'}]",89f33b24-3ee4-11e5-83e9-0e49b4de90e1,Lenin,dark,richtext,t2_1mu1vau9,False,False,[],It is if it is land you own/collectively own that you don’t use to extract surplus labor value from others.,,,1606368877,{},gdmqxbr,False,t3_k180pv,False,True,t1_gdmqpus,/r/socialism/comments/k180pv/is_america_on_stolen_land/gdmqxbr/,1606368888,1,False,False,socialism,t5_2qjii,,0,[]
[],,cliffiscool,,,[],,,,text,t2_54cpui0a,False,False,[],"saying that is futile because property can have more than one owner. private property is private property, not public property. the europeans stole the property from the natives",,,1606368829,{},gdmquvk,True,t3_k180pv,False,True,t1_gdmp770,/r/socialism/comments/k180pv/is_america_on_stolen_land/gdmquvk/,1606368840,1,True,False,socialism,t5_2qjii,,0,[]
[],,sp1nmearound,,,[],,,,text,t2_6gispehb,False,False,[],"oh also, corporatism just happens to be a byproduct of the mid-late stages of what i described above",,,1606368774,{},gdmqs7s,False,t3_k14y39,False,True,t1_gdmf6mo,/r/socialism/comments/k14y39/capitalism_and_democracy_are_not_synonymous/gdmqs7s/,1606368785,1,True,False,socialism,t5_2qjii,,0,[]
[],,cliffiscool,,,[],,,,text,t2_54cpui0a,False,False,[],personal property isn't land,,,1606368726,{},gdmqpus,True,t3_k180pv,False,True,t1_gdmpdl3,/r/socialism/comments/k180pv/is_america_on_stolen_land/gdmqpus/,1606368737,1,True,False,socialism,t5_2qjii,,0,[]
