all_awardings,associated_award,author,author_flair_background_color,author_flair_css_class,author_flair_richtext,author_flair_template_id,author_flair_text,author_flair_text_color,author_flair_type,author_fullname,author_patreon_flair,author_premium,awarders,body,collapsed_because_crowd_control,created_utc,gildings,id,is_submitter,link_id,locked,no_follow,parent_id,permalink,retrieved_on,score,send_replies,stickied,subreddit,subreddit_id,total_awards_received,treatment_tags,edited,distinguished,author_cakeday
[],,comradeMaturin,,2-trotsky,"[{'e': 'text', 't': 'Bolshevik-Leninist'}]",c58da89a-3ee4-11e5-8a50-0eb2aee2097b,Bolshevik-Leninist,dark,richtext,t2_10sd9t,False,False,[],"It’s definitely a huge problem. My old organization dissolved itself for similar reasons. 

Socialist men need to get it together


I will say, from other comrade’s experience it will still be present in anarchists and such. It’s a men problem",,1589975987,{},fr8diay,True,t3_gn2bv6,False,True,t1_fr82mf1,/r/socialism/comments/gn2bv6/womens_liberation_and_the_withering_of_the_family/fr8diay/,1589975988,1,True,False,socialism,t5_2qjii,0,[],,,
[],,Plutonium_Nitrate_94,,,[],,,,text,t2_33r91316,False,False,[],"We should ""diversify our mode of production"" away from capitalism",,1589974372,{},fr8blfk,True,t3_gn7wqe,False,True,t1_fr8bimm,/r/socialism/comments/gn7wqe/so_much_for_trump_bringing_manufacturing_jobs/fr8blfk/,1589974373,1,True,False,socialism,t5_2qjii,0,[],,,
[],,gratisargott,,,[],,,,text,t2_23ggc93h,False,False,[],“Diversify its manufacturing base” is glorious newspeak.,,1589974302,{},fr8bimm,False,t3_gn7wqe,False,True,t3_gn7wqe,/r/socialism/comments/gn7wqe/so_much_for_trump_bringing_manufacturing_jobs/fr8bimm/,1589974303,1,True,False,socialism,t5_2qjii,0,[],,,
[],,BenevolentFungi,,,[],,,,text,t2_29bcpjlv,False,False,[],Because CoD is a propaganda game meant to glorify shit like this?,,1589974280,{},fr8bhp3,False,t3_gmpqr5,False,True,t1_fr6sxea,/r/socialism/comments/gmpqr5/indian_forces_destroyed_more_than_a_dozen_houses/fr8bhp3/,1589974281,1,True,False,socialism,t5_2qjii,0,[],,,
[],,xaz-,,,[],,,,text,t2_372f2wvt,False,False,[],"Description: This is a crosspost that talks about the hypocrisy of Capitalists. How during the good times, they claim their ownership of the profit they didn't earn by talking about the supposed 'risk' they took. And the same folks, when times are bad, go back to the very government they hate begging for a bailout.",,1589973775,{},fr8axkl,True,t3_gn9kad,False,True,t3_gn9kad,/r/socialism/comments/gn9kad/capitalists_hypocrisy/fr8axkl/,1589973776,1,True,False,socialism,t5_2qjii,0,[],,,
[],,Plutonium_Nitrate_94,,,[],,,,text,t2_33r91316,False,False,[],Don't worry they buy fairtrade and watch hipster indie films so their white guilt has been cleansed.,,1589973421,{},fr8ajrp,True,t3_gn7wqe,False,True,t1_fr87sfs,/r/socialism/comments/gn7wqe/so_much_for_trump_bringing_manufacturing_jobs/fr8ajrp/,1589973422,1,True,False,socialism,t5_2qjii,0,[],,,
[],,Plutonium_Nitrate_94,,,[],,,,text,t2_33r91316,False,False,[],"Rofl, check out my post history",,1589973325,{},fr8afxv,True,t3_gn7wqe,False,True,t1_fr8adk2,/r/socialism/comments/gn7wqe/so_much_for_trump_bringing_manufacturing_jobs/fr8afxv/,1589973326,1,True,False,socialism,t5_2qjii,0,[],,,
[],,sunspotsinureyes,,,[],,,,text,t2_4c9tvnce,False,False,[],I thought diversity was what you libs wanted huh,,1589973264,{},fr8adk2,False,t3_gn7wqe,False,True,t3_gn7wqe,/r/socialism/comments/gn7wqe/so_much_for_trump_bringing_manufacturing_jobs/fr8adk2/,1589973266,1,True,False,socialism,t5_2qjii,0,[],,,
[],,imadogbork,,,[],,,,text,t2_582mjjg,False,False,[],He was hot tho,,1589972997,{},fr8a3ca,False,t3_gmv213,False,True,t3_gmv213,/r/socialism/comments/gmv213/happy_birthday_to_malcolm_x_oc/fr8a3ca/,1589972999,1,True,False,socialism,t5_2qjii,0,[],,,
[],,thatngaforreal,,,[],,,,text,t2_5pcfd7sa,False,False,[],😂😂😂,,1589972358,{},fr89f6n,False,t3_gn7wqe,False,True,t1_fr87sfs,/r/socialism/comments/gn7wqe/so_much_for_trump_bringing_manufacturing_jobs/fr89f6n/,1589972359,1,True,False,socialism,t5_2qjii,0,[],,,
[],,Hnnnngn_bread,,,[],,,,text,t2_3xxur935,False,False,[],"""Diversify the manufacturing base""

👏MORE!👏SLAVES!👏OF!👏COLOR!👏",,1589970774,{},fr87sfs,False,t3_gn7wqe,False,True,t1_fr82b4x,/r/socialism/comments/gn7wqe/so_much_for_trump_bringing_manufacturing_jobs/fr87sfs/,1589970775,1,True,False,socialism,t5_2qjii,0,[],,,
[],,AudioRevolt,,,[],,,,text,t2_612upi31,False,False,[],"I discovered the ACP, [Australian Communist Party](https://www.auscp.org.au/) about a month ago, and had a chat, debated a couple things, ended up quite pleased with their responses, and ended up giving them $20. They are kind of new I think. They try to do food drives where they operate, to feed the needy. There are no members near me, but it is good to make contact. I think my IWW membership will need some dollars before the end of the year. Nothing big, just doing something seems better than not.  


As always, trying to discuss anti-capitalist notions with liberals and capitalist apologists, and trying to reduce the amount of people I alienate whilst doing that. The information war is in full salvo with anti-China bullshit right now, and doing small things to help cast doubt on imperial narratives, i hope, is a good thing... but I don't even know. It is tiring.",,1589970087,{},fr8732q,False,t3_gn7dxz,False,True,t3_gn7dxz,/r/socialism/comments/gn7dxz/monthly_organizing_acomplishments_thread_for_may/fr8732q/,1589970088,1,True,False,socialism,t5_2qjii,0,[],,,
[],,ReadCapitalVol1Libs,,,[],,,,text,t2_64rpuzpp,False,False,[],"The problem is Western Leftism not you. https://youtu.be/KEC2ajsvr0I would highly recommend reading Blackshirts and Reds, free audiobook versions also available on YouTube",,1589970001,{},fr86zze,False,t3_glkghz,False,True,t3_glkghz,/r/socialism/comments/glkghz/feeling_class_shame_on_the_left_wing/fr86zze/,1589970002,1,True,False,socialism,t5_2qjii,0,[],,,
[],,RuggyDog,,,[],,,,text,t2_hcz7f,False,False,[],"We have to support any group whose goal is a step towards socialism. Malcolm X’s goals aligned with socialism’s goals. I’m pretty sure the idea comes from the Communist Manifesto, Marx and Engels describe themselves as communists, but if you asked if they were socialists, they’d say yes. That’s not all there is to it, but I can’t remember the exact page or quote I want. Socialism’s goals align with communism’s goals, and Malcolm X’s goals align with socialism’s goals, so it makes sense to celebrate him as a brother or comrade and support his cause.",,1589969328,{},fr86bni,False,t3_gmsddy,False,True,t1_fr7skv9,/r/socialism/comments/gmsddy/this_is_the_malcolm_x_quote_to_read_today_on_his/fr86bni/,1589969330,1,True,False,socialism,t5_2qjii,0,[],,,
[],,sciwins,,kropotkin,"[{'e': 'text', 't': 'Anarcho-Communist'}]",853bdcf8-3ee4-11e5-a745-0ebe57f993df,Anarcho-Communist,dark,richtext,t2_wer7djg,False,False,[],Removed for liberalism,,1589968908,{},fr85wk2,False,t3_gn8afk,False,True,t3_gn8afk,/r/socialism/comments/gn8afk/violence_is_never_the_answer/fr85wk2/,1589968909,1,True,False,socialism,t5_2qjii,0,[],,,
[],,sciwins,,kropotkin,"[{'e': 'text', 't': 'Anarcho-Communist'}]",853bdcf8-3ee4-11e5-a745-0ebe57f993df,Anarcho-Communist,dark,richtext,t2_wer7djg,False,False,[],They are a liberal.,,1589968886,{},fr85vq7,False,t3_gn8afk,False,True,t1_fr85pnp,/r/socialism/comments/gn8afk/violence_is_never_the_answer/fr85vq7/,1589968887,1,True,False,socialism,t5_2qjii,0,[],,,
[],,eviyotim,,,[],,,,text,t2_1xomdj04,False,False,[],"Israel doesn't give a lot of money to Gaza because of Hamas and Hamas doesn't give a shit about there own people and the money they do get they spend on missiles instead of Heath and care so in my opinion hamas is the big problem here.

I am not trying to say Israel is the good guy but that Hamas is the bigger problem.",,1589968760,{},fr85r74,False,t3_fj0rl6,False,True,t3_fj0rl6,/r/socialism/comments/fj0rl6/cant_find_any_hand_sanitizer_welcome_to_gazas/fr85r74/,1589968761,1,True,False,socialism,t5_2qjii,0,[],,,
[],,Stealthyknight,,2-redstar,"[{'e': 'text', 't': 'Libertarian Socialism'}]",9d799364-3ee4-11e5-bd09-0e5e20c89e15,Libertarian Socialism,dark,richtext,t2_5r8c96o3,False,False,[],Well then why post it in a socialist subreddit?,,1589968716,{},fr85pnp,False,t3_gn8afk,False,True,t1_fr85kzm,/r/socialism/comments/gn8afk/violence_is_never_the_answer/fr85pnp/,1589968718,1,True,False,socialism,t5_2qjii,0,[],,,
[],,josh_wav,,,[],,,,text,t2_55q1v3la,False,False,[],"It doesn’t have anything to do with capitalism, just don’t be a shitty person",,1589968586,{},fr85kzm,True,t3_gn8afk,False,True,t1_fr857mq,/r/socialism/comments/gn8afk/violence_is_never_the_answer/fr85kzm/,1589968587,1,True,False,socialism,t5_2qjii,0,[],,,
[],,fascists_disagree,,,[],,,,text,t2_4pdus4s2,False,False,[],Sounds like that one black mirror episode.,,1589968329,{},fr85bze,False,t3_gmly15,False,True,t1_fr4jwcw,/r/socialism/comments/gmly15/today_is_malcolm_xs_birthday/fr85bze/,1589968330,1,True,False,socialism,t5_2qjii,0,[],,,
[],,Stealthyknight,,demsoc,"[{'e': 'text', 't': 'Democratic Socialism'}]",99426c94-3ee4-11e5-ad95-0e5e20c89e15,Democratic Socialism,dark,richtext,t2_5r8c96o3,False,False,[],"Agreed, the people who use violence to try to achieve socialism are just as worse then capitalists",,1589968209,{},fr857mq,False,t3_gn8afk,False,True,t3_gn8afk,/r/socialism/comments/gn8afk/violence_is_never_the_answer/fr857mq/,1589968210,1,True,False,socialism,t5_2qjii,0,[],,,
[],,gratisargott,,,[],,,,text,t2_23ggc93h,False,False,[],He criticized capitalism but wasn’t an outspoken socialist as far as I know. But that doesn’t make this quote any less relevant for socialists to read though.,,1589965910,{},fr830i6,True,t3_gmsddy,False,True,t1_fr7skv9,/r/socialism/comments/gmsddy/this_is_the_malcolm_x_quote_to_read_today_on_his/fr830i6/,1589965911,1,True,False,socialism,t5_2qjii,0,[],,,
[],,TheMagusFowles,,,[],,,,text,t2_6fzpu1aw,False,False,[],"So why is it that all the socialist spaces I've been in have been full of sexism? I can't even bear to join parties they're so awful, while pretending theoretically that they're ""anti sexist"". At least right wingers are open about it. 

I only organise with Anarchists and Feminists now. Socialist men have too far to go.",,1589965512,{},fr82mf1,False,t3_gn2bv6,False,True,t3_gn2bv6,/r/socialism/comments/gn2bv6/womens_liberation_and_the_withering_of_the_family/fr82mf1/,1589965513,1,True,False,socialism,t5_2qjii,0,[],,,
[],,rochesterjones,,,[],,,,text,t2_15biyz,False,False,[],Except you can 1) go work somewhere else and 2) self employ yourself.,,1589965456,{},fr82kgp,False,t3_gkksg6,False,True,t3_gkksg6,/r/socialism/comments/gkksg6/the_workplace_is_already_authoritarian/fr82kgp/,1589965458,1,True,False,socialism,t5_2qjii,0,[],,,
[],,rochesterjones,,,[],,,,text,t2_15biyz,False,False,[],Have you ever heard of China?,,1589965305,{},fr82f3b,False,t3_glv7yl,False,True,t3_glv7yl,/r/socialism/comments/glv7yl/capitalism_and_its_relationship_with_pollution/fr82f3b/,1589965306,1,True,False,socialism,t5_2qjii,0,[],,,
[],,Plutonium_Nitrate_94,,,[],,,,text,t2_33r91316,False,False,[],Transcription: A screenshot of a news article that states that Apple will be moving headphone production from China to Vietnam.,,1589965194,{},fr82b4x,True,t3_gn7wqe,False,True,t3_gn7wqe,/r/socialism/comments/gn7wqe/so_much_for_trump_bringing_manufacturing_jobs/fr82b4x/,1589965196,1,True,False,socialism,t5_2qjii,0,[],,,
[],,[deleted],,,,,,dark,,,,,[],[removed],,1589964081,{},fr816za,False,t3_gmim3m,False,True,t1_fr6rrhl,/r/socialism/comments/gmim3m/do_you_have_any_ideas_on_useful_jobs_we_would/fr816za/,1589964083,1,True,False,socialism,t5_2qjii,0,[],,,
[],,Cuties4Karl,,,[],,,,text,t2_6emcx77g,False,False,[],"""Most of the countries that were colonial powers were capitalist countries, and the last bulwark of capitalism today is America. It’s impossible for a white person to believe in capitalism and not believe in racism. You can’t have capitalism without racism. And if you find one and you happen to get that person into conversation and they have a philosophy that makes you sure they don’t have this racism in their outlook, usually they’re socialists or their political philosophy is socialism."" —Malcolm X",,1589963828,{},fr80xwv,False,t3_gmsddy,False,True,t1_fr7skv9,/r/socialism/comments/gmsddy/this_is_the_malcolm_x_quote_to_read_today_on_his/fr80xwv/,1589963828,1,True,False,socialism,t5_2qjii,0,[],,,
[],,jimmyjr1999,,,[],,,,text,t2_5t71141v,False,False,[],"what's got you so miserable that u need to seek out arguments as an outlet for ur pent up snark, there's probably an r/vent out there where u could let it out without looking silly like u do here",,1589963544,{},fr80nqp,False,t3_gn7hu4,False,True,t3_gn7hu4,/r/socialism/comments/gn7hu4/cmv_capatalism_is_much_much_better_than_any_other/fr80nqp/,1589963545,1,True,False,socialism,t5_2qjii,0,[],,,
[],,Blanqui-Stan-Account,,,[],,,,text,t2_6hqblz2k,False,False,[],"I live in Denmark. It's perfectly fine for a bourgeois nation-state, but it's not socialist. Same for most of the other countries you mention. 

The establishment of socialism in Russia and China had to deal with something that does not exist anywhere in the world today - socialist revolution in majority peasant societies. For what it's worth socialism did industrialize those countries incredibly rapidly, and raised the life expectancy enough to cover any losses during that industrialization. 

Secondly, those economies had to be planned essentially with pen and paper, which obviously led to failure and mismanagement. We now have computers that can balance input-output tables for whole economies in seconds, mitigating fears about inefficiency and human error.",,1589963542,{},fr80nob,False,t3_gn7hu4,False,True,t3_gn7hu4,/r/socialism/comments/gn7hu4/cmv_capatalism_is_much_much_better_than_any_other/fr80nob/,1589963543,1,True,False,socialism,t5_2qjii,0,[],,,
[],,_Soopa_,,,[],,,,text,t2_85nh1,False,True,[],Sounds like you’re a bit clueless.,,1589963532,{},fr80nad,False,t3_gn7hu4,False,True,t1_fr80ivc,/r/socialism/comments/gn7hu4/cmv_capatalism_is_much_much_better_than_any_other/fr80nad/,1589963533,1,True,False,socialism,t5_2qjii,0,[],,,
[],,ooooooof101,,,[],,,,text,t2_3oyn907m,False,False,[],"Ye I agree, obviously personal choice is a big thing and I respect people's opinions on whatever system they want as long as they don't harm others in trying to implement their own wishes",,1589963457,{},fr80kjc,False,t3_gn7hu4,False,True,t1_fr80e71,/r/socialism/comments/gn7hu4/cmv_capatalism_is_much_much_better_than_any_other/fr80kjc/,1589963457,1,True,False,socialism,t5_2qjii,0,[],,,
[],,Iwanttobeanactor1,,,[],,,,text,t2_53kg2zqb,False,False,[],Probably by the socialists. 70% income tax for someone that works instead of expecting the people that work to pay for your healthcare and food?,,1589963412,{},fr80ivc,True,t3_gn7hu4,False,True,t1_fr80av1,/r/socialism/comments/gn7hu4/cmv_capatalism_is_much_much_better_than_any_other/fr80ivc/,1589963413,1,True,False,socialism,t5_2qjii,0,[],,,
[],,ChopinPianist,,,[],,,,text,t2_103ffr,False,False,[],I was just referencing the quote. It was kinda contradictory. It basically said pulling out the knife isn’t healing. We need to pull out the knife and let it heal,,1589963309,{},fr80f59,False,t3_gmsddy,False,True,t1_fr7l6et,/r/socialism/comments/gmsddy/this_is_the_malcolm_x_quote_to_read_today_on_his/fr80f59/,1589963310,1,True,False,socialism,t5_2qjii,0,[],,,
[],,Iwanttobeanactor1,,,[],,,,text,t2_53kg2zqb,False,False,[],"The good thing is that if you think your country is f-d up with a certain system, you can move. Otherwise the people that disagree with it are forced to live in a world which they don't want to live in.",,1589963283,{},fr80e71,True,t3_gn7hu4,False,True,t1_fr809cs,/r/socialism/comments/gn7hu4/cmv_capatalism_is_much_much_better_than_any_other/fr80e71/,1589963284,1,True,False,socialism,t5_2qjii,0,[],,,
[],,_Soopa_,,,[],,,,text,t2_85nh1,False,True,[],"The Scandinavian countries are consistently voted the best countries in the world. You’re either trolling and trying to get a reaction, or you’re extremely thick.",,1589963189,{},fr80av1,False,t3_gn7hu4,False,True,t3_gn7hu4,/r/socialism/comments/gn7hu4/cmv_capatalism_is_much_much_better_than_any_other/fr80av1/,1589963190,1,True,False,socialism,t5_2qjii,0,[],,,
[],,ooooooof101,,,[],,,,text,t2_3oyn907m,False,False,[],"Because it's impossible to properly implement a fair system like socialism in an inherently unfair world, the system as a whole needs to change for successful implementation. It's failed because the world willed it to and even yet socially democratic countries haven't inherently failed. Capitalism is undoubtedly the most efficient system but it will never be the best when it causes so much harm. But who needs morals.",,1589963148,{},fr809cs,False,t3_gn7hu4,False,True,t3_gn7hu4,/r/socialism/comments/gn7hu4/cmv_capatalism_is_much_much_better_than_any_other/fr809cs/,1589963149,1,True,False,socialism,t5_2qjii,0,[],,,
[],,Steakhouse_WY,,lenin,"[{'e': 'text', 't': 'Bolshevik'}]",89f33b24-3ee4-11e5-83e9-0e49b4de90e1,Bolshevik,dark,richtext,t2_581bzt0q,False,False,[],"I've always hated the war on drugs and I feel like in a decent society the police and the non-police shouldn't have to be at odds with one another.

Edit:  wanted to add that marijuana being illegal is so silly I put it there with racism as in why in the year 2020 are we even talking about it.  We should have moved on from nonsense like that decades ago by any reasonable rate of social progress.

I feel like the issues of Nuclear proliferation, poverty, destruction of the oceans, global warming are all top tier issues but human society cant even deal with the most basic problems of not imprisoning the public unjustly.",,1589960971,{},fr7y0g9,False,t3_gmsdui,False,True,t1_fr5g3l8,/r/socialism/comments/gmsdui/the_pot_purge_california_set_to_expunge_11500/fr7y0g9/,1589961579,1,True,False,socialism,t5_2qjii,0,[],1589961185.0,,
[],,OneReportersOpinion,,iww,"[{'e': 'text', 't': 'IWW'}]",790a3650-3ee4-11e5-8e6d-0ebee8e6e23b,IWW,dark,richtext,t2_tv6gh,False,False,[],Anyone else watching “Who Killed Malcolm X”?,,1589960105,{},fr7x348,False,t3_gmsddy,False,True,t3_gmsddy,/r/socialism/comments/gmsddy/this_is_the_malcolm_x_quote_to_read_today_on_his/fr7x348/,1589961126,1,True,False,socialism,t5_2qjii,0,[],,,
[],,Cosmic_Review,transparent,,"[{'e': 'text', 't': ':LouisAlthusser:'}]",2c626e76-b85d-11e8-8340-0e8cb9b1f556,:LouisAlthusser:,dark,richtext,t2_5ouvfesl,False,False,[],"Thanks for your contribution but unfortunately we had to remove it as it violates one of our Submission Guidelines:

&gt;**101 questions:** While we generally welcome educational posts, questions about the fundamentals of socialism belong in r/socialism_101, a dedicated community which will provide a better learning environment.

See our [Submission Guidelines](https://www.reddit.com/r/socialism/wiki/index/submissionguidelines) for more info, and feel free to reply to this message with any further questions.

r/Socialism's mod team.",,1589959823,{},fr7ws6g,False,t3_gn5guo,False,True,t3_gn5guo,/r/socialism/comments/gn5guo/which_nation_is_the_most_likely_to_become_a_true/fr7ws6g/,1589960978,1,True,True,socialism,t5_2qjii,0,[],,moderator,
[],,crazyinsane65,,,[],,,,text,t2_yr1gp,False,False,[],"You do realize the management, labor, productivity time of the assembly line came from the management of America chattel slavery  right?",,1589959609,{},fr7wjxw,False,t3_gmr1ph,False,True,t1_fr7esm5,/r/socialism/comments/gmr1ph/capitalist_propaganda_in_schools/fr7wjxw/,1589960865,1,True,False,socialism,t5_2qjii,0,[],,,
[],,Rath12,,,[],,,,text,t2_131bie,False,False,[],"A slave is a worker who is fully commodified and has 100% of their labor-value taken.  That makes them the most profitable option for the owner, of course they want slaves.",,1589959511,{},fr7wg5v,False,t3_gmr1ph,False,True,t1_fr7esm5,/r/socialism/comments/gmr1ph/capitalist_propaganda_in_schools/fr7wg5v/,1589960813,1,True,False,socialism,t5_2qjii,0,[],,,
[],,Ashh_The_CyborgWitch,,,[],,,,text,t2_2hhm5ujd,False,False,[],"they aren't.

in Sweden we have a pretty well established ""union norm"" where many big companies and tons of workers are members in unions (people are advised to join a union so they can assist you when signing a work contract etc and most companies i've worked for have union representatives), which is how a lot of collective bargains are formed. 

nevertheless our society is very capitalistic and, while i haven't looked into it at all, i think there might be some corruption prevalent in unions because we have a well established term ""fackpamp"" which means ""union bigwig"" - that term alone  suggests to me that there are profiteers within the unions. not gonna lie, unions do help a lot with regulating work hours and other working conditions but it's NOT the panacea for capitalism, far from it.",,1589959137,{},fr7w1jk,False,t3_f0yy8d,False,True,t1_fh0qwwd,/r/socialism/comments/f0yy8d/how_to_unionize_your_workplace_so_we_can_general/fr7w1jk/,1589960612,1,True,False,socialism,t5_2qjii,0,[],,,
[],,spiderman1993,,,[],,,,text,t2_akwnh,False,False,[],I know. I don't think deleting comments is good at all. They should just be downvoted. We shouldn't be silencing dissent just because it breaks the rules. Change the rules.,,1589958138,{},fr7ux23,False,t3_gmsddy,False,True,t1_fr7tqz8,/r/socialism/comments/gmsddy/this_is_the_malcolm_x_quote_to_read_today_on_his/fr7ux23/,1589960062,1,True,False,socialism,t5_2qjii,0,[],,,
[],,NorcoNarcolepsy,,mao,"[{'e': 'text', 't': 'Maoist'}]",9261b60a-3ee4-11e5-b3c8-0e8d84207ba5,Maoist,dark,richtext,t2_2qg4vc2,False,False,[],"Mods delete comments here. This is a socialist sub, a space for socialist discourse between socialists. There are many subreddits dedicated to debate amongst ideologies, but this is not one of them. They wouldn’t have removed it if it didn’t violate one of the rules, everyone can read them on the sidebar",,1589957094,{},fr7tqz8,False,t3_gmsddy,False,True,t1_fr7nqg7,/r/socialism/comments/gmsddy/this_is_the_malcolm_x_quote_to_read_today_on_his/fr7tqz8/,1589959485,1,True,False,socialism,t5_2qjii,0,[],,,
[],,themexican2099,,,[],,,,text,t2_xm74v,False,False,[],"I don't think on him as a socialist person. The man wanted justice for his race, cold justice maybe. But justice not necessarily means socialism. Am I wrong?",,1589956056,{},fr7skv9,False,t3_gmsddy,False,True,t3_gmsddy,/r/socialism/comments/gmsddy/this_is_the_malcolm_x_quote_to_read_today_on_his/fr7skv9/,1589958913,1,True,False,socialism,t5_2qjii,0,[],,,
[],,KitSpell,,,[],,,,text,t2_5033iyq8,False,False,[],"How long have terrorists supporting terrorism been socialists? Or the politician.

They are imprisoned for supporting a terrorist organization that kidnaps children and turns them into militants.

 [https://www.france24.com/en/20180803-syria-kurd-YPG-child-soldiers-refugees-camps](https://www.france24.com/en/20180803-syria-kurd-YPG-child-soldiers-refugees-camps)

[https://www.hrw.org/news/2018/08/03/syria-armed-group-recruiting-children-camps](https://www.hrw.org/news/2018/08/03/syria-armed-group-recruiting-children-camps)

[https://www.aa.com.tr/en/politics/pkk-ypg-terrorists-admit-to-recruiting-child-soldiers/1521384](https://www.aa.com.tr/en/politics/pkk-ypg-terrorists-admit-to-recruiting-child-soldiers/1521384)

[https://link.springer.com/chapter/10.1057/9781137291998\_6](https://link.springer.com/chapter/10.1057/9781137291998_6)",,1589955775,{},fr7s974,False,t3_gmle2t,False,True,t3_gmle2t,/r/socialism/comments/gmle2t/two_political_prisoners_in_turkey_are_on_hunger/fr7s974/,1589958755,1,True,False,socialism,t5_2qjii,0,[],,,
[],,guspasho,,chavez,"[{'e': 'text', 't': 'Chavez'}]",861b922a-3f08-11e5-b4ad-0e5ca32a3025,Chavez,dark,richtext,t2_a6w32,False,False,[],The plan is 2050. See the link Hallulla posted.,,1589954920,{},fr7r90q,False,t3_gn5guo,False,True,t1_fr7pm8t,/r/socialism/comments/gn5guo/which_nation_is_the_most_likely_to_become_a_true/fr7r90q/,1589958253,1,True,False,socialism,t5_2qjii,0,[],,,
[],,guspasho,,chavez,"[{'e': 'text', 't': 'Chavez'}]",861b922a-3f08-11e5-b4ad-0e5ca32a3025,Chavez,dark,richtext,t2_a6w32,False,False,[],https://www.economist.com/united-states/2017/03/16/prison-labour-is-a-billion-dollar-industry-with-uncertain-returns-for-inmates,,1589954560,{},fr7qtg8,False,t3_gmr1ph,False,True,t1_fr7esm5,/r/socialism/comments/gmr1ph/capitalist_propaganda_in_schools/fr7qtg8/,1589958037,1,True,False,socialism,t5_2qjii,0,[],,,
[],,Hallulla_,,,[],,,,text,t2_1sjhijuo,False,False,[],https://www.chinadaily.com.cn/opinion/2017-10/28/content_33807725.htm,,1589953769,{},fr7pv18,False,t3_gn5guo,False,True,t3_gn5guo,/r/socialism/comments/gn5guo/which_nation_is_the_most_likely_to_become_a_true/fr7pv18/,1589957554,1,True,False,socialism,t5_2qjii,0,[],,,
[],,CantoRaps,,,[],,,,text,t2_3svjxsdb,False,False,[],"Had a dude sit with me for two hours trying to wiggle me into saying what I was advocating for would strip the original owner of the business of their office. It was a really weird, convoluted argument that didn’t hold to even the slightest bit of pressure. He started pulling Olympian-level mental gymnastics when I went to my phone to show him studies backing up my arguments. Claimed his anecdotal evidence of having been in unions in Michigan and Illinois far outweighed my PEER-REVIEWED sources. For the most part debaters tried to make emotional pleas with me about businesses within view claiming they’ve known the answer for years and if they got voted out of power they would lose everything. I said, “Good. If they treated their workers with a modicum of respect they wouldn’t need to fear the boot.” There were some other people giving wack arguments that I wish I got on camera so I’ll be streaming it next weekend.

TL;DR Major counter-arguments didn’t really exist. They all eventually broke down to feels over reals in the end.",,1589953664,{},fr7pqek,True,t3_gmxlsu,False,True,t1_fr777ql,/r/socialism/comments/gmxlsu/real_life_praxis/fr7pqek/,1589957491,1,True,False,socialism,t5_2qjii,0,[],,,True
[],,spilledpenink,,,[],,,,text,t2_40kobc9t,False,False,[],"If so, when do you think they will convert to true socialism?",,1589953570,{},fr7pm8t,True,t3_gn5guo,False,True,t1_fr7pbrx,/r/socialism/comments/gn5guo/which_nation_is_the_most_likely_to_become_a_true/fr7pm8t/,1589957434,1,True,False,socialism,t5_2qjii,0,[],,,
[],,Hallulla_,,,[],,,,text,t2_1sjhijuo,False,False,[],"The only with a concrete plan to do so is China. 

Not gonna debate this, it’s just true.",,1589953336,{},fr7pbrx,False,t3_gn5guo,False,True,t3_gn5guo,/r/socialism/comments/gn5guo/which_nation_is_the_most_likely_to_become_a_true/fr7pbrx/,1589957289,1,True,False,socialism,t5_2qjii,0,[],,,
[],,[deleted],,,,,,dark,,,,,[],[removed],,1589953114,{},fr7p1pl,False,t3_gmsddy,False,True,t3_gmsddy,/r/socialism/comments/gmsddy/this_is_the_malcolm_x_quote_to_read_today_on_his/fr7p1pl/,1589957153,1,True,False,socialism,t5_2qjii,0,[],,,
[],,DubrovskyTheBrigand,,,[],,,,text,t2_4wiayeg6,False,False,[],Fire 🔥,,1589952774,{},fr7omdb,False,t3_gn2l6e,False,True,t3_gn2l6e,/r/socialism/comments/gn2l6e/leila_khaled_drawing_free_palestine/fr7omdb/,1589956938,1,True,False,socialism,t5_2qjii,0,[],,,
[],,RedMenace_10,,,[],,,,text,t2_6cb493s1,False,False,[],"You know the funny thing is that they say the same about us.   “Government schools teach socialist propaganda” is their mantra.   

“If you know the enemy and know yourself, you need not fear the result of a hundred battles. If you know yourself but not the enemy, for every victory gained you will also suffer a defeat. If you know neither the enemy nor yourself, you will succumb in every battle.”

- Sun Tzu : The Art of War.",,1589952484,{},fr7o9h1,False,t3_gmr1ph,False,True,t1_fr5v0hc,/r/socialism/comments/gmr1ph/capitalist_propaganda_in_schools/fr7o9h1/,1589956759,1,True,False,socialism,t5_2qjii,0,[],,,
[],,Hallulla_,,,[],,,,text,t2_1sjhijuo,False,False,[],"I think one, we shouldn’t treat the USSR as a foil to the United States. While the USSR made amazing strides in industrialization and modernization, it was still very much under the boot of empire. For most of its existence, it couldn’t truly spend its finances on its people the way it wanted to, for it was busy defending itself from US saber rattling, just as any other socialist country in any other part of the world. 

Second, I think it’s really unfair to just buy the “state capitalist” narrative. Workers councils made up the Soviet Union. Trade Unions had REAL power. Look up the Peoples Control Commission, which was a real instrument for workers to audit the government and party.

Of course there was the Khrushchev era, which really abandoned the principles of dictatorship of the proletariat and democratic centralism, but overall the USSR was not “state capitalism”. 

Third, it really disturbs me when someone says they prefer the United States as a model government than literally any other non-western country. This means you are fine with the de jure history of institutionalized racism. When Paul Robeson, civil rights leader, went to the Soviet Union, he said it was the first time he “felt like a human being”.

Further, it really erases the neocolonial extraction of the US on the Global South. Meanwhile, the USSR was funding Palestinian, Vietnamese, South African, Angolan, Algerian, etc. Liberation struggles across the world. Material aid to those most brutalized and absurd by global capitalism. 

If you can live with that, I am not sure if even fellow anarchists can call you a comrade.",,1589952180,{},fr7nvqg,False,t3_gn51r9,False,True,t3_gn51r9,/r/socialism/comments/gn51r9/stalinist_ussr_vs_liberal_democracy_in_us_today/fr7nvqg/,1589956568,1,True,False,socialism,t5_2qjii,0,[],,,
[],,RedMenace_10,,,[],,,,text,t2_6cb493s1,False,False,[],"Another example is the “Ford Massacre”

https://en.m.wikipedia.org/wiki/Ford_Hunger_March

That one really is the bourgeoise machine gunning down the proletariat.",,1589952072,{},fr7nqrq,False,t3_gmsolz,False,True,t3_gmsolz,/r/socialism/comments/gmsolz/what_are_examples_of_capitalist_regimes_shutting/fr7nqrq/,1589956496,1,True,False,socialism,t5_2qjii,0,[],,,
[],,spiderman1993,,,[],,,,text,t2_akwnh,False,False,[],"While I don't agree with what they said, mods deleting comment is not a good look at all.",,1589952065,{},fr7nqg7,False,t3_gmsddy,False,False,t1_fr7m5gr,/r/socialism/comments/gmsddy/this_is_the_malcolm_x_quote_to_read_today_on_his/fr7nqg7/,1589956492,1,True,False,socialism,t5_2qjii,0,[],,,
[],,RedMenace_10,,,[],,,,text,t2_6cb493s1,False,False,[],"https://www.scmp.com/news/asia/east-asia/article/3084753/gwangju-massacre-scars-still-raw-40-years-after-dictator

The military government supported by the US state department overthrew the democratic South Korean government.   

Jimmy Carter not wanting another Iran on his record assisted SOUTH Korean special forces to “put down the rebellion” and blame it’s origin on North Korea.


Long story short democracy no worky.   Military says we in charge.   Citizens say no we want democracy back now!   Military says FU citizen we backed by US.   US prez says kill em all....

Press says Communists bad and military save country.",,1589951960,{},fr7nlpe,False,t3_gmsolz,False,True,t3_gmsolz,/r/socialism/comments/gmsolz/what_are_examples_of_capitalist_regimes_shutting/fr7nlpe/,1589956426,1,True,False,socialism,t5_2qjii,0,[],,,
[],,GrouchoMarxiste,,,[],,,,text,t2_wlcv9,False,False,[],"I think both have their special weakness and you could compare those all day, but the point is that neither are worth anything for the working class",,1589951680,{},fr7n8up,False,t3_gn51r9,False,True,t3_gn51r9,/r/socialism/comments/gn51r9/stalinist_ussr_vs_liberal_democracy_in_us_today/fr7n8up/,1589956246,1,True,False,socialism,t5_2qjii,0,[],,,
[],,Xancrim,transparent,,"[{'e': 'text', 't': 'Death to Imperialism'}]",2c626e76-b85d-11e8-8340-0e8cb9b1f556,Death to Imperialism,dark,richtext,t2_1ioiizd,False,False,[],"Quality of life for employed people in the USA is definitely way higher as a result of imperialism, but the USSR edges the states out in terms of homelessness numbers. That's just for like material living though",,1589950974,{},fr7mbzz,False,t3_gn51r9,False,True,t3_gn51r9,/r/socialism/comments/gn51r9/stalinist_ussr_vs_liberal_democracy_in_us_today/fr7mbzz/,1589955785,1,True,False,socialism,t5_2qjii,0,[],,,
[],,Sheepiry,,,[],,,,text,t2_1b91558p,False,False,[],That boi got the wrong sub...,,1589950835,{},fr7m5gr,False,t3_gmsddy,False,True,t1_fr7m0zo,/r/socialism/comments/gmsddy/this_is_the_malcolm_x_quote_to_read_today_on_his/fr7m5gr/,1589955694,1,True,False,socialism,t5_2qjii,0,[],,,
[],,TinFoilTrousers,,,[],,,,text,t2_xqpfc,False,False,[],Something along the lines of Malcom would of been proud to see Obama in office and ‘God bless America’ 😂,,1589950741,{},fr7m0zo,False,t3_gmsddy,False,True,t1_fr7l9a7,/r/socialism/comments/gmsddy/this_is_the_malcolm_x_quote_to_read_today_on_his/fr7m0zo/,1589955631,1,True,False,socialism,t5_2qjii,0,[],,,
[],,RelaxedWanderer,,,[],,,,text,t2_28kaeqq,False,True,[],"It will really help the cause if people can get out of 1970s language and update to 2020.

How about this:

Women and all people having equal status and access.

Women and all people being free to create intimate home and family and social groupings in whatever forms work for us, rather than having one form - the nuclear hetero monogo family unit - being the normative consumer basis.

We don't need more elite theory people putting out stuff that sounds to a lot of less college educated people that they are being attacked for believing in living in a family.",,1589950621,{},fr7lvfs,False,t3_gn2bv6,False,True,t3_gn2bv6,/r/socialism/comments/gn2bv6/womens_liberation_and_the_withering_of_the_family/fr7lvfs/,1589955552,1,True,False,socialism,t5_2qjii,0,[],,,
[],,Sheepiry,,,[],,,,text,t2_1b91558p,False,False,[],What did he/she say?,,1589950164,{},fr7l9a7,False,t3_gmsddy,False,True,t1_fr719kq,/r/socialism/comments/gmsddy/this_is_the_malcolm_x_quote_to_read_today_on_his/fr7l9a7/,1589955240,1,True,False,socialism,t5_2qjii,0,[],,,
[],,SanHoloR2D2,,,[],,,,text,t2_aiib67u,False,False,[],Love this!! Artivism ftw 🤘😌,,1589950115,{},fr7l6zy,False,t3_gmv213,False,True,t3_gmv213,/r/socialism/comments/gmv213/happy_birthday_to_malcolm_x_oc/fr7l6zy/,1589955208,1,True,False,socialism,t5_2qjii,0,[],,,
[],,Kitfisto22,,,[],,,,text,t2_m9raw,False,False,[],"I mean... it kinda is technically.   
But if someone stabbed you, then pulled the knife out would you consider that progress? Would you thank them? Come on man just think about the analogy for a second.",,1589950103,{},fr7l6et,False,t3_gmsddy,False,True,t1_fr790s6,/r/socialism/comments/gmsddy/this_is_the_malcolm_x_quote_to_read_today_on_his/fr7l6et/,1589955199,1,True,False,socialism,t5_2qjii,0,[],,,
[],,Zariah100,,2-mlkjr,"[{'e': 'text', 't': 'Imagine'}]",c32b0546-54bc-11e5-9554-0ef8cb540079,Imagine,dark,richtext,t2_2rhvoj3w,False,False,[],you’re joking right?,,1589950029,{},fr7l2qy,False,t3_gmr1ph,False,False,t1_fr7esm5,/r/socialism/comments/gmr1ph/capitalist_propaganda_in_schools/fr7l2qy/,1589955148,1,True,False,socialism,t5_2qjii,0,[],,,
[],,Zariah100,,2-mlkjr,"[{'e': 'text', 't': 'Imagine'}]",c32b0546-54bc-11e5-9554-0ef8cb540079,Imagine,dark,richtext,t2_2rhvoj3w,False,False,[],thats fucking awesome,,1589949839,{},fr7ktd2,False,t3_gmxlsu,False,True,t3_gmxlsu,/r/socialism/comments/gmxlsu/real_life_praxis/fr7ktd2/,1589955014,1,True,False,socialism,t5_2qjii,0,[],,,
[],,HeyMoon69,,2-redflag,"[{'e': 'text', 't': 'Red Flag'}]",9bfed18a-54be-11e5-a860-0eb43d04a60b,Red Flag,dark,richtext,t2_5w10hxyc,False,False,[],"""At one end is wealth and, like, at the other end is, like, bad shit, dude."" - Carl Marks.",,1589948644,{},fr7j65x,False,t3_gn42zo,False,True,t3_gn42zo,/r/socialism/comments/gn42zo/and_it_goes_on/fr7j65x/,1589954184,1,True,False,socialism,t5_2qjii,0,[],,,
[],,tastelessryan,,,[],,,,text,t2_30jrwo6g,False,False,[],What a g,,1589948416,{},fr7iufb,False,t3_gmsddy,False,True,t3_gmsddy,/r/socialism/comments/gmsddy/this_is_the_malcolm_x_quote_to_read_today_on_his/fr7iufb/,1589954018,1,True,False,socialism,t5_2qjii,0,[],,,
[],,HeyMoon69,,2-redflag,"[{'e': 'text', 't': 'Red Flag'}]",9bfed18a-54be-11e5-a860-0eb43d04a60b,Red Flag,dark,richtext,t2_5w10hxyc,False,False,[],"Damn, good shit, dude! 

You could film this and make a youtube video. I think a lot of people would love to see it.

I need to find a way to seize this moment. I would occasionally go down to my bar and discuss my political opinions with drunkards. Can't do this now.",,1589948308,{},fr7iot8,False,t3_gmxlsu,False,True,t3_gmxlsu,/r/socialism/comments/gmxlsu/real_life_praxis/fr7iot8/,1589953938,1,True,False,socialism,t5_2qjii,0,[],,,
[],,Thora-system,,,[],,,,text,t2_54p5vhjy,False,False,[],Fuck off,,1589947938,{},fr7i59z,False,t3_gmsddy,False,True,t1_fr6yw06,/r/socialism/comments/gmsddy/this_is_the_malcolm_x_quote_to_read_today_on_his/fr7i59z/,1589953669,1,True,False,socialism,t5_2qjii,0,[],,,
[],,digitalnativedance,,,[],,,,text,t2_2ebx6l3a,False,False,[],"I’m just speculating here, I have never been to Cuba, but maybe if you grow up in a place that has emphasized class consciousness and cohesion over racial allegiance, maybe race is not such a focus. I’m sure there may be cultural racism in Cuba to some extent, but probably not the kind of institutional “cops shooting black people and neighborhoods are segregated” racism like we have in the USA.",,1589947477,{},fr7hh1z,False,t3_gmqvag,False,True,t3_gmqvag,/r/socialism/comments/gmqvag/how_cuba_eliminated_racism/fr7hh1z/,1589953331,1,True,False,socialism,t5_2qjii,0,[],,,
[],,suddenwoven-,,,[],,,,text,t2_4t0s5r00,False,False,[],"I’m seconding medicine here. Also, dentistry. Pains in the teeth can really put people in a bad mood.",,1589946980,{},fr7gqxs,False,t3_gmim3m,False,True,t1_fr6sf7j,/r/socialism/comments/gmim3m/do_you_have_any_ideas_on_useful_jobs_we_would/fr7gqxs/,1589952959,1,True,False,socialism,t5_2qjii,0,[],,,
[],,Hallulla_,,,[],,,,text,t2_1sjhijuo,False,False,[],La basura,,1589946929,{},fr7go7e,False,t3_gn3jyc,False,True,t1_fr7g8pv,/r/socialism/comments/gn3jyc/nothing_like_a_big_of_casual_antisemitism_on/fr7go7e/,1589952922,1,True,False,socialism,t5_2qjii,0,[],,,
[],,I-Identify-Guns,,,[],,,,text,t2_29113s40,False,False,[],Where would you recommend I put it?,,1589946641,{},fr7g8pv,False,t3_gn3jyc,False,True,t1_fr7ejsg,/r/socialism/comments/gn3jyc/nothing_like_a_big_of_casual_antisemitism_on/fr7g8pv/,1589952698,1,True,False,socialism,t5_2qjii,0,[],,,
[],,valensaidno,,,[],,,,text,t2_6ex5rqck,False,False,[],"This is such a good line to start a newspaper, it's easy: they've asked for complete lock down since March, people have called the government 'murderers' for not doing it, and now that they do it they protest because the government is killing them. Funny and fucking depressing. Btw, Chile is my country so I know what the fuck I'm talking about. :)",,1589946593,{},fr7g60u,False,t3_gmzuec,False,True,t3_gmzuec,/r/socialism/comments/gmzuec/chile_capitalist_lockdown_poor_santiago_residents/fr7g60u/,1589952660,1,True,False,socialism,t5_2qjii,0,[],,,
[],,Random-Commenting,,,[],,,,text,t2_6dbdyez4,False,False,[],"To be fair, I don’t think capitalism has anything to do with slavery. Capitalism is exploitive, but it’s not like it’s inherently calling for the slavery that the Us experienced.",,1589945695,{},fr7esm5,False,t3_gmr1ph,False,True,t1_fr57jp5,/r/socialism/comments/gmr1ph/capitalist_propaganda_in_schools/fr7esm5/,1589951957,1,True,False,socialism,t5_2qjii,0,[],,,
[],,Hallulla_,,,[],,,,text,t2_1sjhijuo,False,False,[],well no one wants this shit here either dude. delete this,,1589945537,{},fr7ejsg,False,t3_gn3jyc,False,True,t3_gn3jyc,/r/socialism/comments/gn3jyc/nothing_like_a_big_of_casual_antisemitism_on/fr7ejsg/,1589951832,1,True,False,socialism,t5_2qjii,0,[],,,
[],,Bumbarash,,,[],,,,text,t2_3d05n2kt,False,False,[],"Good? Anti-Sovietism cannot be good, no matter is it “left” or right.",,1589945485,{},fr7egvd,False,t3_gn3i5r,False,True,t3_gn3i5r,/r/socialism/comments/gn3i5r/whats_some_good_literature_that_offers_a_left/fr7egvd/,1589951792,1,True,False,socialism,t5_2qjii,0,[],,,
[],,Random-Commenting,,,[],,,,text,t2_6dbdyez4,False,False,[],"How can you not have capitalism without racism? I’m confused by this since the US has undoubtedly created wealth of the backs of slaves, but I doubt it would have created a more socialist system if slavery were to have occurred. Also, couldn’t  racism exist under a planned economy?",,1589945094,{},fr7dvbm,False,t3_gmv213,False,True,t1_fr5w4ds,/r/socialism/comments/gmv213/happy_birthday_to_malcolm_x_oc/fr7dvbm/,1589951483,1,True,False,socialism,t5_2qjii,0,[],,,
[],,yummycorpse,,,[],,,,text,t2_2z1inbc3,False,False,[],"it's very dangerous to remove the knife or whatever you've been stabbed with yourself; the weapon can cause more damage

so, in terms of recovery, the wound needs to be tended to before the knife is removed",,1589944828,{},fr7dgk1,False,t3_gmsddy,False,True,t1_fr7cbf5,/r/socialism/comments/gmsddy/this_is_the_malcolm_x_quote_to_read_today_on_his/fr7dgk1/,1589951267,1,True,False,socialism,t5_2qjii,0,[],,,
[],,Hallulla_,,,[],,,,text,t2_1sjhijuo,False,False,[],Throw a rock and you’ll hit a western academic that “critiques the USSR from the left”. Rarer chance it’s good.,,1589944742,{},fr7dbug,False,t3_gn3i5r,False,True,t3_gn3i5r,/r/socialism/comments/gn3i5r/whats_some_good_literature_that_offers_a_left/fr7dbug/,1589951200,1,True,False,socialism,t5_2qjii,0,[],,,
[],,clockradio,,,[],,,,text,t2_2ks6,False,False,[],"[You can smother me with kisses  
You can smother me with dreams  
You can always be the mistress of my schemes](https://youtu.be/8b4L_yGBrTM)",,1589944548,{},fr7d0qw,False,t3_gn2l6e,False,True,t3_gn2l6e,/r/socialism/comments/gn2l6e/leila_khaled_drawing_free_palestine/fr7d0qw/,1589951038,1,True,False,socialism,t5_2qjii,0,[],,,
[],,soy_boy_milk,,,[],,,,text,t2_67dckad3,False,False,[],"W e s t e r n
Marxism",,1589944399,{},fr7cs1q,False,t3_gn3i5r,False,True,t3_gn3i5r,/r/socialism/comments/gn3i5r/whats_some_good_literature_that_offers_a_left/fr7cs1q/,1589950913,1,True,False,socialism,t5_2qjii,0,[],,,
[],,poop1789,,,[],,,,text,t2_4h7e2o8g,False,False,[],"Trotsky, Luxembourgh, Pankhurst, Gorter...",,1589944344,{},fr7coy8,False,t3_gn3i5r,False,True,t3_gn3i5r,/r/socialism/comments/gn3i5r/whats_some_good_literature_that_offers_a_left/fr7coy8/,1589950868,1,True,False,socialism,t5_2qjii,0,[],,,
[],,spiderman1993,,,[],,,,text,t2_akwnh,False,False,[],"I’m not saying AFA was bad. I’m saying it wasn’t enough to solve the issue we had. 

And what do you think I was lied to about Obama? Please elaborate.",,1589944108,{},fr7cbie,False,t3_gmsddy,False,True,t1_fr79s2s,/r/socialism/comments/gmsddy/this_is_the_malcolm_x_quote_to_read_today_on_his/fr7cbie/,1589950671,1,True,False,socialism,t5_2qjii,0,[],,,
[],,Ll_eras,,,[],,,,text,t2_f2jl4ck,False,False,[],"Yes, lucky people will survive. There's no need to be a smartass, I'm sure you understand the intended meaning of the quote.",,1589944106,{},fr7cbf5,False,t3_gmsddy,False,True,t1_fr7amrh,/r/socialism/comments/gmsddy/this_is_the_malcolm_x_quote_to_read_today_on_his/fr7cbf5/,1589950670,1,True,False,socialism,t5_2qjii,0,[],,,
[],,yummycorpse,,,[],,,,text,t2_2z1inbc3,False,False,[],"yes, that's exactly what i said. word for word",,1589943997,{},fr7c5av,False,t3_gmsddy,False,False,t1_fr7amrh,/r/socialism/comments/gmsddy/this_is_the_malcolm_x_quote_to_read_today_on_his/fr7c5av/,1589950583,1,True,False,socialism,t5_2qjii,0,[],,,
[],,stathow,,,[],,,,text,t2_539kgdnk,False,False,[],a very simple and elegant way of dismissing this hard working/deserving billionaire trope,,1589943362,{},fr7b4sc,False,t3_epz5pt,False,True,t3_epz5pt,/r/socialism/comments/epz5pt/one_does_not_earn_a_billion_dollars_they_steal/fr7b4sc/,1589950062,1,True,False,socialism,t5_2qjii,0,[],,,
[],,thisisntmynameorisit,,,[],,,,text,t2_5hn5z4xx,False,False,[],So I guess all survivors of stabbing still have that knife stuck in them today then? Seems legit.,,1589943053,{},fr7amrh,False,t3_gmsddy,False,True,t1_fr79nki,/r/socialism/comments/gmsddy/this_is_the_malcolm_x_quote_to_read_today_on_his/fr7amrh/,1589949808,1,True,False,socialism,t5_2qjii,0,[],,,
[],,DijahSB,,,[],,,,text,t2_1hrvatc,False,False,[],cheers!,,1589942992,{},fr7ajaq,False,t3_gmv213,False,True,t1_fr7ai0q,/r/socialism/comments/gmv213/happy_birthday_to_malcolm_x_oc/fr7ajaq/,1589949756,1,True,False,socialism,t5_2qjii,0,[],,,True
[],,Yaqub_hsn,,,[],,,,text,t2_60v4wi22,False,False,[],Cheers comrade,,1589942971,{},fr7ai0q,True,t3_gmv213,False,True,t1_fr79ea7,/r/socialism/comments/gmv213/happy_birthday_to_malcolm_x_oc/fr7ai0q/,1589949739,1,True,False,socialism,t5_2qjii,0,[],,,
[],,stathow,,,[],,,,text,t2_539kgdnk,False,False,[],"except they have it way worse not being able to get prescription drugs that are literally life and death, meaning they die simply because they were born in Gaza",,1589942779,{},fr7a6re,False,t3_fj0rl6,False,True,t3_fj0rl6,/r/socialism/comments/fj0rl6/cant_find_any_hand_sanitizer_welcome_to_gazas/fr7a6re/,1589949576,1,True,False,socialism,t5_2qjii,0,[],,,
[],,[deleted],,,,,,dark,,,,,[],[removed],,1589942723,{},fr7a3i0,False,t3_gmsddy,False,True,t1_fr79my5,/r/socialism/comments/gmsddy/this_is_the_malcolm_x_quote_to_read_today_on_his/fr7a3i0/,1589949528,1,True,False,socialism,t5_2qjii,0,[],,,
[],,comradeMaturin,,2-trotsky,"[{'e': 'text', 't': 'Bolshevik-Leninist'}]",c58da89a-3ee4-11e5-8a50-0eb2aee2097b,Bolshevik-Leninist,dark,richtext,t2_10sd9t,False,False,[],"Pretty much, as long as your definition of “family” is a person’s keyboard interpersonal relationships that form the core of their being. 


But it would definitely destroy the family as an *economic unit*, where the household is the building block of the economy and each family unit’s members is interdependent on each other for survival often employing a gender based division of labor.",,1589942608,{},fr79wu1,True,t3_gn2bv6,False,True,t1_fr78aye,/r/socialism/comments/gn2bv6/womens_liberation_and_the_withering_of_the_family/fr79wu1/,1589949428,1,True,False,socialism,t5_2qjii,0,[],,,
[],,[deleted],,,,,,dark,,,,,[],[removed],,1589942528,{},fr79s2s,False,t3_gmsddy,False,True,t1_fr79hls,/r/socialism/comments/gmsddy/this_is_the_malcolm_x_quote_to_read_today_on_his/fr79s2s/,1589949358,1,True,False,socialism,t5_2qjii,0,[],,,
[],,kalisoli,,,[],,,,text,t2_3jgvt2va,False,False,[],"I was talking about leftists, i'm very happy if right wing groups don't have or use guns.",,1589942467,{},fr79obf,False,t3_gmly15,False,True,t1_fr621sr,/r/socialism/comments/gmly15/today_is_malcolm_xs_birthday/fr79obf/,1589949304,1,True,False,socialism,t5_2qjii,0,[],,,
