all_awardings,associated_award,author,author_flair_background_color,author_flair_css_class,author_flair_richtext,author_flair_template_id,author_flair_text,author_flair_text_color,author_flair_type,author_fullname,author_patreon_flair,author_premium,awarders,body,collapsed_because_crowd_control,created_utc,gildings,id,is_submitter,link_id,locked,no_follow,parent_id,permalink,retrieved_on,score,send_replies,stickied,subreddit,subreddit_id,total_awards_received,distinguished
[],,rorevozi,,,[],,,,text,t2_6l15r,False,False,[],Shhhhh we don't talk about those things here,,1585506418,{},flunx7b,False,t3_fr4fxd,False,True,t1_flujga3,/r/socialism/comments/fr4fxd/fidel_castro_our_country_does_not_launch_bombs/flunx7b/,1585506422,1,True,False,socialism,t5_2qjii,0,
[],,[deleted],,,,,,dark,,,,,[],[removed],,1585506409,{},flunwn9,False,t3_fr8avq,False,True,t3_fr8avq,/r/socialism/comments/fr8avq/this_is_why_you_dont_have_health_insurance_this/flunwn9/,1585506413,1,True,False,socialism,t5_2qjii,0,
[],,educased,,,[],,,,text,t2_612kzw8d,False,False,[],what rights do they not have?,,1585506273,{},fluno7w,False,t3_fr4fxd,False,True,t1_flu99f8,/r/socialism/comments/fr4fxd/fidel_castro_our_country_does_not_launch_bombs/fluno7w/,1585506276,1,True,False,socialism,t5_2qjii,0,
[],,guitar0622,,karlmarx,"[{'e': 'text', 't': 'Marxist'}]",7dc638ce-3ee4-11e5-b8cb-0ef63926eacd,Marxist,dark,richtext,t2_46iyzhsg,False,False,[],"&gt; until globalization equalizes wealth between countries, at which point disruptions to organized labor will diminish dramatically

Thats a too utopian thinking, swallowing what the neoliberals say that ""rising tide lifts all boats"" which is a blatant lie, the nature of imperialism will never let this happen.

I think that the ideological flaw of capitalism is what will destroy it, the financialization of capital is one of the last nails in the coffin, because capitalism is getting cannibalized by the same idealist nonsense as it spews, because instead of having productive industrial capitalism you have financial casino based economy which cannibalizes the former, and destroys the cumulative labor aquired, and the whole society itself. It's much easier to just buy up and loot a company than to build one, so finance capitalism is the last form of capitalism if it metastasizes itself.

&gt; Do you think the federal reserve might be in/approaching a liquidity trap?

It already is, there are trillions in cash sitting offshore and not getting reinvested, multiple corporations having surplus money and not knowing what to do with it, they either just rebuy their stocks, or just keep it in the bank to corrode.

&gt; Thoughts on modern monetary theory?

No idea, they all look nonsensical to me. Classical Keynesianism in a New Deal context and fixed exchange rates and a gold standard might have worked better but this is what we have, neither of them being good.

&gt; covid19 have produced very unique economic circumstances

The virus is just a misdirection, this crisis was boiling for at least 2 years now, all economic indicators pointing towards it, they just needed a scapegoat to blame it on it. I suspect the real reason they implemented such drastical measures is because of the economic crash, they feared massive unrest, that is why they keep everyone locked in.

&gt; Deflation sounds nice but it leads to a self-destructive feedback loop:

I agree, but the proletarian either way has to work, he can't possibly save up enough money to live like a capitalist and just sit idle while his stash of cash appreciates (but a bourgeoise can with his stock investments), but a tiny bit of  deflation could help  the proletariat at least save some of his money longterm and not be subjected to this and that middleman.

Instead of having to take out unjust mortgages, car loans, healthcare,etc... you could just put your money in the bank and wait for it to appreciate and add more to it, so that you can save up for a house. You still have to work for most of the money, but at least house prices dont skyrocket until you collected your money.

This is how it used to be until 2008, you put your money in the bank and it appreciated over inflation or at least it cancelled out, now it doesnt happen anymore, so a proletarian has no way to save his labor power unless he starts to invest in stocks, which is riskier.

&gt; any sources you recommend for me to read more on this topic?

I have watched this video series. It's made by a right-wing libertarian, so ignore that undertone, but it still exposes the real nature of central banking (and finance capitalism, although obviously he will not connect the dots).

https://www.youtube.com/watch?v=iFDe5kUUyT0&amp;list=PLE88E9ICdiphYjJkeeLL2O09eJoC8r7Dc&amp;index=4

(Of course his solution is equally nonsensical, so ignore that part, but the explanation is still the most accurate one I could find)",,1585506216,{},flunklb,False,t3_fqu4em,False,True,t1_flujk1b,/r/socialism/comments/fqu4em/socialists_should_reconsider_views_on_federal/flunklb/,1585506220,1,True,False,socialism,t5_2qjii,0,
[],,huzaifa96,,,[],,,,text,t2_js9nw,False,False,[],“I fundamentally oppose being told what to think” - an actual CEO,,1585506215,{},flunkkp,False,t3_fr4b5o,False,True,t3_fr4b5o,/r/socialism/comments/fr4b5o/consider_boycotting_red_bull_their_ceo_is_altright/flunkkp/,1585506220,1,True,False,socialism,t5_2qjii,0,
[],,AutoModerator,,hammerandsickle,"[{'e': 'text', 't': 'Marxism-Skynetism'}]",,Marxism-Skynetism,dark,richtext,t2_6l4z3,False,True,[],"Original title: Introduce her to Mises !

***


*I am a bot, and this action was performed automatically. Please [contact the moderators of this subreddit](/message/compose/?to=/r/socialism) if you have any questions or concerns.*",,1585506131,{},flunfbx,False,t3_frahj3,False,True,t3_frahj3,/r/socialism/comments/frahj3/amazing_ancap_rap_titledintroduce_her_to_misesi/flunfbx/,1585506135,1,False,True,socialism,t5_2qjii,0,moderator
[],,FriendlyAuthor,,,[],,,,text,t2_5ruskioa,False,False,[],lying fucking dictator - killed millions of Cubans!,,1585506107,{},flundrs,False,t3_fr4fxd,False,True,t3_fr4fxd,/r/socialism/comments/fr4fxd/fidel_castro_our_country_does_not_launch_bombs/flundrs/,1585506111,1,True,False,socialism,t5_2qjii,0,
[],,huzaifa96,,,[],,,,text,t2_js9nw,False,False,[],"“It’s just social Darwinism working bro”

- when you talk about capitalism’s ideological and substantiative building off of imperialism for centuries before there was a success of a Lenin, Mao, Qaddhafi, or Castro.",,1585506092,{},fluncv7,False,t3_fr9d7y,False,True,t3_fr9d7y,/r/socialism/comments/fr9d7y/cap_quotes_that_make_me_laugh_but_socialism_is/fluncv7/,1585506097,1,True,False,socialism,t5_2qjii,0,
[],,[deleted],,,,,,dark,,,,,[],[removed],,1585505992,{},flun6jd,False,t3_frabwr,False,True,t3_frabwr,/r/socialism/comments/frabwr/ok_bootlicker/flun6jd/,1585505998,1,True,False,socialism,t5_2qjii,0,
[],,keelan929,,,[],,,,text,t2_z2jiu,False,False,[],"Ok, if private property is a form of freedom, at what point does it become acceptable to tax it? If you care about equality, how much equality? Why is it acceptable to infringe on somebody’s private property rights to help others? Would you be willing to point a gun at a rich person, demand their money, then give it out to poor people? If you view private property as a right, that’s essentially what taxation does.

By the way, I’m fine with your fruit and vegetable stand, I just reject traditional employee/employer relationships, which is what I mean when I say “private capital ownership,” here’s an article that explains why pretty well

https://www.thecommoner.org.uk/the-tyranny-of-management/

I’ll acknowledge Marxist jargon uses a slightly different definition of private property than most people. I think self employment should be permitted in market socialist societies, as long as there were measures in place to prevent all employees from becoming “contractors.”",,1585505976,{},flun5fu,False,t3_fqqeah,False,True,t1_flsxi4x,/r/socialism/comments/fqqeah/planned_economy_is_way_more_resistent_to/flun5fu/,1585505977,1,True,False,socialism,t5_2qjii,0,
[],,SomeRandomBruh69,,,[],,,,text,t2_4cpv68v7,False,False,[],"First off, thank you for your kindness 

I am specifically referring to a certain type of anarchist, not the type which just comes from a different philosophical position. I am doing it for my own personal intellectual growth. Me and my friend both have the same experience (we started our leftist journey together, anarchists for the initial half, and ML/MLMs now), I am using this with some other facts as the basis of my thesis. For us, as I believe for many other anarchists (this is the type of anarchist I'm talking about), it was not that we did not agree with Marxism-Leninism, it was just so tied with the USSR that we rejected it as innately evil, not really listening to what the theories actually said. Then, the more we actually researched into the USSR (the less we were falling into liberal propaganda), the more ML we became, the less anarchist we became.

Just as an example, I initially believed that there existed some bureaucratic class in the USSR which was taking the worker's surplus value. Turns out, government officials got paid as much as engineers, and the surplus value was directly injected back into the proletariat through public projects (funded by this ""surplus"").",,1585505898,{},flun0kr,True,t3_fqrl7p,False,True,t1_fluj7di,/r/socialism/comments/fqrl7p/communist_movement_in_the_20th_century/flun0kr/,1585505900,1,True,False,socialism,t5_2qjii,0,
[],,Kakofoni,,herbertmarcuse,"[{'e': 'text', 't': '""This is the pure form of servitude: to exist as an instrument.""'}]",,"""This is the pure form of servitude: to exist as an instrument.""",dark,richtext,t2_56k5h,False,False,[],"You'll get far in assessing propaganda by realizing two things. First that countries can't possibly be compared with the US or other ""western"" countries on account of enormous disparities in wealth and power. Second, that countries have a history. Revolutions or otherwise, movements towards socialism, must be compared with the history before it.",,1585505807,{},flumv37,False,t3_fr4fxd,False,True,t1_flugh4i,/r/socialism/comments/fr4fxd/fidel_castro_our_country_does_not_launch_bombs/flumv37/,1585505809,1,True,False,socialism,t5_2qjii,0,
[],,JLawrencesButthole,,,[],,,,text,t2_1338x9as,False,False,[],"Only because you can't, lol.",,1585505779,{},flumtci,False,t3_fr4fxd,False,True,t3_fr4fxd,/r/socialism/comments/fr4fxd/fidel_castro_our_country_does_not_launch_bombs/flumtci/,1585505781,1,True,False,socialism,t5_2qjii,0,
[],,CHark80,,,[],,,,text,t2_f2e77,False,False,[],The right to force thousands to work in his warehouse for shitty pay and no benefits,,1585505740,{},flumqyo,False,t3_fr4fxd,False,True,t1_fludhpq,/r/socialism/comments/fr4fxd/fidel_castro_our_country_does_not_launch_bombs/flumqyo/,1585505742,1,True,False,socialism,t5_2qjii,0,
[],,doggi-bb,,,[],,,,text,t2_3xodzptj,False,False,[],"nook isn't even a landlord, he's a contracter, you don't pay rent.",,1585505686,{},flumnph,False,t3_fr51tf,False,True,t3_fr51tf,/r/socialism/comments/fr51tf/for_the_gaming_comrades_relatable_for_the/flumnph/,1585505689,1,True,False,socialism,t5_2qjii,0,
[],,akt1000,,,[],,,,text,t2_pxi28,False,False,[],During that time the US already had bases with nukes in turkey.,,1585505669,{},flummoe,False,t3_fr4fxd,False,True,t1_flulrnb,/r/socialism/comments/fr4fxd/fidel_castro_our_country_does_not_launch_bombs/flummoe/,1585505672,1,True,False,socialism,t5_2qjii,0,
[],,[deleted],,,,,,dark,,,,,[],[removed],,1585505555,{},flumfpp,False,t3_fr4fxd,False,True,t1_flub1kf,/r/socialism/comments/fr4fxd/fidel_castro_our_country_does_not_launch_bombs/flumfpp/,1585505557,1,True,False,socialism,t5_2qjii,0,
[],,Mywifefoundmymain,,,[],,,,text,t2_lcdl1,False,True,[],"Let’s look at the requirements to be a dictator:

A ruler who is unconstrained by law

Yes he is a dictator who took power by force and held it for 50+ years. 

Now if like to note that nothing in that definition says a dictator is bad. I think Castro was an amazing leader and just got fucked by us.  But he was still a dictator. 


https://www.vocabulary.com/dictionary/dictator",,1585505540,{},flumeqj,False,t3_fr4fxd,False,True,t1_flul54t,/r/socialism/comments/fr4fxd/fidel_castro_our_country_does_not_launch_bombs/flumeqj/,1585505541,1,True,False,socialism,t5_2qjii,0,
[],,IrishRepublican21,,2-sp1,"[{'e': 'text', 't': 'Irish Republican Socialism'}]",d6fbb14e-3ee4-11e5-b7f6-0ecbbd00e599,Irish Republican Socialism,dark,richtext,t2_57483osy,False,False,[],Thanks that is perfect,,1585505450,{},flum959,True,t3_fj492y,False,True,t1_fkl4sc4,/r/socialism/comments/fj492y/i_was_looking_for_some_interesting_terms_or/flum959/,1585505451,1,True,False,socialism,t5_2qjii,0,
[],,IrishRepublican21,,2-sp1,"[{'e': 'text', 't': 'Irish Republican Socialism'}]",d6fbb14e-3ee4-11e5-b7f6-0ecbbd00e599,Irish Republican Socialism,dark,richtext,t2_57483osy,False,False,[],That's a good one thanks,,1585505434,{},flum84o,True,t3_fj492y,False,True,t1_fklf560,/r/socialism/comments/fj492y/i_was_looking_for_some_interesting_terms_or/flum84o/,1585505435,1,True,False,socialism,t5_2qjii,0,
[],,Gisandtoys,,,[],,,,text,t2_4771f71o,False,True,[],Thanks for catching that.,,1585505416,{},flum70g,True,t3_fr8avq,False,True,t1_flum1jo,/r/socialism/comments/fr8avq/this_is_why_you_dont_have_health_insurance_this/flum70g/,1585505417,1,True,False,socialism,t5_2qjii,0,
[],,RGM-79A_GoMine,,anarchy,"[{'e': 'text', 't': 'Anarchy'}]",1ded2232-3ee4-11e5-b102-0e3f27028b2f,Anarchy,dark,richtext,t2_48hn6rp6,False,False,[],Hit 'em back with a Property is theft or a wages are theft.,,1585505365,{},flum3vz,False,t3_fr9d7y,False,True,t3_fr9d7y,/r/socialism/comments/fr9d7y/cap_quotes_that_make_me_laugh_but_socialism_is/flum3vz/,1585505368,1,True,False,socialism,t5_2qjii,0,
[],,GreyLoad,,,[],,,,text,t2_lb2teuz,False,False,[],Vial,,1585505328,{},flum1jo,False,t3_fr8avq,False,True,t3_fr8avq,/r/socialism/comments/fr8avq/this_is_why_you_dont_have_health_insurance_this/flum1jo/,1585505329,1,True,False,socialism,t5_2qjii,0,
[],,Willer1377,,,[],,,,text,t2_tla4txj,False,False,[],"https://youtu.be/0RjRqS5vl-Q 

Please watch.",,1585505206,{},flultzn,False,t3_fr4fxd,False,True,t3_fr4fxd,/r/socialism/comments/fr4fxd/fidel_castro_our_country_does_not_launch_bombs/flultzn/,1585505209,1,True,False,socialism,t5_2qjii,0,
[],,matt08220ify,,,[],,,,text,t2_1p8kftu6,False,False,[],This whole thing is bizarre on so many levels I can't gauge just how bizarre this truly is. As the true beauty of Peterson's unfurls his purpose in the world becomes obvious: to serve as an example of a fool NOT someone to take advice from,,1585505172,{},flulrv3,True,t3_fpc8kh,False,True,t1_fltxaxf,/r/socialism/comments/fpc8kh/right_wing_intellectual_jordan_peterson_became/flulrv3/,1585505174,1,True,False,socialism,t5_2qjii,0,
[],,logancrackdown,,,[],,,,text,t2_38mckdej,False,False,[],Wait didn’t he let the Soviet Union set up to bomb us?,,1585505169,{},flulrnb,False,t3_fr4fxd,False,True,t3_fr4fxd,/r/socialism/comments/fr4fxd/fidel_castro_our_country_does_not_launch_bombs/flulrnb/,1585505171,1,True,False,socialism,t5_2qjii,0,
[],,Snewtnewton,,,[],,,,text,t2_2i8i04jx,False,False,[],"Sorry, I would have included more but 8 options are the limit, if I were you I’d just pick the ideology that you object to the least",,1585505085,{},flulmfw,True,t3_fr281h,False,True,t1_fltgh0e,/r/socialism/comments/fr281h/hi_fellow_leftists_id_like_to_take_advantage_of/flulmfw/,1585505088,1,True,False,socialism,t5_2qjii,0,
[],,Kakofoni,,herbertmarcuse,"[{'e': 'text', 't': '""This is the pure form of servitude: to exist as an instrument.""'}]",,"""This is the pure form of servitude: to exist as an instrument.""",dark,richtext,t2_56k5h,False,False,[],trying to live up to your username? :),,1585505067,{},flulla3,False,t3_fr4fxd,False,True,t1_fluewz4,/r/socialism/comments/fr4fxd/fidel_castro_our_country_does_not_launch_bombs/flulla3/,1585505070,1,True,False,socialism,t5_2qjii,0,
[],,hribayz2,,,[],,,,text,t2_5mmuggjn,False,False,[],"Hi, just a heads up that these 100 - 110% do not sound right. Personally I'd prefer to stay conservative with my claims and make sure I'd be able to prove myself anytime.

Maybe check this, 60% sounds more like a real number

[https://wol.iza.org/articles/unemployment-benefits-and-unemployment/long](https://wol.iza.org/articles/unemployment-benefits-and-unemployment/long)",,1585505057,{},flulkkx,False,t3_fp04sc,False,True,t3_fp04sc,/r/socialism/comments/fp04sc/letter_im_giving_my_landlord_on_41_instead_of_a/flulkkx/,1585505058,1,True,False,socialism,t5_2qjii,0,
[],,keelan929,,,[],,,,text,t2_z2jiu,False,False,[],"- From what I understand the loans don’t allow buybacks, but could be used for dividends since they’re unrestricted for large companies, even though that would basically represent the company borrowing from future profits to pay for current profits. I might be off base here though, do you have a source?

- How do you mean this would increase the deficit? A one-time transfer increases the national debt, not the annual budget deficit

- Interesting point about anti-union companies, I hadn’t thought of that. Would you support it if we restricted the loans to only go to wages for low and middle income workers?

- I hate these CEOs who take huge bonuses all the time, but these companies operate on such a scale that that’s a tiny portion of their budget, it wouldn’t make much of a difference in the inhumane conditions to distribute it to workers. For example, Walmart’s CEO makes $40 million annually including bonuses, stocks, etc and the company has roughly 2 million employees, so if you distributed that evenly they’d all get an extra $20 a year.",,1585504894,{},flulald,True,t3_fqu4em,False,True,t1_flsdnd1,/r/socialism/comments/fqu4em/socialists_should_reconsider_views_on_federal/flulald/,1585504898,1,True,False,socialism,t5_2qjii,0,
[],,Usertronic5000,,,[],,,,text,t2_5me3v772,False,False,[],"It's ""by and large.""",,1585504839,{},flul74o,False,t3_fr4fxd,False,True,t1_flufxbq,/r/socialism/comments/fr4fxd/fidel_castro_our_country_does_not_launch_bombs/flul74o/,1585504843,1,True,False,socialism,t5_2qjii,0,
[],,StupidUsernameRules_,,,[],,,,text,t2_22k1csij,False,False,[],"From what I know, yes, he was a dictator. There were no elections, but he certainly wasn't a ""bad guy"" and he was very popular inside Cuba.",,1585504831,{},flul6m6,False,t3_fr4fxd,False,True,t1_flugh4i,/r/socialism/comments/fr4fxd/fidel_castro_our_country_does_not_launch_bombs/flul6m6/,1585504833,1,True,False,socialism,t5_2qjii,0,
[],,wkor2,,,[],,,,text,t2_57vxypnh,False,False,[],Being a communist isn't a bad thing and he wasn't a dictator.,,1585504807,{},flul54t,False,t3_fr4fxd,False,True,t1_fluityi,/r/socialism/comments/fr4fxd/fidel_castro_our_country_does_not_launch_bombs/flul54t/,1585504809,1,True,False,socialism,t5_2qjii,0,
[],,Usertronic5000,,,[],,,,text,t2_5me3v772,False,False,[],"When Castro took over in the 50s, he nationalized EVERYTHING. Private property, businesses, everything. And then he started purging Cuba of its affluent citizens. Most of the rich white Cubans fled to the US leaving everything behind. Then, he opened up the prisons and set the convicts free, he put them on boats and sent them to Miami (the movie Scarface is about one of them). The rich white Cubans who fled to the US, found allies in the Republican party who hated Castro for being a Communist. That's why most white Cubans are Republicans by default.",,1585504770,{},flul2ty,False,t3_fr4fxd,False,True,t1_flugh4i,/r/socialism/comments/fr4fxd/fidel_castro_our_country_does_not_launch_bombs/flul2ty/,1585504772,1,True,False,socialism,t5_2qjii,0,
[],,H-12apts,,,[],,,,text,t2_jlf7q,False,False,[],FIDEL! FIDEL! FIDEL!,,1585504664,{},flukw95,False,t3_fr4fxd,False,True,t3_fr4fxd,/r/socialism/comments/fr4fxd/fidel_castro_our_country_does_not_launch_bombs/flukw95/,1585504666,1,True,False,socialism,t5_2qjii,0,
[],,clanon,,,[],,,,text,t2_bj10cgk,False,False,[],You got that RIGHT!...His country kills his own people of STARVATION...slowly...and relentlessly...(PS: Venezuela too...),,1585504654,{},flukvna,False,t3_fr4fxd,False,True,t3_fr4fxd,/r/socialism/comments/fr4fxd/fidel_castro_our_country_does_not_launch_bombs/flukvna/,1585504656,1,True,False,socialism,t5_2qjii,0,
[],,squashbelly,,,[],,,,text,t2_328lu,False,False,[],"Can I please ask a question without being banned or jumped on for? I discuss Cuba with my sister in law a lot. She’s Cuban and absolutely hates Fidel and socialism and AOC. I don’t know a whole lot about Cuba but I always say Cuba is in the situation it is because of the embargo. She says that’s all a lie and Cuba can do business with other countries, to which I say but the US will punish those countries. Anyway, we have been discussing the doctors that are sent around the world. She showed me pictures of the hospitals in Cuba that look disgusting. Why do their hospitals look like that? Why are doctors who are sent around the world paid so little when Cuba receives millions (billions?) for sending their doctors places? If Cuba gets money for sending health care workers to help why do their hospitals look like they are falling apart? This is an actual question, I’m honestly curious and want to discuss this with my sister. Thanks.",,1585504537,{},flukob3,False,t3_fr4fxd,False,True,t3_fr4fxd,/r/socialism/comments/fr4fxd/fidel_castro_our_country_does_not_launch_bombs/flukob3/,1585504540,1,True,False,socialism,t5_2qjii,0,
[],,MiscreantBehaviour,,,[],,,,text,t2_3cbqfhjp,False,False,[],"He lead the country in a one-party state system, so technically, yes. There were no other political parties allowed to hold his party accountable.

He was brutal, but from what I can tell, only to the ruling class that he overthrew.

His government was authoritarian, but not to the extent of Soviet Russia. There wasn't freedom of press, for example.

The above is a few of the bits of ammunition the US use to smear him and why not all of the left agree with him. Castro uplifted Cuba though and truly made the lives of the people there better, despite the US blockade/sanctions that made it an extremely hard task.

The US's sanctions are put in place to make the country hard to live in and then the US blames the difficult life on socialism.

The only complaint I've heard from a Cuban living in Cuba is that the policy hasn't changed in 60 years, likely because a one party state isn't held accountable, nor does it have to compete for votes against other parties.

\---

Disclaimer: I'm by no means an expert on Cuba, so anyone else should feel free and encouraged to correct me on anything incorrect I've said.",,1585504518,{},flukn51,False,t3_fr4fxd,False,True,t1_flugh4i,/r/socialism/comments/fr4fxd/fidel_castro_our_country_does_not_launch_bombs/flukn51/,1585504521,1,True,False,socialism,t5_2qjii,0,
[],,mackenzor,,,[],,,,text,t2_w9uq6,False,False,[],Remind me why people hate this guy?,,1585504271,{},fluk80a,False,t3_fr4fxd,False,True,t3_fr4fxd,/r/socialism/comments/fr4fxd/fidel_castro_our_country_does_not_launch_bombs/fluk80a/,1585504276,1,True,False,socialism,t5_2qjii,0,
[],,AutoModerator,,hammerandsickle,"[{'e': 'text', 't': 'Marxism-Skynetism'}]",,Marxism-Skynetism,dark,richtext,t2_6l4z3,False,True,[],"Hello comrade, thanks for your submission to r/socialism. Unfortunately, it appears that this may be a US election-related post. In order to keep this subreddit international and avoid flooding it with US-centric posts, during the election season we are currently asking users to keep discussion of the US democratic primary, including discussions surrounding Bernie Sanders and other candidates, in the [US Election Megathread](https://www.reddit.com/r/socialism/comments/f5jbtn/us_election_megathread/) wherever possible.

Please feel free to repost your content in the megathread. 


*I am a bot, and this action was performed automatically. Please [contact the moderators of this subreddit](/message/compose/?to=/r/socialism) if you have any questions or concerns.*",,1585504227,{},fluk57m,False,t3_fr9xqv,False,True,t3_fr9xqv,/r/socialism/comments/fr9xqv/gloves_off_ad_against_biden/fluk57m/,1585504232,1,False,True,socialism,t5_2qjii,0,moderator
[],,space_dogmobile,,,[],,,,text,t2_4tqvecqs,False,False,[],"Yeah, where are they? I'm hungry!",,1585504203,{},fluk3r7,False,t3_fr8avq,False,True,t1_fluicbh,/r/socialism/comments/fr8avq/this_is_why_you_dont_have_health_insurance_this/fluk3r7/,1585504209,1,True,False,socialism,t5_2qjii,0,
[],,luluwinsteadd13,,,[],,,,text,t2_4cdxl7d8,False,False,[],Yessss,,1585504096,{},flujx0w,False,t3_fpzjb9,False,True,t1_flu5cvg,/r/socialism/comments/fpzjb9/does_anyone_else_think_its_wrong_for_universities/flujx0w/,1585504098,1,True,False,socialism,t5_2qjii,0,
[],,SilvaCollector,,,[],,,,text,t2_57vixejv,False,False,[],"Mostly, but the war on drugs happens under other ideologies too. Same with drug addiction.

I'd argue that capitalism is a failure in and of itself though. Failed capitalism is just capitalism, which is why we fight for more socialist policies and representation.",,1585504027,{},flujssq,False,t3_fr9szr,False,True,t3_fr9szr,/r/socialism/comments/fr9szr/the_end_result/flujssq/,1585504029,1,True,False,socialism,t5_2qjii,0,
[],,rentisafuck,,,[],,,,text,t2_42swd3bi,False,False,[],Ha yes the price of insulin *is* vile,,1585503890,{},flujkf2,False,t3_fr8avq,False,True,t3_fr8avq,/r/socialism/comments/fr8avq/this_is_why_you_dont_have_health_insurance_this/flujkf2/,1585503892,1,True,False,socialism,t5_2qjii,0,
[],,keelan929,,,[],,,,text,t2_z2jiu,False,False,[],"You raise some interesting points, I’ll have to think about this more. A few comments / questions:

- No argument that finance capitalism is a cancer on society. And yeah, if it all collapses that might be good, but I’m more of a historical materialist and I think capitalism will stick around until globalization equalizes wealth between countries, at which point disruptions to organized labor will diminish dramatically

- Do you think the federal reserve might be in/approaching a liquidity trap? I can kinda see that happening, at least until they adopt negative interest rate policies, and maybe at that point you’d need a ridiculous amount of  QE to keep it going...

- Thoughts on modern monetary theory? MMT economists (I get a kick out of this: we call them monetary owls now, as opposed to hawks or doves) might say that debt owed to the federal reserve isn’t such a big deal and won’t lead to a collapse because its fictitious to begin with, but that QE should be given out directly to the public or spent on infrastructure instead of entering the economy via loans between banks

- I know recessions happen every 10 years or so but they’re typically not this bad, both 2008 and covid19 have produced very unique economic circumstances, I can send you some sources about that if you’d like

- Deflation sounds nice but it leads to a self-destructive feedback loop: if my money will be worth more in the future I’ll save more of it, but this means lower consumer spending, so my money will be worth even more in the future, so I’ll save even more. That feedback loop produces a recession that monetary policy can’t do anything about, and it won’t help the poor that much because they’re currently often negatively saving (taking on debt). But idk maybe that’s okay with you? Hell, maybe it’s okay with me too

Thanks for the well thought out criticism, any sources you recommend for me to read more on this topic?",,1585503884,{},flujk1b,True,t3_fqu4em,False,True,t1_flu3zco,/r/socialism/comments/fqu4em/socialists_should_reconsider_views_on_federal/flujk1b/,1585503886,1,True,False,socialism,t5_2qjii,0,
[],,pashacay,,,[],,,,text,t2_3fgpbpqp,False,False,[],"You had me in the first half, not gonna lie",,1585503880,{},flujjta,False,t3_fr8avq,False,True,t1_fluhvwg,/r/socialism/comments/fr8avq/this_is_why_you_dont_have_health_insurance_this/flujjta/,1585503882,1,True,False,socialism,t5_2qjii,0,
[],,shinniesta1,,,[],,,,text,t2_495tr9uk,False,False,[],Did you not imprison and execute gay people or something?,,1585503822,{},flujga3,False,t3_fr4fxd,False,True,t1_flu77y0,/r/socialism/comments/fr4fxd/fidel_castro_our_country_does_not_launch_bombs/flujga3/,1585503825,1,True,False,socialism,t5_2qjii,0,
[],,tynox01,,demsoc,"[{'e': 'text', 't': 'Democratic Socialism'}]",99426c94-3ee4-11e5-ad95-0e5e20c89e15,Democratic Socialism,dark,richtext,t2_3bhc88j9,False,False,[],"It doesnt seem this is the place for you, go back to watching alex jones and drinking essential oils",,1585503780,{},flujdm3,False,t3_fr4fxd,False,True,t1_fluikqm,/r/socialism/comments/fr4fxd/fidel_castro_our_country_does_not_launch_bombs/flujdm3/,1585503782,1,True,False,socialism,t5_2qjii,0,
[],,vendetti,,,[],,,,text,t2_5i8cf,False,False,[],"Not to be rude but you're definitely off mark if you think the Anarchist critique is the *result* of Leninism and not the model itself. What's the academic purpose of writing your theory on why other people are wrong? oh excuse me, ""misled"", right?",,1585503679,{},fluj7di,False,t3_fqrl7p,False,True,t1_flrt9tq,/r/socialism/comments/fqrl7p/communist_movement_in_the_20th_century/fluj7di/,1585503682,1,True,False,socialism,t5_2qjii,0,
[],,[deleted],,,,,,dark,,,,,[],[removed],,1585503477,{},fluiut5,False,t3_fr4fxd,False,True,t1_fluitng,/r/socialism/comments/fr4fxd/fidel_castro_our_country_does_not_launch_bombs/fluiut5/,1585503479,1,True,False,socialism,t5_2qjii,0,
[],,Mywifefoundmymain,,,[],,,,text,t2_lcdl1,False,True,[],No problem and to be fair despite Castro being a communist dictator he did a lot for his country.,,1585503464,{},fluityi,False,t3_fr4fxd,False,True,t1_flucjch,/r/socialism/comments/fr4fxd/fidel_castro_our_country_does_not_launch_bombs/fluityi/,1585503465,1,True,False,socialism,t5_2qjii,0,
[],,tynox01,,demsoc,"[{'e': 'text', 't': 'Democratic Socialism'}]",99426c94-3ee4-11e5-ad95-0e5e20c89e15,Democratic Socialism,dark,richtext,t2_3bhc88j9,False,False,[],u/polcompbot u/EffectivePineapple2,,1585503459,{},fluitng,False,t3_fr4fxd,False,True,t1_fluikqm,/r/socialism/comments/fr4fxd/fidel_castro_our_country_does_not_launch_bombs/fluitng/,1585503461,1,True,False,socialism,t5_2qjii,0,
[],,dare_2_struggle,,,[],,,,text,t2_496ztxdn,False,False,[],IM NOT FUCKING CRYING UR CRYING,,1585503417,{},fluir0d,False,t3_fr4fxd,False,True,t3_fr4fxd,/r/socialism/comments/fr4fxd/fidel_castro_our_country_does_not_launch_bombs/fluir0d/,1585503418,1,True,False,socialism,t5_2qjii,0,
[],,[deleted],,,,,,dark,,,,,[],[removed],,1585503410,{},fluiqme,False,t3_fr4fxd,False,True,t1_flufuq2,/r/socialism/comments/fr4fxd/fidel_castro_our_country_does_not_launch_bombs/fluiqme/,1585503412,1,True,False,socialism,t5_2qjii,0,
[],,EffectivePineapple2,,,[],,,,text,t2_2v7ctnyc,False,False,[],"INSTEAD, WE STARVE OUR PEOPLE! GOOOOOOOOOOOO, SOCIALISM!",,1585503317,{},fluikqm,False,t3_fr4fxd,False,True,t3_fr4fxd,/r/socialism/comments/fr4fxd/fidel_castro_our_country_does_not_launch_bombs/fluikqm/,1585503319,1,True,False,socialism,t5_2qjii,0,
[],,meshan,,,[],,,,text,t2_ehjtf,False,False,[],I wonder what it would be like without a brutal dictator.,,1585503239,{},fluifpe,False,t3_fr4fxd,False,True,t1_fltrbwd,/r/socialism/comments/fr4fxd/fidel_castro_our_country_does_not_launch_bombs/fluifpe/,1585503240,1,True,False,socialism,t5_2qjii,0,
[],,steak5874,,,[],,,,text,t2_3owc2u38,False,False,[],Who owns it?,,1585503184,{},fluicbh,False,t3_fr8avq,False,True,t3_fr8avq,/r/socialism/comments/fr8avq/this_is_why_you_dont_have_health_insurance_this/fluicbh/,1585503187,1,True,False,socialism,t5_2qjii,0,
[],,OneMoreDuncanIdaho,,,[],,,,text,t2_i31pk,False,False,[],"No where does it say they will kill capitalism, it says they will be the ones left to bury it when it dies. You're the one who added kill to ""kill and bury""",,1585503060,{},flui4jz,False,t3_fr4fxd,False,True,t1_flufuq2,/r/socialism/comments/fr4fxd/fidel_castro_our_country_does_not_launch_bombs/flui4jz/,1585503062,1,True,False,socialism,t5_2qjii,0,
[],,hippiechan,,,[],,,,text,t2_58k9q,False,False,[],"I mean has the US sent aid to any countries during this? Because all I've seen is them selling their citizens short by bailing out corporations and trying to hoard and hog a potential vaccine for themselves, offering a German firm $1B for exclusive access for Americans only.

Meanwhile, Cuba sends doctors abroad, China sends millions of dollars of medical supplies to hardest hit areas, and Vietnam makes sure that all of their citizens are taken care of with food and medicine access.

Looks like the socialist and communist countries are doing better overall for the world than the US ever has.",,1585503008,{},flui18t,False,t3_fr2ab5,False,True,t3_fr2ab5,/r/socialism/comments/fr2ab5/seriously_wtf/flui18t/,1585503010,1,True,False,socialism,t5_2qjii,0,
[],,SilvaCollector,,,[],,,,text,t2_57vixejv,False,False,[],"He's a great inspiration, and I really hope he does well in this election.

When you look at the competition (Trump, Biden etc) there's really no other sensible candidate.",,1585502952,{},fluhxr0,False,t3_f5jbtn,False,True,t1_fkvddpe,/r/socialism/comments/f5jbtn/us_election_megathread/fluhxr0/,1585502954,1,True,False,socialism,t5_2qjii,0,
[],,FENRIR42069,,,[],,,,text,t2_5p5iyjxk,False,False,[],I'm every single one of these,,1585502932,{},fluhwit,False,t3_fr281h,False,True,t3_fr281h,/r/socialism/comments/fr281h/hi_fellow_leftists_id_like_to_take_advantage_of/fluhwit/,1585502933,1,True,False,socialism,t5_2qjii,0,
[],,-ghostinthemachine-,,,[],,,,text,t2_j0bxw,False,False,[],You can be anything you want to be! Except financially stable. Or healthy. Or content.,,1585502921,{},fluhvwg,False,t3_fr8avq,False,True,t1_fluep95,/r/socialism/comments/fr8avq/this_is_why_you_dont_have_health_insurance_this/fluhvwg/,1585502924,1,True,False,socialism,t5_2qjii,0,
[],,1v13110,,,[],,,,text,t2_2pax5gns,False,False,[],it’s better that the majority of people who say this own zero capital,,1585502913,{},fluhvdo,True,t3_fr9d7y,False,True,t1_fluhfb8,/r/socialism/comments/fr9d7y/cap_quotes_that_make_me_laugh_but_socialism_is/fluhvdo/,1585502916,1,True,False,socialism,t5_2qjii,0,
[],,FENRIR42069,,,[],,,,text,t2_5p5iyjxk,False,False,[],"Legend has it if you have the membership card for every communist and socialist party, you gain the power to transcend to peak human evolution",,1585502889,{},fluhttl,False,t3_fqnsk4,False,True,t3_fqnsk4,/r/socialism/comments/fqnsk4/when_you_tell_people_you_are_literally_a_card/fluhttl/,1585502893,1,True,False,socialism,t5_2qjii,0,
[],,1v13110,,,[],,,,text,t2_2pax5gns,False,False,[],I throw Das Kapital at their face,,1585502836,{},fluhqgc,True,t3_fr9d7y,False,True,t1_fluhevh,/r/socialism/comments/fr9d7y/cap_quotes_that_make_me_laugh_but_socialism_is/fluhqgc/,1585502838,1,True,False,socialism,t5_2qjii,0,
[],,tynox01,,demsoc,"[{'e': 'text', 't': 'Democratic Socialism'}]",99426c94-3ee4-11e5-ad95-0e5e20c89e15,Democratic Socialism,dark,richtext,t2_3bhc88j9,False,False,[],"Yeah, sadly socialist states dont have a history of good rulers, a lot of them have been dictators abusing their position",,1585502810,{},fluhovc,False,t3_fr4fxd,False,True,t1_fluha3q,/r/socialism/comments/fr4fxd/fidel_castro_our_country_does_not_launch_bombs/fluhovc/,1585502813,1,True,False,socialism,t5_2qjii,0,
[],,1v13110,,,[],,,,text,t2_2pax5gns,False,False,[],I throw Das Kapital at their face,,1585502809,{},fluhorh,True,t3_fr9d7y,False,True,t1_fluhfb8,/r/socialism/comments/fr9d7y/cap_quotes_that_make_me_laugh_but_socialism_is/fluhorh/,1585502811,1,True,False,socialism,t5_2qjii,0,
[],,FENRIR42069,,,[],,,,text,t2_5p5iyjxk,False,False,[],"Fuck them, my energy drink comes straight from FARC",,1585502758,{},fluhljq,False,t3_fr4b5o,False,True,t3_fr4b5o,/r/socialism/comments/fr4b5o/consider_boycotting_red_bull_their_ceo_is_altright/fluhljq/,1585502762,1,True,False,socialism,t5_2qjii,0,
[],,SilvaCollector,,,[],,,,text,t2_57vixejv,False,False,[],Agreed. Capitalists have no issue cutting their workers' wages but when it comes to their own millions they suddenly throw a fit.,,1585502660,{},fluhfb8,False,t3_fr9d7y,False,True,t3_fr9d7y,/r/socialism/comments/fr9d7y/cap_quotes_that_make_me_laugh_but_socialism_is/fluhfb8/,1585502662,1,True,False,socialism,t5_2qjii,0,
[],,samf54,,,[],,,,text,t2_33b3dply,False,False,[],They are pretty misinformed. How do y’all respond when a cap says “but the business owner took risk in opening it so they deserve to get rewarded”,,1585502653,{},fluhevh,False,t3_fr9d7y,False,True,t3_fr9d7y,/r/socialism/comments/fr9d7y/cap_quotes_that_make_me_laugh_but_socialism_is/fluhevh/,1585502656,1,True,False,socialism,t5_2qjii,0,
[],,Hunglow47,,,[],,,,text,t2_14cn7m,False,False,[],https://www.google.com/amp/s/amp.theguardian.com/world/2016/nov/27/fidel-castro-dictator-legacy-abuses,,1585502575,{},fluha3q,False,t3_fr4fxd,False,True,t3_fr4fxd,/r/socialism/comments/fr4fxd/fidel_castro_our_country_does_not_launch_bombs/fluha3q/,1585502577,1,True,False,socialism,t5_2qjii,0,
[],,Tinfist_,,,[],,,,text,t2_5m1y7bw1,False,False,[],Yeah.  They also seem to think socialism is just high taxes and big goberment,,1585502572,{},fluh9xu,False,t3_fr9d7y,False,True,t3_fr9d7y,/r/socialism/comments/fr9d7y/cap_quotes_that_make_me_laugh_but_socialism_is/fluh9xu/,1585502574,1,True,False,socialism,t5_2qjii,0,
[],,1v13110,,,[],,,,text,t2_2pax5gns,False,False,[],Tom Nook triggers me,,1585502478,{},fluh3xt,False,t3_fr51tf,False,True,t3_fr51tf,/r/socialism/comments/fr51tf/for_the_gaming_comrades_relatable_for_the/fluh3xt/,1585502482,1,True,False,socialism,t5_2qjii,0,
[],,pashacay,,,[],,,,text,t2_3fgpbpqp,False,False,[],"True that! We’re just not evil enough, it’s not their fault",,1585502440,{},fluh1fz,False,t3_fr8avq,False,True,t1_flug9b8,/r/socialism/comments/fr8avq/this_is_why_you_dont_have_health_insurance_this/fluh1fz/,1585502442,1,True,False,socialism,t5_2qjii,0,
[],,carutzar,,,[],,,,text,t2_265fknb6,False,False,[],Everything is under control in the US so let’s worry about Cuba now. /s,,1585502330,{},fluguhe,False,t3_fr2ab5,False,True,t3_fr2ab5,/r/socialism/comments/fr2ab5/seriously_wtf/fluguhe/,1585502331,1,True,False,socialism,t5_2qjii,0,
[],,Redditsnotorganic,,,[],,,,text,t2_4x5r960b,False,False,[],Cause you didn't have them.,,1585502195,{},fluglxv,False,t3_fr4fxd,False,True,t3_fr4fxd,/r/socialism/comments/fr4fxd/fidel_castro_our_country_does_not_launch_bombs/fluglxv/,1585502196,1,True,False,socialism,t5_2qjii,0,
[],,Nico1889,,,[],,,,text,t2_2j0fptdd,False,False,[],"Wow in that case we are so much similar than we think, you know,here all the people thing that in your country the materials products are in reach of the most worst paying employer but the essential things are expensive like healthcare, education, house's etc.

And the Argentinian who live there always told us that  the life is better there and you live the American dream like in the movies,but when they need a surgery they come back to our country,and they pass the mayority of time working on Uber or cup washer in US.

The liberals or ancaps use the argument that there hasn't inflation one product have the same valor now than 3 year's past.

In this current crisis is obviously that the world economy and the most development country's are not prepared for this situations, at the point that Trump is okay to sacrifice his people to save the economy same here whit the most largest and rich country  in South America Brazil whit Bolsonaro.

In the end in the most of aspect is a romanticization we have about US or Europe and we are more similar's than we think, I'm 20 I'm a student who live whit my parents they support me,if a go to work for the minimum salary I will be able to buy all these things that I want like the newest iPhone or a new videogame console, expensive clothes etc. But if I live alone well all that thing will be impossible for me to purchase and less if I have a family whit a minimum salary and some things whit the medium salary that makes you able to have a little bit more but don't make you rich and have to use installments for the most of things...in the end we all live in the same country called capitalism.",,1585502125,{},flughin,True,t3_fplyiz,False,True,t1_fltudwn,/r/socialism/comments/fplyiz/cost_of_life_in_usa/flughin/,1585502127,1,True,False,socialism,t5_2qjii,0,
[],,yahboigary,,,[],,,,text,t2_1lktaat,False,False,[],"I’m a new leftie and not super educated on the topic, but I’ve grown up my entire life in the US being told that Fidel Castro was a dictator and an awful person in general and that Cuba is a dictatorial and awful country. Then as I grow up, i hear Bernie sanders and others speak on the topic and I see videos like this one. Is every piece of negative information about Cuba that comes from America false? Is it true that Castro was even a dictator or even a bad guy in general? 

(genuine question)",,1585502119,{},flugh4i,False,t3_fr4fxd,False,True,t3_fr4fxd,/r/socialism/comments/fr4fxd/fidel_castro_our_country_does_not_launch_bombs/flugh4i/,1585502120,1,True,False,socialism,t5_2qjii,0,
[],,tynox01,,demsoc,"[{'e': 'text', 't': 'Democratic Socialism'}]",99426c94-3ee4-11e5-ad95-0e5e20c89e15,Democratic Socialism,dark,richtext,t2_3bhc88j9,False,False,[],"He was still a dictator, certainly he had a lot of positive qualities and ideas, but in the end he still opressed the people",,1585502096,{},flugfqu,False,t3_fr4fxd,False,True,t1_flufxbq,/r/socialism/comments/fr4fxd/fidel_castro_our_country_does_not_launch_bombs/flugfqu/,1585502099,1,True,False,socialism,t5_2qjii,0,
[],,ciudad_gris,,,[],,,,text,t2_momxs,False,False,[],"For everybody in here who doesn't know how the Cuban government works, there are some rumors that some of this ""doctors"" are not really doctors but Cuban agents.",,1585502006,{},fluga0k,False,t3_fr2ab5,False,True,t3_fr2ab5,/r/socialism/comments/fr2ab5/seriously_wtf/fluga0k/,1585502008,1,True,False,socialism,t5_2qjii,0,
[],,MetalDawg,,,[],,,,text,t2_13dhmh,False,False,[],Thanks!,,1585502003,{},flug9ti,True,t3_fr807l,False,True,t1_flug7aa,/r/socialism/comments/fr807l/socialist_youtube_channels_reccomendations/flug9ti/,1585502005,1,True,False,socialism,t5_2qjii,0,
[],,raicopk,transparent,,"[{'e': 'text', 't': 'Salvador Seguí i Rubinat'}]",2c626e76-b85d-11e8-8340-0e8cb9b1f556,Salvador Seguí i Rubinat,dark,richtext,t2_151bl8,False,True,[],"You can get rich enough if you enslave enough people, look at Amancio Ortega.",,1585501996,{},flug9b8,False,t3_fr8avq,False,True,t1_fluemnk,/r/socialism/comments/fr8avq/this_is_why_you_dont_have_health_insurance_this/flug9b8/,1585501997,1,True,False,socialism,t5_2qjii,0,
[],,SilvaCollector,,,[],,,,text,t2_57vixejv,False,False,[],"I fully agree. Conservatives misunderstand Orwell's beliefs all the time, so it's always funny to enlighten them.",,1585501965,{},flug7d8,False,t3_fr74qe,False,True,t3_fr74qe,/r/socialism/comments/fr74qe/biggest_pet_peeve_is_when_conservatives_try_to/flug7d8/,1585501966,1,True,False,socialism,t5_2qjii,0,
[],,MarxistLeninism2050,,,[],,,,text,t2_40kda2wo,False,False,[],Hakim is among the best https://m.youtube.com/channel/UCPPZoYsfoSekIpLcz9plX1Q/videos,,1585501963,{},flug7aa,False,t3_fr807l,False,True,t3_fr807l,/r/socialism/comments/fr807l/socialist_youtube_channels_reccomendations/flug7aa/,1585501965,1,True,False,socialism,t5_2qjii,0,
[],,[deleted],,,,,,dark,,,,,[],[removed],,1585501959,{},flug6zm,False,t3_fr4fxd,False,True,t1_flu10so,/r/socialism/comments/fr4fxd/fidel_castro_our_country_does_not_launch_bombs/flug6zm/,1585501961,1,True,False,socialism,t5_2qjii,0,
[],,jimmyk22,,,[],,,,text,t2_2a402luj,False,False,[],You don’t understand what I’m trying to say at all do you,,1585501891,{},flug2mj,False,t3_fr4fxd,False,True,t1_flud5n8,/r/socialism/comments/fr4fxd/fidel_castro_our_country_does_not_launch_bombs/flug2mj/,1585501892,1,True,False,socialism,t5_2qjii,0,
[],,SilvaCollector,,,[],,,,text,t2_57vixejv,False,False,[],"I've never liked Bezos, but this has solidified my dislike.",,1585501821,{},flufy5d,False,t3_fqkep5,False,True,t3_fqkep5,/r/socialism/comments/fqkep5/coronavirus_jeff_bezos_worlds_richest_man_asks/flufy5d/,1585501823,1,True,False,socialism,t5_2qjii,0,
[],,BernieTwenty20,,,[],,,,text,t2_4eg7i54s,False,False,[],"Castro wasn’t a perfect man by any means but he was by-in-large the most fair, honest and upfront human beings our planet has ever known!",,1585501808,{},flufxbq,False,t3_fr4fxd,False,True,t3_fr4fxd,/r/socialism/comments/fr4fxd/fidel_castro_our_country_does_not_launch_bombs/flufxbq/,1585501810,1,True,False,socialism,t5_2qjii,0,
[],,from3to20symbols,,,[],,,,text,t2_13p6ly,False,False,[],"It doesn’t mean “we are together for life” in Russian, that’s just plain wrong. It’s a reference to Marx’s vision how history progresses and the idea that socialism will inevitably come instead of capitalism, that it will “kill and bury” capitalism. 

The full quote is: “About the capitalist states, it doesn't depend on you whether or not we exist. If you don't like us, don't accept our invitations, and don't invite us to come to see you. Whether you like it or not, history is on our side. We will bury you”",,1585501767,{},flufuq2,False,t3_fr4fxd,False,True,t1_fluag9s,/r/socialism/comments/fr4fxd/fidel_castro_our_country_does_not_launch_bombs/flufuq2/,1585501769,1,True,False,socialism,t5_2qjii,0,
[],,tynox01,,demsoc,"[{'e': 'text', 't': 'Democratic Socialism'}]",99426c94-3ee4-11e5-ad95-0e5e20c89e15,Democratic Socialism,dark,richtext,t2_3bhc88j9,False,False,[],When was this recorded?,,1585501757,{},flufu31,False,t3_fr4fxd,False,True,t3_fr4fxd,/r/socialism/comments/fr4fxd/fidel_castro_our_country_does_not_launch_bombs/flufu31/,1585501758,1,True,False,socialism,t5_2qjii,0,
[],,TrueBlue98,,connoly1,"[{'e': 'text', 't': 'Connolly'}]",0c1a66ca-5422-11e5-8cd4-0eb18090684b,Connolly,dark,richtext,t2_qm80f,False,False,[],"Exactly Nook is like what capitalism would be like if we lived in utopia hahah


""Cant pay your rent? Ah no worries just collect some wood or something for me instead""",,1585501679,{},flufp5c,False,t3_fr51tf,False,True,t1_flttgbe,/r/socialism/comments/fr51tf/for_the_gaming_comrades_relatable_for_the/flufp5c/,1585501681,1,True,False,socialism,t5_2qjii,0,
[],,guitar0622,,karlmarx,"[{'e': 'text', 't': 'Marxist'}]",7dc638ce-3ee4-11e5-b8cb-0ef63926eacd,Marxist,dark,richtext,t2_46iyzhsg,False,False,[],"Stop fucking throwing around words like ""socialism"" senselessly, you dont even know what it means.",,1585501638,{},flufmio,False,t3_fqxqc2,False,True,t1_flswhfh,/r/socialism/comments/fqxqc2/playstation_firm_implement_an_antiplutocratic/flufmio/,1585501640,1,True,False,socialism,t5_2qjii,0,
[],,jerrygeekbro,,,[],,,,text,t2_gu1gw,False,False,[],Human Rights Watch 2019 report of Cuba: https://www.hrw.org/world-report/2019/country-chapters/cuba,,1585501633,{},flufm6z,False,t3_fr4fxd,False,True,t3_fr4fxd,/r/socialism/comments/fr4fxd/fidel_castro_our_country_does_not_launch_bombs/flufm6z/,1585501634,1,True,False,socialism,t5_2qjii,0,
[],,auselessthought,,,[],,,,text,t2_485g85db,False,False,[],"Very brave, much wow",,1585501237,{},fluewz4,False,t3_fr4fxd,False,True,t1_flu0xgj,/r/socialism/comments/fr4fxd/fidel_castro_our_country_does_not_launch_bombs/fluewz4/,1585501238,1,True,False,socialism,t5_2qjii,0,
[],,pashacay,,,[],,,,text,t2_3fgpbpqp,False,False,[],I miss my childhood...times when I thought everything was possible,,1585501116,{},fluep95,False,t3_fr8avq,False,True,t3_fr8avq,/r/socialism/comments/fr8avq/this_is_why_you_dont_have_health_insurance_this/fluep95/,1585501119,1,True,False,socialism,t5_2qjii,0,
[],,pashacay,,,[],,,,text,t2_3fgpbpqp,False,False,[],More like your grandfather was in the wrong business,,1585501074,{},fluemnk,False,t3_fr8avq,False,True,t1_flua63i,/r/socialism/comments/fr8avq/this_is_why_you_dont_have_health_insurance_this/fluemnk/,1585501076,1,True,False,socialism,t5_2qjii,0,
[],,raicopk,transparent,,"[{'e': 'text', 't': 'Salvador Seguí i Rubinat'}]",2c626e76-b85d-11e8-8340-0e8cb9b1f556,Salvador Seguí i Rubinat,dark,richtext,t2_151bl8,False,True,[],"Bolívar and Martí were the real imperialists, seeking to imperialize the land of poor European ~~settler~~ states /s",,1585501039,{},fluekg2,False,t3_fr4fxd,False,True,t1_flucv8e,/r/socialism/comments/fr4fxd/fidel_castro_our_country_does_not_launch_bombs/fluekg2/,1585501041,1,True,False,socialism,t5_2qjii,0,
[],,bigblindmax,,gargin,"[{'e': 'text', 't': 'The worker has no planet'}]",5abd1c96-54a4-11e5-8c51-0e7ca632dd23,The worker has no planet,dark,richtext,t2_8w95p,False,False,[],"Bad epistemology, worse haircut.",,1585500792,{},flue4kq,False,t3_fr84ku,False,True,t3_fr84ku,/r/socialism/comments/fr84ku/what_do_you_think_about_hoppe/flue4kq/,1585500794,1,True,False,socialism,t5_2qjii,0,
[],,[deleted],,,,,,dark,,,,,[],[removed],,1585500772,{},flue3ac,False,t3_fr4fxd,False,True,t1_flu1zgu,/r/socialism/comments/fr4fxd/fidel_castro_our_country_does_not_launch_bombs/flue3ac/,1585500775,1,True,False,socialism,t5_2qjii,0,
[],,guitar0622,,karlmarx,"[{'e': 'text', 't': 'Marxist'}]",7dc638ce-3ee4-11e5-b8cb-0ef63926eacd,Marxist,dark,richtext,t2_46iyzhsg,False,False,[],"I'd expect at least an end to the Washington Consensus and Neoliberalism, if this doesnt happen in the next 10 years then brace yourself for fascism, but I think the capitalists are smart and they will end neoliberalism, which means that you would probably see more state involvement in the economy in the future, but not necessarily the end of capitalism. I think we will go back to the pre 1989 type of capitalism, which might spark a Cold War 2.0 as China becomes stronger.",,1585500743,{},flue1gp,False,t3_fqzfhn,False,True,t1_fltsw25,/r/socialism/comments/fqzfhn/were_in_the_first_stages_of_what_could_be_the/flue1gp/,1585500746,1,True,False,socialism,t5_2qjii,0,
