all_awardings,associated_award,author,author_flair_background_color,author_flair_css_class,author_flair_richtext,author_flair_template_id,author_flair_text,author_flair_text_color,author_flair_type,author_fullname,author_patreon_flair,author_premium,awarders,body,collapsed_because_crowd_control,created_utc,gildings,id,is_submitter,link_id,locked,no_follow,parent_id,permalink,retrieved_on,score,send_replies,stickied,subreddit,subreddit_id,total_awards_received,distinguished
[],,anemoi-,,,[],,,,text,t2_okb2m,False,False,[],Was annoyed at this post bc r/MensLib literally exists but whenever outsiders come on it's to vote brigade and denigrate feminism.,,1579932379,{},ffhewf6,False,t3_etjzkm,False,True,t3_etjzkm,/r/socialism/comments/etjzkm/end_capitalism/ffhewf6/,1579932380,1,True,False,socialism,t5_2qjii,0,
[],,Benu5,,,[],,,,text,t2_iv5kr,False,False,[],Fucking on point comrade.,,1579932288,{},ffhetey,False,t3_etjzkm,False,True,t1_ffh2wob,/r/socialism/comments/etjzkm/end_capitalism/ffhetey/,1579932290,1,True,False,socialism,t5_2qjii,0,
[],,setodo22,,,[],,,,text,t2_kc3x6,False,False,[],Can they rewrite the ending of Altered Carbon?,,1579931148,{},ffhdrik,False,t3_etfgna,False,True,t3_etfgna,/r/socialism/comments/etfgna/this_new_streaming_service_wants_to_be_the/ffhdrik/,1579931149,1,True,False,socialism,t5_2qjii,0,
[],,EricTheTrainer,,hampton,"[{'e': 'text', 't': 'Hampton'}]",6df39ff4-3ee4-11e5-8a22-0ec131dbf691,Hampton,dark,richtext,t2_e910m,False,False,[],https://jiminykrix.wordpress.com/2016/09/14/how-to-learn-everything-a-communist-ought-to-know-from-the-beginning/,,1579930995,{},ffhdmas,False,t3_ef078k,False,True,t3_ef078k,/r/socialism/comments/ef078k/can_i_get_some_theory_reading_recommendations/ffhdmas/,1579930996,1,True,False,socialism,t5_2qjii,0,
[],,DarkGan0n,,,[],,,,text,t2_1ngkvcti,False,False,[],"I have a friend who knew her personally, when she first poped on media my friend was shocked, kept saying alot of her stories is full of lies.",,1579930188,{},ffhctuw,False,t3_eteruz,False,True,t3_eteruz,/r/socialism/comments/eteruz/the_malala_you_wont_hear_about_one_of_the_nobel/ffhctuw/,1579930189,1,True,False,socialism,t5_2qjii,0,
[],,The1stCitizenOfTheIn,,2-tommydouglass,"[{'e': 'text', 't': 'Tommy Douglas'}]",,Tommy Douglas,dark,richtext,t2_ghkjg,False,False,[],"&gt;**ICANN, the organization that regulates the Internet’s domain name system**, has the power to  **halt a $1.135 billion deal that would hand control of PIR, the .ORG domain registry, to private equity**. Over 700 nonprofits, from **the Sierra Club to the YMCA to Farm Aid, and over 34,000 individuals, have signed a petition to ICANN to halt the sale**. During this rally, we delivered the signatures directly to the ICANN Board.",,1579929261,{},ffhbw9l,True,t3_etmkzk,False,True,t3_etmkzk,/r/socialism/comments/etmkzk/nonprofit_supporters_rally_to_save_the_org/ffhbw9l/,1579929262,1,True,False,socialism,t5_2qjii,0,
[],,AutoModerator,,hammerandsickle,"[{'e': 'text', 't': 'Marxism-Skynetism'}]",,Marxism-Skynetism,dark,richtext,t2_6l4z3,False,True,[],"Original title: My Covfefe is YUGE!

***


*I am a bot, and this action was performed automatically. Please [contact the moderators of this subreddit](/message/compose/?to=/r/socialism) if you have any questions or concerns.*",,1579926225,{},ffh8ljh,False,t3_etm2ct,False,True,t3_etm2ct,/r/socialism/comments/etm2ct/my_covfefe_is_yuge/ffh8ljh/,1579926227,1,False,True,socialism,t5_2qjii,0,moderator
[],,Mr-Stalin,transparent,,"[{'e': 'text', 't': 'PCUSA'}]",2c626e76-b85d-11e8-8340-0e8cb9b1f556,PCUSA,dark,richtext,t2_3np4hl0f,False,False,[],This is one of the most infuriating things I’ve ever see.,,1579926186,{},ffh8juf,False,t3_ete9xp,False,True,t3_ete9xp,/r/socialism/comments/ete9xp/antiimperialist_military_school_replaced_by_one/ffh8juf/,1579926187,1,True,False,socialism,t5_2qjii,0,
[],,throwaway_350,,,[],,,,text,t2_bwikx,False,True,[],Trump is merely a symptom,,1579925739,{},ffh811m,False,t3_etcj4l,False,True,t1_ffg80bi,/r/socialism/comments/etcj4l/the_nightmare_mark_bryan/ffh811m/,1579925740,1,True,False,socialism,t5_2qjii,0,
[],,thiagoeulee,,,[],,,,text,t2_3lp63wlm,False,False,[],*far-right,,1579925258,{},ffh7giq,False,t3_etkn9j,False,True,t3_etkn9j,/r/socialism/comments/etkn9j/brazils_rightwing_govt_charges_journalist_glenn/ffh7giq/,1579925260,1,True,False,socialism,t5_2qjii,0,
[],,TurboNerdo077,,,[],,,,text,t2_3s2lk6gb,False,False,[],"Why? This is exactly what the red pill community does. Lists off mostly correct statistics portraying men as oppressed, then misidentifies the oppressor as SJW's rather than capitalism and patriarchy. If it was accidental, fine, but your behaviour is identical and indistinguishable from that community, so maybe that should be cause for self reflection rather than putting your finger in your ears and opting for ignorance? So you don't make the same mistakes and continue to look like someone you clearly do not wish to associate with?",,1579924796,{},ffh6wgy,False,t3_etjzkm,False,True,t1_ffh6jmm,/r/socialism/comments/etjzkm/end_capitalism/ffh6wgy/,1579924797,1,True,False,socialism,t5_2qjii,0,
[],,thiagoeulee,,,[],,,,text,t2_3lp63wlm,False,False,[],"Hey, Brazilian guy here! Lula is a VERY important leftist leader around here, and probably one of the best presidents we ever had, but he isn’t socialist/communist AT ALL. Ask me anything, let’s have a healthy conservation about him.",,1579924667,{},ffh6qvh,False,t3_etkn9u,False,True,t3_etkn9u,/r/socialism/comments/etkn9u/an_interview_with_lula_part_one/ffh6qvh/,1579924668,1,True,False,socialism,t5_2qjii,0,
[],,Duthos,,,[],,,,text,t2_7f55c,False,False,[],"&gt; red pilled narrative you're constructing

and i stopped reading yer drivel",,1579924501,{},ffh6jmm,False,t3_etjzkm,False,True,t1_ffh2wob,/r/socialism/comments/etjzkm/end_capitalism/ffh6jmm/,1579924502,1,True,False,socialism,t5_2qjii,0,
[],,biscuitrobot,,,[],,,,text,t2_5gdjbfq3,False,False,[],"i down voted this because you have way too much faith in the democrats and Bernie Sanders. It's a hyper individualized ""good apple"" understanding of society and that's not really what socialism is about.",,1579924474,{},ffh6ieu,False,t3_erv9qz,False,True,t3_erv9qz,/r/socialism/comments/erv9qz/the_betrayal_of_bernie_sanders_rosa_luxemburg_20/ffh6ieu/,1579924476,1,True,False,socialism,t5_2qjii,0,
[],,Seeker158,,,[],,,,text,t2_4mrsvi2c,False,False,[],"3. According to a UN secretary-general, cuban healthcare is one of the best in the world:

""I want to join so many others in saluting Cuba's health care system rooted in primary health care which has yielded outstanding results  - lower infant mortality, higher life expectancies, universal coverage. This is a model for many countries around the world.""

https://www.un.org/sg/en/content/sg/statement/2014-01-28/secretary-generals-remarks-officials-latin-american-school-medicine",,1579923818,{},ffh5oy4,False,t3_etl352,False,True,t3_etl352,/r/socialism/comments/etl352/some_random_questions_about_socialism_capitalism/ffh5oy4/,1579923821,1,True,False,socialism,t5_2qjii,0,
[],,Seeker158,,,[],,,,text,t2_4mrsvi2c,False,False,[],Nazis had a mass privatization policies in Germany. Hitler hated communism because he believed in a conspiracy theory that the jews were all secretely helping Bolshevism. It is know as the judeo-bolshevik conspiracy theory.,,1579923466,{},ffh58nr,False,t3_etl352,False,True,t3_etl352,/r/socialism/comments/etl352/some_random_questions_about_socialism_capitalism/ffh58nr/,1579923467,1,True,False,socialism,t5_2qjii,0,
[],,[deleted],,,,,,dark,,,,,[],[removed],,1579923232,{},ffh4xyl,False,t3_et5cxf,False,True,t3_et5cxf,/r/socialism/comments/et5cxf/no_stalin_did_not_adopt_or_take_trotskys_economic/ffh4xyl/,1579923233,1,True,False,socialism,t5_2qjii,0,
[],,Seeker158,,,[],,,,text,t2_4mrsvi2c,False,False,[],Same thing with MLK. And Mandela. And Einstein. And Oscar Wilde. And even Mark Twain.,,1579923107,{},ffh4s7c,False,t3_eteruz,False,True,t3_eteruz,/r/socialism/comments/eteruz/the_malala_you_wont_hear_about_one_of_the_nobel/ffh4s7c/,1579923108,1,True,False,socialism,t5_2qjii,0,
[],,II_Sulla_IV,,,[],,,,text,t2_dyhnyy6,False,False,[],"You need to go to r/socialism101 bc the very premise upon which you're basing these questions is off. You'll be able to get more answers from more people who are there to educate.

1. Socialism is an umbrella ideology of which communism is one of the ideologies. All communists are socialists, not all socialists are communists.

2. ""Third way"" politics is a term that was coined by fascists, not socialists. Fascists would often use socialist language to confuse workers. Fascists are not socialists.

3. A short example is that the high quality of life in the US is a direct result of socialists agitating for the workers. While they have not yet succeeded in revolution, a minimum wage, safety regulations, pensions, prohibition of child labor and the organization of major unions are all a result of socialist actions.

4. Nazis are fascists, not socialists. Nothing about their regime, ideology or actions were socialist. The only thing socialist about them was the term national socialism, which again has nothing to do with socialism.",,1579922836,{},ffh4fkl,False,t3_etl352,False,True,t3_etl352,/r/socialism/comments/etl352/some_random_questions_about_socialism_capitalism/ffh4fkl/,1579922838,1,True,False,socialism,t5_2qjii,0,
[],,EmergencyEntry6,,,[],,,,text,t2_1gn7u0c5,False,False,[],"Il have you know I eat my lunch at an acceptable pace, To avoid any further future personal embarrassment the saying is ""slow your role"" mr Frenchman.",,1579922543,{},ffh427b,False,t3_etcj4l,False,True,t1_ffh2jio,/r/socialism/comments/etcj4l/the_nightmare_mark_bryan/ffh427b/,1579922545,1,True,False,socialism,t5_2qjii,0,
[],,TurboNerdo077,,,[],,,,text,t2_3s2lk6gb,False,False,[],"But men don't shoulder blame for everything wrong in the world? The OP places it on capitalism, understandable given the current thread we're on, and contrary to the red pilled narrative you're constructing, feminist theory blames patriarchy, which isn't synonymous with ""men"". Patriarchy oppresses men as well as women. Systemic corruptions are not the faults of individuals, and the perpetuation of such systems are the faults of elites at the top of said hierarchies. Billionaires perpetuate capitalism, misogynists perpetuate patriarchy. Stop turning class conflict and issues of capitalism into a misguided attack on feminist theory, which is perfectly capable of co-existing with Marxist theory. Men are not the only ones expandable under capitalism. All workers are expendable under capitalism. Their gender is irrelevant. The reasons for statistically higher expendability of males is the result of patriarchy and toxic masculinity, wow, it's almost as if multiple hierarchies of oppression exist simultaneously and literary theories are equipped to deal with one at a time, but multiple lens can be combined for more nuanced analyses.",,1579921654,{},ffh2wob,False,t3_etjzkm,False,True,t1_ffguw7r,/r/socialism/comments/etjzkm/end_capitalism/ffh2wob/,1579921657,1,True,False,socialism,t5_2qjii,0,
[],,AyYJc201ianf,,,[],,,,text,t2_1tz7d7gy,False,False,[],"I am glad to hear of your leftist enthusiasm! That is a good thing. I’ll give some answers to your questions:

&gt; nobody would be motivated to work, and that, if things were just made for consumption and not profit, wouldn't that discourage a lot of workers from working harder? 

Under socialism, things will still need to be made. Clothes sewn, food grown, houses built, computers manufactured, etc. The fact that we need these things, and that people have interests and dreams of making these things, means that production will not stop.

I also ask, what do they mean by “profit”? The worker making it receives 0% of the profits, he gets only a scrap of what he puts into a product, the profit goes to the capitalist. **People work to improve their quality of life, to feel purposeful, to develop themselves, and to be a part of their community**. I have met many retirees who couldn’t not stand sitting around all day. Even when I was fresh out of high school, sitting around all day on the internet or playing games killed me. It is a natural need to be productive.

Not to mention that in reality socialist states have been world superpowers and industrial powerhouses. How does this happen if there is no incentive to work?

&gt; Wouldn't that also keep companies from growing if profits just weren't a thing? 

Let me quote Marx, from chapter one of his [*Critique of the Gotha Programme*](https://www.marxists.org/archive/marx/works/1875/gotha/ch01.htm)

&gt; Let us take, first of all, the words ""proceeds of labor"" in the sense of the product of labor; then the *co-operative proceeds of labor are the total social product.*

&gt; From this must now be deducted: First, cover for replacement of the means of production used up. Second, additional portion for expansion of production. Third, reserve or insurance funds to provide against accidents, dislocations caused by natural calamities, etc.

Marx is saying that from the total social product (that is, everything produced in a society) funds and resources are taken to replenish, expand, and protect the means of production. A planned economy is well suited for this and has been used in almost every socialist state.

I ask how it is that the USSR became a world superpower if it’s businesses were designed to stagnate?

I recommend you eventually skim that whole section I quoted where he talks about “proceeds of labor”. He addresses not only how business stay afloat but how individuals are paid out of all proceeds. You said you are a newer leftist and Marx writes in a style not always welcome for beginners. If you need help understanding I can try my best comrade.

&gt; And how would larger products function if there wasn't any boss, with like hundreds of workers working in a coordinated fashion on one product? 

There *are* “bosses”. Socialism has nothing against managers, foreman, bosses, and the like. Our struggle is with *capitalists*, those that *own* but do not work and exploit those that do. Your manager does not own the means of production, he simply administrates them and directs whatever production is beneath him. This is an essential task for any operation. What is not essential is a profiteering parasite who exploits the working class.

Managers will be elected by the workers democratically. However, it would be impractical to not have managers.

&gt; Who'd decide what products would be made?

This would be done through an economic plan. Economic planners from the central government, in collaboration with local government and worker organizations, craft an economic plan to meet the needs, demands, and wants of the country. If there is a need for 100 new factories to be built, the economic plan will include goals and directives to create those 100 factories and all materials needed for them.

In capitalism, this is done through a market and profit. What/where it is *profitable* to produce they will produce. Under socialism, what/where to produce is determined by the needs of society.

&gt; It feels like a lot of the left I know of really likes critiquing capitalism, which I'm all for, because fuck capitalism, but what am I supposed to say when someone asks what we should have instead? People just bring up the points above each time I claim to be against capitalism, and I'm sure I've missed some of them.

I highly recommend looking at the [FAQ of r/communism101](https://www.reddit.com/r/communism101/wiki/index). It is thorough and can give you a solid place to start being not just anti-capitalism, but pro-socialism.",,1579921549,{},ffh2rlb,False,t3_etinzu,False,True,t3_etinzu,/r/socialism/comments/etinzu/young_leftie_who_needs_a_bit_of_guidance/ffh2rlb/,1579921550,1,True,False,socialism,t5_2qjii,0,
[],,eisagi,,,[],,,,text,t2_h24rh,False,False,[],"LOL from zero to paid shill accusation! Slow your roll, chum.

I was just clarifying that /u/imborahey was pointing out that the colors are wrong. How hard is it to Google a flag?

For the record, I'm not at all opposed to the overall message (though it is a bit pedestrian - Trump's corrupt?? quelle surprise!), and I actually love the aesthetic of the ugly narcissist octopus amid comic-color buildings. But criticizing it doesn't mean you like inequality.",,1579921377,{},ffh2jio,False,t3_etcj4l,False,True,t1_ffh0mas,/r/socialism/comments/etcj4l/the_nightmare_mark_bryan/ffh2jio/,1579921378,1,True,False,socialism,t5_2qjii,0,
[],,oochmagooch,,,[],,,,text,t2_3kyr3lam,False,False,[],"To start off, maybe start actually giving a shit about people instead of profits. Call me a radical.",,1579920106,{},ffh0uzn,False,t3_etjzkm,False,True,t3_etjzkm,/r/socialism/comments/etjzkm/end_capitalism/ffh0uzn/,1579920107,1,True,False,socialism,t5_2qjii,0,
[],,oochmagooch,,,[],,,,text,t2_3kyr3lam,False,False,[],"Honestly have some fun with it. Dont mess with him in a way that would piss him off, but get him to say fucked things without him noticing",,1579920029,{},ffh0rha,False,t3_etanfq,False,True,t3_etanfq,/r/socialism/comments/etanfq/oh_my_fucking_god_my_professor_is_a_neocon/ffh0rha/,1579920030,1,True,False,socialism,t5_2qjii,0,
[],,EmergencyEntry6,,,[],,,,text,t2_1gn7u0c5,False,False,[],"Maybe the point is It's not the simple details like a child sees colors and shapes, but the overarching shitshow where elected officials are in a position to poison the well for personal gain, Inequality in the world is at breaking point. whose boots do you get paid to lick r/[eisagi](https://www.reddit.com/user/eisagi/) ?",,1579919920,{},ffh0mas,False,t3_etcj4l,False,True,t1_ffgpx53,/r/socialism/comments/etcj4l/the_nightmare_mark_bryan/ffh0mas/,1579919922,1,True,False,socialism,t5_2qjii,0,
[],,Timozi90,,,[],,,,text,t2_13q1we5g,False,False,[],"The image is of Avak, a character from the Bionicle franchise. Next to him is a caption that says ""Dear liberals, if socialism works, why can't I get the fucking Mask of Life?""",,1579918942,{},ffgzbjf,True,t3_etkjtc,False,True,t3_etkjtc,/r/socialism/comments/etkjtc/pay_no_attention_to_the_overlapping_feet/ffgzbjf/,1579918943,1,True,False,socialism,t5_2qjii,0,
[],,dizizviet,,,[],,,,text,t2_smac6uj,False,False,[],"You negotiate that into your wage. If they say refuse, find a company you're willing to work for that will accomadate your demands. Almost like there is freedom of choice where you work at. Many firms offer lower than market price stock as compensation in exchange for x amount of wage.",,1579918807,{},ffgz4yx,False,t3_etjbpq,False,True,t3_etjbpq,/r/socialism/comments/etjbpq/what_if_every_public_company_was_required_to_give/ffgz4yx/,1579918809,1,True,False,socialism,t5_2qjii,0,
[],,therivercass,,,[],,,,text,t2_3gkthrkb,False,False,[],is that a black person depicted as a monkey...?,,1579918684,{},ffgyz3o,False,t3_etcj4l,False,True,t3_etcj4l,/r/socialism/comments/etcj4l/the_nightmare_mark_bryan/ffgyz3o/,1579918685,1,True,False,socialism,t5_2qjii,0,
[],,oochmagooch,,,[],,,,text,t2_3kyr3lam,False,False,[],Americans dont like to think about our impact on people. Too many of my countrymen expect that when US troops arrive they will be greated with trumpets and roses. Its a national delusion.,,1579918296,{},ffgygbg,False,t3_eteruz,False,True,t1_ffg5mgw,/r/socialism/comments/eteruz/the_malala_you_wont_hear_about_one_of_the_nobel/ffgygbg/,1579918297,1,True,False,socialism,t5_2qjii,0,
[],,AutoModerator,,hammerandsickle,"[{'e': 'text', 't': 'Marxism-Skynetism'}]",,Marxism-Skynetism,dark,richtext,t2_6l4z3,False,True,[],"Original title: Sorry for the shit edit

***


*I am a bot, and this action was performed automatically. Please [contact the moderators of this subreddit](/message/compose/?to=/r/socialism) if you have any questions or concerns.*",,1579917977,{},ffgy0v4,False,t3_etkjtc,False,True,t3_etkjtc,/r/socialism/comments/etkjtc/pay_no_attention_to_the_overlapping_feet/ffgy0v4/,1579917979,1,False,True,socialism,t5_2qjii,0,moderator
[],,acc_anarcho,,,[],,,,text,t2_51e2iixh,False,False,[],Thank you :),,1579917302,{},ffgx4me,True,t3_ethkpz,False,True,t1_ffgsg02,/r/socialism/comments/ethkpz/what_are_your_favorite_publications_where_do_you/ffgx4me/,1579917303,1,True,False,socialism,t5_2qjii,0,
[],,Luke49368,,,[],,,,text,t2_10mb9a,False,False,[],Then it goes with Trump even better,,1579917265,{},ffgx2su,False,t3_etcj4l,False,True,t1_ffgmd4x,/r/socialism/comments/etcj4l/the_nightmare_mark_bryan/ffgx2su/,1579917266,1,True,False,socialism,t5_2qjii,0,
[],,SteamboatJesus,,,[],,,,text,t2_aa1sxq3,False,False,[],???,,1579916469,{},ffgvzln,True,t3_el8wrw,False,True,t1_ffec309,/r/socialism/comments/el8wrw/what_is_the_objective_state_of_lgbt_comrades_in/ffgvzln/,1579916471,1,True,False,socialism,t5_2qjii,0,
[],,Duthos,,,[],,,,text,t2_7f55c,False,False,[],"95% of workplace fatalities are men

85% of homeless are men

75% of homeless are men

we are the expendables. it is out duty to work and die without complaint, even as we shoulder the blame for everything wrong in the world",,1579915674,{},ffguw7r,False,t3_etjzkm,False,True,t3_etjzkm,/r/socialism/comments/etjzkm/end_capitalism/ffguw7r/,1579915676,1,True,False,socialism,t5_2qjii,0,
[],,IrishRepublican21,,2-sp1,"[{'e': 'text', 't': 'Irish Republican Socialism'}]",d6fbb14e-3ee4-11e5-b7f6-0ecbbd00e599,Irish Republican Socialism,dark,richtext,t2_57483osy,False,False,[],No. It wouldn't end it. But it would be a step in the right direction.,,1579915161,{},ffgu6va,False,t3_et66pg,False,True,t3_et66pg,/r/socialism/comments/et66pg/can_white_privilege_be_abolished_and_why/ffgu6va/,1579915162,1,True,False,socialism,t5_2qjii,0,
[],,AutoModerator,,hammerandsickle,"[{'e': 'text', 't': 'Marxism-Skynetism'}]",,Marxism-Skynetism,dark,richtext,t2_6l4z3,False,True,[],"Original title: 78% of suicide rates world wide are men, what can we do to help them?

***


*I am a bot, and this action was performed automatically. Please [contact the moderators of this subreddit](/message/compose/?to=/r/socialism) if you have any questions or concerns.*",,1579915157,{},ffgu6ou,False,t3_etjzkm,False,True,t3_etjzkm,/r/socialism/comments/etjzkm/end_capitalism/ffgu6ou/,1579915159,1,False,True,socialism,t5_2qjii,0,moderator
[],,whichjunk,,,[],,,,text,t2_3io794hb,False,False,[],That's exciting I would subscribe,,1579914964,{},ffgtx59,False,t3_etfgna,False,True,t3_etfgna,/r/socialism/comments/etfgna/this_new_streaming_service_wants_to_be_the/ffgtx59/,1579914965,1,True,False,socialism,t5_2qjii,0,
[],,WayTooFuckingOnline,,,[],,,,text,t2_3f15ef9k,False,True,[],"Yeah, I mean, most people have lives they don't want to abandon over a smaller offense, and we have ankle monitors and other ways to track people.  And if it's a serious offense that someone is under suspicion from, why would any judge ever let them out?  Like, ""we have strong evidence to suspect you of rape/murder, but we'll just let you back out on the street before we perform an investigation.""

I do think there should be legal job protections if you're cleared though, and the state should pay you for time lost up to a point if you're cleared.",,1579914000,{},ffgslrr,False,t3_esotdd,False,True,t1_ffgokpk,/r/socialism/comments/esotdd/wonderful_news_san_fransciscos_new_da_has_ended/ffgslrr/,1579914001,1,True,False,socialism,t5_2qjii,0,
[],,Patterson9191717,,2-redstar,"[{'e': 'text', 't': 'Libertarian Socialism'}]",9d799364-3ee4-11e5-bd09-0e5e20c89e15,Libertarian Socialism,dark,richtext,t2_gtzvb,False,False,[],"If you’re new to socialism;

[Jacobin Mag](https://jacobinmag.com/)

[In These Times](https://inthesetimes.com/about/) 

[CounterPunch](https://www.counterpunch.org/)

[Labor Notes](https://www.labornotes.org/about)

If you’re not so new;

[Monthly Review](https://monthlyreview.org/about/) 

[Tricontinental](https://www.thetricontinental.org/about/)

[Viewpoint Magazine](https://www.viewpointmag.com/about/)

[ROAR](https://roarmag.org/essays/)",,1579913882,{},ffgsg02,False,t3_ethkpz,False,True,t3_ethkpz,/r/socialism/comments/ethkpz/what_are_your_favorite_publications_where_do_you/ffgsg02/,1579913884,1,True,False,socialism,t5_2qjii,0,
[],,fvf,,,[],,,,text,t2_1q5m,False,False,[],"Well, that's technically true I suppose. However the exception is that the government is (supposed to be) under democratic control, and so the media would be under democratic control insofar as there is democracy. If there isn't, obviously you have a chicken and egg situation.",,1579912791,{},ffgqxei,False,t3_ess1vp,False,True,t1_ffgjo46,/r/socialism/comments/ess1vp/the_economy_is_up_but_the_people_are_kept_down/ffgqxei/,1579912792,1,True,False,socialism,t5_2qjii,0,
[],,MassCivilUnrest,,,[],,,,text,t2_4wgs6h6e,False,False,[],"This is common across the US. Macho sports lovers that become coaches often also teach history, english, economics, math, etc. Their beliefs leech through their leadership and teaching. I dont know if this is a deliberate effort to indoctrinate the youth into reactionary views or if its some common path thats taken for some other reason but its a thing and this story is nothing new. Ill wager hes also religious and homophobic.",,1579912620,{},ffgqoug,False,t3_etanfq,False,True,t1_ffgn8xk,/r/socialism/comments/etanfq/oh_my_fucking_god_my_professor_is_a_neocon/ffgqoug/,1579912621,1,True,False,socialism,t5_2qjii,0,
[],,eisagi,,,[],,,,text,t2_h24rh,False,False,[],"Notably absent: Israel and Saudi Arabia, whose links to Trump are much deeper and factually verifiable.",,1579912183,{},ffgq37u,False,t3_etcj4l,False,True,t1_fffxt91,/r/socialism/comments/etcj4l/the_nightmare_mark_bryan/ffgq37u/,1579912184,1,True,False,socialism,t5_2qjii,0,
[],,acc_anarcho,,,[],,,,text,t2_51e2iixh,False,False,[],"Ha, fair enough!",,1579912136,{},ffgq0rr,True,t3_ethkpz,False,True,t1_ffgl19c,/r/socialism/comments/ethkpz/what_are_your_favorite_publications_where_do_you/ffgq0rr/,1579912137,1,True,False,socialism,t5_2qjii,0,
[],,acc_anarcho,,,[],,,,text,t2_51e2iixh,False,False,[],"I mean, if that's the answer, that's the answer -- *not* an invalid one.",,1579912127,{},ffgq0cd,True,t3_ethkpz,False,True,t1_ffgno46,/r/socialism/comments/ethkpz/what_are_your_favorite_publications_where_do_you/ffgq0cd/,1579912129,1,True,False,socialism,t5_2qjii,0,
[],,AutoModerator,,hammerandsickle,"[{'e': 'text', 't': 'Marxism-Skynetism'}]",,Marxism-Skynetism,dark,richtext,t2_6l4z3,False,True,[],"Original title: What if every public company was required to give mandatory stock distributions each year to every employee, instead of current proposed plans that suggest redistributing wealth to the government vs the people?

***


*I am a bot, and this action was performed automatically. Please [contact the moderators of this subreddit](/message/compose/?to=/r/socialism) if you have any questions or concerns.*",,1579912079,{},ffgpxtr,False,t3_etjbpq,False,True,t3_etjbpq,/r/socialism/comments/etjbpq/what_if_every_public_company_was_required_to_give/ffgpxtr/,1579912080,1,False,True,socialism,t5_2qjii,0,moderator
[],,eisagi,,,[],,,,text,t2_h24rh,False,False,[],The colors are literally wrong. Shows how OP only knows Russia from TV.,,1579912066,{},ffgpx53,False,t3_etcj4l,False,True,t1_fffxsig,/r/socialism/comments/etcj4l/the_nightmare_mark_bryan/ffgpx53/,1579912067,1,True,False,socialism,t5_2qjii,0,
[],,Lethbro_of_Swollet,,,[],,,,text,t2_55tggstx,False,False,[],"I wouldn't say I represent that perspective necessarily, especially now, but in the past I have and I have grown up and worked with a multitude of U.S., working class people. In my very small sample, we don't like being talked down to, treated as if we don't know what's best for us, and bourgeois hobbies and interests that they can spend their spare time fawning over.

Why do you think conservative campaigns have been so effective with the American proletariat? It's straightforward and simple language without any added fluff. Trump himself exemplifies this in speech. How do you expect to sway that same demographic with needlessly intricate bathroom stall vandalism **that they have to clean off the wall.** It's ridiculously out of touch. 

The Communist Manifesto at least knew it's audience well enough to keep it to 30 pages and straightforward writing. I imagine it would have gained less ground if written at 1,000 pages in fancy font with periods after every word.",,1579911603,{},ffgp9hq,False,t3_et3pej,False,True,t1_ffgkhsc,/r/socialism/comments/et3pej/found_this_in_a_bathroom_stall_at_university/ffgp9hq/,1579911604,1,True,False,socialism,t5_2qjii,0,
[],,ritobanrc,,,[],,,,text,t2_16tntq,False,False,[],"So I mean, in theory, I wouldn't be opposed to the idea of releasing someone from jail, and merely keeping some way of ensuring that they return (of course, I'd prefer if we actually addressed the poverty and corporate greed that cause the crime in the first place). But money is such a terrible way of ensuring that people return. It's literally just fucking over poor people.",,1579911117,{},ffgokpk,False,t3_esotdd,False,True,t1_ffbnzb3,/r/socialism/comments/esotdd/wonderful_news_san_fransciscos_new_da_has_ended/ffgokpk/,1579911118,1,True,False,socialism,t5_2qjii,0,
[],,nobody_390124,,,[],,,,text,t2_10a26dxh,False,False,[],This is some high quality bathroom graffiti.,,1579910848,{},ffgo6zb,False,t3_et3pej,False,True,t3_et3pej,/r/socialism/comments/et3pej/found_this_in_a_bathroom_stall_at_university/ffgo6zb/,1579910850,1,True,False,socialism,t5_2qjii,0,
[],,goodguy-greg,,,"[{'e': 'text', 't': 'Eco-Socialist'}]",171527cc-c791-11e9-bc2c-0e1fccdbffc4,Eco-Socialist,dark,richtext,t2_4jszp2cu,False,False,[],No worries at all,,1579910760,{},ffgo2ii,False,t3_etinzu,False,True,t1_ffgo17v,/r/socialism/comments/etinzu/young_leftie_who_needs_a_bit_of_guidance/ffgo2ii/,1579910762,1,True,False,socialism,t5_2qjii,0,
[],,wherethefuckismyipad,,,[],,,,text,t2_57651c8r,False,False,[],Thank you man. I’ll explore around a little and make sure to DM if there’s anything I need,,1579910735,{},ffgo17v,True,t3_etinzu,False,True,t1_ffgn8qe,/r/socialism/comments/etinzu/young_leftie_who_needs_a_bit_of_guidance/ffgo17v/,1579910737,1,True,False,socialism,t5_2qjii,0,
[],,goodguy-greg,,,"[{'e': 'text', 't': 'Eco-Socialist'}]",171527cc-c791-11e9-bc2c-0e1fccdbffc4,Eco-Socialist,dark,richtext,t2_4jszp2cu,False,False,[],Very meta,,1579910480,{},ffgno46,False,t3_ethkpz,False,True,t1_ffgl19c,/r/socialism/comments/ethkpz/what_are_your_favorite_publications_where_do_you/ffgno46/,1579910481,1,True,False,socialism,t5_2qjii,0,
[],,Lord_Jenkum,,,[],,,,text,t2_1eslh34,False,False,[],He was the football / wrestling and weight training coach B4 he injured himself.,,1579910188,{},ffgn8xk,True,t3_etanfq,False,True,t1_fffw33y,/r/socialism/comments/etanfq/oh_my_fucking_god_my_professor_is_a_neocon/ffgn8xk/,1579910189,1,True,False,socialism,t5_2qjii,0,
[],,goodguy-greg,,2-antifa1,"[{'e': 'text', 't': 'Antifa'}]",051bb588-542a-11e5-a0cc-0ef8cb540079,Antifa,dark,richtext,t2_4jszp2cu,False,False,[],One way to get a good look at socialist theories outside of capitalism is to look at r/socialism . There are such a huge number that it can get bonkers.  Also wiki isn't bad to get an overview if you know what theories to look for.,,1579910184,{},ffgn8qe,False,t3_etinzu,False,True,t3_etinzu,/r/socialism/comments/etinzu/young_leftie_who_needs_a_bit_of_guidance/ffgn8qe/,1579910185,1,True,False,socialism,t5_2qjii,0,
[],,Picnicpanther,,,[],,,,text,t2_4ss2o,False,False,[],I thought an octopus was an anti-semitic trope? At least that's what a bunch of shitlibs screeched at me on Twitter.,,1579909586,{},ffgmd4x,False,t3_etcj4l,False,True,t3_etcj4l,/r/socialism/comments/etcj4l/the_nightmare_mark_bryan/ffgmd4x/,1579909587,1,True,False,socialism,t5_2qjii,0,
[],,Ian_of_the_Glen,,,[],,,,text,t2_squw1,False,False,[],America has never been good but okay.,,1579909066,{},ffgllgo,False,t3_etcj4l,False,True,t3_etcj4l,/r/socialism/comments/etcj4l/the_nightmare_mark_bryan/ffgllgo/,1579909067,1,True,False,socialism,t5_2qjii,0,
[],,DotHobbes,,Hammer,"[{'e': 'text', 't': 'Hammer and Sickle'}]",,Hammer and Sickle,dark,richtext,t2_g4ocv,False,False,[],That's a good tip!,,1579908887,{},ffglbz5,False,t3_et3pej,False,True,t1_fff7tq6,/r/socialism/comments/et3pej/found_this_in_a_bathroom_stall_at_university/ffglbz5/,1579908889,1,True,False,socialism,t5_2qjii,0,
[],,Fr3twork,,,[],,,,text,t2_s8md1,False,False,[],/r/socialism,,1579908684,{},ffgl19c,False,t3_ethkpz,False,True,t3_ethkpz,/r/socialism/comments/ethkpz/what_are_your_favorite_publications_where_do_you/ffgl19c/,1579908693,1,True,False,socialism,t5_2qjii,0,
[],,happyfinesad,,,[],,,,text,t2_5qbvv,False,False,[],"Tell me what would motivate you artistically. If you represent some disgruntled proletarian perspective, what engages you?",,1579908320,{},ffgkhsc,False,t3_et3pej,False,True,t1_ffg3x8y,/r/socialism/comments/et3pej/found_this_in_a_bathroom_stall_at_university/ffgkhsc/,1579908321,1,True,False,socialism,t5_2qjii,0,
[],,radiatar,,2-mlkjr,"[{'e': 'text', 't': 'Martin Luther King Jr'}]",c32b0546-54bc-11e5-9554-0ef8cb540079,Martin Luther King Jr,dark,richtext,t2_4e3xpzia,False,False,[],"If you control the funds, you control the media. The government is no exception.",,1579907777,{},ffgjo46,False,t3_ess1vp,False,True,t1_ffcgf7d,/r/socialism/comments/ess1vp/the_economy_is_up_but_the_people_are_kept_down/ffgjo46/,1579907778,1,True,False,socialism,t5_2qjii,0,
[],,te_kooti_tubman,,2-JohnBrown,"[{'e': 'text', 't': '""John Brown\'s Body"" - truth still marches on...'}]",,"""John Brown's Body"" - truth still marches on...",dark,richtext,t2_15cerp,False,False,[],"Image is an abstract piece of art, an agitation placard entitle “Baku” - made by Heinrich Vogeler, 1927. The piece is multi-colored, showing buildings, people, V Lenin. 

For background on the place of Baku in the formation of the world communist movement: 

[To See the Dawn. Baku, 1920—First Congress of the Peoples of the East](http://www.pathfinderpress.com/to-see-dawn-baku-1920-first-congress-of-peoples-of-east)

Excerpt: [1920: Toilers of East call for unity against exploiters](https://www.themilitant.com/2010/7427/742749.html)",,1579907087,{},ffgimkr,True,t3_eth9vc,False,True,t3_eth9vc,/r/socialism/comments/eth9vc/baku_by_heinrich_vogeler_agitation_placard_1927/ffgimkr/,1579907089,1,True,False,socialism,t5_2qjii,0,
[],,Rextreff,,,[],,,,text,t2_d0dff,False,False,[],I think you should read both,,1579906893,{},ffgic3w,False,t3_ethmsg,False,True,t3_ethmsg,/r/socialism/comments/ethmsg/question_about_books_on_us_history/ffgic3w/,1579906894,1,True,False,socialism,t5_2qjii,0,
[],,Jukebox_66,,,[],,,,text,t2_z4pg4,False,False,[],Exactly.,,1579906313,{},ffghg23,False,t3_et2jdj,False,True,t1_ffgefbv,/r/socialism/comments/et2jdj/tucker_carlson_is_a_white_supremacist_dont_give/ffghg23/,1579906314,1,True,False,socialism,t5_2qjii,0,
[],,zanyzanne,,,[],,,,text,t2_irtsl,False,False,[],"This particular example in OP is perhaps in poor taste. However, I believe fomenting unrest is absolutely praxis. Otherwise we're left only harnessing the existing unrest which is clearly not enough to tip the scales toward revolutionary action on the massive scale needed to make it successful. We don't need incremental unrest *caused* by the establishment just as much as we don't need incremental change to *destroy* the establishment.",,1579906040,{},ffgh0rc,False,t3_et3pej,False,True,t1_ffg02q0,/r/socialism/comments/et3pej/found_this_in_a_bathroom_stall_at_university/ffgh0rc/,1579906042,1,True,False,socialism,t5_2qjii,0,
[],,dran72,,,[],,,,text,t2_4gh7hi8r,False,False,[],No idea what that word meNs,,1579906038,{},ffgh0m6,False,t3_esgl7i,False,True,t1_ffgfjz8,/r/socialism/comments/esgl7i/what_does_socialism_mean_to_you/ffgh0m6/,1579906040,1,True,False,socialism,t5_2qjii,0,
[],,mvl222,,hammerandsickle,"[{'e': 'text', 't': 'Marxism-Bolshevism, Lenin Thought'}]",6b0de0c4-3ee4-11e5-bc5a-0ee61c357d3b,"Marxism-Bolshevism, Lenin Thought",dark,richtext,t2_46urnf7m,False,False,[],Lol nice idealism,,1579905105,{},ffgfjz8,False,t3_esgl7i,False,True,t1_ffapgme,/r/socialism/comments/esgl7i/what_does_socialism_mean_to_you/ffgfjz8/,1579905107,1,True,False,socialism,t5_2qjii,0,
[],,mvl222,,hammerandsickle,"[{'e': 'text', 't': 'Marxism-Bolshevism, Lenin Thought'}]",6b0de0c4-3ee4-11e5-bc5a-0ee61c357d3b,"Marxism-Bolshevism, Lenin Thought",dark,richtext,t2_46urnf7m,False,False,[],"The same thing it meant to Lenin, the abolition of classes:

&gt; Socialism means the abolition of classes.

&gt; In order to abolish classes it is necessary, first, to overthrow the landowners and capitalists. This part of our task has been accomplished, but it is only a part, and moreover, not the most difficult part. In order to abolish classes it is necessary, secondly, to abolish the difference between factory worker and peasant, to make workers of all of them. This cannot be done all at once. This task is incomparably more difficult and will of necessity take a long time. It is not a problem that can be solved by overthrowing a class. It can be solved only by the organisational reconstruction of the whole social economy, by a transition from individual, disunited, petty commodity production to large-scale social production. This transition must of necessity be extremely protracted. It may only be delayed and complicated by hasty and incautious administrative and legislative measures.",,1579905086,{},ffgfive,False,t3_esgl7i,False,True,t3_esgl7i,/r/socialism/comments/esgl7i/what_does_socialism_mean_to_you/ffgfive/,1579905087,1,True,False,socialism,t5_2qjii,0,
[],,mvl222,,hammerandsickle,"[{'e': 'text', 't': 'Marxism-Bolshevism, Lenin Thought'}]",6b0de0c4-3ee4-11e5-bc5a-0ee61c357d3b,"Marxism-Bolshevism, Lenin Thought",dark,richtext,t2_46urnf7m,False,False,[],"Stalin never ended the NEP, he just collectivized on top of it. The collective farms were state-regulated capitalist enterprises that literally lasted throughout the entire period of the USSR. Had he actually ever ended the NEP and abolished class distinctions between the workers and peasants then maybe the USSR would have actually became socialist and not fall apart because of Stalin's bullshit.",,1579904702,{},ffgewyc,False,t3_et5cxf,False,True,t1_ffeuluv,/r/socialism/comments/et5cxf/no_stalin_did_not_adopt_or_take_trotskys_economic/ffgewyc/,1579904706,1,True,False,socialism,t5_2qjii,0,
[],,prominentchin,,,[],,,,text,t2_11dts8jf,False,False,[],"They're not praising Tucker Carlson so much as making a point of comparison to highlight how bad outlets like CNN and MSNBC are if Tucker Carlson, of all people, has a better take than them.",,1579904393,{},ffgefbv,False,t3_et2jdj,False,True,t3_et2jdj,/r/socialism/comments/et2jdj/tucker_carlson_is_a_white_supremacist_dont_give/ffgefbv/,1579904395,1,True,False,socialism,t5_2qjii,0,
[],,cinicacid,,,[],,,,text,t2_4twb1spz,False,False,[],[Sometime there is](https://www.eff.org/deeplinks/2017/06/printer-tracking-dots-back-news),,1579904363,{},ffgedls,False,t3_et3pej,False,True,t1_fffh2ah,/r/socialism/comments/et3pej/found_this_in_a_bathroom_stall_at_university/ffgedls/,1579904364,1,True,False,socialism,t5_2qjii,0,
[],,[deleted],,,,,,dark,,,,,[],[removed],,1579902884,{},ffgbzpq,False,t3_eth9vc,False,True,t3_eth9vc,/r/socialism/comments/eth9vc/baku_by_heinrich_vogeler_agitation_placard_1927/ffgbzpq/,1579902897,1,True,False,socialism,t5_2qjii,0,
[],,sardonic_chronic,,,[],,,,text,t2_525w143j,False,False,[],"I’d also recommend reading Norman Ware’s book from 1924 which details the labor struggle between 1840 and 1860, and one of the sites most oft visited in the work is Lowell, MA",,1579900839,{},ffg8noo,False,t3_et3pej,False,True,t3_et3pej,/r/socialism/comments/et3pej/found_this_in_a_bathroom_stall_at_university/ffg8noo/,1579900844,1,True,False,socialism,t5_2qjii,0,
[],,[deleted],,,,,,dark,,,,,[],[removed],,1579900693,{},ffg8f1c,False,t3_etcj4l,False,True,t3_etcj4l,/r/socialism/comments/etcj4l/the_nightmare_mark_bryan/ffg8f1c/,1579900698,1,True,False,socialism,t5_2qjii,0,
[],,GiveMeWritingPrompts,,3-ql,"[{'e': 'text', 't': 'Fully Automated Luxury Gay Space Communism'}]",2c39eb6a-fd73-11e5-9a24-0ec23a4c13bf,Fully Automated Luxury Gay Space Communism,dark,richtext,t2_2zcv6tje,False,True,[],"I like this art, and I think it describes progressive anxieties in the US pretty well, but sometimes I think people overemphasize the importance of Trump. He's a symptom of a morally bankrupt system of lies, that's all, and ousting him will not cure the disease of capitalism any more than ointment and salves would cure smallpox.",,1579900442,{},ffg80bi,False,t3_etcj4l,False,True,t3_etcj4l,/r/socialism/comments/etcj4l/the_nightmare_mark_bryan/ffg80bi/,1579900444,1,True,False,socialism,t5_2qjii,0,
[],,TheNaheed,,,[],,,,text,t2_3bhaotcf,False,False,[],How can you be a supporter of an operation (drone strikes) that has murdered in cold blood so many civilians and your fellow countrymen,,1579898964,{},ffg5mgw,False,t3_eteruz,False,True,t3_eteruz,/r/socialism/comments/eteruz/the_malala_you_wont_hear_about_one_of_the_nobel/ffg5mgw/,1579898967,1,True,False,socialism,t5_2qjii,0,
[],,[deleted],,,,,,dark,,,,,[],[removed],,1579898594,{},ffg50md,False,t3_eseckv,False,True,t1_ffg5066,/r/socialism/comments/eseckv/modern_monetary_theory_mmt_and_socialism_marxism/ffg50md/,1579898600,1,True,False,socialism,t5_2qjii,0,
[],,LegsGini,,,[],,,,text,t2_40wpghmq,False,False,[],"overaccumulation, falling rate of profit, reserve labor army and periodic crises taken together have explanatory power not predictive power. 

That said I'm aware of Hudson and Keen and I like what they do. Its fair to say they're work would have been of interest to Marx.

fwiw there were economic contractions in the.mid-80s, early 90s and I believe post 9-11 though non as severe as Gfc",,1579898586,{},ffg5066,False,t3_eseckv,False,True,t1_ffdby8y,/r/socialism/comments/eseckv/modern_monetary_theory_mmt_and_socialism_marxism/ffg5066/,1579898592,1,True,False,socialism,t5_2qjii,0,
[],,Rolrobbi,,,[],,,,text,t2_156k46,False,False,[],This response is precisely what I was hoping for. Thank you; consider a mind changed.,,1579898510,{},ffg4vo7,False,t3_et3pej,False,True,t1_ffg4qga,/r/socialism/comments/et3pej/found_this_in_a_bathroom_stall_at_university/ffg4vo7/,1579898512,1,True,False,socialism,t5_2qjii,0,
[],,BleedingHeartNazi,,,[],,,,text,t2_52e2r2xn,False,False,[],Still going to the restaurant but not tipping is not really hurting the restaurant owner all that much while also screwing over the people you’re ostensibly advocating for. If ending tipped wages is something you’re legitimately motivated to end I’d say what would be more effective is an organized boycott or pamphleting campaign outside the restaurants themselves.,,1579898422,{},ffg4qga,False,t3_et3pej,False,True,t1_fffhc9n,/r/socialism/comments/et3pej/found_this_in_a_bathroom_stall_at_university/ffg4qga/,1579898425,1,True,False,socialism,t5_2qjii,0,
[],,Lethbro_of_Swollet,,,[],,,,text,t2_55tggstx,False,False,[],"An ""art piece"" addressed directly to the worker that has to clean it...what a public-directed work of art. It's demeaning, low-effort, and self-serving more than anything. Someone felt so good leaving that and someone actually trapped in the system of non-union back labor had to add extra bullshit to their day. Just leave a fucking laminated flyer with all the fun fonts and punctuation you desire.",,1579898153,{},ffg4amn,False,t3_et3pej,False,True,t1_ffg3wqr,/r/socialism/comments/et3pej/found_this_in_a_bathroom_stall_at_university/ffg4amn/,1579898157,1,True,False,socialism,t5_2qjii,0,
[],,Lethbro_of_Swollet,,,[],,,,text,t2_55tggstx,False,False,[],"Yes, the local janitor will surely be moved by their squared font and endless periods. The only artistic value this holds is with the artist. The person who has to wipe it up could care less. How are some people so detached from the actual working class?


Source: Was a janitor for a couple years. This would have pissed me off more than moved me.",,1579897920,{},ffg3x8y,False,t3_et3pej,False,True,t1_fffuygy,/r/socialism/comments/et3pej/found_this_in_a_bathroom_stall_at_university/ffg3x8y/,1579897922,1,True,False,socialism,t5_2qjii,0,
[],,BleedingHeartNazi,,,[],,,,text,t2_52e2r2xn,False,False,[],Whether you consider it art or not this is still pretty obviously intended as an art piece criticizing the administration and advocating for a union.,,1579897911,{},ffg3wqr,False,t3_et3pej,False,True,t1_fffc2qq,/r/socialism/comments/et3pej/found_this_in_a_bathroom_stall_at_university/ffg3wqr/,1579897913,1,True,False,socialism,t5_2qjii,0,
[],,Zerd85,,,[],,,,text,t2_eoq2s,False,False,[],This reminds me of the cover to Hobbes' Leviathan.,,1579897790,{},ffg3pp0,False,t3_etcj4l,False,True,t1_ffffec6,/r/socialism/comments/etcj4l/the_nightmare_mark_bryan/ffg3pp0/,1579897793,1,True,False,socialism,t5_2qjii,0,
[],,Altamont99,,,[],,,,text,t2_122f0o,False,False,[],"Folks in America loved her when they thought she was all about ""girl power"" and only wanted to see more girls get an education. But now, crickets...",,1579897289,{},ffg2wfo,False,t3_eteruz,False,True,t3_eteruz,/r/socialism/comments/eteruz/the_malala_you_wont_hear_about_one_of_the_nobel/ffg2wfo/,1579897291,1,True,False,socialism,t5_2qjii,0,
[],,MrChow1917,,,[],,,,text,t2_3lpkaoda,False,False,[],"Don't give him credit but do keep the ""comrade Tucker Carlson"" memes rolling fam",,1579896608,{},ffg1slk,False,t3_et2jdj,False,True,t3_et2jdj,/r/socialism/comments/et2jdj/tucker_carlson_is_a_white_supremacist_dont_give/ffg1slk/,1579896609,1,True,False,socialism,t5_2qjii,0,
[],,MrChow1917,,,[],,,,text,t2_3lpkaoda,False,False,[],Why on Earth is anything political being discussed in a pre-calc class period? Very unprofessional,,1579896505,{},ffg1mpw,False,t3_etanfq,False,True,t3_etanfq,/r/socialism/comments/etanfq/oh_my_fucking_god_my_professor_is_a_neocon/ffg1mpw/,1579896506,1,True,False,socialism,t5_2qjii,0,
[],,letsgetmolecular,,,[],,,,text,t2_ehq9j,False,False,[],"I'd say there's a pretty small chance someone would rip it off, which would leave it as part of the cleaner's job to remove. I do feel you on being more forced to read it if you have to scrub it though.",,1579895769,{},ffg0fjq,False,t3_et3pej,False,True,t1_fffz7yg,/r/socialism/comments/et3pej/found_this_in_a_bathroom_stall_at_university/ffg0fjq/,1579895776,1,True,False,socialism,t5_2qjii,0,
[],,shroomsaremyfriends,,,[],,,,text,t2_48jq6cae,False,False,[],He's an art student.,,1579895741,{},ffg0dxr,False,t3_et3pej,False,True,t1_ffeir1i,/r/socialism/comments/et3pej/found_this_in_a_bathroom_stall_at_university/ffg0dxr/,1579895749,1,True,False,socialism,t5_2qjii,0,
[],,Radical_Coyote,,demsoc,"[{'e': 'text', 't': 'Economic Democracy'}]",99426c94-3ee4-11e5-ad95-0e5e20c89e15,Economic Democracy,dark,richtext,t2_6tw0x,False,False,[],How is this praxis? This is not advancing theory into practice in any meaningful way. It's condescendingly lecturing theory in a way that is actively alienating to the working class. Praxis would be organizing a student strike in solidarity with worker demands for higher wages. This is not praxis.,,1579895551,{},ffg02q0,False,t3_et3pej,False,True,t1_fff0bhr,/r/socialism/comments/et3pej/found_this_in_a_bathroom_stall_at_university/ffg02q0/,1579895553,1,True,False,socialism,t5_2qjii,0,
[],,Skullcialism,,castro,"[{'e': 'text', 't': 'Absolved by History'}]",34b6363e-3ee4-11e5-b760-0e60d8112001,Absolved by History,dark,richtext,t2_3fhrtfq2,False,False,[],"Fuck off. Those crackers have been overthrowing left wing governments for fucking decades you troglodyte. 

Term limits are bullshit. How is it democratic to prevent people from running in elections they'd win? Germany doesn't have term limits. Do you think the military should overthrow Merkel? Or do you only apply this logic to non-white leftists? 

You're a fascist, or at best a coup supporting liberal. You are backing the right wing death squads who are murdering indigenous people and MAS supporters.

You're scum.",,1579895330,{},fffzpv9,False,t3_esd9cb,False,True,t1_ffem9jg,/r/socialism/comments/esd9cb/14_years_ago_this_day_evo_morales_was_sworn_in_as/fffzpv9/,1579895331,1,True,False,socialism,t5_2qjii,0,
[],,ev0lv,,,[],,,,text,t2_ihhw1,False,False,[],"The wall writing is explicitly addressed to the worker who *wipes the wall*, as you can see if you read it. If it was a paper literally anyone could remove it (invalidating the point of the writing, as an actual worker on campus wouldn't get to see it) or the worker may remove the paper and simply just throw it away since it's so easy to remove (if they were even there in the first place). Printing a flyer for the employee who cleans wouldn't work at all.",,1579895021,{},fffz7yg,False,t3_et3pej,False,True,t1_fffhg8k,/r/socialism/comments/et3pej/found_this_in_a_bathroom_stall_at_university/fffz7yg/,1579895023,1,True,False,socialism,t5_2qjii,0,
[],,OwlxPharaoh,,,[],,,,text,t2_p6ujxl7,False,False,[],I'd bet on this,,1579895010,{},fffz79q,False,t3_etanfq,False,True,t1_fffw33y,/r/socialism/comments/etanfq/oh_my_fucking_god_my_professor_is_a_neocon/fffz79q/,1579895011,1,True,False,socialism,t5_2qjii,0,
[],,namesrue,,,[],,,,text,t2_pj41a,False,False,[],"Brilliant drawing, but I wish there was a way to make it less Trump centric. I read this as Trump being the personification of the American empire, bourgeois decadence, and ""late stage"" capitalism, but I know some liberals will look at this and yearn for the days of Obama when we were supposedly the good guys.",,1579894883,{},fffyzto,False,t3_etcj4l,False,True,t1_ffffec6,/r/socialism/comments/etcj4l/the_nightmare_mark_bryan/fffyzto/,1579894885,1,True,False,socialism,t5_2qjii,0,
[],,comradeMaturin,,2-trotsky,"[{'e': 'text', 't': 'Bolshevik-Leninist'}]",c58da89a-3ee4-11e5-8a50-0eb2aee2097b,Bolshevik-Leninist,dark,richtext,t2_10sd9t,False,False,[],She’s also loosely affiliated with the CWI,,1579894827,{},fffywkp,False,t3_eteruz,False,True,t3_eteruz,/r/socialism/comments/eteruz/the_malala_you_wont_hear_about_one_of_the_nobel/fffywkp/,1579894829,1,True,False,socialism,t5_2qjii,0,
[],,AutoModerator,,hammerandsickle,"[{'e': 'text', 't': 'Marxism-Skynetism'}]",,Marxism-Skynetism,dark,richtext,t2_6l4z3,False,True,[],"Original title: In Oakland, Moms 4 Housing occupied for a vacant home for two months—and now the corporate owner has agreed to sell it to a community land trust. But the moms say they’ll continue fighting to make sure housing is a human right.

***


*I am a bot, and this action was performed automatically. Please [contact the moderators of this subreddit](/message/compose/?to=/r/socialism) if you have any questions or concerns.*",,1579894801,{},fffyv4w,False,t3_etfevc,False,True,t3_etfevc,/r/socialism/comments/etfevc/a_group_of_homeless_black_mothers_just_took_on_a/fffyv4w/,1579894803,1,False,True,socialism,t5_2qjii,0,moderator
[],,[deleted],,,,,,dark,,,,,[],[removed],,1579894277,{},fffy0s4,False,t3_etanfq,False,True,t1_fffbzeo,/r/socialism/comments/etanfq/oh_my_fucking_god_my_professor_is_a_neocon/fffy0s4/,1579894281,1,True,False,socialism,t5_2qjii,0,
[],,REEEEEvolution,,,[],,,,text,t2_1jjcjpww,False,False,[],That russian dude... orientalism is strong in this picture.,,1579894148,{},fffxt91,False,t3_etcj4l,False,True,t3_etcj4l,/r/socialism/comments/etcj4l/the_nightmare_mark_bryan/fffxt91/,1579894151,1,True,False,socialism,t5_2qjii,0,
[],,jzillacon,,,[],,,,text,t2_imxkt,False,False,[],"better than using the USSR flag, which is what I remember an earlier version of this art did.",,1579894135,{},fffxsig,False,t3_etcj4l,False,True,t1_fffxk0m,/r/socialism/comments/etcj4l/the_nightmare_mark_bryan/fffxsig/,1579894137,1,True,False,socialism,t5_2qjii,0,
[],,test_tickles,,,[],,,,text,t2_5nxts,False,True,[],An affront to all highly intelligent octopi.,,1579894064,{},fffxoem,False,t3_etcj4l,False,True,t3_etcj4l,/r/socialism/comments/etcj4l/the_nightmare_mark_bryan/fffxoem/,1579894065,1,True,False,socialism,t5_2qjii,0,
