all_awardings,associated_award,author,author_flair_background_color,author_flair_css_class,author_flair_richtext,author_flair_template_id,author_flair_text,author_flair_text_color,author_flair_type,author_fullname,author_patreon_flair,author_premium,awarders,body,collapsed_because_crowd_control,comment_type,created_utc,gildings,id,is_submitter,link_id,locked,no_follow,parent_id,permalink,retrieved_on,score,send_replies,stickied,subreddit,subreddit_id,top_awarded_type,total_awards_received,treatment_tags
[],,BakedBean89,,,"[{'e': 'text', 't': 'Shall Not Be Infringed'}]",,Shall Not Be Infringed,dark,richtext,t2_p6hwvj2,False,False,[],"Yet these three states make up 25% of our country’s COVID deaths. NY and NJ lead the country in death rates, and Pennsylvania not far behind. These state governors ordered COVID patients into nursing homes driving up the death rates. Maybe do some research, dude. Wild.",,,1611490002,{},gkjkrt7,False,t3_l2duuj,False,False,t1_gkize4t,/r/Conservative/comments/l2duuj/now_that_biden_is_in_office_cnn_covid_death_count/gkjkrt7/,1611678575,1,True,False,Conservative,t5_2qh6p,,0,[]
[],,jfk_47,,,[],,,,text,t2_khiiv,False,True,[],"I guess he said “most testing means more cases so we should slow the testing”

https://khn.org/morning-breakout/joking-or-not-trumps-slow-the-testing-down-statement-stands-out-from-tulsa-rally/",,,1611489997,{},gkjkr27,False,t3_l2yr1o,False,True,t1_gkfb562,/r/Conservative/comments/l2yr1o/just_a_reminder_obama_ordered_states_and_the_cdc/gkjkr27/,1611678568,2,True,False,Conservative,t5_2qh6p,,0,[]
[],,[deleted],,,,,,dark,,,,,[],[removed],,,1611489989,{},gkjkpzh,False,t3_l3n7h4,False,True,t1_gkjhn4t,/r/Conservative/comments/l3n7h4/twitter_did_nothing_to_stop_antifa_planning/gkjkpzh/,1611678555,1,True,False,Conservative,t5_2qh6p,,0,[]
[],,Ballyneale12,,,"[{'e': 'text', 't': 'Conservative'}]",,Conservative,dark,richtext,t2_44gtt6ie,False,False,[],"It’s almost like he’s a politician shocker, all talk no action.",,,1611489987,{},gkjkpmr,False,t3_l3j7fw,False,False,t3_l3j7fw,/r/Conservative/comments/l3j7fw/in_a_completely_unexpected_development_biden/gkjkpmr/,1611678552,2,True,False,Conservative,t5_2qh6p,,0,[]
[],,Walrus_D0ngs,,,"[{'e': 'text', 't': 'Conservative'}]",,Conservative,dark,richtext,t2_tv9d3,False,False,[],"I see nothing in his tax plan for me, $150K income married no kids. 

It’s a massive amount of handouts via refundable credits for people with kids. His base will get getting insane checks every April even if they don’t work or make minimum wage.

I also see he wants to give back the SALT deduction for coastal elites who pay a ton of state taxes at the expense of their federal contributions. Again a handout to the other extreme of his base.

As usual the educated middle class worker gets NOTHING unless you happen to have a bunch of kids.",,,1611489980,{},gkjkoo4,False,t3_l3njtu,False,False,t1_gkjh3lh,/r/Conservative/comments/l3njtu/unions_that_endorsed_biden_are_now_criticizing/gkjkoo4/,1611678542,7,True,False,Conservative,t5_2qh6p,,0,[]
[],,GrandmaesterFlash45,,,[],,,,text,t2_3aiink58,False,True,[],No surprise here. Over the next four years we are going to see good jobs in America killed and outsourced to China. Just like we saw for 30 years before.,,,1611489975,{},gkjknyh,False,t3_l3njtu,False,False,t3_l3njtu,/r/Conservative/comments/l3njtu/unions_that_endorsed_biden_are_now_criticizing/gkjknyh/,1611678536,3,True,False,Conservative,t5_2qh6p,,0,[]
[],,gaptx,,,[],,,,text,t2_4evhed3k,False,False,[],Is this how you always represent yourself? You put words in people’s mouths and draw assumptions from little to no info? You’re so busy trying to get your gotcha moment you won’t even discuss it like a normal person.,,,1611489959,{},gkjklrh,False,t3_l3ng7p,False,False,t1_gkj5jq2,/r/Conservative/comments/l3ng7p/tulsi_gabbard_domestic_terrorism_bill_is_a/gkjklrh/,1611678514,5,True,False,Conservative,t5_2qh6p,,0,[]
[],,fenringsfavor,,,"[{'e': 'text', 't': 'Moderate Conservative'}]",,Moderate Conservative,dark,richtext,t2_s54ze,False,False,[],Their votes didn’t impact the outcome of the election—SD went to Trump.,,,1611489955,{},gkjkl5h,False,t3_l3wi6z,False,True,t1_gkj3zmy,/r/Conservative/comments/l3wi6z/biden_supporters_begin_to_experience_voters/gkjkl5h/,1611678508,-5,True,False,Conservative,t5_2qh6p,,0,[]
[],,jaldihaldi,,,[],,,,text,t2_14b2r2,False,True,[],"Party leaders need to learn address the real concerns behind the problems in a peaceful manner. 

On the left protests and violence in Oregon demanding outright defunding of police is too extreme - reforming the police’s agenda to exclude for example mental health issues is more realistic. It is the leader’s job to convince their side. 

On the right an example is the January 6th storming of the Capitol incident. Leaders shouldn’t ‘fan the flames’ that there was a steal of the vote. The courts overwhelmingly said there is no evidence of a steal. 

They could be asking to have a bipartisan commission to ensure protocols are set.  Find out what didn’t work and help getting it fixed and eventually address their people’s concerns. Fanning flames is not helping dialogue and democracy to work.",,,1611489945,{},gkjkjuh,False,t3_l3n7h4,False,False,t1_gkhl2kz,/r/Conservative/comments/l3n7h4/twitter_did_nothing_to_stop_antifa_planning/gkjkjuh/,1611678495,1,True,False,Conservative,t5_2qh6p,,0,[]
[],,Isabela_Grace,,,"[{'e': 'text', 't': 'Conservative'}]",,Conservative,dark,richtext,t2_5140d1px,False,False,[],Are you like..... not watching the news?,,,1611489942,{},gkjkjg1,False,t3_l3wi6z,False,False,t1_gkjgnnr,/r/Conservative/comments/l3wi6z/biden_supporters_begin_to_experience_voters/gkjkjg1/,1611678492,16,True,False,Conservative,t5_2qh6p,,0,[]
[],,Bayushizer0,,,"[{'e': 'text', 't': 'Conservative Libertarian'}]",,Conservative Libertarian,dark,richtext,t2_hshze,False,False,[],The popular vote has never been a guiding metric in the US.,,,1611489941,{},gkjkj7z,False,t3_l3n7h4,False,False,t1_gkjga5p,/r/Conservative/comments/l3n7h4/twitter_did_nothing_to_stop_antifa_planning/gkjkj7z/,1611678490,5,True,False,Conservative,t5_2qh6p,,0,[]
[],,[deleted],,,,,,dark,,,,,[],[removed],,,1611489939,{},gkjkiyk,False,t3_l3n7h4,False,True,t1_gkivo4j,/r/Conservative/comments/l3n7h4/twitter_did_nothing_to_stop_antifa_planning/gkjkiyk/,1611678487,1,True,False,Conservative,t5_2qh6p,,0,[]
[],,ethylstein,,,"[{'e': 'text', 't': 'Anti-communist'}]",,Anti-communist,dark,richtext,t2_3iwkpp0c,False,False,[],"I mean that’s just a literal lie. Obama was not quiet at all and took active steps to fight Trumps agenda including following trump on his first international trip shadowing him and contradicting everything he said in speeches in the countries Trump just left. 

 https://www.washingtonpost.com/news/worldviews/wp/2017/05/25/trump-and-obama-are-having-very-different-trips-to-europe/",,,1611489926,{},gkjkh90,False,t3_l3fdhk,False,False,t1_gkhqnbo,/r/Conservative/comments/l3fdhk/president_trump_calls_one_america_news_says_he_is/gkjkh90/,1611678469,3,True,False,Conservative,t5_2qh6p,,0,[]
[],,MagPieObsessor,,,[],,,,text,t2_94f71udd,False,False,[],https://www.snopes.com/fact-check/deblasio-nicaragua-warren-wilhelm/,,,1611489918,{},gkjkg18,False,t3_l3lfng,False,False,t1_gki2a5a,/r/Conservative/comments/l3lfng/indoor_dining_gets_ok_in_big_cities_just_after/gkjkg18/,1611678457,5,True,False,Conservative,t5_2qh6p,,0,[]
[],,what716,,,[],,,,text,t2_13qm4g,False,False,[],Is this the start of part 2 of the book?,,,1611489896,{},gkjkcxo,False,t3_l3so6d,False,False,t3_l3so6d,/r/Conservative/comments/l3so6d/new_yorks_governor_says_bail_him_out_or_hell/gkjkcxo/,1611678428,1,True,False,Conservative,t5_2qh6p,,0,[]
[],,stablersvu,,,"[{'e': 'text', 't': 'Libertarian Conservative'}]",,Libertarian Conservative,dark,richtext,t2_7wfc6h9u,False,False,[],That sounds wonderful. Good luck Trump.,,,1611489893,{},gkjkcjc,False,t3_l3o2ns,False,False,t3_l3o2ns,/r/Conservative/comments/l3o2ns/key_advisor_reveals_trumps_postpresidency_plans/gkjkcjc/,1611678424,4,True,False,Conservative,t5_2qh6p,,0,[]
[],,jfk_47,,,[],,,,text,t2_khiiv,False,True,[],"If that’s what it means to you, then I understand where your coming from.",,,1611489862,{},gkjk89x,False,t3_l2vl2y,False,False,t1_gkfj8xj,/r/Conservative/comments/l2vl2y/san_francisco_archbishop_responds_to_pelosi_no/gkjk89x/,1611678380,1,True,False,Conservative,t5_2qh6p,,0,[]
[],,[deleted],,,,,,dark,,,,,[],[removed],,,1611489857,{},gkjk7pi,False,t3_l3rsgz,False,True,t1_gkhsxis,/r/Conservative/comments/l3rsgz/scott_morrison_fires_back_at_google_threat_over/gkjk7pi/,1611678374,1,True,False,Conservative,t5_2qh6p,,0,[]
[],,drucurl,,,[],,,,text,t2_dt32t,False,False,[],This is the most brainless take I have read here in quite some time. Congratulations I guess,,,1611489846,{},gkjk67k,False,t3_l3ng7p,False,False,t1_gkiy0r1,/r/Conservative/comments/l3ng7p/tulsi_gabbard_domestic_terrorism_bill_is_a/gkjk67k/,1611678359,12,True,False,Conservative,t5_2qh6p,,0,[]
[],,lindssaayyyy,,,[],,,,text,t2_8pq05opv,False,False,[],And more support from people with recources and credentials that the american people would listen to. Yet again they COMPLETELY dismissed pizzagate just so they can get their abortion rights so...,,,1611489794,{},gkjjzr2,False,t3_l3sqv0,False,False,t1_gkixstv,/r/Conservative/comments/l3sqv0/hypocritical_jeff_bezos_suddenly_doesnt_like/gkjjzr2/,1611678294,-4,True,False,Conservative,t5_2qh6p,,0,[]
[],,MaschineDream,,,[],,,,text,t2_bflk0,False,False,[],You know you can support a candidate without agreeing with absolutely every decision they make right?,,,1611489784,{},gkjjydt,False,t3_l3njtu,False,False,t1_gkh41k0,/r/Conservative/comments/l3njtu/unions_that_endorsed_biden_are_now_criticizing/gkjjydt/,1611678279,-12,True,False,Conservative,t5_2qh6p,,0,[]
[],,jaldihaldi,,,[],,,,text,t2_14b2r2,False,True,[],"Though calling out the actual the extremists on both sides goes a long way in ensuring calm and meaningful dialog.

One thing it does is help separate the normal conservative and liberal people from the extremists.",,,1611489777,{},gkjjxks,False,t3_l3n7h4,False,False,t1_gkihu7l,/r/Conservative/comments/l3n7h4/twitter_did_nothing_to_stop_antifa_planning/gkjjxks/,1611678271,2,True,False,Conservative,t5_2qh6p,,0,[]
[],,Sven9888,,Conservative,"[{'e': 'text', 't': 'centrist conservative'}]",421b644c-8b38-11e1-bc5f-12313d18ad57,centrist conservative,dark,richtext,t2_14lenism,False,False,[],"Are you allowed to commit murder in Australia if you consider it part of freedom? Because if not, then it should make sense that Conservatives who view abortion as a form of murder don’t think it should be an individual choice.

I’m not saying that abortion is necessarily murder. I’m personally not sure what to think about it. It’s a question of personal philosophy. But certainly by most Conservative logic, that’s a somewhat disturbing argument.",,,1611489772,{},gkjjwui,False,t3_l3prh9,False,False,t1_gkjgezr,/r/Conservative/comments/l3prh9/biden_set_to_immediately_undo_trump/gkjjwui/,1611678263,-1,True,False,Conservative,t5_2qh6p,,0,[]
[],,blusr82sr,,,[],,,,text,t2_4k5n0ajn,False,False,[],Don't confuse the economy with the entire health of a community.,,,1611489767,{},gkjjw72,False,t3_l3he8m,False,True,t1_gkf7tgi,/r/Conservative/comments/l3he8m/gov_noem_never_shut_down_south_dakota_their/gkjjw72/,1611678256,1,True,False,Conservative,t5_2qh6p,,0,[]
[],,planet_druidia,,Conservative,"[{'e': 'text', 't': 'Conservative'}]",421b644c-8b38-11e1-bc5f-12313d18ad57,Conservative,dark,richtext,t2_19dcq5hs,False,False,[],"“Where’a the pent-up emotion supposed to go?”  Well, most of the libs took it to the polls with them in November.  Everyone knows the libs vote purely on emotion.  Hatred for the ‘devil they know’ far outweighed their ability to think rationally and thoroughly look into the values of the ‘devil they don’t know.’  

And so they did what they usually do on election day and that’s vote with their emotion.  That emotion being pure hate.  And that, folks is why we’re in this awful predicament right now.  

Thanks a lot, libs!  When will you learn that you don’t pick a leader this way?",,,1611489766,{},gkjjw5d,False,t3_l3uer1,False,False,t3_l3uer1,/r/Conservative/comments/l3uer1/why_cant_the_left_let_go_of_trump/gkjjw5d/,1611678256,0,True,False,Conservative,t5_2qh6p,,0,[]
[],,CuntlyPeroxide,,,"[{'e': 'text', 't': 'Classical Liberal'}]",,Classical Liberal,dark,richtext,t2_149fh1,False,False,[],"You’re not wrong but when half of elected officials flat out refuse to even address or so much acknowledge the issue, and the other half talks about it but rarely ever attempts to actually do anything about it, what else is he supposed to do?",,,1611489761,{},gkjjvdq,False,t3_l3xxcc,False,False,t1_gkjhxqr,/r/Conservative/comments/l3xxcc/biden_orders_ice_to_flood_streets_with_illegal/gkjjvdq/,1611678247,7,True,False,Conservative,t5_2qh6p,,0,[]
[],,geekboy69,,,[],,,,text,t2_4ttlhq3,False,False,[],Anyone notice Mayor Bowser in that picture is flashing the white supremacists ok sign!!!! Arrest her,,,1611489737,{},gkjjsdv,False,t3_l3lfng,False,False,t3_l3lfng,/r/Conservative/comments/l3lfng/indoor_dining_gets_ok_in_big_cities_just_after/gkjjsdv/,1611678213,1,True,False,Conservative,t5_2qh6p,,0,[]
[],,cah0051,,,[],,,,text,t2_7sco8gk0,False,True,[],Ok I'm gonna just go ahead and say...damn. That's a level headed reply and I might be wrong. Thank you for the takeaway. I missed that. I need more than one upvote for you.,,,1611489719,{},gkjjq3v,False,t3_l3wgkl,False,False,t1_gkjhj1n,/r/Conservative/comments/l3wgkl/libs_angrily_turn_on_nyt_after_it_publishes_story/gkjjq3v/,1611678188,7,True,False,Conservative,t5_2qh6p,,0,[]
[],,lindssaayyyy,,,[],,,,text,t2_8pq05opv,False,False,[],"I noticed that too, i joined this particular group to get away from them",,,1611489715,{},gkjjpoi,False,t3_l3sqv0,False,False,t1_gkip3hx,/r/Conservative/comments/l3sqv0/hypocritical_jeff_bezos_suddenly_doesnt_like/gkjjpoi/,1611678183,7,True,False,Conservative,t5_2qh6p,,0,[]
[],,KarmaWalker,,,[],,,,text,t2_6g8i3,False,False,[],"And they'll have forgotten in 4 years time, too.",,,1611489695,{},gkjjn2r,False,t3_l3njtu,False,True,t1_gkgsthz,/r/Conservative/comments/l3njtu/unions_that_endorsed_biden_are_now_criticizing/gkjjn2r/,1611678155,2,True,False,Conservative,t5_2qh6p,,0,[]
[],,[deleted],,,,,,dark,,,,,[],[removed],,,1611489681,{},gkjjlav,False,t3_l3o41m,False,True,t3_l3o41m,/r/Conservative/comments/l3o41m/biden_revokes_trump_order_that_shielded_us_power/gkjjlav/,1611678136,1,True,False,Conservative,t5_2qh6p,,0,[]
[],,[deleted],,,,,,dark,,,,,[],[removed],,,1611489674,{},gkjjke8,False,t3_l3cjp6,False,True,t3_l3cjp6,/r/Conservative/comments/l3cjp6/mitch_mcconnell_needs_to_go/gkjjke8/,1611678127,1,True,False,Conservative,t5_2qh6p,,0,[]
[],,GoofyUmbrella,,,"[{'e': 'text', 't': 'Common Sense Conservative'}]",,Common Sense Conservative,dark,richtext,t2_zljee,False,True,[],Sorry... Ron Paul is a clown.,,,1611489666,{},gkjjjgz,False,t3_l3mtfq,False,False,t1_gkhbhjk,/r/Conservative/comments/l3mtfq/rand_paul_are_they_going_to_impeach_bernie/gkjjjgz/,1611678117,-1,True,False,Conservative,t5_2qh6p,,0,[]
[],,RaggiGamma,,,[],,,,text,t2_fmr42,False,False,[],"First is to get Antifa fight against then Trump administration, the movement to defund the police.

Then this, which inevitably making crimes more commonplace.

The next play is to come out and say enough is enough, pull the gun control bill out of the woodwork. Media helps with crying gun victims relatives on TV, non-stop blaming gun crimes.

There goes the 2nd amendment rights.",,,1611489649,{},gkjjh96,False,t3_l3q623,False,True,t3_l3q623,/r/Conservative/comments/l3q623/seattle_antifa_rioter_claims_destruction_of/gkjjh96/,1611678093,1,True,False,Conservative,t5_2qh6p,,0,[]
[],,workforyourstuff,,,"[{'e': 'text', 't': 'Atheist Conservative'}]",,Atheist Conservative,dark,richtext,t2_3l9wd2ha,False,False,[],"Nah, we would be hearing about the heroes who defended someone from a hate crime being committed by a white supremacist cop. We’ll know he’s racist because they’ll find a picture of him doing the okay sign when he was 13 years old.",,,1611489648,{},gkjjh32,False,t3_l3mtfq,False,False,t1_gkhwxyi,/r/Conservative/comments/l3mtfq/rand_paul_are_they_going_to_impeach_bernie/gkjjh32/,1611678091,-4,True,False,Conservative,t5_2qh6p,,0,[]
[],,sue_malnati,,,[],,,,text,t2_4xemuec9,False,False,[],Must not have done much to stop the Far Right from planning to eh?,,,1611489647,{},gkjjgz2,False,t3_l3n7h4,False,False,t3_l3n7h4,/r/Conservative/comments/l3n7h4/twitter_did_nothing_to_stop_antifa_planning/gkjjgz2/,1611678091,5,True,False,Conservative,t5_2qh6p,,0,[]
[],,Objective-Star-934,,,[],,,,text,t2_9g2d08nl,False,False,[],I think they buy GPS data so you are still fucked,,,1611489646,{},gkjjgxs,False,t3_l3kpe9,False,True,t1_gki74av,/r/Conservative/comments/l3kpe9/defense_intelligence_agency_buying_phone_location/gkjjgxs/,1611678090,1,True,False,Conservative,t5_2qh6p,,0,[]
[],,kdjack1111,,,[],,,,text,t2_21zuf9b2,False,False,[],"That's over-generalization and abject simplification in order to dismiss my comment, you patronizing POS!

Dr. Biden is a public figure now, and her presence anywhere is going to boost morale. The cookies are just an AWESOME bonus for our Guardsman, and I bet they were delicious! 

As for 'draining the swamp', that expression needs to be retired by the right. You guys had 4 years, control of the senate and the house too. A STACKED Supreme Court at your disposal and STILL couldn't get the job done! 

I think that the real enemy in all this is the top tier that's playing us all the world over for fools. And we've got to work together globally if it comes down to it in order to make it better for all of us.",,,1611489616,{},gkjjd2z,False,t3_l3tyjn,False,True,t1_gkjgpbf,/r/Conservative/comments/l3tyjn/report_as_dc_politicians_abandon_soldiers_donald/gkjjd2z/,1611678050,-31,True,False,Conservative,t5_2qh6p,,0,[]
[],,jaldihaldi,,,[],,,,text,t2_14b2r2,False,True,[],"Representative democracy means those extreme views will more likely be filtered out when they meet in Congress.  There are extreme views on both sides.  

How many among congressional Democrats do you see espousing that view?  

The reality is party leaders need to learn to address the real concerns behind the problems in a peaceful manner.",,,1611489583,{},gkjj929,False,t3_l3n7h4,False,False,t1_gkhl2kz,/r/Conservative/comments/l3n7h4/twitter_did_nothing_to_stop_antifa_planning/gkjj929/,1611678008,1,True,False,Conservative,t5_2qh6p,,0,[]
[],,[deleted],,,,,,dark,,,,,[],[removed],,,1611489583,{},gkjj8z1,False,t3_l3ng7p,False,True,t3_l3ng7p,/r/Conservative/comments/l3ng7p/tulsi_gabbard_domestic_terrorism_bill_is_a/gkjj8z1/,1611678007,1,True,False,Conservative,t5_2qh6p,,0,[]
[],,[deleted],,,,,,dark,,,,,[],[removed],,,1611489582,{},gkjj8xg,False,t3_l2zdar,False,True,t1_gka9y7s,/r/Conservative/comments/l2zdar/when_politicians_were_threatened_they_acted_when/gkjj8xg/,1611678007,0,True,False,Conservative,t5_2qh6p,,0,[]
[],,Isabela_Grace,,,"[{'e': 'text', 't': 'Conservative'}]",,Conservative,dark,richtext,t2_5140d1px,False,False,[],"Who could’ve predicted this?

&gt; Barack Obama voiced concerns about Joe Biden’s presidential candidacy and warned allies not to underestimate his ability to “f**k things up”, according to reports.

Cit:

https://www.news.com.au/world/north-america/us-politics/barack-obama-once-warned-not-to-underestimate-joe-bidens-ability-to-fk-things-up/news-story/4d8e82a5d525486882e7805f69dfe5ff",,,1611489579,{},gkjj8i0,False,t3_l3xwzd,False,False,t3_l3xwzd,/r/Conservative/comments/l3xwzd/poll_majority_of_americans_want_officials_to_stop/gkjj8i0/,1611678003,54,True,False,Conservative,t5_2qh6p,,0,[]
[],,StognaBolagna,,,[],,,,text,t2_83o2x0n1,False,False,[],They were too busy ratfucking the courts and appointing as many judges and justices as humanly possible,,,1611489578,{},gkjj8db,False,t3_l3kvgn,False,False,t1_gkg5qwh,/r/Conservative/comments/l3kvgn/gop_senators_push_for_constitutional_amendment_to/gkjj8db/,1611678001,3,True,False,Conservative,t5_2qh6p,,0,[]
[],,[deleted],,,,,,dark,,,,,[],[removed],,,1611489565,{},gkjj6nr,False,t3_l3hk8e,False,True,t1_gkh1477,/r/Conservative/comments/l3hk8e/alberta_premier_biden_disrespected_americas/gkjj6nr/,1611677984,1,True,False,Conservative,t5_2qh6p,,0,[]
[],,N__G_R,,,[],,,,text,t2_8g8kdcaz,False,False,[],"Scomo ain't a world leader, he shat his pants at Engadine Maccas.",,,1611489549,{},gkjj4ly,False,t3_l3rsgz,False,False,t1_gkhopkq,/r/Conservative/comments/l3rsgz/scott_morrison_fires_back_at_google_threat_over/gkjj4ly/,1611677964,-6,True,False,Conservative,t5_2qh6p,,0,[]
[],,lindssaayyyy,,,[],,,,text,t2_8pq05opv,False,False,[],A fucking NURSE told me i can leave this country when i went to see a doc. When asking my questions i explained my depression because of how much this country is falling apart. Yea THAT'S professional. She seriously thought because im white i have the means to do so. Sick of all of it.,,,1611489541,{},gkjj3o6,False,t3_l3sqv0,False,False,t1_gkhzu27,/r/Conservative/comments/l3sqv0/hypocritical_jeff_bezos_suddenly_doesnt_like/gkjj3o6/,1611677954,42,True,False,Conservative,t5_2qh6p,,0,[]
[],,[deleted],,,,,,dark,,,,,[],[removed],,,1611489541,{},gkjj3n6,False,t3_l3j3f8,False,True,t3_l3j3f8,/r/Conservative/comments/l3j3f8/cotton_trump_moved_out_of_the_white_house_on/gkjj3n6/,1611677954,1,True,False,Conservative,t5_2qh6p,,0,[]
[],,GivinGreef,,,[],,,,text,t2_153ape,False,False,[],Cry harder,,,1611489531,{},gkjj2e1,False,t3_l3n7h4,False,False,t1_gkivo4j,/r/Conservative/comments/l3n7h4/twitter_did_nothing_to_stop_antifa_planning/gkjj2e1/,1611677941,-6,True,False,Conservative,t5_2qh6p,,0,[]
[],,[deleted],,,,,,dark,,,,,[],[removed],,,1611489515,{},gkjj0ae,False,t3_l3sgt9,False,True,t1_gkhte9e,/r/Conservative/comments/l3sgt9/not_a_tanky_is_anyone_archiving_these_trump/gkjj0ae/,1611677920,1,True,False,Conservative,t5_2qh6p,,0,[]
[],,DeepGill2000,,,"[{'e': 'text', 't': 'Conservative Libertarian'}]",,Conservative Libertarian,dark,richtext,t2_3z520lnp,False,False,[],Texas should not comply. Tell Biden to bring in the military if he wants to force them.,,,1611489477,{},gkjivi6,False,t3_l3vuqk,False,False,t3_l3vuqk,/r/Conservative/comments/l3vuqk/joe_biden_issued_an_order_to_immediately_release/gkjivi6/,1611677867,2,True,False,Conservative,t5_2qh6p,,0,[]
[],,[deleted],,,,,,dark,,,,,[],[removed],,,1611489476,{},gkjivhk,False,t3_l3sqv0,False,True,t1_gkjijci,/r/Conservative/comments/l3sqv0/hypocritical_jeff_bezos_suddenly_doesnt_like/gkjivhk/,1611677867,3,True,False,Conservative,t5_2qh6p,,0,[]
[],,milksoaps,,,[],,,,text,t2_7wobha4z,False,False,[],Never knew Trump was in a Wuhan lab cooking up a virus. Color me surprised!,,,1611489458,{},gkjit0y,False,t3_l3wi6z,False,False,t1_gkj0wd8,/r/Conservative/comments/l3wi6z/biden_supporters_begin_to_experience_voters/gkjit0y/,1611677840,12,True,False,Conservative,t5_2qh6p,,0,[]
[],,Wesdawg1241,,,"[{'e': 'text', 't': 'Constitutional Conservative'}]",,Constitutional Conservative,dark,richtext,t2_10iuq2,False,False,[],"No, because it was never disproven, only dismissed as too farfetched. Don't recall a special counsel for it. 

But impeaching a president over a perfectly fine phone call, attempting to prosecute him for colluding with Russia when you knew all along it wasn't true, and impeaching him a second time when he's out of office for inciting a riot (the seeds of which were planted by Dem gaslighting of BLM/ANTIFA riots) just so he can't run for office again most certainly is.

Truth is a hard pill to swallow, my friend.",,,1611489446,{},gkjirk5,False,t3_l3j7fw,False,False,t1_gkjhhts,/r/Conservative/comments/l3j7fw/in_a_completely_unexpected_development_biden/gkjirk5/,1611677823,0,True,False,Conservative,t5_2qh6p,,0,[]
[],,[deleted],,,,,,dark,,,,,[],[removed],,,1611489440,{},gkjiqt7,False,t3_l3mtfq,False,True,t1_gkhme61,/r/Conservative/comments/l3mtfq/rand_paul_are_they_going_to_impeach_bernie/gkjiqt7/,1611677816,1,True,False,Conservative,t5_2qh6p,,0,[]
"[{'award_sub_type': 'GLOBAL', 'award_type': 'global', 'awardings_required_to_grant_benefits': None, 'coin_price': 50, 'coin_reward': 0, 'count': 1, 'days_of_drip_extension': 0, 'days_of_premium': 0, 'description': ""I'm in this with you."", 'end_date': None, 'giver_coin_reward': 0, 'icon_format': 'PNG', 'icon_height': 2048, 'icon_url': 'https://i.redd.it/award_images/t5_q0gj4/jtw7x06j68361_TakeMyEnergyElf.png', 'icon_width': 2048, 'id': 'award_02d9ab2c-162e-4c01-8438-317a016ed3d9', 'is_enabled': True, 'is_new': False, 'name': 'Take My Energy', 'penny_donate': 0, 'penny_price': 0, 'resized_icons': [{'height': 16, 'url': 'https://preview.redd.it/award_images/t5_q0gj4/jtw7x06j68361_TakeMyEnergyElf.png?width=16&amp;height=16&amp;auto=webp&amp;s=045db73f47a9513c44823d132b4c393ab9241b6a', 'width': 16}, {'height': 32, 'url': 'https://preview.redd.it/award_images/t5_q0gj4/jtw7x06j68361_TakeMyEnergyElf.png?width=32&amp;height=32&amp;auto=webp&amp;s=298a02e0edbb5b5e293087eeede63802cbe1d2c7', 'width': 32}, {'height': 48, 'url': 'https://preview.redd.it/award_images/t5_q0gj4/jtw7x06j68361_TakeMyEnergyElf.png?width=48&amp;height=48&amp;auto=webp&amp;s=7d06d606eb23dbcd6dbe39ee0e60588c5eb89065', 'width': 48}, {'height': 64, 'url': 'https://preview.redd.it/award_images/t5_q0gj4/jtw7x06j68361_TakeMyEnergyElf.png?width=64&amp;height=64&amp;auto=webp&amp;s=ecd9854b14104a36a210028c43420f0dababd96b', 'width': 64}, {'height': 128, 'url': 'https://preview.redd.it/award_images/t5_q0gj4/jtw7x06j68361_TakeMyEnergyElf.png?width=128&amp;height=128&amp;auto=webp&amp;s=0d5d7b92c1d66aff435f2ad32e6330ca2b971f6d', 'width': 128}], 'resized_static_icons': [{'height': 16, 'url': 'https://preview.redd.it/award_images/t5_q0gj4/jtw7x06j68361_TakeMyEnergyElf.png?width=16&amp;height=16&amp;auto=webp&amp;s=045db73f47a9513c44823d132b4c393ab9241b6a', 'width': 16}, {'height': 32, 'url': 'https://preview.redd.it/award_images/t5_q0gj4/jtw7x06j68361_TakeMyEnergyElf.png?width=32&amp;height=32&amp;auto=webp&amp;s=298a02e0edbb5b5e293087eeede63802cbe1d2c7', 'width': 32}, {'height': 48, 'url': 'https://preview.redd.it/award_images/t5_q0gj4/jtw7x06j68361_TakeMyEnergyElf.png?width=48&amp;height=48&amp;auto=webp&amp;s=7d06d606eb23dbcd6dbe39ee0e60588c5eb89065', 'width': 48}, {'height': 64, 'url': 'https://preview.redd.it/award_images/t5_q0gj4/jtw7x06j68361_TakeMyEnergyElf.png?width=64&amp;height=64&amp;auto=webp&amp;s=ecd9854b14104a36a210028c43420f0dababd96b', 'width': 64}, {'height': 128, 'url': 'https://preview.redd.it/award_images/t5_q0gj4/jtw7x06j68361_TakeMyEnergyElf.png?width=128&amp;height=128&amp;auto=webp&amp;s=0d5d7b92c1d66aff435f2ad32e6330ca2b971f6d', 'width': 128}], 'start_date': None, 'static_icon_height': 2048, 'static_icon_url': 'https://i.redd.it/award_images/t5_q0gj4/jtw7x06j68361_TakeMyEnergyElf.png', 'static_icon_width': 2048, 'subreddit_coin_reward': 0, 'subreddit_id': None, 'tiers_by_required_awardings': None}]",,downhillderbyracer,,,[],,,,text,t2_h5vo7i1,False,False,[],"No one, Dems or Reps, likes Bezos. The point here is that he wants to shut down mail in voting to make it more difficult for people to vote to unionize. Get it? He doesn't want people voting by mail because it will negativity impact him...so he's trying to shut down mail in voting.

Trying to highlight the obvious hypocrisy is missing the more obvious comparison: People who don't benefit from democracy/voting don't want people to have access to voting.",,,1611489434,{},gkjipx9,False,t3_l3sqv0,False,False,t3_l3sqv0,/r/Conservative/comments/l3sqv0/hypocritical_jeff_bezos_suddenly_doesnt_like/gkjipx9/,1611677806,9,True,False,Conservative,t5_2qh6p,,1,[]
[],,Chendusky,,,[],,,,text,t2_w3yj9,False,False,[],"No threads on the Joe Biden sub about this, not shocked.",,,1611489430,{},gkjipid,False,t3_l3njtu,False,False,t3_l3njtu,/r/Conservative/comments/l3njtu/unions_that_endorsed_biden_are_now_criticizing/gkjipid/,1611677801,1,True,False,Conservative,t5_2qh6p,,0,[]
[],,brewski5niner,,,[],,,,text,t2_19ms713m,False,False,[],Right wing or white wing?,,,1611489427,{},gkjip39,False,t3_l3n7h4,False,False,t1_gkjbzia,/r/Conservative/comments/l3n7h4/twitter_did_nothing_to_stop_antifa_planning/gkjip39/,1611677796,-16,True,False,Conservative,t5_2qh6p,,0,[]
[],,[deleted],,,,,,dark,,,,,[],[removed],,,1611489414,{},gkjinhg,False,t3_l3q9c1,False,True,t1_gkhskzm,/r/Conservative/comments/l3q9c1/by_repealing_trumps_census_order_on_unauthorized/gkjinhg/,1611677780,-3,True,False,Conservative,t5_2qh6p,,0,[]
[],,brewski5niner,,,[],,,,text,t2_19ms713m,False,False,[],True vote?,,,1611489397,{},gkjila8,False,t3_l3n7h4,False,False,t1_gkivo4j,/r/Conservative/comments/l3n7h4/twitter_did_nothing_to_stop_antifa_planning/gkjila8/,1611677757,4,True,False,Conservative,t5_2qh6p,,0,[]
[],,iliketurtlzzz,,,[],,,,text,t2_4w36x9x8,False,False,[],"“Accordingly, to protect the Federal workforce and individuals interacting with the Federal workforce, and to ensure the continuity of Government services and activities, on-duty or on-site Federal employees, on-site Federal contractors, and other individuals in Federal buildings and on Federal lands should all wear masks, maintain physical distance, and adhere to other public health measures, as provided in CDC guidelines.” - do as so say, not as I do.",,,1611489391,{},gkjikhr,False,t3_l2l623,False,False,t1_gkihub8,/r/Conservative/comments/l2l623/biden_family_ignores_mask_mandate_for_photo_op_at/gkjikhr/,1611677749,0,True,False,Conservative,t5_2qh6p,,0,[]
[],,Reuters-no-bias-lol,,,"[{'e': 'text', 't': 'Principled Conservative'}]",,Principled Conservative,dark,richtext,t2_8p4gml90,False,False,[],"Same here. Oh my, Biden can’t get through the door anymore.",,,1611489389,{},gkjik7y,False,t3_l3lf7a,False,False,t1_gkh90ox,/r/Conservative/comments/l3lf7a/bidens_get_locked_out_of_white_house_after_firing/gkjik7y/,1611677745,2,True,False,Conservative,t5_2qh6p,,0,[]
[],,dukevt47,,,[],,,,text,t2_3xn9p1rm,False,False,[],Can’t the border states simply ignore this order just like all the states and cities that are “sanctuary’s”?,,,1611489383,{},gkjijhq,False,t3_l3vuqk,False,True,t3_l3vuqk,/r/Conservative/comments/l3vuqk/joe_biden_issued_an_order_to_immediately_release/gkjijhq/,1611677738,3,True,False,Conservative,t5_2qh6p,,0,[]
[],,Gus_B,,,"[{'e': 'text', 't': 'Downstream From Culture'}]",,Downstream From Culture,dark,richtext,t2_nd3a7,False,False,[],Go fall on your fainting couch you absolute clown. Don’t you get it? They HATE you more than I ever could. I just pity you as a spineless coward.,,,1611489382,{},gkjijci,False,t3_l3sqv0,False,False,t1_gkjhl9h,/r/Conservative/comments/l3sqv0/hypocritical_jeff_bezos_suddenly_doesnt_like/gkjijci/,1611677737,-2,True,False,Conservative,t5_2qh6p,,0,[]
[],,HungryHungryHobo2,,,[],,,,text,t2_1nc6sed,False,False,[],"1) That's an anecdote, and obviously the two highest living cost areas in the country are seeing people leaving to go to areas with lower costs of living, yes.

2) An LGBTQ group that decides to protest at a church isn't ""Democratic legislation""
An executive order that bans trans gendered people from the armed forces however, is a ""Republican legislation""

3) The decision to uphold a private entities freedom to discriminate on who they do business with is a Republican ideal, not a Democrat one. If Democrats made the calls, people wouldn't be allowed to discriminate based on things like race... Remember when Trump over-turned the laws that prevented that kind of discrimination?

4) Again, Russia did interfere with the election, they did in 2020 too. Saying that isn't ""attacking another country""... 
However saying that China intentionally gave Covid to the US as a weapon, or that China is subverting democracy by working with the ""deep state"" or saying that China is trying to destroy the country, or saying China... Do you see where I'm going with this?

Russia DID interfere with elections, they do it all the time. Pointing out a thing that happened isn't the same as saying shit like ""global warming is a hoax perpetuated by China to destroy America"", or any o the other thousands of disgusting things Trump alone has said, never mind any other Republican.",,,1611489377,{},gkjiipc,False,t3_l3ng7p,False,True,t1_gkjgq7z,/r/Conservative/comments/l3ng7p/tulsi_gabbard_domestic_terrorism_bill_is_a/gkjiipc/,1611677730,1,True,False,Conservative,t5_2qh6p,,0,[]
[],,5teini,,,[],,,,text,t2_eyq0f,False,False,[],This is a state matter. It has nothing to do with federal government. It's just being made to look that way to fool people like you.,,,1611489371,{},gkjihyr,False,t3_l3lfng,False,False,t1_gkgynxg,/r/Conservative/comments/l3lfng/indoor_dining_gets_ok_in_big_cities_just_after/gkjihyr/,1611677723,2,True,False,Conservative,t5_2qh6p,,0,[]
[],,fenringsfavor,,,"[{'e': 'text', 't': 'Moderate Conservative'}]",,Moderate Conservative,dark,richtext,t2_s54ze,False,False,[],"Does that poll mean they want the US to invade Central America? Like, how else do we stop people in another country walking to our country?

Edit: NVM, the end of that sentence is “at the border.”",,,1611489365,{},gkjih5w,False,t3_l3xwzd,False,False,t1_gkjh5fh,/r/Conservative/comments/l3xwzd/poll_majority_of_americans_want_officials_to_stop/gkjih5w/,1611677715,39,True,False,Conservative,t5_2qh6p,,0,[]
[],,BadDaddyAlger,,,[],,,,text,t2_1f6kws32,False,False,[],I've been wondering how to say the past tense of DuckDuckGo like saying you googled something.  DuckDuckWent?,,,1611489363,{},gkjigx7,False,t3_l3rsgz,False,False,t1_gkio3z6,/r/Conservative/comments/l3rsgz/scott_morrison_fires_back_at_google_threat_over/gkjigx7/,1611677712,4,True,False,Conservative,t5_2qh6p,,0,[]
[],,JS1232,,,[],,,,text,t2_5ithnxdf,False,False,[],"That would depend on who was to blame for setting the fire. If it was a conservative, everyone investigates. If it was a Democrat, *crickets*.",,,1611489362,{},gkjigsy,False,t3_l3pyc3,False,False,t1_gkhmasr,/r/Conservative/comments/l3pyc3/dc_residents_get_visits_from_fbi_as_agents_track/gkjigsy/,1611677711,0,True,False,Conservative,t5_2qh6p,,0,[]
[],,workforyourstuff,,,"[{'e': 'text', 't': 'Atheist Conservative'}]",,Atheist Conservative,dark,richtext,t2_3l9wd2ha,False,False,[],"What I’m saying is that for as much as they talked about how terrible Trump’s response to COVID was, you would think he wouldn’t have met (and exceeded) the bar that the democrats set for *themselves.* You say I’m being misleading, meanwhile you’re defending the people who intentionally misled our entire country into believing that the previous administration’s handling of the pandemic, when that administration *exceeded* the benchmarks that democrats claim will be a more effective response. That’s cool and stuff, but I think it’s a little *misleading.*",,,1611489361,{},gkjigrh,False,t3_l329a9,False,False,t1_gkdbhlg,/r/Conservative/comments/l329a9/msnbc_host_admits_trump_wouldve_been_crushed_for/gkjigrh/,1611677711,1,True,False,Conservative,t5_2qh6p,,0,[]
[],,lindssaayyyy,,,[],,,,text,t2_8pq05opv,False,False,[],Like we have said before. Nothing is safe/good unless done by a dem for their own gain.,,,1611489357,{},gkjig6o,False,t3_l3sqv0,False,False,t3_l3sqv0,/r/Conservative/comments/l3sqv0/hypocritical_jeff_bezos_suddenly_doesnt_like/gkjig6o/,1611677705,4,True,False,Conservative,t5_2qh6p,,0,[]
[],,BenevolentBlackbird,,,"[{'e': 'text', 't': ""Don't Tread On Me""}]",,Don't Tread On Me,dark,richtext,t2_3zwiboyb,False,False,[],"When one of these people who are released commits a violent crime, the blood will be squarely on Biden’s hands.",,,1611489347,{},gkjiew5,False,t3_l3vuqk,False,False,t3_l3vuqk,/r/Conservative/comments/l3vuqk/joe_biden_issued_an_order_to_immediately_release/gkjiew5/,1611677691,4,True,False,Conservative,t5_2qh6p,,0,[]
[],,[deleted],,,,,,dark,,,,,[],[removed],,,1611489342,{},gkjiebu,False,t3_l3u1uk,False,True,t1_gki7we6,/r/Conservative/comments/l3u1uk/text_hr1_117th_congress_20212022_for_the_people/gkjiebu/,1611677686,1,True,False,Conservative,t5_2qh6p,,0,[]
[],,[deleted],,,,,,dark,,,,,[],[deleted],,,1611489306,{},gkji9q4,False,t3_l3q9c1,False,False,t1_gkj3g9l,/r/Conservative/comments/l3q9c1/by_repealing_trumps_census_order_on_unauthorized/gkji9q4/,1611677638,1,True,False,Conservative,t5_2qh6p,,0,[]
[],,bear2008,,,[],,,,text,t2_hqtha,False,False,[],"If I call my gang ""Anti-murders"" and go out and murder people...",,,1611489290,{},gkji7oo,False,t3_l3n7h4,False,False,t1_gkjdlfx,/r/Conservative/comments/l3n7h4/twitter_did_nothing_to_stop_antifa_planning/gkji7oo/,1611677617,6,True,False,Conservative,t5_2qh6p,,0,[]
[],,planet_druidia,,Conservative,"[{'e': 'text', 't': 'Conservative'}]",421b644c-8b38-11e1-bc5f-12313d18ad57,Conservative,dark,richtext,t2_19dcq5hs,False,False,[],TDS is real.,,,1611489283,{},gkji6ra,False,t3_l3uer1,False,False,t3_l3uer1,/r/Conservative/comments/l3uer1/why_cant_the_left_let_go_of_trump/gkji6ra/,1611677607,2,True,False,Conservative,t5_2qh6p,,0,[]
[],,DifferentSwing8616,,,[],,,,text,t2_2814gxot,False,False,[],"Its difficult cos voter ID for example, alot of oldies aint got in date ID so you can stop people who died for this country voting in the name of 'security'.

That dont seem right to me",,,1611489257,{},gkji3dg,False,t3_l3o2ns,False,False,t1_gkhcawn,/r/Conservative/comments/l3o2ns/key_advisor_reveals_trumps_postpresidency_plans/gkji3dg/,1611677569,0,True,False,Conservative,t5_2qh6p,,0,[]
[],,tmthysbkr,,Conservative,"[{'e': 'text', 't': 'USAF Conservative'}]",421b644c-8b38-11e1-bc5f-12313d18ad57,USAF Conservative,dark,richtext,t2_5rlsgm43,False,False,[],"I couldn't agree with you more! Ashamed to say that my parents fit into that group... my father drives a fuel truck and delivers heating oil to people...🤔 I wonder what or even how he'll deliver anything if they push through that new green deal!

The sad part... Just like a bunch of drunks ( all Democrats) , I just cannot reason with my own parents at all, it's like I don't even know them... My mother said they would have voted Republican if it just wasn't Trump...🤯🤮

America, I apologize on behalf of my parents for their  fanaticratism",,,1611489237,{},gkji0tf,False,t3_l3wi6z,False,False,t1_gkj3zmy,/r/Conservative/comments/l3wi6z/biden_supporters_begin_to_experience_voters/gkji0tf/,1611677541,49,True,False,Conservative,t5_2qh6p,,0,[]
[],,Reuters-no-bias-lol,,,"[{'e': 'text', 't': 'Principled Conservative'}]",,Principled Conservative,dark,richtext,t2_8p4gml90,False,False,[],"Voting by mail disenfranchises voters. Aka, anything but their way will be racist of course.",,,1611489219,{},gkjhyjk,False,t3_l3oq63,False,False,t1_gkiabpo,/r/Conservative/comments/l3oq63/amazon_demands_inperson_union_vote_after_arguing/gkjhyjk/,1611677517,20,True,False,Conservative,t5_2qh6p,,0,[]
"[{'award_sub_type': 'GLOBAL', 'award_type': 'global', 'awardings_required_to_grant_benefits': None, 'coin_price': 100, 'coin_reward': 0, 'count': 1, 'days_of_drip_extension': 0, 'days_of_premium': 0, 'description': ""Shows the Silver Award... and that's it."", 'end_date': None, 'giver_coin_reward': None, 'icon_format': None, 'icon_height': 512, 'icon_url': 'https://www.redditstatic.com/gold/awards/icon/silver_512.png', 'icon_width': 512, 'id': 'gid_1', 'is_enabled': True, 'is_new': False, 'name': 'Silver', 'penny_donate': None, 'penny_price': None, 'resized_icons': [{'height': 16, 'url': 'https://www.redditstatic.com/gold/awards/icon/silver_16.png', 'width': 16}, {'height': 32, 'url': 'https://www.redditstatic.com/gold/awards/icon/silver_32.png', 'width': 32}, {'height': 48, 'url': 'https://www.redditstatic.com/gold/awards/icon/silver_48.png', 'width': 48}, {'height': 64, 'url': 'https://www.redditstatic.com/gold/awards/icon/silver_64.png', 'width': 64}, {'height': 128, 'url': 'https://www.redditstatic.com/gold/awards/icon/silver_128.png', 'width': 128}], 'resized_static_icons': [{'height': 16, 'url': 'https://www.redditstatic.com/gold/awards/icon/silver_16.png', 'width': 16}, {'height': 32, 'url': 'https://www.redditstatic.com/gold/awards/icon/silver_32.png', 'width': 32}, {'height': 48, 'url': 'https://www.redditstatic.com/gold/awards/icon/silver_48.png', 'width': 48}, {'height': 64, 'url': 'https://www.redditstatic.com/gold/awards/icon/silver_64.png', 'width': 64}, {'height': 128, 'url': 'https://www.redditstatic.com/gold/awards/icon/silver_128.png', 'width': 128}], 'start_date': None, 'static_icon_height': 512, 'static_icon_url': 'https://www.redditstatic.com/gold/awards/icon/silver_512.png', 'static_icon_width': 512, 'subreddit_coin_reward': 0, 'subreddit_id': None, 'tiers_by_required_awardings': None}]",,StognaBolagna,,,[],,,,text,t2_83o2x0n1,False,False,[],"Except the Republican parts actually documents their cheating, it’s called gerrymandering, and theRepublicans  mathematically could never win Florida again, if the districts were redrawn accurately.  Florida is so ratfucked that it’s almost an automatic republican win. Mix in that and disenfranchised voters, and I’m starting to think this whole idea of cheating in elections is just the Republican s projecting.",,,1611489215,{'gid_1': 1},gkjhy2s,False,t3_l3q9c1,False,False,t1_gkicfk8,/r/Conservative/comments/l3q9c1/by_repealing_trumps_census_order_on_unauthorized/gkjhy2s/,1611677512,-1,True,False,Conservative,t5_2qh6p,,1,[]
[],,fenringsfavor,,,"[{'e': 'text', 't': 'Moderate Conservative'}]",,Moderate Conservative,dark,richtext,t2_s54ze,False,False,[],"I mean, this is the shit that happens when we don’t pass immigration laws. Trump’s executive orders are his legacy’s achilles heal.",,,1611489213,{},gkjhxqr,False,t3_l3xxcc,False,False,t1_gkjgfuc,/r/Conservative/comments/l3xxcc/biden_orders_ice_to_flood_streets_with_illegal/gkjhxqr/,1611677509,10,True,False,Conservative,t5_2qh6p,,0,[]
[],,BenevolentBlackbird,,,"[{'e': 'text', 't': ""Don't Tread On Me""}]",,Don't Tread On Me,dark,richtext,t2_3zwiboyb,False,False,[],Poll: Biden administration doesn’t give two shits what the majority of Americans want.,,,1611489182,{},gkjhtvt,False,t3_l3xwzd,False,False,t3_l3xwzd,/r/Conservative/comments/l3xwzd/poll_majority_of_americans_want_officials_to_stop/gkjhtvt/,1611677469,242,True,False,Conservative,t5_2qh6p,,0,[]
[],,[deleted],,,,,,dark,,,,,[],[removed],,,1611489158,{},gkjhr8a,False,t3_l3qb7m,False,True,t1_gkhovu2,/r/Conservative/comments/l3qb7m/arizona_republicans_censure_cindy_mccain_gop/gkjhr8a/,1611677441,1,True,False,Conservative,t5_2qh6p,,0,[]
[],,icantridehorse,,,[],,,,text,t2_5k8jngk4,False,False,[],ANTIFA ISN'T AN ORGANISATION,,,1611489157,{},gkjhr5t,False,t3_l3kt0m,False,False,t3_l3kt0m,/r/Conservative/comments/l3kt0m/black_journalist_likens_blm_antifa_to_kkk/gkjhr5t/,1611677440,-2,True,False,Conservative,t5_2qh6p,,0,[]
[],,planet_druidia,,Conservative,"[{'e': 'text', 't': 'Conservative'}]",421b644c-8b38-11e1-bc5f-12313d18ad57,Conservative,dark,richtext,t2_19dcq5hs,False,False,[],I haven’t watched Fox in months.,,,1611489153,{},gkjhqp6,False,t3_l3we9g,False,False,t1_gkj7snr,/r/Conservative/comments/l3we9g/should_fox_news_be_allowed_to_exist_libs_waste_no/gkjhqp6/,1611677435,6,True,False,Conservative,t5_2qh6p,,0,[]
[],,Isabela_Grace,,,"[{'e': 'text', 't': 'Conservative'}]",,Conservative,dark,richtext,t2_5140d1px,False,False,[],Who?,,,1611489141,{},gkjhpda,False,t3_l3uer1,False,True,t1_gkjadon,/r/Conservative/comments/l3uer1/why_cant_the_left_let_go_of_trump/gkjhpda/,1611677420,2,True,False,Conservative,t5_2qh6p,,0,[]
[],,[deleted],,,,,,dark,,,,,[],[removed],,,1611489111,{},gkjhn61,False,t3_l3mtfq,False,True,t1_gkhbfqq,/r/Conservative/comments/l3mtfq/rand_paul_are_they_going_to_impeach_bernie/gkjhn61/,1611677389,1,True,False,Conservative,t5_2qh6p,,0,[]
[],,TooOldToTell,,,"[{'e': 'text', 't': 'Jewish Conservative'}]",,Jewish Conservative,dark,richtext,t2_8jq5e,False,False,[],"Pedophiles - ""all""?  No, of course not.  ""Most""?  Absolutely.  Pedophilia (according to most Democrats ) is a ""sexual preference"" like enjoying big boobs or Asians, and shouldn't be questioned.   

Sex Trafficking - ""all""?  Absolutely.  One of the things the Democrat party absolutely HATED about Donald Trump was how he was cracking down on sex trafficking particularly at the Southern border.

Domestic Terrorism - ""all""? 99.9% I'd say.  Look no further than most any Democrat run city over the last year, including since the installation of China Joe and Heels Up.  CJ and HU STILL haven't mentioned their constituent rioting.  I remember HU actually suupporting and encouraging the rioting on the Cobert Show.  If you have Internet access, you can watch the video.",,,1611489110,{},gkjhn4t,False,t3_l3n7h4,False,False,t1_gkj3q7v,/r/Conservative/comments/l3n7h4/twitter_did_nothing_to_stop_antifa_planning/gkjhn4t/,1611677389,-8,True,False,Conservative,t5_2qh6p,,0,[]
[],,StrathfieldGap,,,[],,,,text,t2_3mp5pzpw,False,False,[],Thanks. Your comment is not very insightful.,,,1611489097,{},gkjhmby,False,t3_l2p78m,False,True,t1_gkelule,/r/Conservative/comments/l2p78m/i_dont_want_my_kids_to_grow_up_in_a_racial_jungle/gkjhmby/,1611677375,1,True,False,Conservative,t5_2qh6p,,0,[]
[],,[deleted],,,,,,dark,,,,,[],[removed],,,1611489096,{},gkjhma5,False,t3_l3cjp6,False,True,t1_gkg8pfn,/r/Conservative/comments/l3cjp6/mitch_mcconnell_needs_to_go/gkjhma5/,1611677374,1,True,False,Conservative,t5_2qh6p,,0,[]
"[{'award_sub_type': 'GLOBAL', 'award_type': 'global', 'awardings_required_to_grant_benefits': None, 'coin_price': 50, 'coin_reward': 0, 'count': 1, 'days_of_drip_extension': 0, 'days_of_premium': 0, 'description': 'Listen, get educated, and get involved.', 'end_date': None, 'giver_coin_reward': 0, 'icon_format': 'PNG', 'icon_height': 2048, 'icon_url': 'https://i.redd.it/award_images/t5_22cerq/5nswjpyy44551_Ally.png', 'icon_width': 2048, 'id': 'award_69c94eb4-d6a3-48e7-9cf2-0f39fed8b87c', 'is_enabled': True, 'is_new': False, 'name': 'Ally', 'penny_donate': 0, 'penny_price': 0, 'resized_icons': [{'height': 16, 'url': 'https://preview.redd.it/award_images/t5_22cerq/5nswjpyy44551_Ally.png?width=16&amp;height=16&amp;auto=webp&amp;s=bb033b3352b6ece0954d279a56f99e16c67abe14', 'width': 16}, {'height': 32, 'url': 'https://preview.redd.it/award_images/t5_22cerq/5nswjpyy44551_Ally.png?width=32&amp;height=32&amp;auto=webp&amp;s=a8e1d0c2994e6e0b254fab1611d539a4fb94e38a', 'width': 32}, {'height': 48, 'url': 'https://preview.redd.it/award_images/t5_22cerq/5nswjpyy44551_Ally.png?width=48&amp;height=48&amp;auto=webp&amp;s=723e4e932c9692ac61cf5b7509424c6ae1b5d220', 'width': 48}, {'height': 64, 'url': 'https://preview.redd.it/award_images/t5_22cerq/5nswjpyy44551_Ally.png?width=64&amp;height=64&amp;auto=webp&amp;s=b7f0640e403ac0ef31236a4a0b7f3dc25de6046c', 'width': 64}, {'height': 128, 'url': 'https://preview.redd.it/award_images/t5_22cerq/5nswjpyy44551_Ally.png?width=128&amp;height=128&amp;auto=webp&amp;s=ac954bb1a06af66bf9295bbfee4550443fb6f21d', 'width': 128}], 'resized_static_icons': [{'height': 16, 'url': 'https://preview.redd.it/award_images/t5_22cerq/5nswjpyy44551_Ally.png?width=16&amp;height=16&amp;auto=webp&amp;s=bb033b3352b6ece0954d279a56f99e16c67abe14', 'width': 16}, {'height': 32, 'url': 'https://preview.redd.it/award_images/t5_22cerq/5nswjpyy44551_Ally.png?width=32&amp;height=32&amp;auto=webp&amp;s=a8e1d0c2994e6e0b254fab1611d539a4fb94e38a', 'width': 32}, {'height': 48, 'url': 'https://preview.redd.it/award_images/t5_22cerq/5nswjpyy44551_Ally.png?width=48&amp;height=48&amp;auto=webp&amp;s=723e4e932c9692ac61cf5b7509424c6ae1b5d220', 'width': 48}, {'height': 64, 'url': 'https://preview.redd.it/award_images/t5_22cerq/5nswjpyy44551_Ally.png?width=64&amp;height=64&amp;auto=webp&amp;s=b7f0640e403ac0ef31236a4a0b7f3dc25de6046c', 'width': 64}, {'height': 128, 'url': 'https://preview.redd.it/award_images/t5_22cerq/5nswjpyy44551_Ally.png?width=128&amp;height=128&amp;auto=webp&amp;s=ac954bb1a06af66bf9295bbfee4550443fb6f21d', 'width': 128}], 'start_date': None, 'static_icon_height': 2048, 'static_icon_url': 'https://i.redd.it/award_images/t5_22cerq/5nswjpyy44551_Ally.png', 'static_icon_width': 2048, 'subreddit_coin_reward': 0, 'subreddit_id': None, 'tiers_by_required_awardings': None}]",,RosselWestbrook,,Conservative,"[{'e': 'text', 't': 'Always Right'}]",421b644c-8b38-11e1-bc5f-12313d18ad57,Always Right,dark,richtext,t2_33e0tdj0,False,False,[],"D - “Minorities deserve rights.”

R - “You’re right, they absolutely do. But they don’t deserve special treatment or handouts”


D - “People deserve healthcare.”

R - “Free healthcare would be an amazing thing. But considering how far the economy is in debt I don’t think we can sustain it for the entire population. We should focus on our economy so that free healthcare can be an attainable goal for the future.”


D - “Illegal immigrants are human and deserve fair treatment”

R - “Illegal immigrants should not be in this country. It’s unfortunate yes but we cannot allow non-taxpayers to come and go in America as they please. It’s not fair to the rest of us. We should make the process to citizenship more easy and attainable so that immigrants are more incentivized to do so. But we should not let them come illegally.”


D - “Corporations are too powerful and need to be regulated and taxed more”

R - “We should have limitations that prevent monopolies, and then let the opportunistic succeed. All people and businesses should be taxed at the same rate, or else it is unfair and unequal.”

 
Don’t hone in on the radical right. We’re not so different.",,,1611489085,{},gkjhlne,False,t3_l3ng7p,False,False,t1_gkiy0r1,/r/Conservative/comments/l3ng7p/tulsi_gabbard_domestic_terrorism_bill_is_a/gkjhlne/,1611677363,23,True,False,Conservative,t5_2qh6p,,1,[]
[],,[deleted],,,,,,dark,,,,,[],[removed],,,1611489076,{},gkjhl9h,False,t3_l3sqv0,False,True,t1_gkjft7p,/r/Conservative/comments/l3sqv0/hypocritical_jeff_bezos_suddenly_doesnt_like/gkjhl9h/,1611677357,2,True,False,Conservative,t5_2qh6p,,0,[]
[],,DanReach,,,"[{'e': 'text', 't': 'Constitutional Conservative'}]",,Constitutional Conservative,dark,richtext,t2_6nrqf,False,False,[],So Joe can hammer this topic in every debate and make huge promises but we can't call him out for having nothing new when he Magoo's his way to a microphone? Nice.,,,1611489075,{},gkjhl80,False,t3_l3kotk,False,True,t1_gkg31qq,/r/Conservative/comments/l3kotk/biden_nothing_we_can_do_to_change_trajectory_of/gkjhl80/,1611677356,1,True,False,Conservative,t5_2qh6p,,0,[]
[],,duuudewhat,,,[],,,,text,t2_mtqhw2m,False,False,[],I’m kinda curious what her positions are now. Like how she feels about 2a and stuff and if she’s willing to change a little bit,,,1611489056,{},gkjhkje,False,t3_l3ng7p,False,False,t1_gkjhikt,/r/Conservative/comments/l3ng7p/tulsi_gabbard_domestic_terrorism_bill_is_a/gkjhkje/,1611677343,6,True,False,Conservative,t5_2qh6p,,0,[]
[],,[deleted],,,,,,dark,,,,,[],[removed],,,1611489046,{},gkjhk6u,False,t3_l3cjp6,False,True,t1_gkfl8ys,/r/Conservative/comments/l3cjp6/mitch_mcconnell_needs_to_go/gkjhk6u/,1611677335,1,True,False,Conservative,t5_2qh6p,,0,[]
[],,planet_druidia,,Conservative,"[{'e': 'text', 't': 'Conservative'}]",421b644c-8b38-11e1-bc5f-12313d18ad57,Conservative,dark,richtext,t2_19dcq5hs,False,False,[],"I believe the takeaway here is that Biden has spent his entire life in politics.  Therefore, his fancy watch was made possible by his career, *working as a public servant.*.  And getting rich from it.  

Trump was rich for decades before ever entering the Oval Office, and no doubt owned many luxurious items because he had a career as a private citizen - NOT working for the taxpaying public. He didn’t even accept a paycheck in his 4 years as President.  I’m sure we won’t be able to say that about Biden.",,,1611489015,{},gkjhj1n,False,t3_l3wgkl,False,False,t1_gkjbc5h,/r/Conservative/comments/l3wgkl/libs_angrily_turn_on_nyt_after_it_publishes_story/gkjhj1n/,1611677313,23,True,False,Conservative,t5_2qh6p,,0,[]
[],,kliMaqs,,,[],,,,text,t2_1ewweorb,False,False,[],I would vote for her in a heartbeat if she had a more conservative platform.,,,1611489002,{},gkjhikt,False,t3_l3ng7p,False,False,t1_gkjh3bv,/r/Conservative/comments/l3ng7p/tulsi_gabbard_domestic_terrorism_bill_is_a/gkjhikt/,1611677304,23,True,False,Conservative,t5_2qh6p,,0,[]
[],,[deleted],,,,,,dark,,,,,[],[removed],,,1611488998,{},gkjhiez,False,t3_l3sqv0,False,True,t1_gkjej7d,/r/Conservative/comments/l3sqv0/hypocritical_jeff_bezos_suddenly_doesnt_like/gkjhiez/,1611677301,1,True,False,Conservative,t5_2qh6p,,0,[]
[],,Ketima,,,[],,,,text,t2_n4v57,False,False,[],"
&gt;Did people honestly believe covid would magically disappear after Biden got sworn in?

Some lunatics really hoped so because if that became they'd be able to go all ""See, I said the virus was a hoax"".",,,1611488996,{},gkjhicn,False,t3_l3j7fw,False,False,t1_gkic23v,/r/Conservative/comments/l3j7fw/in_a_completely_unexpected_development_biden/gkjhicn/,1611677300,10,True,False,Conservative,t5_2qh6p,,0,[]
[],,tyler-86,,,[],,,,text,t2_1520vp,False,False,[],Are you guys fucking serious? You've picked now to start caring about important lies? What about the two straight months of claims of election fraud? That wasn't a betrayal of the American people?,,,1611488981,{},gkjhhts,False,t3_l3j7fw,False,True,t1_gki116u,/r/Conservative/comments/l3j7fw/in_a_completely_unexpected_development_biden/gkjhhts/,1611677290,1,True,False,Conservative,t5_2qh6p,,0,[]
[],,Isabela_Grace,,,"[{'e': 'text', 't': 'Conservative'}]",,Conservative,dark,richtext,t2_5140d1px,False,False,[],I see nothing that can go wrong with this.,,,1611488976,{},gkjhhnt,False,t3_l3xxcc,False,False,t3_l3xxcc,/r/Conservative/comments/l3xxcc/biden_orders_ice_to_flood_streets_with_illegal/gkjhhnt/,1611677287,7,True,False,Conservative,t5_2qh6p,,0,[]
