all_awardings,associated_award,author,author_flair_background_color,author_flair_css_class,author_flair_template_id,author_flair_text,author_flair_text_color,awarders,body,collapsed_because_crowd_control,comment_type,created_utc,gildings,id,is_submitter,link_id,locked,no_follow,parent_id,permalink,retrieved_on,score,send_replies,stickied,subreddit,subreddit_id,top_awarded_type,total_awards_received,treatment_tags,author_flair_richtext,author_flair_type,author_fullname,author_patreon_flair,author_premium
[],,[deleted],,,,,dark,[],[removed],,,1623222711,{},h14k3l6,False,t3_nvczhp,False,True,t3_nvczhp,/r/Conservative/comments/nvczhp/true/h14k3l6/,1623416843,1,True,False,Conservative,t5_2qh6p,,0,[],,,,,
[],,frontyer0077,,Conservative,421b644c-8b38-11e1-bc5f-12313d18ad57,Conservative,dark,[],"She sure was, I agree. Which was kind of my point too, just that she put herself in that situation by her own.",,,1623222683,{},h14k2eh,False,t3_nvfvps,False,False,t1_h14iqqm,/r/Conservative/comments/nvfvps/walsh_i_raised_100k_to_fix_aocs_abuelas_home_the/h14k2eh/,1623416820,8,True,False,Conservative,t5_2qh6p,,0,[],"[{'e': 'text', 't': 'Conservative'}]",richtext,t2_111cuwp6,False,False
[],,Njaa,,,,,,[],He's not,,,1623222645,{},h14k0u7,False,t3_nvjl9u,False,True,t1_h14g0nv,/r/Conservative/comments/nvjl9u/all_fauxis_emails/h14k0u7/,1623416790,1,True,False,Conservative,t5_2qh6p,,0,[],[],text,t2_4005i,False,False
[],,patriot_man69420,,,,,,[],"Where do you think they vaccinate you? In the fucking backroom? No, they do it in the fucking pharmacy area, with all of the medicine, or so I'm told",,,1623222643,{},h14k0qe,False,t3_nvk6nj,False,True,t1_h14jrho,/r/Conservative/comments/nvk6nj/republicans_propose_vaccinationbymail_program/h14k0qe/,1623416787,-10,True,False,Conservative,t5_2qh6p,,0,[],[],text,t2_5mm8sxpg,False,False
[],,[deleted],,,,,dark,[],[removed],,,1623222564,{},h14jxhp,False,t3_nvlbx1,False,True,t1_h13y0xq,/r/Conservative/comments/nvlbx1/mcdonalds_is_testing_voice_automated_drivethrus/h14jxhp/,1623416726,1,True,False,Conservative,t5_2qh6p,,0,[],,,,,
[],,dodgyasfuck,,Conservative,421b644c-8b38-11e1-bc5f-12313d18ad57,Conservative,dark,[],"They require photo IDs where, to get into their buildings?",,,1623222560,{},h14jxbu,False,t3_nvk8d6,False,False,t1_h14g3p4,/r/Conservative/comments/nvk8d6/plaintiff_says_up_to_20000_probably_false_ballots/h14jxbu/,1623416722,8,True,False,Conservative,t5_2qh6p,,0,[],"[{'e': 'text', 't': 'Conservative'}]",richtext,t2_guc7b,False,False
[],,HighCaliberMitch,,,,41.7% Right,dark,[],"Having served in the marine corps, in and around air bases, I can tell you that they are a uniform, like camouflage utilities are for the non air units... which also have a maternity version.

Enlisted crewmen wear flight suits too... and they can't be pilots anyways.",,,1623222552,{},h14jwzm,False,t3_numzyb,False,True,t1_h12g7of,/r/Conservative/comments/numzyb/navy_quietly_rolls_out_first_maternity_flight/h14jwzm/,1623416716,0,True,False,Conservative,t5_2qh6p,,0,[],"[{'e': 'text', 't': '41.7% Right'}]",richtext,t2_24efetwj,False,False
"[{'award_sub_type': 'GLOBAL', 'award_type': 'global', 'awardings_required_to_grant_benefits': None, 'coin_price': 150, 'coin_reward': 0, 'count': 1, 'days_of_drip_extension': 0, 'days_of_premium': 0, 'description': 'Thank you stranger. Shows the award.', 'end_date': None, 'giver_coin_reward': None, 'icon_format': None, 'icon_height': 2048, 'icon_url': 'https://i.redd.it/award_images/t5_22cerq/klvxk1wggfd41_Helpful.png', 'icon_width': 2048, 'id': 'award_f44611f1-b89e-46dc-97fe-892280b13b82', 'is_enabled': True, 'is_new': False, 'name': 'Helpful', 'penny_donate': None, 'penny_price': None, 'resized_icons': [{'height': 16, 'url': 'https://preview.redd.it/award_images/t5_22cerq/klvxk1wggfd41_Helpful.png?width=16&amp;height=16&amp;auto=webp&amp;s=a5662dfbdb402bf67866c050aa76c31c147c2f45', 'width': 16}, {'height': 32, 'url': 'https://preview.redd.it/award_images/t5_22cerq/klvxk1wggfd41_Helpful.png?width=32&amp;height=32&amp;auto=webp&amp;s=a6882eb3f380e8e88009789f4d0072e17b8c59f1', 'width': 32}, {'height': 48, 'url': 'https://preview.redd.it/award_images/t5_22cerq/klvxk1wggfd41_Helpful.png?width=48&amp;height=48&amp;auto=webp&amp;s=e50064b090879e8a0b55e433f6ee61d5cb5fbe1d', 'width': 48}, {'height': 64, 'url': 'https://preview.redd.it/award_images/t5_22cerq/klvxk1wggfd41_Helpful.png?width=64&amp;height=64&amp;auto=webp&amp;s=8e5bb2e76683cb6b161830bcdd9642049d6adc11', 'width': 64}, {'height': 128, 'url': 'https://preview.redd.it/award_images/t5_22cerq/klvxk1wggfd41_Helpful.png?width=128&amp;height=128&amp;auto=webp&amp;s=eda4a9246f95f42ee6940cc0ec65306fd20de878', 'width': 128}], 'resized_static_icons': [{'height': 16, 'url': 'https://preview.redd.it/award_images/t5_22cerq/klvxk1wggfd41_Helpful.png?width=16&amp;height=16&amp;auto=webp&amp;s=a5662dfbdb402bf67866c050aa76c31c147c2f45', 'width': 16}, {'height': 32, 'url': 'https://preview.redd.it/award_images/t5_22cerq/klvxk1wggfd41_Helpful.png?width=32&amp;height=32&amp;auto=webp&amp;s=a6882eb3f380e8e88009789f4d0072e17b8c59f1', 'width': 32}, {'height': 48, 'url': 'https://preview.redd.it/award_images/t5_22cerq/klvxk1wggfd41_Helpful.png?width=48&amp;height=48&amp;auto=webp&amp;s=e50064b090879e8a0b55e433f6ee61d5cb5fbe1d', 'width': 48}, {'height': 64, 'url': 'https://preview.redd.it/award_images/t5_22cerq/klvxk1wggfd41_Helpful.png?width=64&amp;height=64&amp;auto=webp&amp;s=8e5bb2e76683cb6b161830bcdd9642049d6adc11', 'width': 64}, {'height': 128, 'url': 'https://preview.redd.it/award_images/t5_22cerq/klvxk1wggfd41_Helpful.png?width=128&amp;height=128&amp;auto=webp&amp;s=eda4a9246f95f42ee6940cc0ec65306fd20de878', 'width': 128}], 'start_date': None, 'static_icon_height': 2048, 'static_icon_url': 'https://i.redd.it/award_images/t5_22cerq/klvxk1wggfd41_Helpful.png', 'static_icon_width': 2048, 'subreddit_coin_reward': 0, 'subreddit_id': None, 'tiers_by_required_awardings': None}]",,thepellow,,,,,,[],"I love the idea that they’re doing it because of proposed wage changes like they wouldn’t want to cut any level of wages. Big businesses are not your friend as much as they pretend in their adverts, they are cold profit making machines that will say and do anything to make more money.",,,1623222499,{},h14jusn,False,t3_nvlbx1,False,False,t1_h13xyu1,/r/Conservative/comments/nvlbx1/mcdonalds_is_testing_voice_automated_drivethrus/h14jusn/,1623416673,150,True,False,Conservative,t5_2qh6p,,1,[],[],text,t2_718ld,False,False
[],,umopapsidn,,,,2A,dark,[],A buzzword parroted by those with a room temp IQ,,,1623222483,{},h14ju1z,False,t3_nvlbx1,False,False,t1_h14igr5,/r/Conservative/comments/nvlbx1/mcdonalds_is_testing_voice_automated_drivethrus/h14ju1z/,1623416658,5,True,False,Conservative,t5_2qh6p,,0,[],"[{'e': 'text', 't': '2A'}]",richtext,t2_7eze9,False,False
[],,[deleted],,,,,dark,[],[removed],,,1623222468,{},h14jtfs,False,t3_nvdaqw,False,True,t1_h12y7hi,/r/Conservative/comments/nvdaqw/hunter_biden_used_the_nword_multiple_times_text/h14jtfs/,1623416648,1,True,False,Conservative,t5_2qh6p,,0,[],,,,,
[],,James2912,,,,Libertarian Conservative,dark,[],Found the DNC shill.,,,1623222432,{},h14jrv0,False,t3_nvdh6l,False,False,t1_h13t4th,/r/Conservative/comments/nvdh6l/daily_mail_laptop_reveals_hunter_biden_used_nword/h14jrv0/,1623416616,-5,True,False,Conservative,t5_2qh6p,,0,[],"[{'e': 'text', 't': 'Libertarian Conservative'}]",richtext,t2_nhtfo,False,False
[],,NotWokeNorBroke,,,,,,[],"Are all you guys who are against abortion vegans or meat eaters?

Hmm.",,,1623222429,{},h14jrrf,False,t3_nvlmu6,False,True,t3_nvlmu6,/r/Conservative/comments/nvlmu6/texas_city_becomes_30th_to_ban_abortion_declares/h14jrrf/,1623416614,-14,True,False,Conservative,t5_2qh6p,,0,[],[],text,t2_aaqqjg7p,False,False
[],,Hugh_Djik,,,,,,[],"Right, I’m sure the snack isle of my local CVS is 99.99% sterile.",,,1623222424,{},h14jrho,False,t3_nvk6nj,False,False,t1_h14fo6t,/r/Conservative/comments/nvk6nj/republicans_propose_vaccinationbymail_program/h14jrho/,1623416608,19,True,False,Conservative,t5_2qh6p,,0,[],[],text,t2_8a4mlgmr,False,False
[],,[deleted],,,,,dark,[],[removed],,,1623222400,{},h14jqi9,False,t3_nv4vj6,False,True,t3_nv4vj6,/r/Conservative/comments/nv4vj6/the_most_lethal_threat/h14jqi9/,1623416588,1,True,False,Conservative,t5_2qh6p,,0,[],,,,,
[],,[deleted],,,,,dark,[],[removed],,,1623222390,{},h14jq2c,False,t3_nvdaqw,False,True,t3_nvdaqw,/r/Conservative/comments/nvdaqw/hunter_biden_used_the_nword_multiple_times_text/h14jq2c/,1623416581,1,True,False,Conservative,t5_2qh6p,,0,[],,,,,
[],,KoffinStuffer,,,,,,[],"We have no idea how large the universe is. It could very well be finite. And that still wouldn’t have any bearing on a utopian society, especially when we’re arguing on something that we fundamentally agree on: utopia is impossible. Any perfection is impossible. There is no perfect chair. But you can build a chair that fits most people most comfortably.",,,1623222388,{},h14jq02,False,t3_nvlbx1,False,False,t1_h14ifsq,/r/Conservative/comments/nvlbx1/mcdonalds_is_testing_voice_automated_drivethrus/h14jq02/,1623416579,1,True,False,Conservative,t5_2qh6p,,0,[],[],text,t2_e0vy2,False,False
[],,Clamdoodle,,,,Conservative,dark,[],And largely conservative.,,,1623222377,{},h14jpkh,False,t3_nvauee,False,True,t1_h139wj0,/r/Conservative/comments/nvauee/poll_americans_overwhelmingly_oppose_teaching/h14jpkh/,1623416572,1,True,False,Conservative,t5_2qh6p,,0,[],"[{'e': 'text', 't': 'Conservative'}]",richtext,t2_a3gvs,False,False
[],,darkmako,,,,,,[],Obama serves Satan,,,1623222368,{},h14jp4x,False,t3_nvo5a0,False,False,t3_nvo5a0,/r/Conservative/comments/nvo5a0/barack_obama_warns_republicans_will_kill_us/h14jp4x/,1623416565,9,True,False,Conservative,t5_2qh6p,,0,[],[],text,t2_41pb6gd0,False,False
[],,Wesdawg1241,,,,Constitutional Conservative,dark,[],"Donald Trump was frequently cringe to watch and listen to, but this is on another level. Any time Kamala is pressed hard on something, her coping mechanism is to laugh. It's really creepy and the interviewer just sits there not laughing or smiling. So weird.",,,1623222357,{},h14jon0,False,t3_nvfpoi,False,False,t3_nvfpoi,/r/Conservative/comments/nvfpoi/kamala_harris_falsely_claims_weve_been_to_the/h14jon0/,1623416556,2,True,False,Conservative,t5_2qh6p,,0,[],"[{'e': 'text', 't': 'Constitutional Conservative'}]",richtext,t2_10iuq2,False,False
[],,Flowers1966,,,,Independent Conservative,dark,[],"That is no journalist, just a Democratic apologist.",,,1623222351,{},h14jocc,False,t3_nvkfng,False,False,t3_nvkfng,/r/Conservative/comments/nvkfng/journalist_in_mexico_tells_vp_kamala_harris_its/h14jocc/,1623416551,18,True,False,Conservative,t5_2qh6p,,0,[],"[{'e': 'text', 't': 'Independent Conservative'}]",richtext,t2_6z9vr07t,False,False
[],,Andreklooster,,,,,,[],"If that is the case, I was mis-informed. I am man enough to admit this ..

But out of curiousity, how do you explain the blind man part?",,,1623222308,{},h14jmgs,False,t3_nvg6qp,False,True,t1_h14hhvt,/r/Conservative/comments/nvg6qp/daily_mail_laptop_reveals_hunter_biden_used_nword/h14jmgs/,1623416514,0,True,False,Conservative,t5_2qh6p,,0,[],[],text,t2_4j44pxs5,False,False
[],,charlesfire,,,,,,[],"&gt;Unless they keep that stuff on it's own network separate from the internet, but I imagine the lazy remote option will win out.

Management will want to know when supplies are low or when something breaks. Also, internet connection is the easiest way to get orders. Just make people install an app, place an order and voila!",,,1623222292,{},h14jlt8,False,t3_nvlbx1,False,False,t1_h14bova,/r/Conservative/comments/nvlbx1/mcdonalds_is_testing_voice_automated_drivethrus/h14jlt8/,1623416500,4,True,False,Conservative,t5_2qh6p,,0,[],[],text,t2_smplk,False,False
[],,M1CAE1,,,,,,[],I meant right as in correct sorry,,,1623222283,{},h14jlf2,False,t3_nvgqqa,False,True,t1_h138njf,/r/Conservative/comments/nvgqqa/obama_says_cancel_culture_has_gone_overboard_stop/h14jlf2/,1623416493,1,True,False,Conservative,t5_2qh6p,,0,[],[],text,t2_27crmdeh,False,False
[],,James2912,,,,Libertarian Conservative,dark,[],Or when he said that Dad wants Beau's cheese pizza but Hunter doesn't want to give it to him and that it's his cheese pizza.,,,1623222281,{},h14jlcj,False,t3_nvdh6l,False,False,t1_h12n5ld,/r/Conservative/comments/nvdh6l/daily_mail_laptop_reveals_hunter_biden_used_nword/h14jlcj/,1623416492,6,True,False,Conservative,t5_2qh6p,,0,[],"[{'e': 'text', 't': 'Libertarian Conservative'}]",richtext,t2_nhtfo,False,False
[],,Flowers1966,,,,Independent Conservative,dark,[],"When she bent over, I imagine Democrats ran in the opposite direction.",,,1623222247,{},h14jju8,False,t3_nvgv1x,False,True,t3_nvgv1x,/r/Conservative/comments/nvgv1x/democrat_mocks_dan_crenshaws_eyesight_gets/h14jju8/,1623416464,1,True,False,Conservative,t5_2qh6p,,0,[],"[{'e': 'text', 't': 'Independent Conservative'}]",richtext,t2_6z9vr07t,False,False
[],,JustaDodo82,,,,,,[],I only caught a small bit of the interview. What I saw was not a good look. She looked uncomfortable and her answers were terrible and seemed unprepared. It was like she got upset when Lester Holt asked a follow up question and blurted out she had never been to Europe. Like wtf?,,,1623222237,{},h14jjdd,False,t3_nve5am,False,False,t1_h13txeg,/r/Conservative/comments/nve5am/kamala_harris_slammed_for_cringe_response_to/h14jjdd/,1623416455,9,True,False,Conservative,t5_2qh6p,,0,[],[],text,t2_kpxtye8,False,False
[],,[deleted],,,,,dark,[],[removed],,,1623222221,{},h14jiod,False,t3_nvdaqw,False,True,t3_nvdaqw,/r/Conservative/comments/nvdaqw/hunter_biden_used_the_nword_multiple_times_text/h14jiod/,1623416438,1,True,False,Conservative,t5_2qh6p,,0,[],,,,,
[],,Longbobjohnson,,,,,,[],"Yeah, it's not good.",,,1623222221,{},h14jint,False,t3_nvbz47,False,True,t1_h13aq7d,/r/Conservative/comments/nvbz47/boebert_takes_cardboard_cutout_of_kamala_harris/h14jint/,1623416438,1,True,False,Conservative,t5_2qh6p,,0,[],[],text,t2_78d480lk,False,False
[],,[deleted],,,,,dark,[],[removed],,,1623222220,{},h14jimg,False,t3_nvdaqw,False,True,t1_h12k1ta,/r/Conservative/comments/nvdaqw/hunter_biden_used_the_nword_multiple_times_text/h14jimg/,1623416437,1,True,False,Conservative,t5_2qh6p,,0,[],,,,,
[],,n00b1sh,,,,,,[],Barry Sotero is an expert in that.,,,1623222200,{},h14jhqw,False,t3_nvo5a0,False,False,t3_nvo5a0,/r/Conservative/comments/nvo5a0/barack_obama_warns_republicans_will_kill_us/h14jhqw/,1623416421,5,True,False,Conservative,t5_2qh6p,,0,[],[],text,t2_y9ga6,False,False
[],,Flowers1966,,,,Independent Conservative,dark,[],Do you actually think he cares? He uses racism as a political tool. He is an ‘operator’ not someone who is fighting for a moral right.,,,1623222132,{},h14jeuv,False,t3_nvgqqa,False,False,t1_h14e846,/r/Conservative/comments/nvgqqa/obama_says_cancel_culture_has_gone_overboard_stop/h14jeuv/,1623416368,21,True,False,Conservative,t5_2qh6p,,0,[],"[{'e': 'text', 't': 'Independent Conservative'}]",richtext,t2_6z9vr07t,False,False
[],,Njaa,,,,,,[],It's not politics.,,,1623222104,{},h14jdn6,False,t3_nvg6qp,False,True,t1_h1307t3,/r/Conservative/comments/nvg6qp/daily_mail_laptop_reveals_hunter_biden_used_nword/h14jdn6/,1623416346,-2,True,False,Conservative,t5_2qh6p,,0,[],[],text,t2_4005i,False,False
[],,Vash-d-Stampeede,,,,,,[],You know.. The thing...,,,1623222023,{},h14ja69,False,t3_nv3i62,False,True,t1_h11h60t,/r/Conservative/comments/nv3i62/watch_internet_erupts_over_kamala_harris_response/h14ja69/,1623416286,3,True,False,Conservative,t5_2qh6p,,0,[],[],text,t2_7whys99q,False,False
[],,BuddhaPunch1,,,,Paleoconservative,dark,[],"I don't expect California to be super prepared for hurricanes either. Should they get one, I wouldnt expect the whole state to try and make itself hurricane proof.

I can take your internet points too, buddy",,,1623222004,{},h14j9c9,False,t3_nvkhor,False,True,t1_h14j04j,/r/Conservative/comments/nvkhor/texas_gov_abbott_signs_laws_requiring_power/h14j9c9/,1623416272,-3,True,False,Conservative,t5_2qh6p,,0,[],"[{'e': 'text', 't': 'Paleoconservative'}]",richtext,t2_54jrnevo,False,False
[],,Vash-d-Stampeede,,,,,,[],Learned them from Monica? 🤷,,,1623221960,{},h14j7cb,False,t3_nv3i62,False,True,t1_h11lde4,/r/Conservative/comments/nv3i62/watch_internet_erupts_over_kamala_harris_response/h14j7cb/,1623416236,2,True,False,Conservative,t5_2qh6p,,0,[],[],text,t2_7whys99q,False,False
[],,Vash-d-Stampeede,,,,,,[],Two shots. Both to the head. From the back too.,,,1623221913,{},h14j587,False,t3_nv3i62,False,False,t1_h12m5en,/r/Conservative/comments/nv3i62/watch_internet_erupts_over_kamala_harris_response/h14j587/,1623416196,2,True,False,Conservative,t5_2qh6p,,0,[],[],text,t2_7whys99q,False,False
[],,BuddhaPunch1,,,,Paleoconservative,dark,[],"BLM as an idea is stupid too. It carries the assumption that black people are treated as worthless for being black in America, and it's a pure lie.",,,1623221906,{},h14j4xa,False,t3_nvbdq2,False,True,t1_h12ggai,/r/Conservative/comments/nvbdq2/family_of_8yearold_killed_by_armed_vigilantes/h14j4xa/,1623416191,2,True,False,Conservative,t5_2qh6p,,0,[],"[{'e': 'text', 't': 'Paleoconservative'}]",richtext,t2_54jrnevo,False,False
[],,[deleted],,,,,dark,[],[removed],,,1623221897,{},h14j4kf,False,t3_nv5z63,False,True,t3_nv5z63,/r/Conservative/comments/nv5z63/new_york_times_staffer_seeing_dozens_of_american/h14j4kf/,1623416184,1,True,False,Conservative,t5_2qh6p,,0,[],,,,,
[],,TownCrier42,,,,,,[],Is that why her abuela lives in squalor? Representative of the “care” we’d get with “universal health insurance.”,,,1623221892,{},h14j4c3,False,t3_nvgmhl,False,False,t1_h132ctu,/r/Conservative/comments/nvgmhl/aoc_embraces_maga_20/h14j4c3/,1623416180,2,True,False,Conservative,t5_2qh6p,,0,[],[],text,t2_a3incfd7,False,False
[],,SkyeQuake2020,,,,,,[],"Problem is they were running the system before. Hell, they didn’t even care to violate several state constitutions. Several states have constitutions were mail-in ballots aren’t legal, but do the Democrats care?",,,1623221892,{},h14j4bn,False,t3_nvmjml,False,False,t1_h143q47,/r/Conservative/comments/nvmjml/why_a_judge_has_georgia_vote_fraud_on_his_mind/h14j4bn/,1623416179,7,True,False,Conservative,t5_2qh6p,,0,[],[],text,t2_14pr7f0e,False,False
[],,MessageTotal,,,,,,[],"&gt;You can try to downplay them as lazy, worthless whatever, but that shows your opinion as ridiculous.

Well to be fair, society and the economy are downplaying them as *worth less*. Wages are determined by supply and demand, not opinions. Their work is literally worth less to society because its high supply and low demand.",,,1623221854,{},h14j2ob,True,t3_nvlbx1,False,False,t1_h14htlu,/r/Conservative/comments/nvlbx1/mcdonalds_is_testing_voice_automated_drivethrus/h14j2ob/,1623416149,4,True,False,Conservative,t5_2qh6p,,0,[],[],text,t2_89pwxdze,False,False
[],,motion_lotion,,,,Conservative,dark,[],"Remember when your honest and straightforward AOC cried in front of an empty parking lot? Remember when she said her grandmother was going to lose her home, then refused 100k charity being donated for it? I don't think you understand what honesty is or what scares us.",,,1623221824,{},h14j1fa,False,t3_nvfvps,False,False,t1_h149jim,/r/Conservative/comments/nvfvps/walsh_i_raised_100k_to_fix_aocs_abuelas_home_the/h14j1fa/,1623416125,6,True,False,Conservative,t5_2qh6p,,0,[],"[{'e': 'text', 't': 'Conservative'}]",richtext,t2_fv7gd,False,False
[],,UAvi8tor,,,,,,[],"Listen man no matter our beliefs we might end up having to storm beaches at Macau or shanghai, witness the remnants of atrocities as teams move in to liberate death camps, and see yet another bloody world war if we can't band together now to end the war before it has a chance to start. Hardballing the CCP is an everyone kinda thing.",,,1623221823,{},h14j1cm,False,t3_nsiznf,False,True,t1_h0p2pmo,/r/Conservative/comments/nsiznf/may_35th_1989_the_chinese_communist_party/h14j1cm/,1623416124,1,True,False,Conservative,t5_2qh6p,,0,[],[],text,t2_24ynqkwb,False,False
[],,ImpressionNo1527,,,,,,[],"You, sir or madam, are not wrong.",,,1623221817,{},h14j12n,False,t3_nvlbx1,False,True,t1_h14ilg5,/r/Conservative/comments/nvlbx1/mcdonalds_is_testing_voice_automated_drivethrus/h14j12n/,1623416119,1,True,False,Conservative,t5_2qh6p,,0,[],[],text,t2_7549ex6q,False,False
[],,TheSardonicCrayon,,,,,,[],"It froze enough that winterizing the grid was specifically mentioned numerous times by the report. Everyone knew it was a problem and chose not to act in the interest of saving money.

Shoutout to El Paso that actually did the responsible thing and winterized some of its plants and made sure the new one built was properly winterized.

But if you want to make excuses for easily foreseeable and preventable failure go ahead I guess.",,,1623221796,{},h14j04j,False,t3_nvkhor,False,False,t1_h14irl2,/r/Conservative/comments/nvkhor/texas_gov_abbott_signs_laws_requiring_power/h14j04j/,1623416101,8,True,False,Conservative,t5_2qh6p,,0,[],[],text,t2_4tfwxcc9,False,False
[],,[deleted],,,,,dark,[],[removed],,,1623221789,{},h14izte,False,t3_nvdaqw,False,True,t3_nvdaqw,/r/Conservative/comments/nvdaqw/hunter_biden_used_the_nword_multiple_times_text/h14izte/,1623416095,1,True,False,Conservative,t5_2qh6p,,0,[],,,,,
[],,[deleted],,,,,dark,[],[removed],,,1623221782,{},h14izi8,False,t3_nvdaqw,False,True,t3_nvdaqw,/r/Conservative/comments/nvdaqw/hunter_biden_used_the_nword_multiple_times_text/h14izi8/,1623416091,1,True,False,Conservative,t5_2qh6p,,0,[],,,,,
[],,Fruloops,,,,,,[],"This isnt unique to tiktok though, most social apps do this type of shit. But its nice to see lawsuits finally popping up.",,,1623221733,{},h14ixdt,False,t3_nvc9s1,False,False,t1_h13rtuq,/r/Conservative/comments/nvc9s1/tiktok_sued_in_the_netherlands_for_17_billion/h14ixdt/,1623416052,15,True,False,Conservative,t5_2qh6p,,0,[],[],text,t2_cqbcn,False,False
[],,ImpressionNo1527,,,,,,[],"If we’re comparing the two, I think one does a more adequate job of leveraging human ego and greed to the advantage of society than the other, but to the point of deflation vs inflation, if we allowed the deflation to happen the poor would at least stand a fighting chance. This mess we’re currently experiencing is like sending them blindfolded into a gun fight with their hands tied behind their backs. How are they supposed to keep up when the assets they need to purchase to achieve some level of financial independence are constantly being inflated further out of their reach?",,,1623221703,{},h14iw2z,False,t3_nvlbx1,False,False,t1_h14ife6,/r/Conservative/comments/nvlbx1/mcdonalds_is_testing_voice_automated_drivethrus/h14iw2z/,1623416028,10,True,False,Conservative,t5_2qh6p,,0,[],[],text,t2_7549ex6q,False,False
[],,--Shamus--,,,,We Hold These Truths,dark,[],This is the guy who stoked those same leftist fires for so long...,,,1623221647,{},h14itil,False,t3_nvgqqa,False,True,t3_nvgqqa,/r/Conservative/comments/nvgqqa/obama_says_cancel_culture_has_gone_overboard_stop/h14itil/,1623415980,1,True,False,Conservative,t5_2qh6p,,0,[],"[{'e': 'text', 't': 'We Hold These Truths'}]",richtext,t2_4s3ion4s,False,False
[],,SCPack12,,,,Conservative,dark,[],They won’t even bother,,,1623221646,{},h14ithi,False,t3_nvnf9m,False,False,t1_h14co2q,/r/Conservative/comments/nvnf9m/tucker_carlson_mainstream_media_thinks_kamala/h14ithi/,1623415980,6,True,False,Conservative,t5_2qh6p,,0,[],"[{'e': 'text', 't': 'Conservative'}]",richtext,t2_4qpvy2as,False,True
[],,LeaderOfTheBeavers,,,,Moderate Conservative,dark,[],"Yes exactly. Either way, let's make sure it's actually fair.",,,1623221616,{},h14is4a,False,t3_nvhu0m,False,False,t1_h13zjel,/r/Conservative/comments/nvhu0m/georgia_judge_orders_audit_of_147k_fulton_county/h14is4a/,1623415956,7,True,False,Conservative,t5_2qh6p,,0,[],"[{'e': 'text', 't': 'Moderate Conservative'}]",richtext,t2_evsusrl,False,False
[],,BuddhaPunch1,,,,Paleoconservative,dark,[],"Did the whole state freeze in '11, screwing with the entire grid? No? Didn't think so.",,,1623221604,{},h14irl2,False,t3_nvkhor,False,True,t1_h14ili8,/r/Conservative/comments/nvkhor/texas_gov_abbott_signs_laws_requiring_power/h14irl2/,1623415944,-2,True,False,Conservative,t5_2qh6p,,0,[],"[{'e': 'text', 't': 'Paleoconservative'}]",richtext,t2_54jrnevo,False,False
[],,motion_lotion,,,,Conservative,dark,[],"I hate AOC as much as the next conservative, but she really was in a no win situation here. If she accepts it, she looks weak. If she turns it down, she gets exposed for lying about her abuela.",,,1623221585,{},h14iqqm,False,t3_nvfvps,False,False,t1_h146euw,/r/Conservative/comments/nvfvps/walsh_i_raised_100k_to_fix_aocs_abuelas_home_the/h14iqqm/,1623415928,3,True,False,Conservative,t5_2qh6p,,0,[],"[{'e': 'text', 't': 'Conservative'}]",richtext,t2_fv7gd,False,False
[],,[deleted],,,,,dark,[],[removed],,,1623221569,{},h14ipy1,False,t3_nvg6qp,False,True,t1_h1307t3,/r/Conservative/comments/nvg6qp/daily_mail_laptop_reveals_hunter_biden_used_nword/h14ipy1/,1623415914,1,True,False,Conservative,t5_2qh6p,,0,[],,,,,
[],,DhavesNotHere,,,,Conservative Libertarian,dark,[],"The audience is stupid. Unfortunately it's also the White House Press Corps, which is back in sleep and spin mode. 

Remember how out of practice they were in the Trump years? Eight years of this is how they got there.",,,1623221562,{},h14ipnd,False,t3_nvhmho,False,False,t1_h13aggp,/r/Conservative/comments/nvhmho/kamala_harris_laughs_off_her_border_job_and_jen/h14ipnd/,1623415909,4,True,False,Conservative,t5_2qh6p,,0,[],"[{'e': 'text', 't': 'Conservative Libertarian'}]",richtext,t2_9zgm4bnl,False,True
[],,BuddhaPunch1,,,,Paleoconservative,dark,[],"Trying to act like Harris is likeable is one of the dumber media moves lately. It isn't going to work. It didn't in the primaries, it won't now. It just makes them look even more sycophantic than usual",,,1623221553,{},h14ip84,False,t3_nvjo7c,False,False,t3_nvjo7c,/r/Conservative/comments/nvjo7c/so_much_for_unbiased_media_at_news_conference/h14ip84/,1623415902,12,True,False,Conservative,t5_2qh6p,,0,[],"[{'e': 'text', 't': 'Paleoconservative'}]",richtext,t2_54jrnevo,False,False
[],,BarrettBuckeye,,,,Constitutional Conservative,dark,[],"I totally agree with your comment, but I think we have the opposite conclusion. A handful of imbeciles stormed the Capitol, and nobody was killed outside of one unarmed woman (one of the rioters) and a cop who died of a heart attack. The other had mass riots with thousands of people who destroyed entire cities, police precincts, courthouses, and most importantly, people's private property. I'm much more concerned about the livelihoods of everyday people just trying to get by than some wealthy politicians who were never in real danger. I guess you just like your ruling class more than the people trying to survive who had to face the actual lethal threat and endure the clean-up.

Btw, they certified the election hours later in that same building. I guess you should be happy that the situation that you cared about was resolved quickly. I sympathize with the mom and pop shop who had everything that they built destroyed. But I guess it takes a certain type of person to have both sympathy and empathy. You clearly have neither.",,,1623221552,{},h14ip73,False,t3_nvo5a0,False,False,t1_h14g3tb,/r/Conservative/comments/nvo5a0/barack_obama_warns_republicans_will_kill_us/h14ip73/,1623415901,30,True,False,Conservative,t5_2qh6p,,0,[],"[{'e': 'text', 't': 'Constitutional Conservative'}]",richtext,t2_goc9j,False,False
[],,locobacca,,,,,,[],It was D-Day anniversary a normal American would be proud and thoughtful to see so many out at once. She sees racists.,,,1623221543,{},h14iori,False,t3_nvl33z,False,False,t3_nvl33z,/r/Conservative/comments/nvl33z/new_york_times_defends_ed_board_member_being/h14iori/,1623415892,3,True,False,Conservative,t5_2qh6p,,0,[],[],text,t2_1712yy,False,False
[],,umopapsidn,,,,2A,dark,[],Not soon enough. But I don't think we'll win that fight,,,1623221506,{},h14in3b,False,t3_nuqwzt,False,True,t1_h13dg80,/r/Conservative/comments/nuqwzt/texas_becomes_25th_state_to_urge_supreme_court_to/h14in3b/,1623415861,0,True,False,Conservative,t5_2qh6p,,0,[],"[{'e': 'text', 't': '2A'}]",richtext,t2_7eze9,False,False
[],,Mewster1818,,,,Constitutional Conservative,dark,[],"Even our democratic representatives here (Texas) have been basically begging her to come and talk to the locals, review the facilities, and to work with us...

So besides the optics, clearly the actual people on the border are getting frustrated at her... and those are almost entirely blue districts as well.",,,1623221499,{},h14imr7,False,t3_nvfpoi,False,False,t1_h140i00,/r/Conservative/comments/nvfpoi/kamala_harris_falsely_claims_weve_been_to_the/h14imr7/,1623415856,15,True,False,Conservative,t5_2qh6p,,0,[],"[{'e': 'text', 't': 'Constitutional Conservative'}]",richtext,t2_18q1w2ti,False,False
[],,Soul_Like_A_Modem,,,,,,[],"Meanwhile, he also recently said that all conservative media opposition to the radical left is just white people terrified of change. Like, white people aren't allowed to have concerns about it being *bad* change. That's just racist.",,,1623221494,{},h14imjk,False,t3_nvgqqa,False,False,t3_nvgqqa,/r/Conservative/comments/nvgqqa/obama_says_cancel_culture_has_gone_overboard_stop/h14imjk/,1623415851,10,True,False,Conservative,t5_2qh6p,,0,[],[],text,t2_c1n483bb,False,False
[],,[deleted],,,,,dark,[],[removed],,,1623221473,{},h14ilmc,False,t3_nvdaqw,False,True,t1_h13u06s,/r/Conservative/comments/nvdaqw/hunter_biden_used_the_nword_multiple_times_text/h14ilmc/,1623415835,1,True,False,Conservative,t5_2qh6p,,0,[],,,,,
[],,TheSardonicCrayon,,,,,,[],"It speaks to it not being “once a century weather” or a “freak occurrence”. Fact is it was completely preventable, but companies didn’t want to take the recommended actions and politicians didn’t hold them accountable. It was a massive failure.",,,1623221470,{},h14ili8,False,t3_nvkhor,False,False,t1_h14iftq,/r/Conservative/comments/nvkhor/texas_gov_abbott_signs_laws_requiring_power/h14ili8/,1623415832,6,True,False,Conservative,t5_2qh6p,,0,[],[],text,t2_4tfwxcc9,False,False
[],,--Shamus--,,,,We Hold These Truths,dark,[],"&gt;There’s really no excuse in today’s day and age to be stuck in an economic position with no upward mobility.

Oh, do they make excuses!

In the USA, barring any sort of health issue that stops you, it only comes from massive neglect and lack of self application.",,,1623221469,{},h14ilg5,False,t3_nvlbx1,False,True,t1_h14bcm5,/r/Conservative/comments/nvlbx1/mcdonalds_is_testing_voice_automated_drivethrus/h14ilg5/,1623415831,3,True,False,Conservative,t5_2qh6p,,0,[],"[{'e': 'text', 't': 'We Hold These Truths'}]",richtext,t2_4s3ion4s,False,False
[],,Simon_Says_2021,,Conservative,421b644c-8b38-11e1-bc5f-12313d18ad57,Conservative,dark,[],"Being wrong and the main instigator of that wrongdoing for the past 15 years and then saying things are out of hand doesn't give you a pass to suddenly being ""not wrong"".

That's like leading a life of sin and depravity and expecting a death-bed confession and a Hail Mary affords you redemption and entry into heaven.....

GTFOH",,,1623221428,{},h14ijl4,False,t3_nvgqqa,False,False,t1_h14gjrm,/r/Conservative/comments/nvgqqa/obama_says_cancel_culture_has_gone_overboard_stop/h14ijl4/,1623415798,4,True,False,Conservative,t5_2qh6p,,0,[],"[{'e': 'text', 't': 'Conservative'}]",richtext,t2_8mutnura,False,False
[],,motion_lotion,,,,Conservative,dark,[],"You just did the same thing about the other poster, you raging hypocrite.",,,1623221426,{},h14ijh1,False,t3_nvfvps,False,False,t1_h146dt7,/r/Conservative/comments/nvfvps/walsh_i_raised_100k_to_fix_aocs_abuelas_home_the/h14ijh1/,1623415797,15,True,False,Conservative,t5_2qh6p,,0,[],"[{'e': 'text', 't': 'Conservative'}]",richtext,t2_fv7gd,False,False
[],,PunishedCokeNixon,,Conservative,421b644c-8b38-11e1-bc5f-12313d18ad57,Buckleyite Conservative,dark,[],They ought to sue the National BLM org too. They’re rich and they caused this.,,,1623221398,{},h14ii7h,False,t3_nvhpb5,False,False,t3_nvhpb5,/r/Conservative/comments/nvhpb5/family_of_8yearold_girl_allegedly_killed_by/h14ii7h/,1623415774,6,True,False,Conservative,t5_2qh6p,,0,[],"[{'e': 'text', 't': 'Buckleyite Conservative'}]",richtext,t2_9y1suuc1,False,False
[],,[deleted],,,,,dark,[],[removed],,,1623221368,{},h14igtn,False,t3_nvhu0m,False,True,t1_h14i9dd,/r/Conservative/comments/nvhu0m/georgia_judge_orders_audit_of_147k_fulton_county/h14igtn/,1623415748,3,True,False,Conservative,t5_2qh6p,,0,[],,,,,
[],,--Shamus--,,,,We Hold These Truths,dark,[],"What on earth is a ""living wage""?",,,1623221367,{},h14igr5,False,t3_nvlbx1,False,False,t1_h14922v,/r/Conservative/comments/nvlbx1/mcdonalds_is_testing_voice_automated_drivethrus/h14igr5/,1623415746,9,True,False,Conservative,t5_2qh6p,,0,[],"[{'e': 'text', 't': 'We Hold These Truths'}]",richtext,t2_4s3ion4s,False,False
[],,Trumpsuite,,,,,,[],"&gt;most persuasive as indications that multiple elections in multiple States some run by Republicans were stolen.

I live in PA. PA has no record of my, nor my wife's vote.

Michigan allows you to look up your voter status online. Lists of people, including some 120 years old, were indicated to have voted. You were able to, and I did, utilize Michigan's system to independently check a couple of those. (The same site no longer gives a ballot status from that election. It appears to function contextually to the current time period).

The dominion software included a lot of features to sway votes, such as changing vote weight by candidate. The documentation for this had been available online, and was independently verifiable. 

Personally, I find these the most persuasive. Not because of any details in the accusations, but because I was able to independently verify each one. The evidence exists, very clearly. Those that don't believe it does had simply refused to look, and remained certain it didn't because the news and/or their egos told them so.",,,1623221357,{},h14igax,False,t3_nvhu0m,False,False,t1_h147or0,/r/Conservative/comments/nvhu0m/georgia_judge_orders_audit_of_147k_fulton_county/h14igax/,1623415739,19,True,False,Conservative,t5_2qh6p,,0,[],[],text,t2_4enprzvl,False,False
[],,BuddhaPunch1,,,,Paleoconservative,dark,[],And it took nearly ten years to be an issue again. Kinda speaks to how not frozen Texas tends to be,,,1623221346,{},h14iftq,False,t3_nvkhor,False,True,t1_h14hcr5,/r/Conservative/comments/nvkhor/texas_gov_abbott_signs_laws_requiring_power/h14iftq/,1623415730,-7,True,False,Conservative,t5_2qh6p,,0,[],"[{'e': 'text', 't': 'Paleoconservative'}]",richtext,t2_54jrnevo,False,False
[],,[deleted],,,,,dark,[],[removed],,,1623221344,{},h14ifqe,False,t3_nvczhp,False,True,t1_h13jv9c,/r/Conservative/comments/nvczhp/true/h14ifqe/,1623415728,1,True,False,Conservative,t5_2qh6p,,0,[],,,,,
[],,charlesfire,,,,,,[],"&gt;I personally believe those at the low end of the economic scale are being screwed, but I’d prefer to address the currency devaluation that I believe to be the root cause of the problem

Even without inflation, they would be screwed. Capitalism is like communism : they both fail because of the egoistic nature of humans.",,,1623221336,{},h14ife6,False,t3_nvlbx1,False,True,t1_h14b24h,/r/Conservative/comments/nvlbx1/mcdonalds_is_testing_voice_automated_drivethrus/h14ife6/,1623415722,2,True,False,Conservative,t5_2qh6p,,0,[],[],text,t2_smplk,False,False
[],,Commander_Kevin,,,,,,[],"I grew up in Florida. I've been in Florida this year. I can confirm, the ocean remains where it has always been. There are buildings on the beach in my home town that, despite having been built mere inches above the waterline in the 1960s, are not even close to being underwater. I know most of the rest of the country has been waiting for the Land of Meth and Alligators to slip beneath the waves for nearly as long as they've waited for California to fall off the San Andreas fault and into the Pacific, but sadly, I can report that has not happened.",,,1623221317,{},h14iehm,False,t3_nvdzi9,False,False,t1_h130f7f,/r/Conservative/comments/nvdzi9/the_more_alarmists_talk_the_more_we_know_global/h14iehm/,1623415705,9,True,False,Conservative,t5_2qh6p,,0,[],[],text,t2_1jwzfx1l,False,False
[],,[deleted],,,,,dark,[],[removed],,,1623221301,{},h14idrq,False,t3_nvfvps,False,True,t1_h1456dk,/r/Conservative/comments/nvfvps/walsh_i_raised_100k_to_fix_aocs_abuelas_home_the/h14idrq/,1623415692,1,True,False,Conservative,t5_2qh6p,,0,[],,,,,
[],,[deleted],,,,,dark,[],[removed],,,1623221289,{},h14id5y,False,t3_nvdaqw,False,True,t3_nvdaqw,/r/Conservative/comments/nvdaqw/hunter_biden_used_the_nword_multiple_times_text/h14id5y/,1623415681,1,True,False,Conservative,t5_2qh6p,,0,[],,,,,
[],,Palerion,,,,Social Conservative,dark,[],"This would be a non-story if not for two things:

1. The Biden administration’s insistence on manufacturing racism and hunting down any white male that makes the *slightest* misstep of “racial sensitivity”.
2. How quickly mainstream media would ruin a conservative’s life if similar activities were discovered.",,,1623221255,{},h14ibna,False,t3_nvdaqw,False,False,t3_nvdaqw,/r/Conservative/comments/nvdaqw/hunter_biden_used_the_nword_multiple_times_text/h14ibna/,1623415656,5,True,False,Conservative,t5_2qh6p,,0,[],"[{'e': 'text', 't': 'Social Conservative'}]",richtext,t2_g6ijc,False,True
[],,jd_porter,,,,Conservative,dark,[],"I can't imagine Democrat leadership ever, under any circumstances, no matter how solid the evidence, abandoning their current stance that the entire process was beyond questioning. Too much of their narrative, not to mention their image, is riding on their maintaining a hard line. Voters across the board *are* becoming suspicious about 2020. If the Democrats suggest, even mildly, that there's really something to be suspicious about, it will be immediately taken as confirmation by many, perhaps most, that the election was, on some level, illegitimate, and then all hell breaks loose. I expect them to maintain absolute rigidity on the matter, use their media apparatus to denounce anyone and everyone who doesn't toe the ""most secure election in history"" line, and smear everyone who questions 2020 as a bunch of traitorous conspiracy theorists. I think it'll cost them dearly in the midterms, especially if the audits prove substantial malfeasance.",,,1623221243,{},h14ib3q,False,t3_nvhu0m,False,False,t1_h14dvfs,/r/Conservative/comments/nvhu0m/georgia_judge_orders_audit_of_147k_fulton_county/h14ib3q/,1623415646,22,True,False,Conservative,t5_2qh6p,,0,[],"[{'e': 'text', 't': 'Conservative'}]",richtext,t2_ql33h,False,False
[],,[deleted],,,,,dark,[],[removed],,,1623221243,{},h14ib3k,False,t3_nvlmu6,False,True,t1_h14i8v6,/r/Conservative/comments/nvlmu6/texas_city_becomes_30th_to_ban_abortion_declares/h14ib3k/,1623415646,0,True,False,Conservative,t5_2qh6p,,0,[],,,,,
[],,--Shamus--,,,,We Hold These Truths,dark,[],"And those would actually be better than the many dunderheads they have working the drive through right now.

These young people work so hard at putting themselves out of work.",,,1623221238,{},h14iaw5,False,t3_nvlbx1,False,True,t3_nvlbx1,/r/Conservative/comments/nvlbx1/mcdonalds_is_testing_voice_automated_drivethrus/h14iaw5/,1623415642,0,True,False,Conservative,t5_2qh6p,,0,[],"[{'e': 'text', 't': 'We Hold These Truths'}]",richtext,t2_4s3ion4s,False,False
[],,NotWokeNorBroke,,,,,,[],Sorry are you talking about me?,,,1623221237,{},h14iav3,False,t3_nvlmu6,False,True,t1_h14i76t,/r/Conservative/comments/nvlmu6/texas_city_becomes_30th_to_ban_abortion_declares/h14iav3/,1623415642,2,True,False,Conservative,t5_2qh6p,,0,[],[],text,t2_aaqqjg7p,False,False
[],,aannoonn5678,,,,,,[],"Ya, that's who you want to be compared to. Of all countries in the world: Poland. The true standard of success.",,,1623221228,{},h14iafb,False,t3_nvlmu6,False,False,t1_h14ew7l,/r/Conservative/comments/nvlmu6/texas_city_becomes_30th_to_ban_abortion_declares/h14iafb/,1623415633,6,True,False,Conservative,t5_2qh6p,,0,[],[],text,t2_ncdyh,False,False
[],,OverZealousKoala,,,,,,[],I was a bit facetious but if you disagree with a certain point why don’t you actually explain your grievance.,,,1623221207,{},h14i9jy,False,t3_nvo5a0,False,False,t1_h14hszf,/r/Conservative/comments/nvo5a0/barack_obama_warns_republicans_will_kill_us/h14i9jy/,1623415617,-20,True,False,Conservative,t5_2qh6p,,0,[],[],text,t2_dwuqk,False,False
[],,danimal0204,,,,,,[],"Yeah for real and I think it’s funny they’re starting drag  Hunters reputation through some more mud at the same time this is happening, who else remembers the irrefutable evidence on a recovered laptop that disappeared as suddenly as it showed itself. This is all just  a big soap opera spectacle to distract the public from things they don’t  want our attention on.",,,1623221203,{},h14i9dd,False,t3_nvhu0m,False,False,t1_h13lxy7,/r/Conservative/comments/nvhu0m/georgia_judge_orders_audit_of_147k_fulton_county/h14i9dd/,1623415613,12,True,False,Conservative,t5_2qh6p,,0,[],[],text,t2_364ipho,False,False
[],,[deleted],,,,,dark,[],[removed],,,1623221196,{},h14i927,False,t3_nvczhp,False,True,t1_h13g7kk,/r/Conservative/comments/nvczhp/true/h14i927/,1623415608,1,True,False,Conservative,t5_2qh6p,,0,[],,,,,
[],,dreegun,,,,,,[],"Before I go any further I want to say I’m really enjoying this conversation and I appreciate the civil exchange of arguments.

I’ll concede that DiAngelo may be off track in her presentations because I haven’t actually watched any of her videos. However, I also can’t speak to the number of companies using her services. I will say that she has no actual power over who purchases her services, and can’t peddle her ideas, good or bad, without that organization’s consent.",,,1623221194,{},h14i8yo,False,t3_nvill9,False,False,t1_h14ge8w,/r/Conservative/comments/nvill9/you_work_for_me_ny_mom_scorches_school_board_over/h14i8yo/,1623415607,5,True,False,Conservative,t5_2qh6p,,0,[],[],text,t2_163tl3,False,False
[],,[deleted],,,,,dark,[],[removed],,,1623221192,{},h14i8v6,False,t3_nvlmu6,False,True,t1_h14crgy,/r/Conservative/comments/nvlmu6/texas_city_becomes_30th_to_ban_abortion_declares/h14i8v6/,1623415605,1,True,False,Conservative,t5_2qh6p,,0,[],,,,,
[],,MessageTotal,,,,,,[],At a cost of leaving millions suddenly unemployed?,,,1623221158,{},h14i7dw,True,t3_nvlbx1,False,False,t1_h14hm4v,/r/Conservative/comments/nvlbx1/mcdonalds_is_testing_voice_automated_drivethrus/h14i7dw/,1623415574,3,True,False,Conservative,t5_2qh6p,,0,[],[],text,t2_89pwxdze,False,False
[],,Desperate_Mess5911,,,,,,[],Don’t eat at mcd,,,1623221157,{},h14i7cs,False,t3_nvlbx1,False,False,t3_nvlbx1,/r/Conservative/comments/nvlbx1/mcdonalds_is_testing_voice_automated_drivethrus/h14i7cs/,1623415574,0,True,False,Conservative,t5_2qh6p,,0,[],[],text,t2_7d4yle8m,False,False
[],,VoiceOfReason1621,,,,Common Sense Conservative,dark,[],It’s hard to have a serious conversation with a based clown that has zero critical thinking skills. The left has become my way or the highway and unfortunately “my way” doesn’t need to be supported by any logic or fact. Truth over facts! 🤡🐑,,,1623221154,{},h14i76t,False,t3_nvlmu6,False,True,t1_h14bdof,/r/Conservative/comments/nvlmu6/texas_city_becomes_30th_to_ban_abortion_declares/h14i76t/,1623415571,-3,True,False,Conservative,t5_2qh6p,,0,[],"[{'e': 'text', 't': 'Common Sense Conservative'}]",richtext,t2_55ycoxws,False,False
[],,NotWokeNorBroke,,,,,,[],It’s not a child,,,1623221153,{},h14i751,False,t3_nvlmu6,False,False,t1_h14g8g8,/r/Conservative/comments/nvlmu6/texas_city_becomes_30th_to_ban_abortion_declares/h14i751/,1623415571,7,True,False,Conservative,t5_2qh6p,,0,[],[],text,t2_aaqqjg7p,False,False
[],,BarrettBuckeye,,,,Constitutional Conservative,dark,[],"Yes. They burned down entire cities, looted stores, and threatened to do so again if a jury came up with a verdict that they didn't like.",,,1623221151,{},h14i735,False,t3_nvo5a0,False,False,t1_h14dg8d,/r/Conservative/comments/nvo5a0/barack_obama_warns_republicans_will_kill_us/h14i735/,1623415570,54,True,False,Conservative,t5_2qh6p,,0,[],"[{'e': 'text', 't': 'Constitutional Conservative'}]",richtext,t2_goc9j,False,False
[],,Midget_Stories,,,,,,[],So you built an atm?,,,1623221098,{},h14i4np,False,t3_nvlbx1,False,False,t1_h145rmw,/r/Conservative/comments/nvlbx1/mcdonalds_is_testing_voice_automated_drivethrus/h14i4np/,1623415526,39,True,False,Conservative,t5_2qh6p,,0,[],[],text,t2_11hrh4,False,False
[],,BarrettBuckeye,,,,Constitutional Conservative,dark,[],"If self-awareness was currency, Democrats would be broke... not just the lazy ones living in their mom's basement, the billionaires too.",,,1623221078,{},h14i3s7,False,t3_nvo5a0,False,False,t1_h14fr3q,/r/Conservative/comments/nvo5a0/barack_obama_warns_republicans_will_kill_us/h14i3s7/,1623415510,36,True,False,Conservative,t5_2qh6p,,0,[],"[{'e': 'text', 't': 'Constitutional Conservative'}]",richtext,t2_goc9j,False,False
[],,[deleted],,,,,dark,[],[removed],,,1623221026,{},h14i1fk,False,t3_nvczhp,False,True,t3_nvczhp,/r/Conservative/comments/nvczhp/true/h14i1fk/,1623415465,1,True,False,Conservative,t5_2qh6p,,0,[],,,,,
[],,tehcoma,,,,"Trust, but Verify",dark,[],"“Look, I know shits hard right now.”",,,1623221021,{},h14i16b,False,t3_nve5am,False,True,t3_nve5am,/r/Conservative/comments/nve5am/kamala_harris_slammed_for_cringe_response_to/h14i16b/,1623415461,1,True,False,Conservative,t5_2qh6p,,0,[],"[{'e': 'text', 't': 'Trust, but Verify'}]",richtext,t2_2vzjlxkd,False,False
[],,BigfootBryce,,,,,,[],Even when everyone has something to agree on we'll all just find a way to disagree. Politics is ass. Our former and current leaders have steadily radicalized political beliefs for their own benefit. Fuck them not each other.,,,1623220993,{},h14hzwj,False,t3_nvgqqa,False,True,t3_nvgqqa,/r/Conservative/comments/nvgqqa/obama_says_cancel_culture_has_gone_overboard_stop/h14hzwj/,1623415439,1,True,False,Conservative,t5_2qh6p,,0,[],[],text,t2_17irqd,False,False
[],,MessageTotal,,,,,,[],"&gt;Shit theres no correlation between raising minimum wage and raising product prices

There is actually a direct correlation proven through thousands of economic studies.

https://www.npr.org/sections/money/2021/02/16/967333964/what-mcdonalds-shows-about-the-minimum-wage

&gt;They found that when the minimum wage goes up, the price of a Big Mac goes up too. Ashenfelter says the evidence from increased food prices suggests that basically all of the ""increase of labor costs gets passed right on to the customers."" But because low-wage workers are also usually customers at low-wage establishments, this suggests that any pay raise resulting from a minimum wage increase might not be as great in reality as it looks on paper. 

AKA: Inflation

&gt;This is just pure capitalism cause what was stopping them from raising it anyways.

What you are refereing to would be called: 'supply and demand.'",,,1623220952,{},h14hy4o,True,t3_nvlbx1,False,False,t1_h14hcpe,/r/Conservative/comments/nvlbx1/mcdonalds_is_testing_voice_automated_drivethrus/h14hy4o/,1623415407,9,True,False,Conservative,t5_2qh6p,,0,[],[],text,t2_89pwxdze,False,False
[],,usersixthreefour,,,,,,[],Hell ye,,,1623220950,{},h14hy2l,False,t3_nv86ou,False,True,t1_h11u5kd,/r/Conservative/comments/nv86ou/manchin_puts_nations_needs_before_his_partys/h14hy2l/,1623415406,2,True,False,Conservative,t5_2qh6p,,0,[],[],text,t2_56nq6vmm,False,False
