all_awardings,associated_award,author,author_flair_background_color,author_flair_css_class,author_flair_template_id,author_flair_text,author_flair_text_color,awarders,body,collapsed_because_crowd_control,comment_type,created_utc,gildings,id,is_submitter,link_id,locked,no_follow,parent_id,permalink,retrieved_on,score,send_replies,stickied,subreddit,subreddit_id,top_awarded_type,total_awards_received,treatment_tags,author_flair_richtext,author_flair_type,author_fullname,author_patreon_flair,author_premium,author_cakeday
[],,[deleted],,,,,dark,[],[removed],,,1608461982,{},gggn02e,False,t3_kg78uj,False,True,t1_ggd5y3g,/r/Conservative/comments/kg78uj/a_california_plan_to_chase_away_the_rich_then/gggn02e/,1608481303,1,True,False,Conservative,t5_2qh6p,,0,[],,,,,,
[],,[deleted],,,,,dark,[],[removed],,,1608461960,{},gggmzcu,False,t3_kg7bgf,False,True,t1_ggd5uk1,/r/Conservative/comments/kg7bgf/pompeo_confirms_russia_was_behind_cyber_attack_on/gggmzcu/,1608481292,1,True,False,Conservative,t5_2qh6p,,0,[],,,,,,
[],,MillennialDan,,,,Kirkian Conservative,dark,[],"The morons in government took it SO seriously, they thought it warranted untested policies that are so destructive, they have proven to be a far greater disaster than anything the virus on its own could have ever come close to achieving.",,,1608461923,{},gggmy75,False,t3_kgepxz,False,True,t1_gggmqr9,/r/Conservative/comments/kgepxz/joe_biden_actually_compliments_president_trump/gggmy75/,1608481274,2,True,False,Conservative,t5_2qh6p,,0,[],"[{'e': 'text', 't': 'Kirkian Conservative'}]",richtext,t2_76vbt,False,False,
[],,heyyoudvd,,,,Conservative,dark,[],"I’ll never understand the hatred for GoT S8.
It was excellent.

Sure, it was a little rushed and could have used a few more episodes to space it out and improve the flow, but it was still a great season with some fantastic moments.

And the ending was absolutely perfect. I’ll fight anyone to the death over that. The way they chose to handle the man characters’ paths and the fate of the kingdom was infinitely better than any of the trash Disney endings that many fans were clamoring for.


As far as Star Wars, I’m someone who has always and will always continue to defend the prequel trilogy. Despite their problems, they made up a fantastic trilogy with a great story arc and they were incredibly imaginative and original.

The sequel trilogy is pure shit. I won’t even attempt to defend that. Episodes 7-9 were horrible. They were bad films in their own right and they completely shat all over the Star Wars universe. They should be retconned out of existence.

It’s too bad we’ll never get proper sequels now, with Carrie Fisher gone now.",,,1608461918,{},gggmy0y,False,t3_kgje50,False,True,t1_gggg0w7,/r/Conservative/comments/kgje50/in_blow_to_biden_transition_trump_reveals_he_has/gggmy0y/,1608481271,-5,True,False,Conservative,t5_2qh6p,,0,[],"[{'e': 'text', 't': 'Conservative'}]",richtext,t2_4x9uv,False,True,
[],,A_Hatless_Casual,,,,,,[],"She was SO brave! /s

Honestly, hire based on qualifications and skills. Anything else is just wanting to go under since no one else would know the job's requirements.",,,1608461896,{},gggmxb0,False,t3_kgk550,False,True,t1_ggfdxcb,/r/Conservative/comments/kgk550/dan_henninger_bidens_cabinet_of_diversity/gggmxb0/,1608481260,1,True,False,Conservative,t5_2qh6p,,0,[],[],text,t2_3wpcm4vo,False,False,
[],,JWolf991,,,,,,[],"I watched this yesterday, good stuff!",,,1608461880,{},gggmws5,False,t3_kgpbdk,False,True,t1_ggg8jz9,/r/Conservative/comments/kgpbdk/newsom_in_trouble_with_recall_effort_warns/gggmws5/,1608481252,1,True,False,Conservative,t5_2qh6p,,0,[],[],text,t2_2ycz6fib,False,False,
[],,[deleted],,,,,dark,[],[removed],,,1608461874,{},gggmwkr,False,t3_kg6gch,False,True,t1_ggd0x8t,/r/Conservative/comments/kg6gch/polands_justice_minister_announces_online_freedom/gggmwkr/,1608481249,1,True,False,Conservative,t5_2qh6p,,0,[],,,,,,
[],,KanediasMasterMaker,,,,,,[],Gridlock is democracy.,,,1608461841,{},gggmvip,False,t3_kgepxz,False,True,t1_gggmrwi,/r/Conservative/comments/kgepxz/joe_biden_actually_compliments_president_trump/gggmvip/,1608481232,-5,True,False,Conservative,t5_2qh6p,,0,[],[],text,t2_62584qr5,False,False,
[],,DystopiaToday,,,,,,[],We were oil independent under Obama. Literally all of Trump’s policies there came from Obama. Ever heard of Keystone XL pipeline?,,,1608461806,{},gggmudu,False,t3_kfx6ja,False,True,t1_ggbds8h,/r/Conservative/comments/kfx6ja/infographic_the_journalists_guide_to_reporting_on/gggmudu/,1608481215,1,True,False,Conservative,t5_2qh6p,,0,[],[],text,t2_7ixvag2d,False,False,
[],,Dogfacedpnysldr,,Conservative,421b644c-8b38-11e1-bc5f-12313d18ad57,Conservative,dark,[],"There are rumors going around that the reason they actually turned down the Texas case, was because some of the justices were afraid of riots.",,,1608461782,{},gggmtlc,False,t3_kgk9g1,False,True,t1_ggfweob,/r/Conservative/comments/kgk9g1/republican_approval_rating_of_supreme_court/gggmtlc/,1608481203,-54,True,False,Conservative,t5_2qh6p,,0,[],"[{'e': 'text', 't': 'Conservative'}]",richtext,t2_600fnz51,False,False,
[],,Daegoba,,,,,,[],"Well, I actually like democracy, so...",,,1608461729,{},gggmrwi,False,t3_kgepxz,False,False,t1_gggmnaj,/r/Conservative/comments/kgepxz/joe_biden_actually_compliments_president_trump/gggmrwi/,1608481175,9,True,False,Conservative,t5_2qh6p,,0,[],[],text,t2_5egdh,False,False,
[],,A_Hatless_Casual,,,,,,[],Gotta keep those numbers up to keep people afraid.,,,1608461648,{},gggmpam,False,t3_kgkgv0,False,True,t1_ggfderm,/r/Conservative/comments/kgkgv0/colorado_murder_suicide_covid_deaths/gggmpam/,1608481133,1,True,False,Conservative,t5_2qh6p,,0,[],[],text,t2_3wpcm4vo,False,False,
[],,M4-68-M9,,,,,,[],"Well, you're reading way to far into it, but basically, in Europe, the elites and central governments were in the big cities, 10% of the population or otherwise, then, somebody had the forethought that smaller towns and people in the rural areas wanted to live differently so why not make them have more power in the senate and in deciding the president compared to how large they were so that power is not centralized. It's also about states rights and the differences in cultures between places, not between ""big city liberals and real Americans"". It's really not hard to understand, at least it never was for me when I learned it in middle school. It was about keeping the colonies together, but more loosely affiliated than having one supreme council that ran everything for everyone. The federal government was meant to be weaker than the ""people"".",,,1608461645,{},gggmp6o,False,t3_ke12xu,False,True,t1_gg68v29,/r/Conservative/comments/ke12xu/majority_in_new_poll_support_allowing_authorities/gggmp6o/,1608481132,1,True,False,Conservative,t5_2qh6p,,0,[],[],text,t2_1pvm2ess,False,False,
[],,[deleted],,,,,dark,[],[removed],,,1608461641,{},gggmp21,False,t3_kgk9g1,False,True,t1_ggfwo22,/r/Conservative/comments/kgk9g1/republican_approval_rating_of_supreme_court/gggmp21/,1608481129,1,True,False,Conservative,t5_2qh6p,,0,[],,,,,,
[],,CapriciousCorruption,,,,,,[],Good,,,1608461627,{},gggmolo,False,t3_kga2h8,False,True,t3_kga2h8,/r/Conservative/comments/kga2h8/latinx_hasnt_even_caught_on_among_latinos_it/gggmolo/,1608481121,2,True,False,Conservative,t5_2qh6p,,0,[],[],text,t2_5ern7qrp,False,False,
[],,DystopiaToday,,,,,,[],A McDonald’s wrapper,,,1608461611,{},gggmo47,False,t3_kgje50,False,True,t1_ggf85b3,/r/Conservative/comments/kgje50/in_blow_to_biden_transition_trump_reveals_he_has/gggmo47/,1608481114,2,True,False,Conservative,t5_2qh6p,,0,[],[],text,t2_7ixvag2d,False,False,
[],,TrueOriginalist,,Conservative,421b644c-8b38-11e1-bc5f-12313d18ad57,Conservative,dark,[],"It’s not the Court job to be liked by the people. If the Court let its decisions or proceedings be affected by polls or even by elections, then it would be the time to be worried.",,,1608461606,{},gggmnyh,False,t3_kgk9g1,False,False,t3_kgk9g1,/r/Conservative/comments/kgk9g1/republican_approval_rating_of_supreme_court/gggmnyh/,1608481111,72,True,False,Conservative,t5_2qh6p,,0,[],"[{'e': 'text', 't': 'Conservative'}]",richtext,t2_3p2x6kku,False,False,
[],,ImperatorHazard12,,,,,,[],Nope they’re saying 1 month after an election if you haven’t presented evidence of your claims then you don’t get to win,,,1608461586,{},gggmnbu,False,t3_kgfm5j,False,True,t1_ggg75wa,/r/Conservative/comments/kgfm5j/top_pollster_finds_only_56_say_joe_biden_is_their/gggmnbu/,1608481102,1,True,False,Conservative,t5_2qh6p,,0,[],[],text,t2_52ktiq0e,False,False,
[],,KanediasMasterMaker,,,,,,[],I'll take gridlock over liberal policies any time.,,,1608461585,{},gggmnaj,False,t3_kgepxz,False,True,t1_ggfj5bv,/r/Conservative/comments/kgepxz/joe_biden_actually_compliments_president_trump/gggmnaj/,1608481101,-4,True,False,Conservative,t5_2qh6p,,0,[],[],text,t2_62584qr5,False,False,
[],,Virus4567,,,,,,[],"Creating strawmen (or straw women) of Democrats doesnt do anything useful, nor is it correct most of the time. Look at the democrat party and show me all the blue haired women. Saying ""all democrats are ugly fat blue hair people"" is literally the same as democrats saying ""all republicans are stupid redneck corrupt gun fetishists"", it's dumb either way",,,1608461499,{},gggmkji,False,t3_kgjit3,False,True,t1_gggmbot,/r/Conservative/comments/kgjit3/tulsi_gabbard_stands_up_for_womens_sports/gggmkji/,1608481055,-2,True,False,Conservative,t5_2qh6p,,0,[],[],text,t2_11a5fraq,False,False,
[],,[deleted],,,,,dark,[],[deleted],,,1608461491,{},gggmk9j,False,t3_kgjaj6,False,True,t1_gggi316,/r/Conservative/comments/kgjaj6/swalwell_tries_to_deflect_from_chinese_spy_story/gggmk9j/,1608481051,1,True,False,Conservative,t5_2qh6p,,0,[],,,,,,
[],,Daegoba,,,,,,[],Exactly.,,,1608461449,{},gggmiw8,False,t3_kgepxz,False,True,t1_ggglykk,/r/Conservative/comments/kgepxz/joe_biden_actually_compliments_president_trump/gggmiw8/,1608481027,2,True,False,Conservative,t5_2qh6p,,0,[],[],text,t2_5egdh,False,False,
[],,[deleted],,,,,dark,[],[removed],,,1608461405,{},gggmhdy,False,t3_kgk9g1,False,True,t1_ggfh5ex,/r/Conservative/comments/kgk9g1/republican_approval_rating_of_supreme_court/gggmhdy/,1608481002,1,True,False,Conservative,t5_2qh6p,,0,[],,,,,,
[],,awormy,,,,,,[],Coach Duggs was only cause there was no sports on...,,,1608461383,{},gggmgow,False,t3_kgdswa,False,True,t1_ggearrm,/r/Conservative/comments/kgdswa/barstools_dave_portnoy_is_doing_more_for_small/gggmgow/,1608480990,2,True,False,Conservative,t5_2qh6p,,0,[],[],text,t2_o3gzh,False,False,
[],,[deleted],,,,,dark,[],[removed],,,1608461378,{},gggmgk6,False,t3_kg9qkg,False,True,t1_ggdnxef,/r/Conservative/comments/kg9qkg/maxine_waters_says_she_wont_support_covid_relief/gggmgk6/,1608480988,1,True,False,Conservative,t5_2qh6p,,0,[],,,,,,
[],,piZZleDAriZZle,,,,Natural Law,dark,[],The majority of gun deaths are suicide. I would say that's self inflicted.,,,1608461348,{},gggmfmq,False,t3_kgjl1q,False,False,t1_ggghrhb,/r/Conservative/comments/kgjl1q/overdose_deaths_far_outpace_covid19_deaths_in_san/gggmfmq/,1608480972,8,True,False,Conservative,t5_2qh6p,,0,[],"[{'e': 'text', 't': 'Natural Law'}]",richtext,t2_3ybc30lg,False,False,
[],,Hismop,,,,,,[],It’s so unfair. Some moistened bint throws a sword at me and suddenly *I’m* the one who gets put away merely because I used it to justify calling myself an emperor!,,,1608461313,{},gggmel6,False,t3_kgje50,False,False,t1_ggfzax2,/r/Conservative/comments/kgje50/in_blow_to_biden_transition_trump_reveals_he_has/gggmel6/,1608480955,14,True,False,Conservative,t5_2qh6p,,0,[],[],text,t2_vqjpp,False,False,
[],,OfficerPelican,,,,,,[],"Agreed. I will say that I do like Biden as a person, which isn't something I can say about Trump. I'm thankful it was Biden that won the Democratic nomination though, and not someone who isn't (arguably) centrist-leaning like Joe.",,,1608461313,{},gggmek6,False,t3_kgepxz,False,True,t1_ggfhpra,/r/Conservative/comments/kgepxz/joe_biden_actually_compliments_president_trump/gggmek6/,1608480955,0,True,False,Conservative,t5_2qh6p,,0,[],[],text,t2_14s3jq,False,False,
[],,M4-68-M9,,,,,,[],But they added the reason why inner city minority kids can't get out into the woods is because of racism. Somebody is going to have to explain that one to me in further detail before I understand.,,,1608461289,{},gggmdtb,False,t3_kg2fc1,False,True,t1_ggdt0w3,/r/Conservative/comments/kg2fc1/north_face_announces_their_reset_normal_campaign/gggmdtb/,1608480943,1,True,False,Conservative,t5_2qh6p,,0,[],[],text,t2_1pvm2ess,False,False,
[],,Daegoba,,,,,,[],"Dude I’m not downvoting you. You’re entitled to your opinion, and I respect it even if I don’t agree. 

[Here](https://shows.cadence13.com/podcast/whirlwind) is a good summation of why the Russians are our greatest enemy. Listen to it, and decide for yourself.",,,1608461285,{},gggmdo2,False,t3_kgepxz,False,True,t1_ggg7gts,/r/Conservative/comments/kgepxz/joe_biden_actually_compliments_president_trump/gggmdo2/,1608480941,2,True,False,Conservative,t5_2qh6p,,0,[],[],text,t2_5egdh,False,False,
[],,blueday7,,,,,,[],"Kiss my ass.  I’m a female noticing she’s pretty.   

Unlike the blue haired ugly butch Democratic women",,,1608461222,{},gggmbot,False,t3_kgjit3,False,False,t1_ggg69nq,/r/Conservative/comments/kgjit3/tulsi_gabbard_stands_up_for_womens_sports/gggmbot/,1608480909,6,True,False,Conservative,t5_2qh6p,,0,[],[],text,t2_5z50qan8,False,False,
[],,A_Hatless_Casual,,,,,,[],"It's worth a look if you want to see the worst kind of people using ""faith"" (a cult that a dad made up) to be total asshats. They protested everything: from funerals, large gatherings to conventions. 

Weebs had a field day with them on several occasions.",,,1608461166,{},gggm9x6,False,t3_kgm2r8,False,True,t1_ggg4hdz,/r/Conservative/comments/kgm2r8/watch_blm_harasses_wisconsin_childrens_christmas/gggm9x6/,1608480881,2,True,False,Conservative,t5_2qh6p,,0,[],[],text,t2_3wpcm4vo,False,False,
[],,SweetTea1000,,,,,,[],"They aren't *borderline* illegal, just straight up *illegal*. You litterally play a criminal, going around doing heists. Hell, one of the characters is an actual terrorist and you take control of him carrying out a bombing. 

None of that means the game is promoting or endorsing anyone actually engaging in such behavior. 

It's very clearly satire. It's a dystopian world that's awful for everyone involved; a cautionary vision of ourselves in a future where we've fixed none of today's problems and they've spun out into worst case scenarios.",,,1608461160,{},gggm9pp,False,t3_kgmska,False,True,t1_ggfzn5h,/r/Conservative/comments/kgmska/be_careful_what_you_screenshot_in_cyberpunk_2077/gggm9pp/,1608480877,3,True,False,Conservative,t5_2qh6p,,0,[],[],text,t2_ugkbj,False,False,
[],,Daegoba,,,,,,[],"See, that’s that shit right there. It’s not simply “the Left” or “the Right”; it’s ignorant people being subjected to disinformation on all sides, and that free flow of disinformation contaminating our own thought processes that end up creating division among all who consume it. 

It’s propaganda, and there’s a certain [group of people](https://shows.cadence13.com/podcast/whirlwind) who have been good at it for years, and now they’re using it against us through social media.",,,1608461143,{},gggm96b,False,t3_kgepxz,False,False,t1_ggg8oju,/r/Conservative/comments/kgepxz/joe_biden_actually_compliments_president_trump/gggm96b/,1608480869,7,True,False,Conservative,t5_2qh6p,,0,[],[],text,t2_5egdh,False,False,
[],,throwaway13247568,,,,,,[],"Guy, our president spent 4 years trash talking people and making his buddies rich. He and the GOP were hand in hand blocking important legislation and passing bills that got their buddies filthy rich. They even voted against comprehensive audits of where it would be spent. Unless there's another system in place, we just had billions of our money vanish into thin air with no consequence. We've been sacked. Our president did nothing to stop it, and may have even helped.

I'm not a conservative nor a liberal, and even i can see this. The whole world sees this.",,,1608461139,{},gggm91y,False,t3_kgepxz,False,True,t1_ggfkpq8,/r/Conservative/comments/kgepxz/joe_biden_actually_compliments_president_trump/gggm91y/,1608480867,-1,True,False,Conservative,t5_2qh6p,,0,[],[],text,t2_5ijonual,False,False,
[],,diseal,,Conservative,421b644c-8b38-11e1-bc5f-12313d18ad57,Conservative,dark,[],Lots definitely not easy. If I can’t afford to do either I will not have kids. The public school system is a joke rn and is only getting worse. And while I think they have less exposure to social media I like the idea of rural because it allows things such as outdoor activities to be a key focus.,,,1608461101,{},gggm7uv,False,t3_kgnzct,False,True,t1_ggg3yc0,/r/Conservative/comments/kgnzct/so_you_want_to_talk_about_grooming/gggm7uv/,1608480847,0,True,False,Conservative,t5_2qh6p,,0,[],"[{'e': 'text', 't': 'Conservative'}]",richtext,t2_p9ncz,False,True,
[],,-E-T-,,,,,,[],70 million mandates from the masses??....,,,1608461093,{},gggm7ln,False,t3_kgje50,False,True,t1_ggfqgq2,/r/Conservative/comments/kgje50/in_blow_to_biden_transition_trump_reveals_he_has/gggm7ln/,1608480843,-1,True,False,Conservative,t5_2qh6p,,0,[],[],text,t2_2hdrzmmm,False,False,
[],,Scraggle27,,,,,,[],the only realistic prediction of the future,,,1608461083,{},gggm7ad,False,t3_kgje50,False,True,t1_ggglp65,/r/Conservative/comments/kgje50/in_blow_to_biden_transition_trump_reveals_he_has/gggm7ad/,1608480838,1,True,False,Conservative,t5_2qh6p,,0,[],[],text,t2_4fz3u7yy,False,False,
[],,RounderKatt,,,,,,[],"Good comeback, brainless shill",,,1608461079,{},gggm754,False,t3_kecco8,False,True,t1_gg1lfdk,/r/Conservative/comments/kecco8/the_left_is_normalizing_pedophilia_especially_in/gggm754/,1608480835,0,True,False,Conservative,t5_2qh6p,,0,[],[],text,t2_4e5rq,False,False,
[],,hawkish25,,,,,,[],"Exactly!!  you guys don’t understand, they’re JOB CREATORS. You think censoring 1.2 bn people is easy?? 

/s just in case",,,1608461063,{},gggm6n4,False,t3_kglf30,False,True,t1_ggg120v,/r/Conservative/comments/kglf30/leaked_documents_show_how_chinas_army_of_paid/gggm6n4/,1608480827,3,True,False,Conservative,t5_2qh6p,,0,[],[],text,t2_jkqlj,False,False,
[],,[deleted],,,,,dark,[],[removed],,,1608461047,{},gggm64q,False,t3_kgk9g1,False,True,t1_ggfowxh,/r/Conservative/comments/kgk9g1/republican_approval_rating_of_supreme_court/gggm64q/,1608480819,1,True,False,Conservative,t5_2qh6p,,0,[],,,,,,
[],,[deleted],,,,,dark,[],[removed],,,1608461030,{},gggm5kb,False,t3_kg8gin,False,True,t1_ggeit48,/r/Conservative/comments/kg8gin/supreme_court_rules_against_counting_illegal/gggm5kb/,1608480811,1,True,False,Conservative,t5_2qh6p,,0,[],,,,,,
[],,username2239,,,,Conservative,dark,[],I wonder if he feels the same way when Israel spies on us or takes our military technology and sells it to China.,,,1608461023,{},gggm5ck,False,t3_kgfpby,False,True,t3_kgfpby,/r/Conservative/comments/kgfpby/marco_rubio_says_america_must_retaliate_and_not/gggm5ck/,1608480807,1,True,False,Conservative,t5_2qh6p,,0,[],"[{'e': 'text', 't': 'Conservative'}]",richtext,t2_10rr42,False,False,
[],,Scraggle27,,,,,,[],"I don't want to rain on your parade, but I've never heard anyone in England say the word ""bint"". still a cool insult tho",,,1608460963,{},gggm3fp,False,t3_kgje50,False,True,t1_gggerco,/r/Conservative/comments/kgje50/in_blow_to_biden_transition_trump_reveals_he_has/gggm3fp/,1608480777,0,True,False,Conservative,t5_2qh6p,,0,[],[],text,t2_4fz3u7yy,False,False,
[],,Telineye,,,,Classical Liberal,dark,[],There was no party swap.  Democrats just changed which race they hated.,,,1608460949,{},gggm2zp,False,t3_kgonm4,False,False,t1_ggg6wgk,/r/Conservative/comments/kgonm4/democratic_memo_declares_rise_of_white_christian/gggm2zp/,1608480770,7,True,False,Conservative,t5_2qh6p,,0,[],"[{'e': 'text', 't': 'Classical Liberal'}]",richtext,t2_1lky1qfi,False,False,
[],,soupdatazz,,,,,,[],"I meant the 620 this year is a 180 jump from last year. Probably should have worded better, but it's not good either way.",,,1608460938,{},gggm2ob,False,t3_kgjl1q,False,True,t1_gggkp5a,/r/Conservative/comments/kgjl1q/overdose_deaths_far_outpace_covid19_deaths_in_san/gggm2ob/,1608480765,2,True,False,Conservative,t5_2qh6p,,0,[],[],text,t2_ae3t2,False,False,
[],,[deleted],,,,,dark,[],[removed],,,1608460877,{},gggm0pf,False,t3_kgfpby,False,True,t1_ggewpz0,/r/Conservative/comments/kgfpby/marco_rubio_says_america_must_retaliate_and_not/gggm0pf/,1608480734,1,True,False,Conservative,t5_2qh6p,,0,[],,,,,,
[],,Daegoba,,,,,,[],"I don’t think this has anything to do with your wife...

We’ve been at War with Russia since the end of WWII. At the collapse of the USSR, there was a particular KGB agent who would rise to power and hold a grudge against the USA about that, and a lot of the things that led up to it. There’s a podcast called [Whirlwind](https://shows.cadence13.com/podcast/whirlwind) that illustrates just how this series of events between our countries brought us here, and I’d encourage you to listen to it.",,,1608460867,{},gggm0d2,False,t3_kgepxz,False,False,t1_ggga0du,/r/Conservative/comments/kgepxz/joe_biden_actually_compliments_president_trump/gggm0d2/,1608480728,11,True,False,Conservative,t5_2qh6p,,0,[],[],text,t2_5egdh,False,False,
[],,[deleted],,,,,dark,[],[removed],,,1608460825,{},ggglz19,False,t3_kg6gch,False,True,t1_ggdt1rs,/r/Conservative/comments/kg6gch/polands_justice_minister_announces_online_freedom/ggglz19/,1608480707,1,True,False,Conservative,t5_2qh6p,,0,[],,,,,,
[],,hawkish25,,,,,,[],"I think the Chinese view on the US is so different to how Russians view the US it’s not even funny. The elites in China happily send all their kids out West, while the Russians politicians actively see the West as ideological enemies. China hacks the US to steal tech, while Russia hacks the US for blackmail future warfare use. 

I do agree with your last sentence, China inherently sees itself as the number one country globally (as it has been for thousands of years) and wants to rise up as the US did as the British Empire declined and eventually disintegrated during the world wars. Look at how it copied the vast US highway system, and then one upped it by copying the European train network too. Russia could not give less of a shit and would be perfectly happy if the US was wiped off the map.",,,1608460809,{},ggglykk,False,t3_kgepxz,False,True,t1_ggfvkya,/r/Conservative/comments/kgepxz/joe_biden_actually_compliments_president_trump/ggglykk/,1608480699,3,True,False,Conservative,t5_2qh6p,,0,[],[],text,t2_jkqlj,False,False,
[],,B0nus_P4t3r_F4m1l1as,,,,,,[],These people want a race war..,,,1608460801,{},ggglyb5,False,t3_kgfrfr,False,True,t3_kgfrfr,/r/Conservative/comments/kgfrfr/ethics_expert_to_nyt_delaying_vaccine_for_older/ggglyb5/,1608480695,1,True,False,Conservative,t5_2qh6p,,0,[],[],text,t2_76cmvyyp,False,False,
[],,stanusNat,,,,,,[],"The funny thing is they are both cloaked Republicans and 99% of Americans have no clue what socialism is, because there red scare still has repercussions to this day. Btw, what is called socialism here is standard in Europe, which is just objectively better than the US in almost every way.

Now shower me with those sweet down votes.",,,1608460769,{},ggglx9a,False,t3_kgai2c,False,True,t1_ggexqff,/r/Conservative/comments/kgai2c/tulsi_gabbard_redirect_profits_from_corporations/ggglx9a/,1608480679,2,True,False,Conservative,t5_2qh6p,,0,[],[],text,t2_3gje7ktx,False,False,
[],,MillennialDan,,,,Kirkian Conservative,dark,[],"Why'd you stealth edit your comment? Seriously, get a life.",,,1608460713,{},ggglvg6,False,t3_kgepxz,False,True,t1_gggk4ex,/r/Conservative/comments/kgepxz/joe_biden_actually_compliments_president_trump/ggglvg6/,1608480651,2,True,False,Conservative,t5_2qh6p,,0,[],"[{'e': 'text', 't': 'Kirkian Conservative'}]",richtext,t2_76vbt,False,False,
[],,[deleted],,,,,dark,[],[removed],,,1608460677,{},gggluc1,False,t3_kgl3pn,False,True,t3_kgl3pn,/r/Conservative/comments/kgl3pn/uproar_at_nycs_posh_dalton_school_after_faculty/gggluc1/,1608480633,1,True,False,Conservative,t5_2qh6p,,0,[],,,,,,
[],,pandaSmore,,,,Lib-Right,dark,[],What a power hungry bitch.,,,1608460676,{},gggluad,False,t3_kehn98,False,True,t3_kehn98,/r/Conservative/comments/kehn98/ocasiocortez_calls_for_pelosi_and_schumer_to_step/gggluad/,1608480632,1,True,False,Conservative,t5_2qh6p,,0,[],"[{'e': 'text', 't': 'Lib-Right'}]",richtext,t2_281nn,False,False,
[],,Airborne98,,,,,,[],Ok but dose someone who OD on anything deserve to get medical treatment or just left to die ? They might be resopnsible for their actions but they still need help,,,1608460659,{},gggltqm,False,t3_kgjl1q,False,True,t1_ggfycd4,/r/Conservative/comments/kgjl1q/overdose_deaths_far_outpace_covid19_deaths_in_san/gggltqm/,1608480623,2,True,False,Conservative,t5_2qh6p,,0,[],[],text,t2_1pa0hprk,False,False,
[],,[deleted],,,,,dark,[],[removed],,,1608460628,{},ggglsre,False,t3_kg8gin,False,True,t1_ggeq0m3,/r/Conservative/comments/kg8gin/supreme_court_rules_against_counting_illegal/ggglsre/,1608480607,1,True,False,Conservative,t5_2qh6p,,0,[],,,,,,
[],,heckler5000,,,,Waste is a Thief,dark,[],"You mean like raising corporate taxes to support entrepreneurship and small business growth?

I am for that course of action.",,,1608460584,{},ggglrb1,False,t3_kgai2c,False,True,t3_kgai2c,/r/Conservative/comments/kgai2c/tulsi_gabbard_redirect_profits_from_corporations/ggglrb1/,1608480585,1,True,False,Conservative,t5_2qh6p,,0,[],"[{'e': 'text', 't': 'Waste is a Thief'}]",richtext,t2_8iikd,False,False,
[],,[deleted],,,,,dark,[],[removed],,,1608460577,{},ggglr2a,False,t3_kg8gin,False,True,t1_ggd0gxs,/r/Conservative/comments/kg8gin/supreme_court_rules_against_counting_illegal/ggglr2a/,1608480581,1,True,False,Conservative,t5_2qh6p,,0,[],,,,,,
[],,loveiselephant,,,,,,[],What's hilarious is that this is a feminist informed policy...protecting women's sports. But wokes play mental gymnastics and say this is transphobic.,,,1608460552,{},ggglqai,False,t3_kgjit3,False,False,t3_kgjit3,/r/Conservative/comments/kgjit3/tulsi_gabbard_stands_up_for_womens_sports/ggglqai/,1608480569,5,True,False,Conservative,t5_2qh6p,,0,[],[],text,t2_dnhir,False,False,
[],,Dr_Environment,,,,,,[],"It's got what plants crave!

One of my all time favorite movies.  God love Mike Judge.",,,1608460517,{},ggglp65,False,t3_kgje50,False,True,t1_ggg4i5e,/r/Conservative/comments/kgje50/in_blow_to_biden_transition_trump_reveals_he_has/ggglp65/,1608480550,3,True,False,Conservative,t5_2qh6p,,0,[],[],text,t2_tiech,False,False,
[],,BrighamYoung,,,,Russian bot,dark,[],Leftists love their racial hierarchies.,,,1608460465,{},ggglnl9,False,t3_kglg14,False,True,t3_kglg14,/r/Conservative/comments/kglg14/the_nation_looks_at_vote_reparations_where_the/ggglnl9/,1608480526,1,True,False,Conservative,t5_2qh6p,,0,[],"[{'e': 'text', 't': 'Russian bot'}]",richtext,t2_4f7r9,False,False,
[],,KnightScuba,,,,,,[],Vaccines with a long history of being proven safe. This crap is a whole new level,,,1608460433,{},ggglmm9,False,t3_kgmd8x,False,True,t1_ggfv32q,/r/Conservative/comments/kgmd8x/could_employers_force_workers_take_covid19/ggglmm9/,1608480509,-2,True,False,Conservative,t5_2qh6p,,0,[],[],text,t2_13q2r3,False,False,True
[],,[deleted],,,,,dark,[],[removed],,,1608460430,{},ggglmjz,False,t3_kgfpby,False,True,t1_ggfymxr,/r/Conservative/comments/kgfpby/marco_rubio_says_america_must_retaliate_and_not/ggglmjz/,1608480508,1,True,False,Conservative,t5_2qh6p,,0,[],,,,,,
[],,[deleted],,,,,dark,[],[removed],,,1608460420,{},ggglm91,False,t3_kgpb75,False,True,t1_ggg8kb9,/r/Conservative/comments/kgpb75/army_brass_rejects_calls_for_martial_law_no_role/ggglm91/,1608480503,1,True,False,Conservative,t5_2qh6p,,0,[],,,,,,
[],,geocentrist,,,,Conservative,dark,[],I'm against forced drug testing but I don't see how they remotely compare.,,,1608460373,{},ggglkox,True,t3_kgmd8x,False,True,t1_ggglhtg,/r/Conservative/comments/kgmd8x/could_employers_force_workers_take_covid19/ggglkox/,1608480478,0,True,False,Conservative,t5_2qh6p,,0,[],"[{'e': 'text', 't': 'Conservative'}]",richtext,t2_ab995,False,True,
[],,aracheb,,,,Conservative,dark,[],"That when you start to set everything on fire and make sure when the news report it, they can see the message.   You the Supreme Court created this revolution.      You were afraid of riot and denied the case and created a fuckint civil war and we are coming for you.",,,1608460358,{},ggglk9k,False,t3_kgk9g1,False,True,t1_ggfkl92,/r/Conservative/comments/kgk9g1/republican_approval_rating_of_supreme_court/ggglk9k/,1608480472,-4,True,False,Conservative,t5_2qh6p,,0,[],"[{'e': 'text', 't': 'Conservative'}]",richtext,t2_1o3aplv0,False,False,
[],,Manach_Irish,,,,Conservative,dark,[],"At Eton, a similar type of school in the UK, a member of faculty tried to introduce balance by critiqing some of the wokist curriculum. He was fired.",,,1608460355,{},ggglk68,False,t3_kgl3pn,False,False,t3_kgl3pn,/r/Conservative/comments/kgl3pn/uproar_at_nycs_posh_dalton_school_after_faculty/ggglk68/,1608480470,5,True,False,Conservative,t5_2qh6p,,0,[],"[{'e': 'text', 't': 'Conservative'}]",richtext,t2_16cvfp,False,False,
[],,Gaius_Octavius_,,,,,,[],I couple more trademarks for ivanka will solve this problem I am sure.,,,1608460331,{},gggljek,False,t3_kght8c,False,True,t3_kght8c,/r/Conservative/comments/kght8c/china_lies_about_its_wrongdoing_on_covid_spying/gggljek/,1608480457,1,True,False,Conservative,t5_2qh6p,,0,[],[],text,t2_k9mxs,False,False,
[],,COVIDMadeMeANewt,,,,,,[],He’s no 5’0” 90lb blond Briton girl.,,,1608460283,{},ggglhxf,False,t3_kgje50,False,True,t1_ggfd6al,/r/Conservative/comments/kgje50/in_blow_to_biden_transition_trump_reveals_he_has/ggglhxf/,1608480435,0,True,False,Conservative,t5_2qh6p,,0,[],[],text,t2_8k6fyr4q,False,True,
[],,tree_boom,,,,,,[],"Nobody wants to have lockdowns, we just want people to not die of coronavirus a little bit more.",,,1608460281,{},ggglhun,False,t3_kgpmc3,False,True,t3_kgpmc3,/r/Conservative/comments/kgpmc3/president_trump_we_dont_want_to_have_lockdowns/ggglhun/,1608480433,-3,True,False,Conservative,t5_2qh6p,,0,[],[],text,t2_1alft0a,False,False,
[],,schlumbergeras,,,,,,[],I'm assuming the people that have an issue with forced vaccination also agree that forced drug testing is also equally abhorrent.,,,1608460280,{},ggglhtg,False,t3_kgmd8x,False,True,t3_kgmd8x,/r/Conservative/comments/kgmd8x/could_employers_force_workers_take_covid19/ggglhtg/,1608480433,2,True,False,Conservative,t5_2qh6p,,0,[],[],text,t2_8mqh7f7p,False,False,
[],,49ermagic,,,,Silent Majority,dark,[],It’s also in DC.,,,1608460165,{},gggle6a,False,t3_kge9o1,False,True,t1_gge9uws,/r/Conservative/comments/kge9o1/scotus_intentionally_stalling_sidney_powell/gggle6a/,1608480369,1,True,False,Conservative,t5_2qh6p,,0,[],"[{'e': 'text', 't': 'Silent Majority'}]",richtext,t2_3pcfpbau,False,True,
[],,CharonCGN,,,,,,[],Ironic.,,,1608460146,{},gggldlc,False,t3_kgonm4,False,True,t1_ggg6wgk,/r/Conservative/comments/kgonm4/democratic_memo_declares_rise_of_white_christian/gggldlc/,1608480359,2,True,False,Conservative,t5_2qh6p,,0,[],[],text,t2_4dc7c8s8,False,False,
[],,schlumbergeras,,,,,,[],Jobs can force you to get drug tests too. Freaking clown world right now.,,,1608460137,{},gggldbc,False,t3_kgmd8x,False,True,t1_ggfs9yn,/r/Conservative/comments/kgmd8x/could_employers_force_workers_take_covid19/gggldbc/,1608480353,2,True,False,Conservative,t5_2qh6p,,0,[],[],text,t2_8mqh7f7p,False,False,
[],,[deleted],,,,,dark,[],[deleted],,,1608460119,{},ggglcr5,False,t3_kge9o1,False,True,t1_ggfflxp,/r/Conservative/comments/kge9o1/scotus_intentionally_stalling_sidney_powell/ggglcr5/,1608480343,1,True,False,Conservative,t5_2qh6p,,0,[],,,,,,
[],,[deleted],,,,,dark,[],[removed],,,1608460063,{},ggglaze,False,t3_kg7bgf,False,True,t1_ggfung4,/r/Conservative/comments/kg7bgf/pompeo_confirms_russia_was_behind_cyber_attack_on/ggglaze/,1608480315,1,True,False,Conservative,t5_2qh6p,,0,[],,,,,,
[],,tindergod,,,,,,[],How's that reputation thing doing these days?,,,1608460026,{},gggl9t2,False,t3_ju8ue4,False,True,t1_gcallal,/r/Conservative/comments/ju8ue4/sydney_powell_we_are_going_to_release_the_kraken/gggl9t2/,1608480296,1,True,False,Conservative,t5_2qh6p,,0,[],[],text,t2_lakdz,False,False,
[],,sunny_in_MN,,,,paleoconservative,dark,[],"leftists are scared the country isn't going to go along with their heist willingly

new deputy AG van prosecute treason at military tribunals. we're about to have a lot of fun.",,,1608460026,{},gggl9s0,False,t3_kgpb75,False,True,t3_kgpb75,/r/Conservative/comments/kgpb75/army_brass_rejects_calls_for_martial_law_no_role/gggl9s0/,1608480295,-35,True,False,Conservative,t5_2qh6p,,0,[],"[{'e': 'text', 't': 'paleoconservative'}]",richtext,t2_7dim6qst,False,False,
[],,schlumbergeras,,,,,,[],"
&gt;This game needs removed from existence. Drugs, sex, money, greed, AI upgrades on your body, transgenderism, gay/bisexual acts...it’s trying to make these things normal. 

Why do you hate freedom of speech?",,,1608460022,{},gggl9o2,False,t3_kgmska,False,False,t1_ggfzn5h,/r/Conservative/comments/kgmska/be_careful_what_you_screenshot_in_cyberpunk_2077/gggl9o2/,1608480293,7,True,False,Conservative,t5_2qh6p,,0,[],[],text,t2_8mqh7f7p,False,False,
[],,[deleted],,,,,dark,[],[removed],,,1608459973,{},gggl84i,False,t3_kg7bgf,False,True,t1_gget8rr,/r/Conservative/comments/kg7bgf/pompeo_confirms_russia_was_behind_cyber_attack_on/gggl84i/,1608480267,1,True,False,Conservative,t5_2qh6p,,0,[],,,,,,
[],,imstarving,,,,,,[],"Conservatives have been whining about ""camps"" for 12 years now...not one ""camp"" yet

Where are the camps?",,,1608459958,{},gggl7o5,False,t3_kgh347,False,True,t3_kgh347,/r/Conservative/comments/kgh347/democrat_document_surfaces_demanding_biden_clamp/gggl7o5/,1608480260,2,True,False,Conservative,t5_2qh6p,,0,[],[],text,t2_4x8xi,False,False,
[],,[deleted],,,,,dark,[],[removed],,,1608459947,{},gggl7bx,False,t3_kgepxz,False,True,t1_ggfawc5,/r/Conservative/comments/kgepxz/joe_biden_actually_compliments_president_trump/gggl7bx/,1608480254,1,True,False,Conservative,t5_2qh6p,,0,[],,,,,,
[],,rude-a-bega,,,,,,[],"Why are you so angry bro.

If you call somebody a ""he"" because they present cis-male but they tell you they prefer to be called ""they"" instead just respect them.

Nobody freaks out if you call someone by their not preferred pronoun if they present like a ""typical male or female"". The person will just tell you what they prefer and continue the conversation from there.",,,1608459906,{},gggl61u,False,t3_kghm1w,False,True,t1_gggb1ai,/r/Conservative/comments/kghm1w/are_blm_banners_the_only_property_destruction/gggl61u/,1608480233,2,True,False,Conservative,t5_2qh6p,,0,[],[],text,t2_c3i68,False,False,
[],,Gloomy_Dorje,,,,,,[],I see what you did there.,,,1608459905,{},gggl60m,False,t3_kgepxz,False,True,t1_ggg72z9,/r/Conservative/comments/kgepxz/joe_biden_actually_compliments_president_trump/gggl60m/,1608480232,1,True,False,Conservative,t5_2qh6p,,0,[],[],text,t2_17x983u5,False,False,
[],,schlumbergeras,,,,,,[],Uh no. We swear an oath to defend the Constitution. Not a president. We are not his personal army.,,,1608459894,{},gggl5nx,False,t3_kgmyev,False,False,t3_kgmyev,/r/Conservative/comments/kgmyev/a_reminder_that_the_military_works_for_commander/gggl5nx/,1608480227,5,True,False,Conservative,t5_2qh6p,,0,[],[],text,t2_8mqh7f7p,False,False,
[],,enigmaticccc,,Conservative,421b644c-8b38-11e1-bc5f-12313d18ad57,Orthodox Conservative,dark,[],"If I was a parent of a child who has cancer or died because of it and these amoebas would disrupt this event, I wouldn’t hold back against them. Scum is better than these blm degenerates",,,1608459882,{},gggl5be,False,t3_kgm2r8,False,True,t3_kgm2r8,/r/Conservative/comments/kgm2r8/watch_blm_harasses_wisconsin_childrens_christmas/gggl5be/,1608480220,1,True,False,Conservative,t5_2qh6p,,0,[],"[{'e': 'text', 't': 'Orthodox Conservative'}]",richtext,t2_p13tdbc,False,False,True
[],,Timo-the-hippo,,,,,,[],The real tragedy is how little the Nigerian government cares.,,,1608459845,{},gggl438,False,t3_kgjwsw,False,True,t1_ggfj62f,/r/Conservative/comments/kgjwsw/nigeria_muslim_group_boko_haram_beat_us_night_and/gggl438/,1608480200,3,True,False,Conservative,t5_2qh6p,,0,[],[],text,t2_78bevibt,False,False,
[],,[deleted],,,,,dark,[],[removed],,,1608459827,{},gggl3j6,False,t3_kgk9g1,False,True,t1_ggfkp0l,/r/Conservative/comments/kgk9g1/republican_approval_rating_of_supreme_court/gggl3j6/,1608480191,1,True,False,Conservative,t5_2qh6p,,0,[],,,,,,
[],,pandaSmore,,,,Lib-Right,dark,[],Wow fuck that.,,,1608459796,{},gggl2kj,False,t3_kd8qaz,False,True,t3_kd8qaz,/r/Conservative/comments/kd8qaz/electoral_college_elects_biden_as_president/gggl2kj/,1608480176,1,True,False,Conservative,t5_2qh6p,,0,[],"[{'e': 'text', 't': 'Lib-Right'}]",richtext,t2_281nn,False,False,
[],,CKF,,,,,,[],Exactly...,,,1608459760,{},gggl1gx,False,t3_kgai2c,False,True,t1_ggehd0u,/r/Conservative/comments/kgai2c/tulsi_gabbard_redirect_profits_from_corporations/gggl1gx/,1608480159,2,True,False,Conservative,t5_2qh6p,,0,[],[],text,t2_343e0,False,False,
[],,[deleted],,,,,dark,[],[removed],,,1608459744,{},gggl0zb,False,t3_kg7bgf,False,True,t1_ggd3w5w,/r/Conservative/comments/kg7bgf/pompeo_confirms_russia_was_behind_cyber_attack_on/gggl0zb/,1608480151,1,True,False,Conservative,t5_2qh6p,,0,[],,,,,,
[],,[deleted],,,,,dark,[],[removed],,,1608459735,{},gggl0ni,False,t3_kgk9g1,False,True,t1_ggfkl92,/r/Conservative/comments/kgk9g1/republican_approval_rating_of_supreme_court/gggl0ni/,1608480146,1,True,False,Conservative,t5_2qh6p,,0,[],,,,,,
[],,pandaSmore,,,,Lib-Right,dark,[],I think they should go to whoever the manufacturer wants to give them to.,,,1608459680,{},gggkyus,False,t3_kgkv3l,False,True,t1_ggg0lwi,/r/Conservative/comments/kgkv3l/wealthy_californians_are_offering_25000_donations/gggkyus/,1608480117,0,True,False,Conservative,t5_2qh6p,,0,[],"[{'e': 'text', 't': 'Lib-Right'}]",richtext,t2_281nn,False,False,
[],,capitali,,,,,,[],Good.,,,1608459666,{},gggkyhi,False,t3_kgh347,False,True,t3_kgh347,/r/Conservative/comments/kgh347/democrat_document_surfaces_demanding_biden_clamp/gggkyhi/,1608480111,2,True,False,Conservative,t5_2qh6p,,0,[],[],text,t2_4t2jw,False,False,
[],,pandaSmore,,,,Lib-Right,dark,[],I think they should go to whoever the manufacturer wants to give them to.,,,1608459607,{},gggkwma,False,t3_kgkv3l,False,True,t1_ggg0eke,/r/Conservative/comments/kgkv3l/wealthy_californians_are_offering_25000_donations/gggkwma/,1608480080,2,True,False,Conservative,t5_2qh6p,,0,[],"[{'e': 'text', 't': 'Lib-Right'}]",richtext,t2_281nn,False,False,
[],,EnigmaXXR,,,,,,[],It’s not about “hitting” on 12 year olds it’s about fucking preying on them. The notion that it has anything to do with his low self esteem/that he’s ugly is fucking beyond dumb.,,,1608459550,{},gggkusl,False,t3_kfpnqc,False,False,t1_ggbu26t,/r/Conservative/comments/kfpnqc/uk_leader_of_muslim_pedophile_gang_that_targeted/gggkusl/,1608480049,1,True,False,Conservative,t5_2qh6p,,0,[],[],text,t2_5wgwh7qo,False,False,
[],,acylase,,,,Reagan Conservative,dark,[],"This idiot behaves like she is campaining 24/7/365. Every single media blurb is some populist slogan.  

Reserve the campainging for election. Once you are elected, you need to demonstrate that you can constructively work with your own party without unnecessarily antagonizing it.",,,1608459518,{},gggktrw,False,t3_kgnemx,False,False,t3_kgnemx,/r/Conservative/comments/kgnemx/report_aoc_denied_house_committee_seat_after/gggktrw/,1608480030,3,True,False,Conservative,t5_2qh6p,,0,[],"[{'e': 'text', 't': 'Reagan Conservative'}]",richtext,t2_89bbi1uo,False,False,
[],,JohnnyPrecariously,,,,,,[],"&gt;it is not “being an actor” to co-opt identities!

That's the definition of acting, you fucking moron.",,,1608459511,{},gggktjw,False,t3_kgqxq5,False,False,t3_kgqxq5,/r/Conservative/comments/kgqxq5/critics_boycott_cbs_series_the_stand_because_the/gggktjw/,1608480026,12,True,False,Conservative,t5_2qh6p,,0,[],[],text,t2_2i7q5bi6,False,False,
[],,ValidAvailable,,,,Conservative,dark,[],Nothing unbelievable about it.  Hilariously karmic though.,,,1608459495,{},gggkt0p,False,t3_kgr509,False,True,t3_kgr509,/r/Conservative/comments/kgr509/unbelievable_read/gggkt0p/,1608480016,1,True,False,Conservative,t5_2qh6p,,0,[],"[{'e': 'text', 't': 'Conservative'}]",richtext,t2_rpl6p,False,False,
