all_awardings,associated_award,author,author_flair_background_color,author_flair_css_class,author_flair_template_id,author_flair_text,author_flair_text_color,awarders,body,collapsed_because_crowd_control,comment_type,created_utc,gildings,id,is_submitter,link_id,locked,no_follow,parent_id,permalink,retrieved_on,score,send_replies,stickied,subreddit,subreddit_id,top_awarded_type,total_awards_received,treatment_tags,author_flair_richtext,author_flair_type,author_fullname,author_patreon_flair,author_premium,author_cakeday
[],,[deleted],,,,,dark,[],[removed],,,1613127598,{},gn1pb60,False,t3_lhxim9,False,True,t1_gn0okr6,/r/Conservative/comments/lhxim9/nancy_pelosi_accused_of_corruption_after_husband/gn1pb60/,1613127609,1,True,False,Conservative,t5_2qh6p,,0,[],,,,,,
[],,[deleted],,,,,dark,[],[removed],,,1613127543,{},gn1p951,False,t3_lhxim9,False,True,t1_gn02839,/r/Conservative/comments/lhxim9/nancy_pelosi_accused_of_corruption_after_husband/gn1p951/,1613127555,1,True,False,Conservative,t5_2qh6p,,0,[],,,,,,
[],,Dracoknight256,,,,,,[],Still better than here in EU where our government decided that since they don't have to commute to school everyday they don't have to get any holidays and winter holidays break got turned into winter 3-days break. My siblings are insanely burnt out on school.,,,1613127537,{},gn1p8w1,False,t3_lhypei,False,True,t3_lhypei,/r/Conservative/comments/lhypei/public_school_teachers_looking_forward_to_summer/gn1p8w1/,1613127547,1,True,False,Conservative,t5_2qh6p,,0,[],[],text,t2_dolsh,False,False,
[],,[deleted],,,,,dark,[],[removed],,,1613127528,{},gn1p8jx,False,t3_lhxim9,False,True,t3_lhxim9,/r/Conservative/comments/lhxim9/nancy_pelosi_accused_of_corruption_after_husband/gn1p8jx/,1613127539,1,True,False,Conservative,t5_2qh6p,,0,[],,,,,,
[],,Lil_Nazbol,,,,,,[],The sun would blow up before the end,,,1613127527,{},gn1p8ij,False,t3_lhynz7,False,True,t3_lhynz7,/r/Conservative/comments/lhynz7/rnc_chairwoman_if_we_did_a_clip_of_every_democrat/gn1p8ij/,1613127538,1,True,False,Conservative,t5_2qh6p,,0,[],[],text,t2_6idcg3vc,False,False,
[],,workforyourstuff,,,,Atheist Conservative,dark,[],What about a Vice President that’s most likely going to be stepping into the position within the next 2 years?,,,1613127523,{},gn1p8e1,False,t3_lhynz7,False,True,t1_gn0ohk4,/r/Conservative/comments/lhynz7/rnc_chairwoman_if_we_did_a_clip_of_every_democrat/gn1p8e1/,1613127534,1,True,False,Conservative,t5_2qh6p,,0,[],"[{'e': 'text', 't': 'Atheist Conservative'}]",richtext,t2_3l9wd2ha,False,False,
[],,derolle,,,,2nd Amendment,dark,[],Ive been a salty sea dog since I was a guppie.  Arrrgh ☠️,,,1613127511,{},gn1p7yq,False,t3_lhpmf3,False,True,t1_gn0ejwf,/r/Conservative/comments/lhpmf3/backlash_against_disney_grows_after_liberal_actor/gn1p7yq/,1613127522,1,True,False,Conservative,t5_2qh6p,,0,[],"[{'e': 'text', 't': '2nd Amendment'}]",richtext,t2_52ggw,False,False,
[],,VRBabe15,,,,Patriotic Babe,dark,[],"Here you go. You do realise that humanity has had lots of resets and there's lots of dimensions too not just this earth. Maybe you should do some research on quantum mechanics.

https://www.ancient-code.com/here-are-5-mysterious-artifacts-which-date-back-millions-of-years/",,,1613127501,{},gn1p7l8,False,t3_lhp7xd,False,True,t1_gn1og0t,/r/Conservative/comments/lhp7xd/global_warming_alarmists_keep_letting_their_masks/gn1p7l8/,1613127512,1,True,False,Conservative,t5_2qh6p,,0,[],"[{'e': 'text', 't': 'Patriotic Babe'}]",richtext,t2_ss5dj,False,False,
[],,tothecore17,,,,Conservative,dark,[],Not sure if I saw this on that post he commissioned either...,,,1613127474,{},gn1p6km,False,t3_lhyh0e,False,True,t1_gn04hwh,/r/Conservative/comments/lhyh0e/cuomo_aide_admits_they_hid_nursing_home_data_so/gn1p6km/,1613127484,1,True,False,Conservative,t5_2qh6p,,0,[],"[{'e': 'text', 't': 'Conservative'}]",richtext,t2_f7bka,False,False,
[],,arianabanana30,,,,,,[],Yeah........ nevermind. I saw your comment history. Youre a fucking troll. 🙄 will not be entertaining you anymore.,,,1613127467,{},gn1p6by,False,t3_li7x93,False,True,t1_gn1ogar,/r/Conservative/comments/li7x93/after_months_of_president_biden_promising_to_have/gn1p6by/,1613127478,1,True,False,Conservative,t5_2qh6p,,0,[],[],text,t2_7dwhy1b2,False,False,
[],,Foreskin_Burglar,,,,,,[],"No and I think it’s extreme to say it would get to that point, but the comparison makes sense pre-holocaust.",,,1613127463,{},gn1p65l,False,t3_li0qao,False,True,t1_gn1nbi5,/r/Conservative/comments/li0qao/instead_of_just_boycotting_disney_conservatives/gn1p65l/,1613127473,1,True,False,Conservative,t5_2qh6p,,0,[],[],text,t2_2agyd0tt,False,False,
[],,Days-Weeks,,,,,,[],"Yeah where do they keep getting these awards from?


And there's always at least 4 or 5 of them..",,,1613127424,{},gn1p4oc,False,t3_li7x93,False,True,t1_gn1ooss,/r/Conservative/comments/li7x93/after_months_of_president_biden_promising_to_have/gn1p4oc/,1613127435,1,True,False,Conservative,t5_2qh6p,,0,[],[],text,t2_6x7s4118,False,False,
[],,[deleted],,,,,dark,[],[removed],,,1613127422,{},gn1p4ls,False,t3_lhynz7,False,True,t3_lhynz7,/r/Conservative/comments/lhynz7/rnc_chairwoman_if_we_did_a_clip_of_every_democrat/gn1p4ls/,1613127433,1,True,False,Conservative,t5_2qh6p,,0,[],,,,,,
[],,workforyourstuff,,,,Atheist Conservative,dark,[],"“Look at all these examples of people dying or being seriously injured as a result of rhetoric from Democrat politicians.”

Leftist: lol, cry harder

“Look at all these examples of people dying or being seriously injured as a result of rhetoric from Donald a Trump.”

Leftist: IMPEACH THIS MAN!",,,1613127419,{},gn1p4i3,False,t3_lhynz7,False,True,t1_gn0n9ce,/r/Conservative/comments/lhynz7/rnc_chairwoman_if_we_did_a_clip_of_every_democrat/gn1p4i3/,1613127430,1,True,False,Conservative,t5_2qh6p,,0,[],"[{'e': 'text', 't': 'Atheist Conservative'}]",richtext,t2_3l9wd2ha,False,False,
[],,Akshay-2503,,,,,,[],"It's definitely very sad. The issue is selective media coverage, which both left and right are guilty of. Each one tries to bring up its own references in order to win an argument against the other side, thereby negating the point of the argument.

Classic example is how the farmers protests in India have been covered by left and right wing media so very differently. You can easily watch Trevor Noah's video and make a judgement, which is what most left liberals will do anyway. But that's really not the entire picture. There's wrong on both sides, that no one wants to agree  with.",,,1613127419,{},gn1p4he,False,t3_li1278,False,True,t1_gn1o11q,/r/Conservative/comments/li1278/the_french_are_absolutely_right_to_say_no_thanks/gn1p4he/,1613127429,1,True,False,Conservative,t5_2qh6p,,0,[],[],text,t2_6fpobmzs,False,False,
[],,kangchad,,,,,,[],"Should reestablish KMT rule on the mainland instead. Also people seems to have forgotten why NATO didn't go to war with the Warszawa pact. There is something called MAD, which will happen when great powers with weapons of mass destruction goes to war with each other. The outcome is predicted to be so bad that no one thinks it is worth it.",,,1613127418,{},gn1p4fv,False,t3_lhvs1e,False,True,t1_gn032tf,/r/Conservative/comments/lhvs1e/china_bans_bbc_after_harrowing_report_on/gn1p4fv/,1613127428,1,True,False,Conservative,t5_2qh6p,,0,[],[],text,t2_4hd3o42j,False,False,
[],,[deleted],,,,,dark,[],[removed],,,1613127417,{},gn1p4f7,False,t3_lhp0j6,False,True,t1_gmzk73d,/r/Conservative/comments/lhp0j6/to_prove_cancel_culture_doesnt_exist_disney_fires/gn1p4f7/,1613127428,1,True,False,Conservative,t5_2qh6p,,0,[],,,,,,
[],,[deleted],,,,,dark,[],[removed],,,1613127410,{},gn1p46q,False,t3_li0qao,False,True,t1_gn1799r,/r/Conservative/comments/li0qao/instead_of_just_boycotting_disney_conservatives/gn1p46q/,1613127421,1,True,False,Conservative,t5_2qh6p,,0,[],,,,,,
[],,arianabanana30,,,,,,[],Lol its true and its on video. Police were there unlocking the doors and letting the “rioters” in. The whole thing was fishy.,,,1613127395,{},gn1p3l4,False,t3_lgpqsy,False,True,t1_gmtwk6d,/r/Conservative/comments/lgpqsy/a_hoax_from_day_one_michigan_gop_leader_says/gn1p3l4/,1613127406,1,True,False,Conservative,t5_2qh6p,,0,[],[],text,t2_7dwhy1b2,False,False,
[],,ntinglasts4evermson,,,,,,[],times change though so his point may be more valid now,,,1613127393,{},gn1p3it,False,t3_lhvevd,False,True,t3_lhvevd,/r/Conservative/comments/lhvevd/president_biden_said_china_is_gonna_eat_our_lunch/gn1p3it/,1613127404,1,True,False,Conservative,t5_2qh6p,,0,[],[],text,t2_8yqltjae,False,False,
[],,DomFemsAdmirer,,,,,,[]," The Capitol Police statement announced  Officer Sicknick’s death said he “was injured while physically engaging with protesters. 

That’s their words. Far as the Fire extinguisher tho, who knows . The NYT reported that but it kind of corroborates with what the capitol police reported initially.",,,1613127393,{},gn1p3im,False,t3_li54op,False,True,t1_gn1b29r,/r/Conservative/comments/li54op/tucker_everything_the_media_told_you_about/gn1p3im/,1613127404,1,True,False,Conservative,t5_2qh6p,,0,[],[],text,t2_4yqsu44y,False,False,
[],,jmthomson,,,,,,[],"Nope, he made reference to children in cages being the same as Jews in cages. It’s exactly the same. Holy shit, the mental gymnastic you’ll go through to try and convince yourself your not a hypocrite.",,,1613127363,{},gn1p2e1,False,t3_li3n4v,False,True,t1_gn1loqk,/r/Conservative/comments/li3n4v/disney_is_ok_with_holocaust_comparisons_and/gn1p2e1/,1613127374,1,True,False,Conservative,t5_2qh6p,,0,[],[],text,t2_x3p1g,False,False,
[],,gncurrier,,,,Conservative Millennial,dark,[],I’m single and I’ve always voted Republican,,,1613127358,{},gn1p26h,False,t3_li5cvy,False,False,t1_gn17hu1,/r/Conservative/comments/li5cvy/republican_women_are_just_fine_thank_you_with/gn1p26h/,1613127369,1,True,False,Conservative,t5_2qh6p,,0,[],"[{'e': 'text', 't': 'Conservative Millennial'}]",richtext,t2_3qt42u1,False,False,
[],,[deleted],,,,,dark,[],[removed],,,1613127354,{},gn1p20i,False,t3_lhxim9,False,True,t1_gn0s8a3,/r/Conservative/comments/lhxim9/nancy_pelosi_accused_of_corruption_after_husband/gn1p20i/,1613127364,1,True,False,Conservative,t5_2qh6p,,0,[],,,,,,
[],,friendofiix,,,,,,[],Putin disagrees.,,,1613127346,{},gn1p1qp,False,t3_lhxypa,False,True,t1_gn0nmel,/r/Conservative/comments/lhxypa/more_than_120_former_republican_officials_in/gn1p1qp/,1613127357,1,True,False,Conservative,t5_2qh6p,,0,[],[],text,t2_jxnce,False,False,
[],,[deleted],,,,,dark,[],[removed],,,1613127337,{},gn1p1dy,False,t3_lhxim9,False,True,t3_lhxim9,/r/Conservative/comments/lhxim9/nancy_pelosi_accused_of_corruption_after_husband/gn1p1dy/,1613127347,1,True,False,Conservative,t5_2qh6p,,0,[],,,,,,
[],,tothecore17,,,,Conservative,dark,[],Which is sad. I used to enjoy watching the oscars...some of the hosts were hilarious but now it’s just been an anti-trump woke fest.,,,1613127334,{},gn1p1ao,False,t3_lhyh0e,False,True,t1_gn0y4tn,/r/Conservative/comments/lhyh0e/cuomo_aide_admits_they_hid_nursing_home_data_so/gn1p1ao/,1613127345,1,True,False,Conservative,t5_2qh6p,,0,[],"[{'e': 'text', 't': 'Conservative'}]",richtext,t2_f7bka,False,False,
[],,WhOkIcKeDwHaTwHeRe,,,,,,[],"How about one?  Not one person who testified in the so-called hearings run by Guiliani and the various republican state legislatures was under oath. Not one. Testifying under oath and signing an affadavit, are two completely different things. You dont even have a grasp on high school level civics, yet you think you have cracked some grand conspiracy.  Keep telling yourself your the hero of the story, instead of the problem. Maybe someday you will even convince yourself.",,,1613127332,{},gn1p17d,False,t3_li1278,False,True,t1_gn0tpkg,/r/Conservative/comments/li1278/the_french_are_absolutely_right_to_say_no_thanks/gn1p17d/,1613127343,1,True,False,Conservative,t5_2qh6p,,0,[],[],text,t2_pyit1aw,False,False,
[],,gncurrier,,,,Conservative Millennial,dark,[],"Yes! What’s hilarious is often times online people insist that I am not a woman, I guess my viewpoints on conservative policies and being pro life couldn’t possibly come from a woman under 30. Honestly it’s insulting",,,1613127332,{},gn1p16p,False,t3_li5cvy,False,True,t3_li5cvy,/r/Conservative/comments/li5cvy/republican_women_are_just_fine_thank_you_with/gn1p16p/,1613127342,1,True,False,Conservative,t5_2qh6p,,0,[],"[{'e': 'text', 't': 'Conservative Millennial'}]",richtext,t2_3qt42u1,False,False,
[],,Peasant_king-,,,,,,[],Bruh she literally compared todays america with nazi germany. She deserved it,,,1613127315,{},gn1p0jy,False,t3_lho6vj,False,False,t3_lho6vj,/r/Conservative/comments/lho6vj/conservatives_drop_disney_subscriptions_after/gn1p0jy/,1613127325,1,True,False,Conservative,t5_2qh6p,,0,[],[],text,t2_40rzg1vn,False,False,
[],,[deleted],,,,,dark,[],[removed],,,1613127273,{},gn1oywm,False,t3_lhpmf3,False,True,t1_gmyygjj,/r/Conservative/comments/lhpmf3/backlash_against_disney_grows_after_liberal_actor/gn1oywm/,1613127283,1,True,False,Conservative,t5_2qh6p,,0,[],,,,,,
[],,[deleted],,,,,dark,[],[removed],,,1613127268,{},gn1oyqr,False,t3_lhxim9,False,True,t1_gn0m63u,/r/Conservative/comments/lhxim9/nancy_pelosi_accused_of_corruption_after_husband/gn1oyqr/,1613127279,1,True,False,Conservative,t5_2qh6p,,0,[],,,,,,
[],,pkarlmann,,,,Constitutional Conservative,dark,[],"&gt;His approval ratings were low.

He won more couple of Millions votes this time than last time.

Ratings/Polls are bs.",,,1613127264,{},gn1oyl1,False,t3_li1278,False,True,t1_gn1fdjq,/r/Conservative/comments/li1278/the_french_are_absolutely_right_to_say_no_thanks/gn1oyl1/,1613127275,1,True,False,Conservative,t5_2qh6p,,0,[],"[{'e': 'text', 't': 'Constitutional Conservative'}]",richtext,t2_22sqq3xf,False,False,
[],,MaskMoneySearcher,,,,,,[],Fuck France!!,,,1613127250,{},gn1oy04,False,t3_li1278,False,True,t3_li1278,/r/Conservative/comments/li1278/the_french_are_absolutely_right_to_say_no_thanks/gn1oy04/,1613127261,1,True,False,Conservative,t5_2qh6p,,0,[],[],text,t2_8wdt3f1r,False,False,
[],,winceton_news,,,,,,[],"Bwut twump did dat, bwut twump did dis",,,1613127246,{},gn1oxug,False,t3_lhyh0e,False,True,t1_gn05e4u,/r/Conservative/comments/lhyh0e/cuomo_aide_admits_they_hid_nursing_home_data_so/gn1oxug/,1613127256,1,True,False,Conservative,t5_2qh6p,,0,[],[],text,t2_5ky5yxtu,False,False,
[],,RoundSimbacca,,,,Conservative,dark,[],"For the President, no. Nothing can be done. Results are certified by Congress and that's that.

For any other election, maybe. Judges have ordered new elections if it's found that the election was tainted.",,,1613127239,{},gn1oxkw,False,t3_lhy10s,False,True,t1_gn0barz,/r/Conservative/comments/lhy10s/they_got_caught_dominion_owned_machines_removed_6/gn1oxkw/,1613127249,1,True,False,Conservative,t5_2qh6p,,0,[],"[{'e': 'text', 't': 'Conservative'}]",richtext,t2_ao7bi,False,False,
[],,[deleted],,,,,dark,[],[removed],,,1613127238,{},gn1oxk2,False,t3_lhjes4,False,True,t1_gmy6p8h,/r/Conservative/comments/lhjes4/stop_calling_it_an_insurrection/gn1oxk2/,1613127249,1,True,False,Conservative,t5_2qh6p,,0,[],,,,,,
[],,Butterfriedbacon,,,,States Rights,dark,[],"&gt;Also, I’m a conservative

No you aren't",,,1613127231,{},gn1ox9m,False,t3_lhv21o,False,True,t1_gn0pi78,/r/Conservative/comments/lhv21o/am_i_the_only_one_concerned_with_the/gn1ox9m/,1613127242,1,True,False,Conservative,t5_2qh6p,,0,[],"[{'e': 'text', 't': 'States Rights'}]",richtext,t2_6o8na7w6,False,False,
[],,Mtwice11,,,,Conservative USAF Retired,dark,[],The inconvenience of truth needs to be censored by those in control,,,1613127215,{},gn1own0,True,t3_lhyiia,False,True,t1_gn1crh2,/r/Conservative/comments/lhyiia/china_pulls_bbc_world_news_off_the_air/gn1own0/,1613127226,1,True,False,Conservative,t5_2qh6p,,0,[],"[{'e': 'text', 't': 'Conservative USAF Retired'}]",richtext,t2_7ig7rrcc,False,False,
[],,AzarathineMonk,,,,,,[],That’s socialism dontcha know? GUBMENT handouts. Bad for any reason. Just pull yourself up by your bootstraps which is kinda funny we use that expression now b/c it originally meant [this](https://uselessetymology.com/2019/11/07/the-origins-of-the-phrase-pull-yourself-up-by-your-bootstraps/),,,1613127203,{},gn1ow4x,False,t3_li26tc,False,True,t1_gn1g4b6,/r/Conservative/comments/li26tc/dave_ramsey_replies_to_social_media_outrage_over/gn1ow4x/,1613127213,1,True,False,Conservative,t5_2qh6p,,0,[],[],text,t2_d5e8qti,False,False,
[],,Aries_Auto96,,,,,,[],"Cases of the common flu have gone down proportionally with the rise of covid cases. I find that very fucking interesting. 

I know this doesn't have anything to do with what you said, just thought I'd point it out since covid is, in fact, not the ""greatest threat to humanity"" like so many high profile ""health experts"" keep parroting.",,,1613127203,{},gn1ow4l,False,t3_lhypei,False,True,t1_gn1f456,/r/Conservative/comments/lhypei/public_school_teachers_looking_forward_to_summer/gn1ow4l/,1613127213,1,True,False,Conservative,t5_2qh6p,,0,[],[],text,t2_7smmz8y3,False,False,
[],,workforyourstuff,,,,Atheist Conservative,dark,[],"That’s fine, but if it’s *their turf* then they’re responsible for what it said on it, and should be held liable for any damaging falsehoods that are hosted on it. Unless, of course, they want to be free of that liability, and give up their right to curate content by making it a public platform. That’s what Twitter, Facebook, and other social media have done by accepting the protections afforded to them via Section 230 of the Communications Act. Except now they’re not holding up their end up the bargain, and for some reason, the rules aren’t being enforced.",,,1613127195,{},gn1ovu3,False,t3_li0qao,False,True,t1_gn1ah84,/r/Conservative/comments/li0qao/instead_of_just_boycotting_disney_conservatives/gn1ovu3/,1613127206,1,True,False,Conservative,t5_2qh6p,,0,[],"[{'e': 'text', 't': 'Atheist Conservative'}]",richtext,t2_3l9wd2ha,False,False,
[],,thrwaway2155,,,,,,[],I too am confused by these people. “I completely changed political ideology because x did y”. Seriously? You changed your mind on social and fiscal issues that easily?,,,1613127187,{},gn1ovj7,False,t3_li0qao,False,True,t1_gn1b2fm,/r/Conservative/comments/li0qao/instead_of_just_boycotting_disney_conservatives/gn1ovj7/,1613127198,1,True,False,Conservative,t5_2qh6p,,0,[],[],text,t2_4d15mid0,False,False,
[],,Amida0616,,,,,,[],“Covid superstar”,,,1613127166,{},gn1ouqu,False,t3_lhyh0e,False,True,t3_lhyh0e,/r/Conservative/comments/lhyh0e/cuomo_aide_admits_they_hid_nursing_home_data_so/gn1ouqu/,1613127177,1,True,False,Conservative,t5_2qh6p,,0,[],[],text,t2_64g33,False,False,
[],,Geohalbert,,,,,,[],Let’s censure every Republican who doesn’t defend Trump for every fuck up though.,,,1613127159,{},gn1oug5,False,t3_li3rpe,False,True,t3_li3rpe,/r/Conservative/comments/li3rpe/senator_ted_cruz_other_prominent_conservatives/gn1oug5/,1613127169,1,True,False,Conservative,t5_2qh6p,,0,[],[],text,t2_ciqqe,False,False,
[],,m0nolith_TitaN,,,,,,[],we don’t inject insulin anymore just go for a swim in my grotto baybuh,,,1613127159,{},gn1oufi,False,t3_li4z0t,False,True,t1_gn18m13,/r/Conservative/comments/li4z0t/mom_shocked_and_super_mad_at_bidens_eo_removing/gn1oufi/,1613127169,1,True,False,Conservative,t5_2qh6p,,0,[],[],text,t2_s9zgttq,False,True,
[],,[deleted],,,,,dark,[],[removed],,,1613127156,{},gn1oubk,False,t3_lhxim9,False,True,t3_lhxim9,/r/Conservative/comments/lhxim9/nancy_pelosi_accused_of_corruption_after_husband/gn1oubk/,1613127166,1,True,False,Conservative,t5_2qh6p,,0,[],,,,,,
[],,gr8tefuldawg,,,,,,[],"The nursing home killer is finally being ousted as the murderer he is, maybe AOC will help him pander and make up stories to deflect more shit.",,,1613127156,{},gn1oubd,False,t3_li7tyw,False,True,t3_li7tyw,/r/Conservative/comments/li7tyw/cuomo_aide_derosa_admits_they_hid_data_on_covid/gn1oubd/,1613127166,1,True,False,Conservative,t5_2qh6p,,0,[],[],text,t2_htjdos8,False,False,
[],,Anklebender91,,,,,,[],You are spot on.  My wife is a full on remote teacher and she is dying to get back into the classroom.  I have a new appreciation for what she does after seeing how she deals with 30 kids on zoom everyday.,,,1613127128,{},gn1ot98,False,t3_lhypei,False,True,t1_gn04lmq,/r/Conservative/comments/lhypei/public_school_teachers_looking_forward_to_summer/gn1ot98/,1613127138,1,True,False,Conservative,t5_2qh6p,,0,[],[],text,t2_quckn,False,False,
[],,superway123,,,,,,[],Trump 💯 selfcentered dick,,,1613127113,{},gn1oso6,False,t3_li1278,False,True,t1_gn11a40,/r/Conservative/comments/li1278/the_french_are_absolutely_right_to_say_no_thanks/gn1oso6/,1613127123,1,True,False,Conservative,t5_2qh6p,,0,[],[],text,t2_7wujjxzd,False,False,
[],,THExLASTxDON,,,,,,[],"&gt;She repeated conspiracy theories.

Lol, pfft.  Could you please tell me how many Democrats were cancelled for using literal Russian disinformation (aka the Steele dossier) to push crazy Russian conspiracy theories about pee tapes...?",,,1613127105,{},gn1osef,False,t3_li0qao,False,True,t1_gn192ty,/r/Conservative/comments/li0qao/instead_of_just_boycotting_disney_conservatives/gn1osef/,1613127116,1,True,False,Conservative,t5_2qh6p,,0,[],[],text,t2_i3bim,False,False,
[],,STONEDEAFFOREVER,,,,Pro Life,dark,[],I see you quoted a genius there. Nice,,,1613127105,{},gn1ose7,False,t3_li297b,False,True,t1_gn0xcnn,/r/Conservative/comments/li297b/unspeakable_truths_about_racial_inequality_in/gn1ose7/,1613127116,1,True,False,Conservative,t5_2qh6p,,0,[],"[{'e': 'text', 't': 'Pro Life'}]",richtext,t2_2pscvlq1,False,False,
[],,ZeroUsernameLeft,,,,,,[],"Wish more of you guys understood this. Americans act as though we're practically communists yet the plague of wokeism originated in US colleges and has only recently begun to make its way over here - thanks to Big Tech and America's soft power. So for all the people in this thread going ""THe FuCkINg fReNCh of AlL PEoPLe ?""...",,,1613127101,{},gn1os95,False,t3_li1278,False,True,t1_gn0u7bg,/r/Conservative/comments/li1278/the_french_are_absolutely_right_to_say_no_thanks/gn1os95/,1613127112,1,True,False,Conservative,t5_2qh6p,,0,[],[],text,t2_9syqu3nw,False,False,
[],,VRBabe15,,,,Patriotic Babe,dark,[],Haha you really believe that humanity is that young? Wow you're not very intelligent are you. And yes they have been spraying the skies as there's lots of evidence from the UK military if you bothered to do research but you don't like facts do you. I'm more intelligent than you that's for sure as my brain cells haven't deteriorated by the drugs you've been taking. I've never taken drugs so I'm clean as can be.,,,1613127093,{},gn1orxd,False,t3_lhp7xd,False,True,t1_gn1og0t,/r/Conservative/comments/lhp7xd/global_warming_alarmists_keep_letting_their_masks/gn1orxd/,1613127104,1,True,False,Conservative,t5_2qh6p,,0,[],"[{'e': 'text', 't': 'Patriotic Babe'}]",richtext,t2_ss5dj,False,False,
[],,Days-Weeks,,,,,,[],"Umm I think it's very clear you're a troll....




I don't think anyone in here believes in this q bullshit anyway",,,1613127066,{},gn1oqxx,False,t3_li7x93,False,True,t1_gn1ogar,/r/Conservative/comments/li7x93/after_months_of_president_biden_promising_to_have/gn1oqxx/,1613127076,1,True,False,Conservative,t5_2qh6p,,0,[],[],text,t2_6x7s4118,False,False,
[],,_Laeun,,,,,,[],"A tax on all trades is a pretty bad idea, but if they want to add a new level to short-term capital gains tax, or a tax on high-frequency algorithm-based trading, that could be ok.",,,1613127062,{},gn1oqtf,False,t3_li6brp,False,True,t3_li6brp,/r/Conservative/comments/li6brp/why_the_new_york_stock_exchange_could_soon_flee/gn1oqtf/,1613127073,1,True,False,Conservative,t5_2qh6p,,0,[],[],text,t2_2gv7bk2j,False,False,
[],,arianabanana30,,,,,,[],Ive been reading all about this and paying attention. Im just saying Im not going to put it in my mind that thats exactly going to be the outcome in March 🤷🏻‍♀️ we all saw that that went last time and we got our hopes up.,,,1613127062,{},gn1oqsl,False,t3_li7x93,False,True,t1_gn1ogar,/r/Conservative/comments/li7x93/after_months_of_president_biden_promising_to_have/gn1oqsl/,1613127073,1,True,False,Conservative,t5_2qh6p,,0,[],[],text,t2_7dwhy1b2,False,False,
[],,Willking618,,,,Conservative,dark,[],Hardly surprising cloths that show support for terrorists were not allowed. She doesn’t deserve a job anyway,,,1613127027,{},gn1opkk,False,t3_lhr65i,False,True,t3_lhr65i,/r/Conservative/comments/lhr65i/restaurant_closes_after_facing_backlash_for_not/gn1opkk/,1613127038,1,True,False,Conservative,t5_2qh6p,,0,[],"[{'e': 'text', 't': 'Conservative'}]",richtext,t2_306svq8e,False,False,
[],,Butterfriedbacon,,,,States Rights,dark,[],You should...never want to protect your community? How is that even something someone said?,,,1613127020,{},gn1opb4,False,t3_lhv21o,False,True,t3_lhv21o,/r/Conservative/comments/lhv21o/am_i_the_only_one_concerned_with_the/gn1opb4/,1613127031,1,True,False,Conservative,t5_2qh6p,,0,[],"[{'e': 'text', 't': 'States Rights'}]",richtext,t2_6o8na7w6,False,False,
[],,MacroSolid,,,,,,[],They are not alone and the ranks of the woke in the EU are thinning out. I'm fairly optimistic.,,,1613127014,{},gn1op36,False,t3_li1278,False,True,t1_gn1jy67,/r/Conservative/comments/li1278/the_french_are_absolutely_right_to_say_no_thanks/gn1op36/,1613127025,1,True,False,Conservative,t5_2qh6p,,0,[],[],text,t2_6opiy,False,False,
[],,gr8tefuldawg,,,,,,[],"Wow, good one! Keep going! You are by far the edgiest troll in a long time, you will be awarded 100 woke coins at the end of your quest.",,,1613127007,{},gn1ooss,False,t3_li7x93,False,True,t1_gn1ogar,/r/Conservative/comments/li7x93/after_months_of_president_biden_promising_to_have/gn1ooss/,1613127017,1,True,False,Conservative,t5_2qh6p,,0,[],[],text,t2_htjdos8,False,False,
[],,grove_doubter,,,,Reagan Was Right,dark,[],"[**”I'm shocked, shocked to find that insider trading is going on in here!”**](https://youtu.be/SjbPi00k_ME)

“Here are the profits from the Tesla option your husband executed 4 days before the announcement that Tesla would be the U.S. government fleet vehicle, Madame Speaker.”

“Oh,  thank you very much.”",,,1613126990,{},gn1oo78,False,t3_lhxim9,False,True,t3_lhxim9,/r/Conservative/comments/lhxim9/nancy_pelosi_accused_of_corruption_after_husband/gn1oo78/,1613127001,1,True,False,Conservative,t5_2qh6p,,0,[],"[{'e': 'text', 't': 'Reagan Was Right'}]",richtext,t2_16ot1v,False,False,
[],,Spaceguy5,,,,Conservative,dark,[],"""The media"" is not a monolithic entity. There are a lot of different media outlets of varying degrees of political bias and credibility",,,1613126984,{},gn1onyb,False,t3_lhu0gm,False,True,t1_gn1olbk,/r/Conservative/comments/lhu0gm/judge_declines_new_arrest_warrant_for_kyle/gn1onyb/,1613126994,1,True,False,Conservative,t5_2qh6p,,0,[],"[{'e': 'text', 't': 'Conservative'}]",richtext,t2_6wn1c,False,False,True
[],,gncurrier,,,,Conservative Millennial,dark,[],"Yes, I’ve seen it referred to that way by trans people several times- they don’t want women to be able to use the actual anatomical term for their own body, but they can use it for the monstrosity creates when they turn their le is inside out to create a neo vagina (do not look, they are horrifying. Sometimes hair gets inside. It’s a horrific mutilation)",,,1613126977,{},gn1onpz,False,t3_lhyoel,False,True,t1_gn0oxxd,/r/Conservative/comments/lhyoel/uk_hospitals_push_transfriendly_language/gn1onpz/,1613126988,1,True,False,Conservative,t5_2qh6p,,0,[],"[{'e': 'text', 't': 'Conservative Millennial'}]",richtext,t2_3qt42u1,False,False,
[],,workforyourstuff,,,,Atheist Conservative,dark,[],"So I should have the right to not be associated with their ad sales too, as a private individual. I never consented to them selling my personal information to companies when I typed in a search on google. Should corporations have the right to associate themselves with me against my will?",,,1613126959,{},gn1on04,False,t3_li0qao,False,False,t1_gn10017,/r/Conservative/comments/li0qao/instead_of_just_boycotting_disney_conservatives/gn1on04/,1613126970,1,True,False,Conservative,t5_2qh6p,,0,[],"[{'e': 'text', 't': 'Atheist Conservative'}]",richtext,t2_3l9wd2ha,False,False,
[],,[deleted],,,,,dark,[],[removed],,,1613126945,{},gn1omio,False,t3_li0qao,False,True,t1_gn0swbk,/r/Conservative/comments/li0qao/instead_of_just_boycotting_disney_conservatives/gn1omio/,1613126956,1,True,False,Conservative,t5_2qh6p,,0,[],,,,,,
[],,winceton_news,,,,,,[],"Kamala Harris has a history of telling lies, too.  She said she told lies about Joe Biden during that same interview because it was a debate.  Yes, the Portland riots proceeded to attack the federal courthouse and a conservative was shot in the chest.  She was a Vice Presidential candidate who emboldened antifa and BLM.  Her words mattered.",,,1613126944,{},gn1omhf,False,t3_lhr90z,False,True,t1_gn0lw8w,/r/Conservative/comments/lhr90z/5_times_joe_biden_openly_urged_violence_against/gn1omhf/,1613126955,1,True,False,Conservative,t5_2qh6p,,0,[],[],text,t2_5ky5yxtu,False,False,
[],,[deleted],,,,,dark,[],[removed],,,1613126944,{},gn1omgp,False,t3_lhl4mh,False,True,t3_lhl4mh,/r/Conservative/comments/lhl4mh/desantis_on_medias_nomask_criticism_you_only_care/gn1omgp/,1613126955,1,True,False,Conservative,t5_2qh6p,,0,[],,,,,,
[],,superway123,,,,,,[],Bruh put down the koolaid.,,,1613126931,{},gn1olze,False,t3_li1278,False,True,t1_gn0j5bi,/r/Conservative/comments/li1278/the_french_are_absolutely_right_to_say_no_thanks/gn1olze/,1613126942,1,True,False,Conservative,t5_2qh6p,,0,[],[],text,t2_7wujjxzd,False,False,
[],,[deleted],,,,,dark,[],[removed],,,1613126915,{},gn1oleo,False,t3_lhxim9,False,True,t1_gn03iw5,/r/Conservative/comments/lhxim9/nancy_pelosi_accused_of_corruption_after_husband/gn1oleo/,1613126925,1,True,False,Conservative,t5_2qh6p,,0,[],,,,,,
[],,ZeroUsernameLeft,,,,,,[],"I'd say fair's fair seeing as we didn't just sit on our asses in the trenches with the Brits, Russians, Italians and everyone else waiting for a saviour to defeat the Germans in WW1.",,,1613126914,{},gn1olee,False,t3_li1278,False,True,t1_gn15hg4,/r/Conservative/comments/li1278/the_french_are_absolutely_right_to_say_no_thanks/gn1olee/,1613126925,1,True,False,Conservative,t5_2qh6p,,0,[],[],text,t2_9syqu3nw,False,False,
[],,Littledealerboy,,,,,,[],Why are you on a platform (r/conservative) that is 99.9% media articles if you distrust it so much?,,,1613126912,{},gn1olbk,False,t3_lhu0gm,False,True,t1_gn1ltop,/r/Conservative/comments/lhu0gm/judge_declines_new_arrest_warrant_for_kyle/gn1olbk/,1613126923,1,True,False,Conservative,t5_2qh6p,,0,[],[],text,t2_trw2e,False,False,
[],,[deleted],,,,,dark,[],[removed],,,1613126881,{},gn1ok4u,False,t3_lhpmf3,False,True,t1_gmzjuy0,/r/Conservative/comments/lhpmf3/backlash_against_disney_grows_after_liberal_actor/gn1ok4u/,1613126891,1,True,False,Conservative,t5_2qh6p,,0,[],,,,,,
[],,TulaFightingGoose,,,,,,[],"No shit, no one invites evil into their house",,,1613126876,{},gn1ojxq,False,t3_li1278,False,True,t3_li1278,/r/Conservative/comments/li1278/the_french_are_absolutely_right_to_say_no_thanks/gn1ojxq/,1613126886,1,True,False,Conservative,t5_2qh6p,,0,[],[],text,t2_aaehyht,False,False,
[],,arianabanana30,,,,,,[],Im positive that this is true. People will think it isnt because the media doesnt report on it but what many refuse to believe or even hear is that a lot of these mainsteam media news sources do nothing but lie and twist everything. So much to the point where they dont even try to hide it anymore. Once you begin to break out of the programming that theyve had us and continue to have us under for our whole lives you begin to see past the lies and bullshit.,,,1613126866,{},gn1ojm4,False,t3_li1tnn,False,True,t1_gn1n08j,/r/Conservative/comments/li1tnn/sen_rand_paul_democrats_guilty_of_much_more_than/gn1ojm4/,1613126877,1,True,False,Conservative,t5_2qh6p,,0,[],[],text,t2_7dwhy1b2,False,False,
[],,thrwaway2155,,,,,,[],It doesn’t apply. She was not arrested by the government for her speech. No one is entitled to a platform or job. First amendment doesn’t protect you from other citizens telling you to shut up and get lost.,,,1613126827,{},gn1oi4q,False,t3_li0qao,False,True,t1_gn174i4,/r/Conservative/comments/li0qao/instead_of_just_boycotting_disney_conservatives/gn1oi4q/,1613126838,1,True,False,Conservative,t5_2qh6p,,0,[],[],text,t2_4d15mid0,False,False,
[],,[deleted],,,,,dark,[],[removed],,,1613126817,{},gn1ohs0,False,t3_lhxim9,False,True,t1_gn0mvnt,/r/Conservative/comments/lhxim9/nancy_pelosi_accused_of_corruption_after_husband/gn1ohs0/,1613126827,1,True,False,Conservative,t5_2qh6p,,0,[],,,,,,
[],,[deleted],,,,,dark,[],[removed],,,1613126806,{},gn1ohd5,False,t3_li0qao,False,True,t1_gn0p5xa,/r/Conservative/comments/li0qao/instead_of_just_boycotting_disney_conservatives/gn1ohd5/,1613126817,1,True,False,Conservative,t5_2qh6p,,0,[],,,,,,
[],,VRBabe15,,,,Patriotic Babe,dark,[],I'm paranoid? I'm not the one that goes on trips by taking shrooms. You see two can play that game by looking at profile comments etc. Goodbye and hope you have a good trip,,,1613126791,{},gn1ogs5,False,t3_lhp7xd,False,True,t1_gn1nhn9,/r/Conservative/comments/lhp7xd/global_warming_alarmists_keep_letting_their_masks/gn1ogs5/,1613126802,1,True,False,Conservative,t5_2qh6p,,0,[],"[{'e': 'text', 't': 'Patriotic Babe'}]",richtext,t2_ss5dj,False,False,
[],,kablahm,,,,,,[],You must not be following the news. Something big is happening. Once Trump is acquitted they will impeach Biden.,,,1613126778,{},gn1ogar,False,t3_li7x93,False,True,t1_gn1o7is,/r/Conservative/comments/li7x93/after_months_of_president_biden_promising_to_have/gn1ogar/,1613126788,1,True,False,Conservative,t5_2qh6p,,0,[],[],text,t2_4dur2h7t,False,False,
[],,Mississippiscotsman,,,,Conservative,dark,[],"I think a clever lawyer could make this argument. The government forced a lockdown. They physically required citizens to close their businesses and shelter in place. Since penalties in the form of fines and incarceration were used to maintain that lockdown you could argue de facto custody. If the government prevents free movement you are in custody, for example house arrest. If the lawyer can win the motion that the restaurant owner was in de facto custody then they can make the argument the government had a duty to protect both person and property. Not saying they will win just saying a clever lawyer can make the argument.",,,1613126777,{},gn1ogae,False,t3_lhuwdz,False,True,t1_gmzh4uz,/r/Conservative/comments/lhuwdz/ny_post_couple_sues_minneapolis_mayor_after_diner/gn1ogae/,1613126788,1,True,False,Conservative,t5_2qh6p,,0,[],"[{'e': 'text', 't': 'Conservative'}]",richtext,t2_en7tw,False,False,
[],,osskkkiiii,,,,,,[],"lol humanity’s only around 200k years, what the fuck are you on about spraying the sky ? you are a class a moron",,,1613126770,{},gn1og0t,False,t3_lhp7xd,False,True,t1_gn18r05,/r/Conservative/comments/lhp7xd/global_warming_alarmists_keep_letting_their_masks/gn1og0t/,1613126781,1,True,False,Conservative,t5_2qh6p,,0,[],[],text,t2_29k0tje0,False,False,
[],,Days-Weeks,,,,,,[],"Looking at this guy's comment history I assume he's trolling.



Just seems like the typical brigader",,,1613126768,{},gn1ofxp,False,t3_li7x93,False,True,t1_gn1o7is,/r/Conservative/comments/li7x93/after_months_of_president_biden_promising_to_have/gn1ofxp/,1613126779,1,True,False,Conservative,t5_2qh6p,,0,[],[],text,t2_6x7s4118,False,False,
[],,lollery123,,,,,,[],"What? Do you understand how percentages work? Obviously, just by being a P.O.C immigrant family that vote republican they are already in a very very tiny minority. Now couple that with living in L.A.? The vast majority of people that live in LA vote blue. Thats simple facts. I honestly cant believe that you just tried to argue that republican voters generate more for our economy than democrat voters based off a single example?????  Please read this before trying to formulate any more arguments. https://www.merriam-webster.com/dictionary/anecdotal%20evidence#:~:text=%3A%20evidence%20in%20the%20form%20of,based%20only%20on%20anecdotal%20evidence.",,,1613126746,{},gn1of44,False,t3_li0qao,False,False,t1_gn1o3re,/r/Conservative/comments/li0qao/instead_of_just_boycotting_disney_conservatives/gn1of44/,1613126757,1,True,False,Conservative,t5_2qh6p,,0,[],[],text,t2_tl128,False,False,
[],,psychic_flatulence,,,,Gen z conservative,dark,[],"I notice you're no longer commenting after being proven wrong. Come on, act like a grown up and admit your retardation. If you want a source you'd probably like, read up on the NYT time line. Unless we're now considering NYT as right wing lol?",,,1613126718,{},gn1oe29,False,t3_lhu0gm,False,False,t1_gn09z4g,/r/Conservative/comments/lhu0gm/judge_declines_new_arrest_warrant_for_kyle/gn1oe29/,1613126729,1,True,False,Conservative,t5_2qh6p,,0,[],"[{'e': 'text', 't': 'Gen z conservative'}]",richtext,t2_4vlvxauj,False,False,
[],,whitemystery1204,,,,,,[],Thank you for this,,,1613126708,{},gn1odpp,False,t3_lhynz7,False,True,t1_gn0pvsz,/r/Conservative/comments/lhynz7/rnc_chairwoman_if_we_did_a_clip_of_every_democrat/gn1odpp/,1613126719,1,True,False,Conservative,t5_2qh6p,,0,[],[],text,t2_9axfy701,False,False,
[],,Spaceguy5,,,,Conservative,dark,[],The abhorrent double standard here which libs can't seem to grasp is that her colleagues have said significantly more caustic things about conservatives on social media. And yet they get a pass,,,1613126708,{},gn1odpk,False,t3_lhp0j6,False,True,t1_gmz479f,/r/Conservative/comments/lhp0j6/to_prove_cancel_culture_doesnt_exist_disney_fires/gn1odpk/,1613126719,1,True,False,Conservative,t5_2qh6p,,0,[],"[{'e': 'text', 't': 'Conservative'}]",richtext,t2_6wn1c,False,False,True
[],,[deleted],,,,,dark,[],[removed],,,1613126708,{},gn1odp4,False,t3_li0qao,False,True,t1_gn0eoat,/r/Conservative/comments/li0qao/instead_of_just_boycotting_disney_conservatives/gn1odp4/,1613126719,1,True,False,Conservative,t5_2qh6p,,0,[],,,,,,
[],,originalpvd,,,,,,[],Lots of stupid in Oakland I see,,,1613126707,{},gn1odn3,False,t3_li8lii,False,True,t3_li8lii,/r/Conservative/comments/li8lii/oakland_council_president_blames_rise_of_horrific/gn1odn3/,1613126717,1,True,False,Conservative,t5_2qh6p,,0,[],[],text,t2_7ls3pjok,False,False,
[],,target_locked,,,,,,[],The left blames the actions of the left on white people the same way the Nazis blamed their actions on the jews.,,,1613126701,{},gn1odf9,False,t3_li8lii,False,True,t3_li8lii,/r/Conservative/comments/li8lii/oakland_council_president_blames_rise_of_horrific/gn1odf9/,1613126712,1,True,False,Conservative,t5_2qh6p,,0,[],[],text,t2_szntk,False,False,
[],,whitemystery1204,,,,,,[],"No shit.  OP’s argument here is weak. 

If you were to post videos of Democrats using the word “fight,” while also using basic contextual deductions, you’d clearly see they mean to ferociously use their words, lobbying actions, and legal reformation to enact change in our society...not to take up arms and storm the fucking Capitol.

Context clearly plays a huge role here...if liberals said “We need to *fight* against greedy big businesses,” they mean they should try even harder to lobby against corporate interests, with laws, debate, and other means of political action. I’m not trying to make an argument about big business, really I’m not. Just using it as an example. So regardless of what you think about big business, liberals saying they should “fight” it has nothing to do with battle or violence. It means fighting it within our democratic system, with words and legal procedures.  If they say they need to “*fight*” against inequality in the workplace, they don’t mean to take up arms and violently storm political buildings. It just means to try hard and enact change with intellect and fairness (i.e., having to *vote* on things before they officially happen.

I’ll say it again, this is a weak fucking argument, dude. Trying to justify criticisms of the storming of the Capitol is just poor argumentation skills lol

Also, if you claim that liberals regularly use the word “fight” in a violent way, when was the last time they stormed the Capitol and got law enforcement *shot and killed*? For a group that regularly flaunts the whole “blue lives matter” thing, you clearly couldn’t give less of a shit when those Blue lives happen to be protecting a group of people that are against your opinion.

The fact that you are incapable of seeing the difference is disappointing. Not surprising, but disappointing.",,,1613126685,{},gn1ocua,False,t3_lhynz7,False,True,t3_lhynz7,/r/Conservative/comments/lhynz7/rnc_chairwoman_if_we_did_a_clip_of_every_democrat/gn1ocua/,1613126695,1,True,False,Conservative,t5_2qh6p,,0,[],[],text,t2_9axfy701,False,False,
[],,[deleted],,,,,dark,[],[removed],,,1613126633,{},gn1oatt,False,t3_lhls1i,False,True,t1_gmz19aa,/r/Conservative/comments/lhls1i/disney_fires_actress_gina_carano_after_post/gn1oatt/,1613126643,1,True,False,Conservative,t5_2qh6p,,0,[],,,,,,
[],,[deleted],,,,,dark,[],[removed],,,1613126632,{},gn1oasu,False,t3_li0qao,False,True,t1_gn18eoq,/r/Conservative/comments/li0qao/instead_of_just_boycotting_disney_conservatives/gn1oasu/,1613126642,1,True,False,Conservative,t5_2qh6p,,0,[],,,,,,
[],,jrohila,,Conservative,421b644c-8b38-11e1-bc5f-12313d18ad57,European Conservative,dark,[],"You should sell your Disney stocks. They are over leveraged and indebted corporate giant that is just riding the money printer wave. The moment the current stock bubble bursts, they might very well go bankrupt.",,,1613126622,{},gn1oagk,False,t3_li0qao,False,False,t1_gn15bg0,/r/Conservative/comments/li0qao/instead_of_just_boycotting_disney_conservatives/gn1oagk/,1613126633,1,True,False,Conservative,t5_2qh6p,,0,[],"[{'e': 'text', 't': 'European Conservative'}]",richtext,t2_36oen,False,False,
[],,Borcarbid,,,,,,[],"Well, considering that the left has claimed the education sector and reigns supreme there, their ranks are constantly getting replenished.",,,1613126617,{},gn1oa9a,False,t3_lhpxj2,False,True,t1_gmz2mmk,/r/Conservative/comments/lhpxj2/columnist_who_mockingly_claimed_cancel_culture/gn1oa9a/,1613126628,1,True,False,Conservative,t5_2qh6p,,0,[],[],text,t2_ekyvv,False,False,
[],,[deleted],,,,,dark,[],[removed],,,1613126605,{},gn1o9si,False,t3_li0qao,False,True,t1_gn0gj4g,/r/Conservative/comments/li0qao/instead_of_just_boycotting_disney_conservatives/gn1o9si/,1613126616,1,True,False,Conservative,t5_2qh6p,,0,[],,,,,,
[],,psychic_flatulence,,,,Gen z conservative,dark,[],"I was reading this over on r/news and shocked that the truth was actually getting out. Last week they were saying he was for sure on the run which proved them right. They are freaking out. Eventually people were just claiming they were being brigaded lmao, truth hurts. When he gets off I expect many heads to explode. Which is so dumb when they could literally watch videos of the entire thing. Heaven help rittenhouse if there wasn't so much video, he lucked out so hard.",,,1613126558,{},gn1o82w,False,t3_lhu0gm,False,False,t1_gn1f6sg,/r/Conservative/comments/lhu0gm/judge_declines_new_arrest_warrant_for_kyle/gn1o82w/,1613126568,1,True,False,Conservative,t5_2qh6p,,0,[],"[{'e': 'text', 't': 'Gen z conservative'}]",richtext,t2_4vlvxauj,False,False,
[],,[deleted],,,,,dark,[],[removed],,,1613126549,{},gn1o7sk,False,t3_li0qao,False,True,t3_li0qao,/r/Conservative/comments/li0qao/instead_of_just_boycotting_disney_conservatives/gn1o7sk/,1613126560,1,True,False,Conservative,t5_2qh6p,,0,[],,,,,,
[],,arianabanana30,,,,,,[],"Honestly Im not going to put that thought in my head. I saw what happened when people thought the Inauguration wasnt going to happen. Everybody was let down.... all I can do is hope that all these mf’s, Biden, Obama, Hillary, ETC. (the list is too long) get exposed for their crimes on humanity. Im praying for change. Tired of these fucks misleading, lying, brainwashing, and manipulating people. Ive had enough.",,,1613126542,{},gn1o7is,False,t3_li7x93,False,True,t1_gn1ncsp,/r/Conservative/comments/li7x93/after_months_of_president_biden_promising_to_have/gn1o7is/,1613126553,1,True,False,Conservative,t5_2qh6p,,0,[],[],text,t2_7dwhy1b2,False,False,
[],,tehcoma,,,,,,[],"Absolutely.

The point is the govt put us in this spot and giving out $600 checks isn’t the answer. Getting back to work is.",,,1613126505,{},gn1o63r,False,t3_li26tc,False,True,t1_gn1f69v,/r/Conservative/comments/li26tc/dave_ramsey_replies_to_social_media_outrage_over/gn1o63r/,1613126516,1,True,False,Conservative,t5_2qh6p,,0,[],[],text,t2_2vzjlxkd,False,False,
