all_awardings,archived,associated_award,author,author_flair_background_color,author_flair_css_class,author_flair_richtext,author_flair_template_id,author_flair_text,author_flair_text_color,author_flair_type,author_fullname,author_patreon_flair,author_premium,body,body_sha1,can_gild,collapsed,collapsed_because_crowd_control,collapsed_reason,collapsed_reason_code,comment_type,controversiality,created_utc,distinguished,gilded,gildings,id,is_submitter,link_id,locked,no_follow,parent_id,permalink,retrieved_utc,score,score_hidden,send_replies,stickied,subreddit,subreddit_id,subreddit_name_prefixed,subreddit_type,top_awarded_type,total_awards_received,treatment_tags
[],False,,PlatypusBear69,,,[],,,,text,t2_d096wcui,False,False,I still have yet to forgive her for capitulating to the NCAA,1b50efb466ebb27a715ce723d0bb7ca739a01a99,True,False,,,,,0,1627525439,,0,{},h6wqihf,False,t3_otiy70,False,True,t1_h6vms5x,/r/Conservative/comments/otiy70/poll_the_republican_party_is_more_marjorie_taylor/h6wqihf/,1627525562,1,True,True,False,Conservative,t5_2qh6p,r/Conservative,public,,0,[]
[],False,,[deleted],,,,,,dark,,,,,[removed],fe993932d6dced4c0a879e9aa5d7a6e0fbb467f5,True,True,,,DELETED,,0,1627525435,,0,{},h6wqi6w,False,t3_otdzlx,False,True,t3_otdzlx,/r/Conservative/comments/otdzlx/biden_insults_millions_of_unvaccinated_americans/h6wqi6w/,1627525563,1,True,True,False,Conservative,t5_2qh6p,r/Conservative,public,,0,[]
[],False,,Belmont7,,,[],,,,text,t2_1d1fg9lv,False,False,"I get the feeling that you think anything not ""based on facts"" is a religion. If so, then literature, entertainment, art etc. are ""religions."" An actual religion, with the word religion used properly, is based on theology and philosophy. These are two distinct disciplines.",6cd4a85037836b038b62a4cff5d16d5e01cabe84,True,False,,,,,0,1627525430,,0,{},h6wqhsc,False,t3_otg7ym,False,True,t1_h6w3byz,/r/Conservative/comments/otg7ym/liberal_feels_sad_for_man_dying_of_covid_then/h6wqhsc/,1627525464,1,True,True,False,Conservative,t5_2qh6p,r/Conservative,public,,0,[]
[],False,,[deleted],,,,,,dark,,,,,[removed],fe993932d6dced4c0a879e9aa5d7a6e0fbb467f5,True,True,,,DELETED,,0,1627525409,,0,{},h6wqgd1,False,t3_otdzlx,False,True,t3_otdzlx,/r/Conservative/comments/otdzlx/biden_insults_millions_of_unvaccinated_americans/h6wqgd1/,1627525467,1,True,True,False,Conservative,t5_2qh6p,r/Conservative,public,,0,[]
[],False,,yuka_electron1ca,,,[],,,,text,t2_4wak7jm6,False,False,Not a conservative but def enjoy how the bee owns shallow libs on a daily basis.,be78c83f8a62d6da035ab861e934661c3b2fcab2,True,True,,,,,0,1627525408,,0,{},h6wqg9k,False,t3_otg7ym,False,True,t3_otg7ym,/r/Conservative/comments/otg7ym/liberal_feels_sad_for_man_dying_of_covid_then/h6wqg9k/,1627525467,1,True,True,False,Conservative,t5_2qh6p,r/Conservative,public,,0,[]
[],False,,Additional-Search-56,,,[],,,,text,t2_a2g1p6jc,False,False,I get why people hate Biden but at least keep it clean. Never liked f Biden signs,5c54f9f3ab0d852e376726d43c3e4b8920bc568f,True,False,,,,,0,1627525402,,0,{},h6wqfvs,False,t3_otfncp,False,True,t3_otfncp,/r/Conservative/comments/otfncp/new_jersey_town_drops_case_against_f_biden_sign/h6wqfvs/,1627525468,1,True,True,False,Conservative,t5_2qh6p,r/Conservative,public,,0,[]
[],False,,[deleted],,,,,,dark,,,,,[removed],fe993932d6dced4c0a879e9aa5d7a6e0fbb467f5,True,True,,,DELETED,,0,1627525358,,0,{},h6wqcm9,False,t3_otdzlx,False,True,t3_otdzlx,/r/Conservative/comments/otdzlx/biden_insults_millions_of_unvaccinated_americans/h6wqcm9/,1627525409,1,True,True,False,Conservative,t5_2qh6p,r/Conservative,public,,0,[]
[],False,,metabolicfrolic,,,[],,,,text,t2_wrlwl,False,False,And not a peep about all the deaths that happen every weekend in Chicago.,8e2b555417aba3fa18d459c0c638c8ea614329e7,True,False,,,,,0,1627525356,,0,{},h6wqci5,False,t3_otgk8h,False,True,t1_h6wlzuy,/r/Conservative/comments/otgk8h/democrats_continue_to_lie_about_the_death_of/h6wqci5/,1627525409,1,True,True,False,Conservative,t5_2qh6p,r/Conservative,public,,0,[]
[],False,,whyareutalkingtome,,,[],,,,text,t2_bwdfkogb,False,False,Is she drunk again?,9952d46a80e0b5ae1b835e9e2be0e1ad83be8485,True,False,,,,,0,1627525347,,0,{},h6wqbun,False,t3_otc1q5,False,True,t3_otc1q5,/r/Conservative/comments/otc1q5/pelosi_calls_mccarthy_a_moron_after_he_says_house/h6wqbun/,1627525410,1,True,True,False,Conservative,t5_2qh6p,r/Conservative,public,,0,[]
[],False,,2infinite,,,[],,,,text,t2_8txqs,False,False,"The audits republicans are now saying is botched?

&gt; Scottsdale State Senator Michelle Ugenti-Rita (R ) Scottsdale District 23 tweeted, “it's become clear that the audit has been botched. The total lack of competence by @fannkfann over the last five months has deprived the voters of Arizona a comprehensive accounting of the 2020 election.”

&gt; “I would agree with that it's been botched,” said State Senator Paul Boyer (R ) Phoenix-Glendale District 20. ... Boyer said at the outset he supported the audit but he can't now. “A comprehensive review, we were all fine with that. We just didn't think it would be done by a firm that didn't have a clue of what they were doing. That they were partisan with a preordained idea going into what they were going to come up with,” Boyer said.

https://www.abc15.com/news/arizona-election-audit/some-state-senators-having-second-thoughts-on-election-audit",a86c2edf491b9488740e68d8bb4969040d61d5c1,True,False,,,,,0,1627525336,,0,{},h6wqb01,False,t3_ot95zp,False,True,t1_h6wc68r,/r/Conservative/comments/ot95zp/twitter_suspends_2020_maricopa_county_election/h6wqb01/,1627525413,1,True,True,False,Conservative,t5_2qh6p,r/Conservative,public,,0,[]
[],False,,KemShafu,,,[],,,,text,t2_btosnrx,False,False,They evolved naturally until we discovered vaccines…,57b0b52c9dc5073271e9a77c407c8421ad625f2e,True,True,,,,,0,1627525335,,0,{},h6wqaya,False,t3_ot2vx2,False,True,t1_h6wpqyn,/r/Conservative/comments/ot2vx2/breaking_nevada_to_require_vaccinated_to_wear/h6wqaya/,1627525413,1,True,True,False,Conservative,t5_2qh6p,r/Conservative,public,,0,[]
[],False,,Shotsheller,,,"[{'e': 'text', 't': '2A Conservative'}]",,2A Conservative,dark,richtext,t2_6ddx3sx3,False,False,"&gt;Biles won 4 gold metals

That won't be her legacy though. She'll be remembered as the one that quit three days into a two-week job.",17fe809603bb51d5a32700399b5f06f92c85ff6b,True,False,,,,,0,1627525334,,0,{},h6wqau3,False,t3_ot88xc,False,True,t1_h6wmboa,/r/Conservative/comments/ot88xc/walsh_simone_biles_quit_on_her_team_and_her/h6wqau3/,1627525413,1,True,True,False,Conservative,t5_2qh6p,r/Conservative,public,,0,[]
[],False,,unusuallylargeballs,,,[],,,,text,t2_kllbl,False,False,"Right, so if you have made it to freshman/sophomore without some sort of conversation with your parents then that is a failure on the parents. I believe the personal responsibility aspect ties back into this.",789bbc1c2a68e1b35e49cab10c4e04bb90935ea4,True,False,,,,,0,1627525331,,0,{},h6wqaoe,False,t3_otdokc,False,True,t1_h6webpm,/r/Conservative/comments/otdokc/tucker_carlson_americans_should_never_be_forced/h6wqaoe/,1627525413,1,True,True,False,Conservative,t5_2qh6p,r/Conservative,public,,0,[]
[],False,,[deleted],,,,,,dark,,,,,[removed],fe993932d6dced4c0a879e9aa5d7a6e0fbb467f5,True,True,,,DELETED,,0,1627525331,,0,{},h6wqan2,False,t3_otdzlx,False,True,t3_otdzlx,/r/Conservative/comments/otdzlx/biden_insults_millions_of_unvaccinated_americans/h6wqan2/,1627525413,1,True,True,False,Conservative,t5_2qh6p,r/Conservative,public,,0,[]
[],False,,WellillBdamned,,,[],,,,text,t2_12ib7d,False,False,Wait…..I forgot carnival barking and/or free market was a tenet of capitalism?,53584cb298feafecc792158e46cc223614822db2,True,True,,,,,0,1627525331,,0,{},h6wqamy,False,t3_otkode,False,True,t1_h6wee6c,/r/Conservative/comments/otkode/pfizer_raises_2021_covid19_vaccine_sales_forecast/h6wqamy/,1627525413,1,True,True,False,Conservative,t5_2qh6p,r/Conservative,public,,0,[]
[],False,,tehcoma,,,"[{'e': 'text', 't': 'Trust, but Verify'}]",,"Trust, but Verify",dark,richtext,t2_2vzjlxkd,False,False,Most people love being told what to do. Choice is hard.,437bbe57ddd21d3dabe3130d51aebc86ae7c4956,True,False,,,,,0,1627525262,,0,{},h6wq5k0,False,t3_otgtgb,False,True,t1_h6vi0ml,/r/Conservative/comments/otgtgb/despite_delta_alarmism_us_covid_deaths_are_at/h6wq5k0/,1627525343,1,True,True,False,Conservative,t5_2qh6p,r/Conservative,public,,0,[]
[],False,,DankensteinsMemester,,,[],,,,text,t2_nceiu,False,False,"Yawn, you already used that line. Keep knocking a sexual abuse victim. What a big strong person you are.",b89619f6f016bc9587ab8412169c593b03a35350,True,False,,,,,0,1627525245,,0,{},h6wq4c6,False,t3_oteuf9,False,True,t1_h6wo9tu,/r/Conservative/comments/oteuf9/simone_biles_olympic_pullout_may_start_a_trend/h6wq4c6/,1627525346,1,True,True,False,Conservative,t5_2qh6p,r/Conservative,public,,0,[]
[],False,,tambourine_goddess,,,[],,,,text,t2_2wm2rvxk,False,False,"That's the spirit. Turn over and just take it. /s

Sweet God, I hope you're not an American.",80e6b7318bf2e3909421579c9fa6eda0b409d3f3,True,False,,,,,0,1627525241,,0,{},h6wq41h,True,t3_otny8l,False,False,t1_h6wpzhx,/r/Conservative/comments/otny8l/culture_wars_are_long_wars/h6wq41h/,1627525347,1,True,True,False,Conservative,t5_2qh6p,r/Conservative,public,,0,[]
[],False,,Belmont7,,,[],,,,text,t2_1d1fg9lv,False,False,"Not quite. In this form, it's a secular religion.",0e214f3a858ad07aed7d407bdb1aedea7fdfbcc8,True,False,,,,,0,1627525226,,0,{},h6wq2x7,False,t3_otg7ym,False,False,t1_h6vsjd7,/r/Conservative/comments/otg7ym/liberal_feels_sad_for_man_dying_of_covid_then/h6wq2x7/,1627525349,1,True,True,False,Conservative,t5_2qh6p,r/Conservative,public,,0,[]
[],False,,[deleted],,,,,,dark,,,,,[removed],fe993932d6dced4c0a879e9aa5d7a6e0fbb467f5,True,True,,,DELETED,,0,1627525217,,0,{},h6wq291,False,t3_otdzlx,False,True,t3_otdzlx,/r/Conservative/comments/otdzlx/biden_insults_millions_of_unvaccinated_americans/h6wq291/,1627525351,1,True,True,False,Conservative,t5_2qh6p,r/Conservative,public,,0,[]
[],False,,zhobelle,,,[],,,,text,t2_154y5g,False,False,Should have never had restrictions for healthy and less vulnerable folks in the first place.,98266a04864c5a08667f8f1f338030feab081e19,True,False,,,,,0,1627525206,,0,{},h6wq1gh,False,t3_otm68c,False,True,t3_otm68c,/r/Conservative/comments/otm68c/vaccinated_americans_are_more_likely_to_die_from/h6wq1gh/,1627525353,1,True,True,False,Conservative,t5_2qh6p,r/Conservative,public,,0,[]
[],False,,BuddhaPunch1,,,"[{'e': 'text', 't': 'Paleoconservative'}]",,Paleoconservative,dark,richtext,t2_54jrnevo,False,False,"Fuck the quorum and pass it anyway. Dems didn't give a damn about changing voting laws legally last year. Thems the rules now, do whatever.",b9ba02f6c801546f08eed4c16639ded7df5a1190,True,False,,,,,0,1627525184,,0,{},h6wpztb,False,t3_otnkxk,False,True,t3_otnkxk,/r/Conservative/comments/otnkxk/bad_news_for_hiding_texas_dems_most_voters/h6wpztb/,1627525233,1,True,True,False,Conservative,t5_2qh6p,r/Conservative,public,,0,[]
[],False,,Atlhou,,,"[{'e': 'text', 't': 'Rebel Conservative'}]",,Rebel Conservative,dark,richtext,t2_6xpribo6,False,False,Which Face?,9c5b8c3d6ce9eed8e538083ee292d20c3552d3b0,True,False,,,,,0,1627525181,,0,{},h6wpzle,False,t3_otmdlf,False,True,t1_h6wl93w,/r/Conservative/comments/otmdlf/study_cited_by_cdc_to_justify_new_mask_guidance/h6wpzle/,1627525233,1,True,True,False,Conservative,t5_2qh6p,r/Conservative,public,,0,[]
[],False,,Belmont7,,,[],,,,text,t2_1d1fg9lv,False,False,Modernism/Leftism is consistent in being inconsistent with its values.,0ef7029116d0933a8ea2798b0eb1881c79d249ef,True,False,,,,,0,1627525180,,0,{},h6wpzi6,False,t3_otg7ym,False,True,t3_otg7ym,/r/Conservative/comments/otg7ym/liberal_feels_sad_for_man_dying_of_covid_then/h6wpzi6/,1627525234,1,True,True,False,Conservative,t5_2qh6p,r/Conservative,public,,0,[]
[],False,,B71115,,,[],,,,text,t2_3933ut9s,False,False,"No, I think it’s over. They took education and we didn’t stop them. Too late.",8a414f682b58a64851e227889e6484581a813f5b,True,False,,,,,0,1627525180,,0,{},h6wpzhx,False,t3_otny8l,False,True,t1_h6wohsa,/r/Conservative/comments/otny8l/culture_wars_are_long_wars/h6wpzhx/,1627525234,1,True,True,False,Conservative,t5_2qh6p,r/Conservative,public,,0,[]
[],False,,zhobelle,,,[],,,,text,t2_154y5g,False,False,Either they’re too stupid to figure out what’s going on or they’re in on it.,ac38fe4ca7102ec44c3f72b2364d2fa58fb47497,True,False,,,,,0,1627525178,,0,{},h6wpzde,False,t3_otm6i0,False,False,t3_otm6i0,/r/Conservative/comments/otm6i0/ted_cruzs_question_on_chinese_cyberattacks_on_us/h6wpzde/,1627525234,1,True,True,False,Conservative,t5_2qh6p,r/Conservative,public,,0,[]
[],False,,[deleted],,,,,,dark,,,,,[removed],fe993932d6dced4c0a879e9aa5d7a6e0fbb467f5,True,True,,,DELETED,,0,1627525176,,0,{},h6wpz7g,False,t3_otdzlx,False,True,t3_otdzlx,/r/Conservative/comments/otdzlx/biden_insults_millions_of_unvaccinated_americans/h6wpz7g/,1627525234,1,True,True,False,Conservative,t5_2qh6p,r/Conservative,public,,0,[]
[],False,,anon_sir,,,[],,,,text,t2_9nmg2x8s,False,False,How about mind your own business? It’s not your baby so let people do what they want. Worry about your little video games.,2a5dbe778d3d38f9b2d30c82ca9cb1e1a1e71a07,True,False,,,,,0,1627525170,,0,{},h6wpyrr,False,t3_otdokc,False,True,t1_h6wn43d,/r/Conservative/comments/otdokc/tucker_carlson_americans_should_never_be_forced/h6wpyrr/,1627525235,1,True,True,False,Conservative,t5_2qh6p,r/Conservative,public,,0,[]
[],False,,zhobelle,,,[],,,,text,t2_154y5g,False,False,There’s no reconciliation with political arsonists like AOC.,7e2a815786558985eeee8606beb2754c5c37e4e3,True,False,,,,,0,1627525140,,0,{},h6wpwk6,False,t3_otmbpu,False,True,t3_otmbpu,/r/Conservative/comments/otmbpu/aoc_lefties_hit_back_at_sinema_youre_not_getting/h6wpwk6/,1627525241,1,True,True,False,Conservative,t5_2qh6p,r/Conservative,public,,0,[]
[],False,,MakingTacosTonight,,,[],,,,text,t2_9prf266b,False,False,"Crap, I forgot. I'm gonna die now.",e4e5925ea5bc9ae94496a448732e06d5188c15ce,True,False,,,,,0,1627525122,,0,{},h6wpv8y,False,t3_otmdlf,False,True,t1_h6wiuqw,/r/Conservative/comments/otmdlf/study_cited_by_cdc_to_justify_new_mask_guidance/h6wpv8y/,1627525244,1,True,True,False,Conservative,t5_2qh6p,r/Conservative,public,,0,[]
[],False,,zhobelle,,,[],,,,text,t2_154y5g,False,False,Bill thinking we care what he thinks is cute.,212d75f233381f0ecea046f1b2a8f8c4e55ca007,True,False,,,,,0,1627525113,,0,{},h6wpul4,False,t3_otmbzc,False,True,t3_otmbzc,/r/Conservative/comments/otmbzc/new_york_mayor_backs_vaccine_mandates_the/h6wpul4/,1627525147,1,True,True,False,Conservative,t5_2qh6p,r/Conservative,public,,0,[]
[],False,,WTFGUY5000,,,"[{'e': 'text', 't': '2A/Eagle'}]",,2A/Eagle,dark,richtext,t2_2oho3df1,False,False,Make Mask Great Again.,ce3251059370b0542b340ef113831a4cc4775798,True,False,,,,,0,1627525088,,0,{},h6wpsuk,False,t3_otgtgb,False,True,t3_otgtgb,/r/Conservative/comments/otgtgb/despite_delta_alarmism_us_covid_deaths_are_at/h6wpsuk/,1627525151,1,True,True,False,Conservative,t5_2qh6p,r/Conservative,public,,0,[]
[],False,,IamInevitable007,,,"[{'e': 'text', 't': '2A Conservative'}]",,2A Conservative,dark,richtext,t2_7tzxojgl,False,False,"We’ll never know, since most of those have not been allowed to evolve naturally.",9ae7076318dc740c8582491808963135e1ecfeb2,True,False,,,,,0,1627525062,,0,{},h6wpqyn,False,t3_ot2vx2,False,True,t1_h6wpf0e,/r/Conservative/comments/ot2vx2/breaking_nevada_to_require_vaccinated_to_wear/h6wpqyn/,1627525155,1,True,True,False,Conservative,t5_2qh6p,r/Conservative,public,,0,[]
[],False,,Mantis__Toboggan_MD_,,,[],,,,text,t2_9t10ux8i,False,False,"Imagine having nothing to do with your life, you stalk a redditors comment history.

Dig deeper kid, you might actually find my position which shows I've made more money this year than you have your entire life.",0baca86b899f63a76388cfc85b5b05e053139143,True,False,,,,,0,1627525025,,0,{},h6wpo7k,False,t3_othzly,False,True,t1_h6wn4sd,/r/Conservative/comments/othzly/luke_skywalker_pulls_out_of_death_star_trench_run/h6wpo7k/,1627525098,1,True,True,False,Conservative,t5_2qh6p,r/Conservative,public,,0,[]
[],False,,[deleted],,,,,,dark,,,,,[removed],fe993932d6dced4c0a879e9aa5d7a6e0fbb467f5,True,True,,,DELETED,,0,1627525024,,0,{},h6wpo5i,False,t3_otdzlx,False,True,t3_otdzlx,/r/Conservative/comments/otdzlx/biden_insults_millions_of_unvaccinated_americans/h6wpo5i/,1627525098,1,True,True,False,Conservative,t5_2qh6p,r/Conservative,public,,0,[]
[],False,,[deleted],,,,,,dark,,,,,[removed],fe993932d6dced4c0a879e9aa5d7a6e0fbb467f5,True,True,,,DELETED,,0,1627524996,,0,{},h6wpm5g,False,t3_otdzlx,False,True,t1_h6vc3ys,/r/Conservative/comments/otdzlx/biden_insults_millions_of_unvaccinated_americans/h6wpm5g/,1627525110,1,True,True,False,Conservative,t5_2qh6p,r/Conservative,public,,0,[]
[],False,,KemShafu,,,[],,,,text,t2_btosnrx,False,False,Yes. And we have conquered many viruses that haven’t mutated down (through vaccines).,39d55516797d3888ae928ec739e32566a63cdb87,True,True,,,,,0,1627524983,,0,{},h6wpl6y,False,t3_ot2vx2,False,True,t1_h6tkcik,/r/Conservative/comments/ot2vx2/breaking_nevada_to_require_vaccinated_to_wear/h6wpl6y/,1627525115,1,True,True,False,Conservative,t5_2qh6p,r/Conservative,public,,0,[]
[],False,,Hps96,,,"[{'e': 'text', 't': 'Conservative'}]",,Conservative,dark,richtext,t2_3ql267hu,False,False,As if they cared about any of the actual racist statements he has made before.,6c713758caf1caccb6d4be6b74e6627c7d11d928,True,False,,,,,0,1627524980,,0,{},h6wpkzn,False,t3_otdzlx,False,True,t1_h6un60j,/r/Conservative/comments/otdzlx/biden_insults_millions_of_unvaccinated_americans/h6wpkzn/,1627525117,1,True,True,False,Conservative,t5_2qh6p,r/Conservative,public,,0,[]
[],False,,erbaker,,,[],,,,text,t2_bh4kc,False,False,"You need to unplug. 

Delete your Facebook and Twitter, and if you need to, reddit.

You will not miss anything, and use your free time to call your friends and family to catch up instead of social media.",aedf353f8275b254f60503b273cca4a236aaf6ad,True,False,,,,,0,1627524971,,0,{},h6wpkcq,False,t3_othuu7,False,True,t1_h6vea5g,/r/Conservative/comments/othuu7/dershowitz_courts_will_likely_back_mandatory/h6wpkcq/,1627525119,1,True,True,False,Conservative,t5_2qh6p,r/Conservative,public,,0,[]
[],False,,Chuck006,,,[],,,,text,t2_bg3fv,False,False,"NBC's coverage is trash. I just want to watch uninterrupted swimming, gymnastics and beach volleyball.",d84ec48930c2dce5f75b402411c6fcb445147fc0,True,False,,,,,0,1627524968,,0,{},h6wpk4j,False,t3_otn8h7,False,True,t3_otn8h7,/r/Conservative/comments/otn8h7/olympics_ratings_tank_causing_advertiser_anxiety/h6wpk4j/,1627525022,1,True,True,False,Conservative,t5_2qh6p,r/Conservative,public,,0,[]
[],False,,SCOTTOCS1,,,"[{'e': 'text', 't': 'Conservative'}]",,Conservative,dark,richtext,t2_aondvfr7,False,False,Democrats need to keep their head on a swivel. The Clinton foundation list is deep.,c4bbe65575a25265a0589eb79480244f4c58ad38,True,False,,,,,0,1627524966,,0,{},h6wpjzj,False,t3_otn26e,False,True,t3_otn26e,/r/Conservative/comments/otn26e/alexandria_ocasiocortez_threatens_to_tank/h6wpjzj/,1627525022,1,True,True,False,Conservative,t5_2qh6p,r/Conservative,public,,0,[]
[],False,,xXyeslikethecarXx,,,[],,,,text,t2_2vnu0ru5,False,False,"Where did this idea even come from? The thought that liberals worship immigrants. Who is out here cheering on criminals, encouraging them to steal?",d04a0d74898c4ac6c3cbf8e89150904a014403a6,True,False,,,,,0,1627524953,,0,{},h6wpj2c,False,t3_otg7ym,False,True,t1_h6v7ccc,/r/Conservative/comments/otg7ym/liberal_feels_sad_for_man_dying_of_covid_then/h6wpj2c/,1627525025,1,True,True,False,Conservative,t5_2qh6p,r/Conservative,public,,0,[]
[],False,,[deleted],,,,,,dark,,,,,[removed],fe993932d6dced4c0a879e9aa5d7a6e0fbb467f5,True,True,,,DELETED,,0,1627524919,,0,{},h6wpgkx,False,t3_otdzlx,False,True,t3_otdzlx,/r/Conservative/comments/otdzlx/biden_insults_millions_of_unvaccinated_americans/h6wpgkx/,1627525030,1,True,True,False,Conservative,t5_2qh6p,r/Conservative,public,,0,[]
[],False,,KemShafu,,,[],,,,text,t2_btosnrx,False,False,"Ok. If the case is being made that viruses mutate down, then what about smallpox, measles, tuberculosis, gonorrhea, viral pneumonia?",49f7872f9ddf5bf1b41e8ebc361c221ab63f49ab,True,True,,,,,0,1627524896,,0,{},h6wpf0e,False,t3_ot2vx2,False,True,t1_h6tmq5u,/r/Conservative/comments/ot2vx2/breaking_nevada_to_require_vaccinated_to_wear/h6wpf0e/,1627525034,1,True,True,False,Conservative,t5_2qh6p,r/Conservative,public,,0,[]
[],False,,Ricechugger,,,[],,,,text,t2_8vcz0yk,False,False,Getting COVID isn't the alternative to not getting vaccinated. I've basically been trying to get it for a year and a half and haven't.,8bef253dae3fd5e2b2d8473315089807ff332f5d,True,False,,,,,0,1627524891,,0,{},h6wpemq,False,t3_otdokc,False,True,t1_h6wooe6,/r/Conservative/comments/otdokc/tucker_carlson_americans_should_never_be_forced/h6wpemq/,1627525035,1,True,True,False,Conservative,t5_2qh6p,r/Conservative,public,,0,[]
[],False,,Hps96,,,"[{'e': 'text', 't': 'Conservative'}]",,Conservative,dark,richtext,t2_3ql267hu,False,False,r/TolerantLeft,ec22afe5c149e41db08365181fcf0dda21792031,True,False,,,,,0,1627524888,,0,{},h6wpeel,False,t3_otg7ym,False,True,t1_h6wbw1q,/r/Conservative/comments/otg7ym/liberal_feels_sad_for_man_dying_of_covid_then/h6wpeel/,1627524935,1,True,True,False,Conservative,t5_2qh6p,r/Conservative,public,,0,[]
[],False,,[deleted],,,,,,dark,,,,,[removed],fe993932d6dced4c0a879e9aa5d7a6e0fbb467f5,True,True,,,DELETED,,0,1627524887,,0,{},h6wpeav,False,t3_otdzlx,False,True,t1_h6wc9f0,/r/Conservative/comments/otdzlx/biden_insults_millions_of_unvaccinated_americans/h6wpeav/,1627524935,1,True,True,False,Conservative,t5_2qh6p,r/Conservative,public,,0,[]
[],False,,60s_cut,,,[],,,,text,t2_1bdfczpq,False,False,"Some streets/areas in Houston are called Steubner, Kuykendahl, Mittelstadt, Klein etc",80dbbcb35bb057a06a4a2672e4add1100af2a54c,True,False,,,,,0,1627524876,,0,{},h6wpdk5,False,t3_oter1y,False,True,t1_h6w29mt,/r/Conservative/comments/oter1y/new_poll_finds_all_those_people_moving_to_texas/h6wpdk5/,1627524937,1,True,True,False,Conservative,t5_2qh6p,r/Conservative,public,,0,[]
[],False,,zhobelle,,,[],,,,text,t2_154y5g,False,False,"We’ll see about that, sweetheart!",3edacc4de1cad188f07480671a4299a8f2b1b5d7,True,False,,,,,0,1627524869,,0,{},h6wpd0n,False,t3_otmzuy,False,True,t1_h6wp3db,/r/Conservative/comments/otmzuy/cdc_sentences_kids_to_another_school_year_of/h6wpd0n/,1627524938,1,True,True,False,Conservative,t5_2qh6p,r/Conservative,public,,0,[]
[],False,,[deleted],,,,,,dark,,,,,[removed],fe993932d6dced4c0a879e9aa5d7a6e0fbb467f5,True,True,,,DELETED,,0,1627524869,,0,{},h6wpd0d,False,t3_otellu,False,True,t1_h6v6ydc,/r/Conservative/comments/otellu/awakened_medical_students_are_bullying_the/h6wpd0d/,1627524938,1,True,True,False,Conservative,t5_2qh6p,r/Conservative,public,,0,[]
[],False,,[deleted],,,,,,dark,,,,,[deleted],228f7d207920fb84335fac5b2b06ed7b472ece9e,True,True,,,DELETED,,0,1627524863,,0,{},h6wpcju,False,t3_otg7ym,False,True,t1_h6wfxug,/r/Conservative/comments/otg7ym/liberal_feels_sad_for_man_dying_of_covid_then/h6wpcju/,1627524939,1,True,True,False,Conservative,t5_2qh6p,r/Conservative,public,,0,[]
[],False,,Odd_Independence_833,,,[],,,,text,t2_93ba63ih,False,False,"Post a link if you're going to make these types of claims.  Covid probably causes infertility, see below.

https://theconversation.com/amp/covid-19-could-cause-male-infertility-and-sexual-dysfunction-but-vaccines-do-not-164139",aa8608fa8e5d68894da4ba11bc8348b50ab66801,True,False,,,,,0,1627524854,,0,{},h6wpbzi,False,t3_otdokc,False,True,t1_h6vq7ot,/r/Conservative/comments/otdokc/tucker_carlson_americans_should_never_be_forced/h6wpbzi/,1627524941,1,True,True,False,Conservative,t5_2qh6p,r/Conservative,public,,0,[]
[],False,,DomnSan,,,"[{'e': 'text', 't': 'Conservative'}]",,Conservative,dark,richtext,t2_33mt57hb,False,False,"&gt;He doesn't say so

Again, so? He doesn't say either way. Why are you concerned with someone else's personal medical decision?

Lol homie I watch Tucker regularly and don't give two shits if he gets it or not. It is his choice either way. Responsible and ethical adults understand that.

He doesn't say ""not to get it"" nor does he say ""get it"", which frankly is the way it should be. He is an opinion commentator, that is it.",ae8e1a0324edaabe7f861c290a3ced903754fdf3,True,False,,,,,0,1627524837,,0,{},h6wpark,False,t3_otdokc,False,True,t1_h6wo7rk,/r/Conservative/comments/otdokc/tucker_carlson_americans_should_never_be_forced/h6wpark/,1627524944,1,True,True,False,Conservative,t5_2qh6p,r/Conservative,public,,0,[]
[],False,,DrCooperman,,Fiscal Conservative,"[{'e': 'text', 't': 'Fiscal Conservative'}]",a0fb069a-40fc-11e8-8d7d-0ef3c4efa54c,Fiscal Conservative,dark,richtext,t2_9sjgdq10,False,False,Not forever.  Just until they get vaccinated.,abf7b829bd764b4a18455ae65c2ad846ad72c9ba,True,False,,,,,0,1627524792,,0,{},h6wp7dw,False,t3_otmzuy,False,True,t1_h6wp2ov,/r/Conservative/comments/otmzuy/cdc_sentences_kids_to_another_school_year_of/h6wp7dw/,1627524849,1,True,True,False,Conservative,t5_2qh6p,r/Conservative,public,,0,[]
[],False,,XDarkstarX1138,,,"[{'e': 'text', 't': 'Conservative'}]",,Conservative,dark,richtext,t2_13mp29,False,False,Fuck de Blasio,95c5024db2771ef5d3fdd4ad5b82bdac7a7130d1,True,False,,,,,0,1627524791,,0,{},h6wp7bw,False,t3_otmbzc,False,True,t3_otmbzc,/r/Conservative/comments/otmbzc/new_york_mayor_backs_vaccine_mandates_the/h6wp7bw/,1627524849,1,True,True,False,Conservative,t5_2qh6p,r/Conservative,public,,0,[]
[],False,,badatusernames91,,,"[{'e': 'text', 't': 'Millenial Conservative'}]",,Millenial Conservative,dark,richtext,t2_ub31w,False,True,"Locking down the nursing homes to protect the elderly should have been the easiest decision of his career and he did the exact opposite of that and then tried to pass the blame onto just about everyone else except himself. Unfortunately, we have receipts and the alarms were raised thanks to Elaine Healy, a medical director in NY who called into Mark Levin's show to raise awareness about his disastrous EO and that bad times were coming. Sure enough, it happened.",1f80511484b09b1e799328644a3a1af982f4ca00,True,False,,,,,0,1627524782,,0,{},h6wp6o2,False,t3_otnyit,False,True,t3_otnyit,/r/Conservative/comments/otnyit/ny_gov_cuomo_whose_admin_hid_nursing_home_data/h6wp6o2/,1627524852,1,True,True,False,Conservative,t5_2qh6p,r/Conservative,public,,0,[]
[],False,,[deleted],,,,,,dark,,,,,[removed],fe993932d6dced4c0a879e9aa5d7a6e0fbb467f5,True,True,,,DELETED,,0,1627524776,,0,{},h6wp68v,False,t3_otg7ym,False,True,t1_h6w6esf,/r/Conservative/comments/otg7ym/liberal_feels_sad_for_man_dying_of_covid_then/h6wp68v/,1627524853,1,True,True,False,Conservative,t5_2qh6p,r/Conservative,public,,0,[]
[],False,,su1ac0,,,"[{'e': 'text', 't': 'Bill of Rights Extremist'}]",,Bill of Rights Extremist,dark,richtext,t2_z3cpg,False,False,"thanks, I hate it",d0782221ceac21ae584697d10737d3db59d0489c,True,False,,,,,0,1627524766,,0,{},h6wp5hk,False,t3_ot95zp,False,True,t1_h6vn2u1,/r/Conservative/comments/ot95zp/twitter_suspends_2020_maricopa_county_election/h6wp5hk/,1627524857,1,True,True,False,Conservative,t5_2qh6p,r/Conservative,public,,0,[]
[],False,,[deleted],,,,,,dark,,,,,[removed],fe993932d6dced4c0a879e9aa5d7a6e0fbb467f5,True,True,,,DELETED,,0,1627524741,,0,{},h6wp3p6,False,t3_ot90q3,False,True,t1_h6v7da0,/r/Conservative/comments/ot90q3/tucker_americans_should_never_be_forced_to_take/h6wp3p6/,1627524864,1,True,True,False,Conservative,t5_2qh6p,r/Conservative,public,,0,[]
[],False,,DrCooperman,,Fiscal Conservative,"[{'e': 'text', 't': 'Fiscal Conservative'}]",a0fb069a-40fc-11e8-8d7d-0ef3c4efa54c,Fiscal Conservative,dark,richtext,t2_9sjgdq10,False,False,I'm not raising snowflakes like you are.,e33710cf5440b8555af99f00e0cedac69449e310,True,False,,,,,0,1627524737,,0,{},h6wp3db,False,t3_otmzuy,False,True,t1_h6wmddd,/r/Conservative/comments/otmzuy/cdc_sentences_kids_to_another_school_year_of/h6wp3db/,1627524798,1,True,True,False,Conservative,t5_2qh6p,r/Conservative,public,,0,[]
[],False,,Skeptical_Detroiter,,,[],,,,text,t2_1uy2efu5,False,False,Both. I've already said that twice. Glad to hear things are working out for you and that you have no problem wearing a mask forever.,55df832cfc5744050219ffb71c1f32b6e2889230,True,False,,,,,0,1627524727,,0,{},h6wp2ov,False,t3_otmzuy,False,True,t1_h6wotyr,/r/Conservative/comments/otmzuy/cdc_sentences_kids_to_another_school_year_of/h6wp2ov/,1627524800,1,True,True,False,Conservative,t5_2qh6p,r/Conservative,public,,0,[]
[],False,,LowKeySalty_,,,[],,,,text,t2_bqjjn5ne,False,False,"In other news, criminals gonna crime.",4ad42266a4eaecf6a27d8cb2435caadc42184bf7,True,False,,,,,0,1627524716,,0,{},h6wp1ui,False,t3_otfkjk,False,True,t3_otfkjk,/r/Conservative/comments/otfkjk/shocker_nearly_90_percent_of_illegal_immigrants/h6wp1ui/,1627524803,1,True,True,False,Conservative,t5_2qh6p,r/Conservative,public,,0,[]
[],False,,DrCooperman,,Fiscal Conservative,"[{'e': 'text', 't': 'Fiscal Conservative'}]",a0fb069a-40fc-11e8-8d7d-0ef3c4efa54c,Fiscal Conservative,dark,richtext,t2_9sjgdq10,False,False,Is not a common cold. I had a seemingly healthy 15yo neighbor due from covid this spring.  It's not bad for them to wear a mask.  It protects them.,142ce4e1739146e6c229ae5d8486680757321c20,True,False,,,,,0,1627524705,,0,{},h6wp143,False,t3_otmzuy,False,True,t1_h6wnz2b,/r/Conservative/comments/otmzuy/cdc_sentences_kids_to_another_school_year_of/h6wp143/,1627524805,1,True,True,False,Conservative,t5_2qh6p,r/Conservative,public,,0,[]
[],False,,cosmicmangobear,,,[],,,,text,t2_5vx4zcoe,False,True,"""Congress is the real Rocky Horror Picture Show.""",1a8b0e1cdd1ef7746b4b403a0bb235f12910e1f9,True,False,,,,,0,1627524700,,0,{},h6wp0r5,False,t3_otnuy6,False,True,t3_otnuy6,/r/Conservative/comments/otnuy6/susan_sarandon_seen_protesting_outside_aocs/h6wp0r5/,1627524807,1,True,True,False,Conservative,t5_2qh6p,r/Conservative,public,,0,[]
[],False,,MascaraBootyLipgloss,,,[],,,,text,t2_biy5n966,False,False,"oh my god, that’s the worst “gonna end strong” comment i’ve seen in a while. i don’t even have any words for that",d6449670ae738ab841e15db6396f518c95bd3935,True,False,,,,,0,1627524620,,0,{},h6woutt,False,t3_oswt3n,False,True,t1_h6wopmj,/r/Conservative/comments/oswt3n/ron_desantis_defends_no_mask_mandates_in_florida/h6woutt/,1627524707,1,True,True,False,Conservative,t5_2qh6p,r/Conservative,public,,0,[]
[],False,,DrCooperman,,Fiscal Conservative,"[{'e': 'text', 't': 'Fiscal Conservative'}]",a0fb069a-40fc-11e8-8d7d-0ef3c4efa54c,Fiscal Conservative,dark,richtext,t2_9sjgdq10,False,False,"Where I live my kids have been in a classroom since last fall. They are wearing masks, interacting with friends and being kids.  They went to camp and played sports over this summer. 
Is your issue that they are wearing masks or that you apparently are still locked down?",5b54264791cd881d2b7ab18d61235d673c536f2d,True,False,,,,,0,1627524608,,0,{},h6wotyr,False,t3_otmzuy,False,True,t1_h6wmgz1,/r/Conservative/comments/otmzuy/cdc_sentences_kids_to_another_school_year_of/h6wotyr/,1627524710,1,True,True,False,Conservative,t5_2qh6p,r/Conservative,public,,0,[]
[],False,,needles617,,Conservative,"[{'e': 'text', 't': 'Conservative'}]",421b644c-8b38-11e1-bc5f-12313d18ad57,Conservative,dark,richtext,t2_1k0j362,False,False,I want an investigation into the appearance of these alleged fake cops. Most look like they could of crawled out of a homeless camp. Bunch of slobs,230c562e965fb6e38f94f553269a1e044ebe8336,True,False,,,,,0,1627524592,,0,{},h6wossv,False,t3_otib6s,False,True,t3_otib6s,/r/Conservative/comments/otib6s/national_police_association_slams_jan_6_probe_as/h6wossv/,1627524712,1,True,True,False,Conservative,t5_2qh6p,r/Conservative,public,,0,[]
[],False,,chainfires,,,"[{'e': 'text', 't': 'Sic Semper Tyrannis'}]",,Sic Semper Tyrannis,dark,richtext,t2_69xokkyu,False,False,"True, but I am not sure at this point if Biden is even able to read and comprehend such an important document such as the Constitution, nevermind telling the DoJ what to do.",0d82dc7123f5cb0fa4c6ece017e3aedf106a6a93,True,False,,,,,0,1627524581,,0,{},h6wos16,True,t3_otmgt1,False,True,t1_h6wfhpq,/r/Conservative/comments/otmgt1/department_of_justice_warns_states_against/h6wos16/,1627524714,1,True,True,False,Conservative,t5_2qh6p,r/Conservative,public,,0,[]
[],False,,[deleted],,,,,,dark,,,,,[removed],fe993932d6dced4c0a879e9aa5d7a6e0fbb467f5,True,True,,,DELETED,,0,1627524573,,0,{},h6worg1,False,t3_otg7ym,False,True,t1_h6we2qd,/r/Conservative/comments/otg7ym/liberal_feels_sad_for_man_dying_of_covid_then/h6worg1/,1627524715,1,True,True,False,Conservative,t5_2qh6p,r/Conservative,public,,0,[]
[],False,,abstract__art,,,[],,,,text,t2_2jg0tj2c,False,False,Yes…. Of course the package is racist!,538314a85e3e414236ce2d0dfcbcbc60b5ece77f,True,False,,,,,0,1627524564,,0,{},h6woqri,False,t3_otn26e,False,True,t3_otn26e,/r/Conservative/comments/otn26e/alexandria_ocasiocortez_threatens_to_tank/h6woqri/,1627524593,1,True,True,False,Conservative,t5_2qh6p,r/Conservative,public,,0,[]
[],False,,[deleted],,,,,,dark,,,,,[removed],fe993932d6dced4c0a879e9aa5d7a6e0fbb467f5,True,True,,,DELETED,,0,1627524556,,0,{},h6woq7a,False,t3_otg7ym,False,True,t1_h6w3gp8,/r/Conservative/comments/otg7ym/liberal_feels_sad_for_man_dying_of_covid_then/h6woq7a/,1627524595,1,True,True,False,Conservative,t5_2qh6p,r/Conservative,public,,0,[]
[],False,,Lionheartcs,,,[],,,,text,t2_16lkhv,False,False,"…I didn’t realize you were a troll. Ah well. At least the comments are online for posterity’s sake. 

Have a good one 👋",88c3e293ce44999259dbd0a1ad6684b4acdd8572,True,False,,,,,0,1627524548,,0,{},h6wopmj,False,t3_oswt3n,False,True,t1_h6wohwn,/r/Conservative/comments/oswt3n/ron_desantis_defends_no_mask_mandates_in_florida/h6wopmj/,1627524596,1,True,True,False,Conservative,t5_2qh6p,r/Conservative,public,,0,[]
[],False,,meepstone,,,"[{'e': 'text', 't': 'Conservative'}]",,Conservative,dark,richtext,t2_7txey,False,False,"Gotta punish Black people until they are forced to understand how racism affected them in history?

That'll win over people...",131e6028d0c146668e8249c835877adfa6c3c484,True,False,,,,,0,1627524535,,0,{},h6wooqa,False,t3_oti2xx,False,True,t3_oti2xx,/r/Conservative/comments/oti2xx/biracial_physician_demoted_after_opposing/h6wooqa/,1627524598,1,True,True,False,Conservative,t5_2qh6p,r/Conservative,public,,0,[]
[],False,,Odd_Independence_833,,,[],,,,text,t2_93ba63ih,False,False,"Aren't there studies showing COVID causes infertility?

https://theconversation.com/amp/covid-19-could-cause-male-infertility-and-sexual-dysfunction-but-vaccines-do-not-164139",677399fefd0e2342647f7020cff92a9beff4eb87,True,False,,,,,0,1627524531,,0,{},h6wooe6,False,t3_otdokc,False,True,t1_h6v5h1n,/r/Conservative/comments/otdokc/tucker_carlson_americans_should_never_be_forced/h6wooe6/,1627524599,1,True,True,False,Conservative,t5_2qh6p,r/Conservative,public,,0,[]
[],False,,frozenhotchocolate,,,[],,,,text,t2_ardt7,False,False,"My aunt died of covid last month. Didn't get a vaccine because she felt it was all a hoax. My dad was living with her and got to watch her slowly die in her own home. Good thing I made my dad get vaccinated months prior, he was fine. Of course other than being completely devastated.",eba4db3319f3f7599e3c3b9e064b2f9dbe138a3d,True,False,,,,,0,1627524524,,0,{},h6wonvw,False,t3_otlip8,False,True,t1_h6wfy3b,/r/Conservative/comments/otlip8/pfizer_covid19_vaccine_efficacy_drops_to_84_after/h6wonvw/,1627524600,1,True,True,False,Conservative,t5_2qh6p,r/Conservative,public,,0,[]
[],False,,_lord_of_thunder,,,[],,,,text,t2_20y06ng8,False,False,Insane,73b63648d4956caa0b84b37fa24992b2abf60182,True,False,,,,,0,1627524519,,0,{},h6wonha,False,t3_ot95zp,False,True,t3_ot95zp,/r/Conservative/comments/ot95zp/twitter_suspends_2020_maricopa_county_election/h6wonha/,1627524601,1,True,True,False,Conservative,t5_2qh6p,r/Conservative,public,,0,[]
[],False,,abstract__art,,,[],,,,text,t2_2jg0tj2c,False,False,He ran on the soul of America or soemthing but his kid is a straight out degenerate.,627ca4ce4c8acf558ee6babbc0359372638bbb8f,True,False,,,,,0,1627524515,,0,{},h6won6j,False,t3_otn584,False,True,t3_otn584,/r/Conservative/comments/otn584/devastating_sidebyside_video_shows_joe_biden/h6won6j/,1627524601,1,True,True,False,Conservative,t5_2qh6p,r/Conservative,public,,0,[]
[],False,,LowKeySalty_,,,[],,,,text,t2_bqjjn5ne,False,False,Can someone point me to a explanation for what was in this bill? I want to know how bad it really was.,8d139677baad8a12ac73b1c6c6546a7fd09fb85f,True,False,,,,,0,1627524507,,0,{},h6womlc,False,t3_oth64x,False,True,t3_oth64x,/r/Conservative/comments/oth64x/death_blow_sinema_just_nuked_dems_35_trillion/h6womlc/,1627524603,1,True,True,False,Conservative,t5_2qh6p,r/Conservative,public,,0,[]
[],False,,Eeik5150,,,"[{'e': 'text', 't': 'Conservative Capitalist'}]",,Conservative Capitalist,dark,richtext,t2_a3dv5,False,True,One of the most believable articles by the bee.,a836dbfd902918a0dcebb256552ff95004ab2f72,True,False,,,,,0,1627524503,,0,{},h6womc6,False,t3_otg7ym,False,True,t3_otg7ym,/r/Conservative/comments/otg7ym/liberal_feels_sad_for_man_dying_of_covid_then/h6womc6/,1627524603,1,True,True,False,Conservative,t5_2qh6p,r/Conservative,public,,0,[]
[],False,,IamInevitable007,,,"[{'e': 'text', 't': '2A Conservative'}]",,2A Conservative,dark,richtext,t2_7tzxojgl,False,False,The UK has done extensive research on the variants with a few studies that have examined their mortality rates.,8f7efb3204048a6262fde212c9e6f41e70593ff0,True,False,,,,,0,1627524486,,0,{},h6wol2g,False,t3_ot2vx2,False,True,t1_h6woa77,/r/Conservative/comments/ot2vx2/breaking_nevada_to_require_vaccinated_to_wear/h6wol2g/,1627524517,1,True,True,False,Conservative,t5_2qh6p,r/Conservative,public,,0,[]
[],False,,[deleted],,,,,,dark,,,,,[removed],fe993932d6dced4c0a879e9aa5d7a6e0fbb467f5,True,True,,,DELETED,,0,1627524482,,0,{},h6woks5,False,t3_osro68,False,True,t3_osro68,/r/Conservative/comments/osro68/lori_lightfoot_defends_her_racism_would/h6woks5/,1627524518,1,True,True,False,Conservative,t5_2qh6p,r/Conservative,public,,0,[]
[],False,,usesbiggerwords,,,"[{'e': 'text', 't': 'Conservative'}]",,Conservative,dark,richtext,t2_13zzfm8z,False,False,"&gt;Tortillas are used as silverware

And plates. Don't forget plates.",b4998d90e28fff8bebd208b483c09555f9310984,True,False,,,,,0,1627524477,,0,{},h6wokeu,False,t3_oter1y,False,True,t1_h6w8y2i,/r/Conservative/comments/oter1y/new_poll_finds_all_those_people_moving_to_texas/h6wokeu/,1627524519,1,True,True,False,Conservative,t5_2qh6p,r/Conservative,public,,0,[]
[],False,,sned1216,,,[],,,,text,t2_2vjspto9,False,False,She needs to worry about MA. not CA.,eb2af9f76f015ab7f77539ee0d7164b246e554dd,True,False,,,,,0,1627524470,,0,{},h6wojvf,False,t3_oto0d6,False,True,t3_oto0d6,/r/Conservative/comments/oto0d6/watch_senator_warren_blames_trump_republicans_in/h6wojvf/,1627524520,1,True,True,False,Conservative,t5_2qh6p,r/Conservative,public,,0,[]
[],False,,the_straw09,,,"[{'e': 'text', 't': 'Canadian Conservative'}]",,Canadian Conservative,dark,richtext,t2_inhmk,False,False,"Heres the thing...

This same cycle has happened too many times in history where the left provokes the right to the point where the left attempts some sort of revolution. More times than not the right wins however since we are really a sleeping giant, not wanting to resort to violence but will do what must be done if needed.",d062d56e6fd9c447a064de84b0c284164872a7cc,True,False,,,,,0,1627524461,,0,{},h6wojb1,False,t3_ota5th,False,True,t1_h6v32oi,/r/Conservative/comments/ota5th/new_york_times_reporter_deletes_tweet_calling/h6wojb1/,1627524521,1,True,True,False,Conservative,t5_2qh6p,r/Conservative,public,,0,[]
[],False,,needles617,,Conservative,"[{'e': 'text', 't': 'Conservative'}]",421b644c-8b38-11e1-bc5f-12313d18ad57,Conservative,dark,richtext,t2_1k0j362,False,False,This guy is a pretty sick prick. And a big time hack,f99376952649ceabef6d78ba4d9fd723baed14c9,True,False,,,,,0,1627524458,,0,{},h6woj0z,False,t3_otitlz,False,True,t3_otitlz,/r/Conservative/comments/otitlz/democrat_donor_convicted_in_deaths_of_two_men_he/h6woj0z/,1627524522,1,True,True,False,Conservative,t5_2qh6p,r/Conservative,public,,0,[]
[],False,,chainfires,,,"[{'e': 'text', 't': 'Sic Semper Tyrannis'}]",,Sic Semper Tyrannis,dark,richtext,t2_69xokkyu,False,False,"Leftists simply cant see what they are doing is wrong, at some point enough people are gonna get pissed off and react, so yeah I concur.",c7ab58f58eb0b47f523524ab9f6fa8fe99e6945c,True,False,,,,,0,1627524448,,0,{},h6woiba,True,t3_otmgt1,False,True,t1_h6wifil,/r/Conservative/comments/otmgt1/department_of_justice_warns_states_against/h6woiba/,1627524524,1,True,True,False,Conservative,t5_2qh6p,r/Conservative,public,,0,[]
[],False,,MascaraBootyLipgloss,,,[],,,,text,t2_biy5n966,False,False,"literally number 9 on your source

“A 2015 study in the British Medical Journal BMJ Open found that cloth masks were penetrated by 97% of particles and may increase infection risk by retaining moisture or repeated use. (Source)”

so 3% of particles don’t get in, that’s fantastic! thanks for showing me that source! and that’s for cloth masks, not even the high quality ones!",346f4753f4a6ceec4997e1866f35fa2aeb1921e2,True,False,,,,,0,1627524442,,0,{},h6wohwn,False,t3_oswt3n,False,True,t1_h6wnnrh,/r/Conservative/comments/oswt3n/ron_desantis_defends_no_mask_mandates_in_florida/h6wohwn/,1627524527,1,True,True,False,Conservative,t5_2qh6p,r/Conservative,public,,0,[]
[],False,,tambourine_goddess,,,[],,,,text,t2_2wm2rvxk,False,False,"Like the shitty king from Braveheart said ""we'll breed it out of them."" Work on yourself, marry someone who is healthy, have kids and raise them to be healthy adults that think for themselves.",b03bc84f61e296833a6c731d0bcad711424a522f,True,False,,,,,0,1627524441,,0,{},h6wohsa,True,t3_otny8l,False,False,t1_h6wo786,/r/Conservative/comments/otny8l/culture_wars_are_long_wars/h6wohsa/,1627524527,1,True,True,False,Conservative,t5_2qh6p,r/Conservative,public,,0,[]
[],False,,repoman_auto,,,[],,,,text,t2_clvg0ctz,False,False,Oh come on man….lol it’s the same stuff as MD20/20 just with a classy label,b2064bdb096168456da05aa0ae3444ee59567664,True,False,,,,,0,1627524405,,0,{},h6wof6z,False,t3_otennq,False,True,t1_h6vsl3r,/r/Conservative/comments/otennq/vandals_hit_san_fran_wine_shop_owned_by_gavin/h6wof6z/,1627524540,1,True,True,False,Conservative,t5_2qh6p,r/Conservative,public,,0,[]
[],False,,Jakbo_,,,[],,,,text,t2_5xbvemfe,False,False,Yeah by the millions of dollars he steals from us every year,a7ca4e03e2e05e05daa026860d4bfdd6e23aa6c4,True,False,,,,,0,1627524393,,0,{},h6woe9q,False,t3_otn584,False,True,t1_h6wn49o,/r/Conservative/comments/otn584/devastating_sidebyside_video_shows_joe_biden/h6woe9q/,1627524441,1,True,True,False,Conservative,t5_2qh6p,r/Conservative,public,,0,[]
[],False,,reaper527,,,"[{'e': 'text', 't': 'Conservative'}]",,Conservative,dark,richtext,t2_8iw9h,False,False,"well unfortunately the postal workers union gets what they vote for, and elections have consequences.",2b56c2ce62564e6e8a4e1da0f4bbd95871ddf48e,True,False,,,,,0,1627524380,,0,{},h6wodbp,False,t3_otmaaq,False,True,t3_otmaaq,/r/Conservative/comments/otmaaq/apwu_postal_workers_union_aflcio_affiliate/h6wodbp/,1627524446,1,True,True,False,Conservative,t5_2qh6p,r/Conservative,public,,0,[]
[],False,,RosevilleRealtor,,,"[{'e': 'text', 't': '2A Left Coast Conservative'}]",,2A Left Coast Conservative,dark,richtext,t2_6k4fny43,False,False,For whom?,a12aa5055ad6e29776c01ee17bc2f25f129fe8bc,True,False,,,,,0,1627524379,,0,{},h6wod7h,False,t3_otnyit,False,True,t3_otnyit,/r/Conservative/comments/otnyit/ny_gov_cuomo_whose_admin_hid_nursing_home_data/h6wod7h/,1627524446,1,True,True,False,Conservative,t5_2qh6p,r/Conservative,public,,0,[]
[],False,,_lord_of_thunder,,,[],,,,text,t2_20y06ng8,False,False,I like Sinema more and more.  Why is she a Dem?,3c731c070c0c3a47106cdd39c419c18a754beb79,True,False,,,,,0,1627524374,,0,{},h6wocws,False,t3_oth64x,False,True,t3_oth64x,/r/Conservative/comments/oth64x/death_blow_sinema_just_nuked_dems_35_trillion/h6wocws/,1627524447,1,True,True,False,Conservative,t5_2qh6p,r/Conservative,public,,0,[]
[],False,,[deleted],,,,,,dark,,,,,[removed],fe993932d6dced4c0a879e9aa5d7a6e0fbb467f5,True,True,,,DELETED,,0,1627524355,,0,{},h6wobgv,False,t3_ot9rl5,False,True,t3_ot9rl5,/r/Conservative/comments/ot9rl5/23_of_the_people_want_blm_riots_investigated_over/h6wobgv/,1627524452,1,True,True,False,Conservative,t5_2qh6p,r/Conservative,public,,0,[]
[],False,,s1lentchaos,,,"[{'e': 'text', 't': '2A Conservative'}]",,2A Conservative,dark,richtext,t2_10bs2t,False,False,You mean all the rioters that were bailed out by the Biden election team and the lefty ags refusing to prosecute?,8988ec1274ebf409f92ebc2b213628afbe692c31,True,False,,,,,0,1627524340,,0,{},h6woaeo,False,t3_oth7sw,False,True,t1_h6wldd3,/r/Conservative/comments/oth7sw/is_steven_crowder_ok_youtuber_shares_selfie_from/h6woaeo/,1627524455,1,True,True,False,Conservative,t5_2qh6p,r/Conservative,public,,0,[]
[],False,,KemShafu,,,[],,,,text,t2_btosnrx,False,False,"https://coronavirus.jhu.edu/data/mortality
2.2 vs 0.1

Now, I honestly cannot say what the delta variant mortality rate is as of yet because there simply isn’t enough data yet. I am a database administrator and have dealt with data over 25 years. We have enough data for the alpha variant. I’d be interested to see your cited numbers.",53f5023d6df16763926b326f5aeb7890423cd9d9,True,True,,,,,0,1627524337,,0,{},h6woa77,False,t3_ot2vx2,False,True,t1_h6wnh7z,/r/Conservative/comments/ot2vx2/breaking_nevada_to_require_vaccinated_to_wear/h6woa77/,1627524455,1,True,True,False,Conservative,t5_2qh6p,r/Conservative,public,,0,[]
[],False,,Doparoo,,,"[{'e': 'text', 't': 'Classical Liberal'}]",,Classical Liberal,dark,richtext,t2_42ulwsd5,False,False,I know you are.,90497454aa776749e84259e8c9f87627750a25fc,True,False,,,,,0,1627524332,,0,{},h6wo9tu,False,t3_oteuf9,False,True,t1_h6wnbu4,/r/Conservative/comments/oteuf9/simone_biles_olympic_pullout_may_start_a_trend/h6wo9tu/,1627524456,1,True,True,False,Conservative,t5_2qh6p,r/Conservative,public,,0,[]
[],False,,tambourine_goddess,,,[],,,,text,t2_2wm2rvxk,False,False,"True, but at some point, you have to stop passing the buck. Gen X was made by the boomers which was made by the Silents etc etc. At the end of the day, you have to take responsibility for who you choose to be. I am a millennial raised by a Gen X parent, and I did not become a degenerate piece of trash. You decide who you're going to be. Your circumstances don't have to define you.",a2e61481e5388e34238fc4cfc309f822ceababc1,True,False,,,,,0,1627524321,,0,{},h6wo914,True,t3_otny8l,False,True,t1_h6wo1ki,/r/Conservative/comments/otny8l/culture_wars_are_long_wars/h6wo914/,1627524367,1,True,True,False,Conservative,t5_2qh6p,r/Conservative,public,,0,[]
[],False,,Odd_Independence_833,,,[],,,,text,t2_93ba63ih,False,False,"He doesn't say so.  Even if you think people should choose for themselves, the responsible thing is to encourage the vaccine.  Who likes masks and lockdowns?  Tucker saying it would go a long way towards encouraging the people living in the highest risk areas, and would protect only his own viewers, whom he says he cares about.",e5b09ee535987d1855e57d66c891cca5c3efc9ca,True,False,,,,,0,1627524305,,0,{},h6wo7rk,False,t3_otdokc,False,True,t1_h6w9z6y,/r/Conservative/comments/otdokc/tucker_carlson_americans_should_never_be_forced/h6wo7rk/,1627524372,1,True,True,False,Conservative,t5_2qh6p,r/Conservative,public,,0,[]
[],False,,the_straw09,,,"[{'e': 'text', 't': 'Canadian Conservative'}]",,Canadian Conservative,dark,richtext,t2_inhmk,False,False,"Dont self censure yourself, that will just lead to worse behaviour down the road",7b5b65804348dd94382584c5123f80f823337d33,True,False,,,,,0,1627524301,,0,{},h6wo7hr,False,t3_ota5th,False,True,t1_h6vf5vn,/r/Conservative/comments/ota5th/new_york_times_reporter_deletes_tweet_calling/h6wo7hr/,1627524373,1,True,True,False,Conservative,t5_2qh6p,r/Conservative,public,,0,[]
