all_awardings,associated_award,author,author_flair_background_color,author_flair_css_class,author_flair_richtext,author_flair_template_id,author_flair_text,author_flair_text_color,author_flair_type,author_fullname,author_patreon_flair,author_premium,awarders,body,collapsed_because_crowd_control,created_utc,gildings,id,is_submitter,link_id,locked,no_follow,parent_id,permalink,retrieved_on,score,send_replies,stickied,subreddit,subreddit_id,total_awards_received,author_cakeday
[],,Fab5Gaurdian,,,[],,,,text,t2_c4m2j53,False,False,[],"This article had me laughing out loud at work! 

&gt; If you’re still struggling with the answer, either you haven’t reached that lesson yet in your first-grade math textbook or you’re a halfwit.  

To be honest I'm a half wit! I needed it explained LOL",,1583526951,{},fjofx3s,False,t3_fej40j,False,True,t3_fej40j,/r/Conservative/comments/fej40j/watch_these_two_imbeciles_fail_firstgrade_math_on/fjofx3s/,1583528945,2,True,False,Conservative,t5_2qh6p,0,
[],,PTretro,,,[],,,,text,t2_8cd7f,False,True,[],"In theory, it would be a great time for a debate between the three since they've consolidated their options. But, there won't be another debate.",,1583526917,{},fjofuyr,True,t3_feh2sj,False,True,t1_fjofq0q,/r/Conservative/comments/feh2sj/the_irony_of_the_dnc/fjofuyr/,1583528909,0,True,False,Conservative,t5_2qh6p,0,
[],,SquirrelsAreGreat,,,"[{'e': 'text', 't': 'Trump Conservative'}]",,Trump Conservative,dark,richtext,t2_3pt00uk3,False,False,[],"&gt;Where were the other Republicans when the President was found to ~~break the law~~ make Democrats angry, but decided to vote against it? I wonder...

They never cited a law in their bullshit impeachment. Obstruction of Congress literally isn't even a thing.",,1583526915,{},fjofuus,False,t3_fedalp,False,True,t1_fjo8tb4,/r/Conservative/comments/fedalp/mitt_romney_to_betray_republicans_again_hints_at/fjofuus/,1583528908,1,True,False,Conservative,t5_2qh6p,0,
[],,woostar64,,,[],,,,text,t2_b4age,False,False,[],"Filters my dude. Filter every political name you can think of.

It will only up if you go looking for it. Occasionally a random sub will slip through, but then you just filter that sub out and you’re flying. My happiness has increased significantly since I started filtering out all the trash on this site",,1583526905,{},fjofu71,False,t3_fecc9y,False,True,t1_fjn9g18,/r/Conservative/comments/fecc9y/ill_do_what_i_must/fjofu71/,1583528897,1,True,False,Conservative,t5_2qh6p,0,
[],,GeneralGars,,,[],,,,text,t2_10sw9l,False,False,[],Just read this and immediately deleted the Bojangles’ app on my cell phone. They won’t be seeing me anymore.,,1583526862,{},fjofri2,False,t3_feed5j,False,True,t3_feed5j,/r/Conservative/comments/feed5j/lets_see_how_it_ends_for_you_bojangles/fjofri2/,1583528850,2,True,False,Conservative,t5_2qh6p,0,
[],,spirit_of-76,,,"[{'e': 'text', 't': 'Optimistic Conservative'}]",,Optimistic Conservative,dark,richtext,t2_159prj,False,False,[],"arnt they both older than the ""big bad orange man""",,1583526861,{},fjofrfl,False,t3_feh2sj,False,True,t1_fjoeuej,/r/Conservative/comments/feh2sj/the_irony_of_the_dnc/fjofrfl/,1583528849,0,True,False,Conservative,t5_2qh6p,0,
[],,Skeptical_Detroiter,,,[],,,,text,t2_1uy2efu5,False,False,[],They wouldn't have had to do much digging.,,1583526848,{},fjofqnv,False,t3_fejhbw,False,True,t3_fejhbw,/r/Conservative/comments/fejhbw/fisa_you_had_one_job_fisa_court_mistakenly_says/fjofqnv/,1583528835,1,True,False,Conservative,t5_2qh6p,0,
[],,mtmm18,,,[],,,,text,t2_a3bj6,False,False,[],Chicken sucks anyway,,1583526838,{},fjofq25,False,t3_feed5j,False,True,t3_feed5j,/r/Conservative/comments/feed5j/lets_see_how_it_ends_for_you_bojangles/fjofq25/,1583528825,1,True,False,Conservative,t5_2qh6p,0,
[],,thegreatestgray,,,[],,,,text,t2_14xun0,False,False,[],Tulsi is probably the only one that could give Trump a run for his money. But the DNC will change the rules to make her irrelevant.,,1583526838,{},fjofq0q,False,t3_feh2sj,False,True,t3_feh2sj,/r/Conservative/comments/feh2sj/the_irony_of_the_dnc/fjofq0q/,1583528825,-1,True,False,Conservative,t5_2qh6p,0,
[],,BeachCruisin22,,,"[{'e': 'text', 't': 'Beachservative 🎖️🎖️🎖️🎖️'}]",,Beachservative 🎖️🎖️🎖️🎖️,dark,richtext,t2_13yk6q,False,False,[],They have constitutional rights by virtue of being on our soil.  The trick is keeping them off our soil,,1583526831,{},fjofpl6,False,t3_fef6e3,False,True,t1_fjnomgw,/r/Conservative/comments/fef6e3/ice_blocked_from_deporting_mexican_immigrant/fjofpl6/,1583528816,0,True,False,Conservative,t5_2qh6p,0,
[],,Doctor-Jan-Itor,,,"[{'e': 'text', 't': 'Ron Paul Conservative'}]",,Ron Paul Conservative,dark,richtext,t2_4y0h0h99,False,False,[],"It’ll be contested at least, I think.",,1583526829,{},fjofpgu,False,t3_feiv9w,False,True,t1_fjoapvs,/r/Conservative/comments/feiv9w/bernie_no_way_to_win/fjofpgu/,1583528814,1,True,False,Conservative,t5_2qh6p,0,
[],,MonsterByComparison,,,[],,,,text,t2_1u99sbwu,False,True,[],No need to say such nasty things mate. This is a conservative forum after all.,,1583526829,{},fjofpg7,False,t3_feed5j,False,True,t1_fjoa10d,/r/Conservative/comments/feed5j/lets_see_how_it_ends_for_you_bojangles/fjofpg7/,1583528814,0,True,False,Conservative,t5_2qh6p,0,
[],,spirit_of-76,,,"[{'e': 'text', 't': 'Optimistic Conservative'}]",,Optimistic Conservative,dark,richtext,t2_159prj,False,False,[],the irony,,1583526801,{},fjofnpa,False,t3_feh2sj,False,True,t1_fjocrcn,/r/Conservative/comments/feh2sj/the_irony_of_the_dnc/fjofnpa/,1583528783,2,True,False,Conservative,t5_2qh6p,0,
[],,scurrilousgoat,,,"[{'e': 'text', 't': 'Libertarian Conservative'}]",,Libertarian Conservative,dark,richtext,t2_41xm4i7p,False,False,[],She accidentally a whole delegate. /dank,,1583526789,{},fjofmxs,False,t3_feh2sj,False,True,t1_fjodo46,/r/Conservative/comments/feh2sj/the_irony_of_the_dnc/fjofmxs/,1583528768,1,True,False,Conservative,t5_2qh6p,0,
[],,BeachCruisin22,,,"[{'e': 'text', 't': 'Beachservative 🎖️🎖️🎖️🎖️'}]",,Beachservative 🎖️🎖️🎖️🎖️,dark,richtext,t2_13yk6q,False,False,[],"Three. Year. Old.

When will this madness stop?",,1583526781,{},fjofmiv,False,t3_fef6e3,False,True,t3_fef6e3,/r/Conservative/comments/fef6e3/ice_blocked_from_deporting_mexican_immigrant/fjofmiv/,1583528762,1,True,False,Conservative,t5_2qh6p,0,
[],,jimmyeleven,,,[],,,,text,t2_5en6sa53,False,False,[],Haha nice,,1583526776,{},fjofm6h,False,t3_fecc9y,False,True,t1_fjoc4gp,/r/Conservative/comments/fecc9y/ill_do_what_i_must/fjofm6h/,1583528757,1,True,False,Conservative,t5_2qh6p,0,
[],,Noideawhatjusthappen,,,[],,,,text,t2_mph4d,False,False,[],"I shit you not Sir. 

Just think...he probably caught the train there too with his micro dick boner sticking into someone's thigh. Happy dreams.",,1583526776,{},fjofm5f,False,t3_fe8fds,False,True,t1_fjnaes8,/r/Conservative/comments/fe8fds/joe_biden_promises_to_put_beto_orourke_in_charge/fjofm5f/,1583528756,1,True,False,Conservative,t5_2qh6p,0,
[],,teh_Blessed,,,"[{'e': 'text', 't': 'Conservative Christian'}]",,Conservative Christian,dark,richtext,t2_mkod1sq,False,False,[],A Constitutional Right so certain that all of the signers of the document undoubtedly would have considered it morally abhorrent.,,1583526773,{},fjoflyh,False,t3_fec1zz,False,True,t3_fec1zz,/r/Conservative/comments/fec1zz/omar_tweets_abortion_is_a_constitutional_right/fjoflyh/,1583528752,1,True,False,Conservative,t5_2qh6p,0,
[],,tehForce,,GREENBOLD,"[{'e': 'text', 't': ""Nobody's alt but mine""}]",,Nobody's alt but mine,dark,richtext,t2_4csj7,False,False,[],"By your logic, we should've nuked all third world countries years ago.  You are a sick minded individual.",,1583526765,{},fjoflgf,False,t3_fec506,False,True,t1_fjoeasf,/r/Conservative/comments/fec506/trump_moves_forward_with_cutting_off_funds_to/fjoflgf/,1583528744,3,True,False,Conservative,t5_2qh6p,0,
[],,Bowlffalo_Soulja,,,[],,,,text,t2_l3vxf,False,False,[],"&gt;Some people are still oblivious and think he is Gods gift to politics

Yeah apparently enough to keep voting him in",,1583526762,{},fjoflan,False,t3_fedalp,False,True,t1_fjnw4li,/r/Conservative/comments/fedalp/mitt_romney_to_betray_republicans_again_hints_at/fjoflan/,1583528741,1,True,False,Conservative,t5_2qh6p,0,
[],,Doctor-Jan-Itor,,,"[{'e': 'text', 't': 'Ron Paul Conservative'}]",,Ron Paul Conservative,dark,richtext,t2_4y0h0h99,False,False,[],"Clarification: I have no problem with the gentleman wearing the hoodie to make his point. I get it. But, the House has set rules on this sort of thing, and they specifically state they cannot wear something like that *while speaking*. That is why he was forced out; he also refused to comply with the rules and the order by the speaker to desist. Also, Gaetz went too far with the gas mask stunt and he too ought to be reprimanded for it.",,1583526747,{},fjofkbr,True,t3_fefmtv,False,True,t3_fefmtv,/r/Conservative/comments/fefmtv/rep_tries_to_claim_racism_as_reason_he_was/fjofkbr/,1583528724,0,True,False,Conservative,t5_2qh6p,0,
[],,MonsterByComparison,,,[],,,,text,t2_1u99sbwu,False,True,[],"Raisin’ Caines shits on Bojangles anyway. Geaux get some real chicken, bitch.",,1583526745,{},fjofk6b,False,t3_feed5j,False,True,t3_feed5j,/r/Conservative/comments/feed5j/lets_see_how_it_ends_for_you_bojangles/fjofk6b/,1583528722,3,True,False,Conservative,t5_2qh6p,0,
[],,ultimis,,,"[{'e': 'text', 't': 'Constitutionalist'}]",,Constitutionalist,dark,richtext,t2_5xpfs,False,False,[],"Equity does not fit justice. The left wants equal out comes based on arbitrary metrics they make up. If there aren't equal amount of blacks, whites, and hispanics being sent to prison for X crimes, than fair justice is thrown out the window to ensure that those outcomes are equitable. Justice is blind (or should be). Social Justice is solely reliant on the person, not the crime.",,1583526726,{},fjofizk,False,t3_feeyzn,False,True,t1_fjo8e8l,/r/Conservative/comments/feeyzn/mass_immigration_is_now_about_racial_justice_not/fjofizk/,1583528701,1,True,False,Conservative,t5_2qh6p,0,
[],,redwoods_orthodox,,,[],,,,text,t2_1281gs,False,False,[],I'm pretty sure Mueller had plenty of opportunity to set the record straight if he thought Barr misconstrued anything.,,1583526719,{},fjofij0,False,t3_feh2sm,False,True,t3_feh2sm,/r/Conservative/comments/feh2sm/judge_orders_barr_to_submit_unredacted_version_of/fjofij0/,1583528693,1,True,False,Conservative,t5_2qh6p,0,
[],,ngoni,,,"[{'e': 'text', 't': 'Constitutional Conservative'}]",,Constitutional Conservative,dark,richtext,t2_86rj0,False,False,[],"Just goes to show when the voters aren't doing what the establishment wants, the establishment removes choices until there is no other choice. And let's not kid ourselves, both parties cut deals with primary candidates to push the preferred candidate.",,1583526716,{},fjofibz,False,t3_feita1,False,True,t3_feita1,/r/Conservative/comments/feita1/political_corruption_at_its_worst/fjofibz/,1583528690,2,True,False,Conservative,t5_2qh6p,0,
[],,perlandsen,,,[],,,,text,t2_cl8v,False,False,[],"I dunno, banning hate-speech and symbols of hate seems like an OK idea.  I mean, would'nt you feel uncomfortable in Church if the person next to you was wearing swastikas?",,1583526697,{},fjofh5t,False,t3_feed5j,False,True,t3_feed5j,/r/Conservative/comments/feed5j/lets_see_how_it_ends_for_you_bojangles/fjofh5t/,1583528669,-3,True,False,Conservative,t5_2qh6p,0,
[],,scurrilousgoat,,,"[{'e': 'text', 't': 'Libertarian Conservative'}]",,Libertarian Conservative,dark,richtext,t2_41xm4i7p,False,False,[],Sanders is no longer a puppet. He's become a real ~~boy~~ Commie.,,1583526690,{},fjofgp9,False,t3_fei5ya,False,True,t1_fjo5deo,/r/Conservative/comments/fei5ya/as_bernie_sanders_pushed_for_closer_ties_soviet/fjofgp9/,1583528662,1,True,False,Conservative,t5_2qh6p,0,
[],,SgtFraggleRock,,,"[{'e': 'text', 't': 'Sgt Conservative'}]",,Sgt Conservative,dark,richtext,t2_1ho7udul,False,False,[],Next to incest.,,1583526676,{},fjoffum,False,t3_fec1zz,False,True,t1_fjn29o3,/r/Conservative/comments/fec1zz/omar_tweets_abortion_is_a_constitutional_right/fjoffum/,1583528647,1,True,False,Conservative,t5_2qh6p,0,
[],,m3003,,,[],,,,text,t2_12qhezeg,False,False,[],They need to change the rules to say you have to actually be a Democrat to run under their banner. No more declared independents. I've never understood why they are letting a non-member run!,,1583526654,{},fjofefa,False,t3_feita1,False,True,t3_feita1,/r/Conservative/comments/feita1/political_corruption_at_its_worst/fjofefa/,1583528623,1,True,False,Conservative,t5_2qh6p,0,
[],,SgtFraggleRock,,,"[{'e': 'text', 't': 'Sgt Conservative'}]",,Sgt Conservative,dark,richtext,t2_1ho7udul,False,False,[],"Ballot harvesting by illegals is legal.

Because Democrats want to make it absolutely clear that they are committing voter fraud.",,1583526653,{},fjofee4,False,t3_feh9f5,False,True,t1_fjod0dg,/r/Conservative/comments/feh9f5/president_trump_is_on_his_way_to_flipping/fjofee4/,1583528623,0,True,False,Conservative,t5_2qh6p,0,
[],,Throwwawaycamera,,,[],,,,text,t2_ho3dh,False,False,[],"Right, 160/month. That's substantially less than what I'll pay through whatever Bernie has proposed. I guarantee it and my insurance is going to be way better than Medicare.",,1583526638,{},fjofdfa,False,t3_fe6ttc,False,True,t1_fjo0js3,/r/Conservative/comments/fe6ttc/what_a_deal/fjofdfa/,1583528606,1,True,False,Conservative,t5_2qh6p,0,
[],,scurrilousgoat,,,"[{'e': 'text', 't': 'Libertarian Conservative'}]",,Libertarian Conservative,dark,richtext,t2_41xm4i7p,False,False,[],"Active duty military on the border. 

How it should be.",,1583526635,{},fjofda9,False,t3_feihm8,False,True,t3_feihm8,/r/Conservative/comments/feihm8/trump_administration_deploying_crisis_response/fjofda9/,1583528604,2,True,False,Conservative,t5_2qh6p,0,
[],,CompliantContrarian,,,"[{'e': 'text', 't': 'Capitalist'}]",,Capitalist,dark,richtext,t2_3um5azmv,False,True,[],His defense makes no sense. They are in there for life. Public and political opinion consequences... give me a break.,,1583526632,{},fjofd0c,False,t3_fec1di,False,True,t3_fec1di,/r/Conservative/comments/fec1di/after_defending_supreme_court_threats_schumer_now/fjofd0c/,1583528598,1,True,False,Conservative,t5_2qh6p,0,
[],,TaurusInvictus,,,[],,,,text,t2_gdgcb9e,False,False,[],"I can provice sources if needed, of course. I don't back up what I'm saying from just own experience and instagrams, but facts.",,1583526599,{},fjofaxa,False,t3_fecc9y,False,True,t1_fjof8oa,/r/Conservative/comments/fecc9y/ill_do_what_i_must/fjofaxa/,1583528562,2,True,False,Conservative,t5_2qh6p,0,
[],,ComeAndFindIt,,,[],,,,text,t2_1ki3j474,False,False,[],"Im not talking about Bernie as a candidate, I’m all for you guys using him as a way to get back at the establishment DNC. I don’t agree with his views but at least he’s breaking from the establishment. 

I’m not even talking about voting for Biden if Bernie doesn’t get it, I’m more talking about what reddit did in 2016 and what I anticipate it will do now. The hatred and then subsequent support for Hilary last election was pathetic. Especially after they stole it from Bernie and rubbed it in your faces.

Nobody thinks you guys are triggered or snowflakes for taking issue with the DNC establishment, it would actually give us more respect for you guys. And I understand those insults are overused, to me they’re reserved for when someone needs counseling because they saw someone eating a chic fil a sandwich...

It seems like there’s unwavering support for the DNC regardless of what they do. Listening to joe rogan he put it nicely: the Democrats love their party, the Republicans fucking hate theirs. I understand what he means by that.",,1583526588,{},fjofa8i,False,t3_fecc9y,False,True,t1_fjo5hgb,/r/Conservative/comments/fecc9y/ill_do_what_i_must/fjofa8i/,1583528550,1,True,False,Conservative,t5_2qh6p,0,
[],,gooblobs,,,"[{'e': 'text', 't': 'Conservative'}]",,Conservative,dark,richtext,t2_2xb7l345,False,False,[],the fucking thumbnail for this article wtf is wrong with your face biden holy shit,,1583526575,{},fjof9e9,False,t3_fe7p91,False,True,t3_fe7p91,/r/Conservative/comments/fe7p91/joe_biden_on_trump_i_can_hardly_hardly_wait_to/fjof9e9/,1583528535,1,True,False,Conservative,t5_2qh6p,0,
[],,TaurusInvictus,,,[],,,,text,t2_gdgcb9e,False,False,[],"This could be a long one..  
   
If we start with the taxes. A regular person pay around 33% income tax, if you earn above 4500$/month, you pay 50% tax. Then you pay 25% on everything you purchase. Then you pay 25% tax on all your bills. Your energy bill has 25% tax on it as well, but you pay 25% tax ontop of that, which is illegal in the EU btw. The list goes on. We don't get to spend our money without rewarding the state huge amounts of money.   
With this money you'd assume that Sweden has a modern school, a safe society and the best healthcare in the world. The truth is far from it.   
People are dying waiting for cancer treatment. The hospitals are so overcrowded that elderly people are left to die in the corridors of the hospital, because they have to prioritize the hospital beds for emergency cases. When I need to see a doctor I sometimes have to wait months, and when I get there they just look at me and say ""You're fine, later!"". The nurses and doctors started an instagram which is called ""Healthcare uprising"" where they post about this. Remember that the health care employees are generally very left wing.   
The school results are one of the worst in Europe. Teachers have horrible salaries and the profession status is very low.   
Sweden has **bombings** almost three times a week. Sure they're gang related, but still. Shootings and rape are on a record high. Etc etc.   


In other words, our taxes are wasted on utter shit. Like gender certified snowplowing (it's not a joke), ""Don't grab me sexually""-armbands distributed by the police etc.",,1583526563,{},fjof8oa,False,t3_fecc9y,False,True,t1_fjnxmcp,/r/Conservative/comments/fecc9y/ill_do_what_i_must/fjof8oa/,1583528523,2,True,False,Conservative,t5_2qh6p,0,
[],,SgtFraggleRock,,,"[{'e': 'text', 't': 'Sgt Conservative'}]",,Sgt Conservative,dark,richtext,t2_1ho7udul,False,False,[],"Jussie Smollett, the only person who can beat him is himself!",,1583526554,{},fjof840,False,t3_feh2sj,False,False,t1_fjo3o6p,/r/Conservative/comments/feh2sj/the_irony_of_the_dnc/fjof840/,1583528513,4,True,False,Conservative,t5_2qh6p,0,
[],,scurrilousgoat,,,"[{'e': 'text', 't': 'Libertarian Conservative'}]",,Libertarian Conservative,dark,richtext,t2_41xm4i7p,False,False,[],"I saw Vox doing the same false and defamatory stuff just yesterday. 

There was science based article on my news feed with info provided by CDC &amp; WHO saying:

Coronavirus only is dangerous to people with comorbidity (elderly, preexisting conditions): 70% of all coronavirus deaths are 60yo+, 50% of all coronavirus deaths are 70yo+., infection rate 3.5%, less infectious than seasonal flu.

Below the above facts... was an article by Vox saying Trump was an uneducated fool for quoting WHO and CDC.

Total load of crap, lies, bias - fake news at its finest.",,1583526520,{},fjof63r,False,t3_feidx4,False,True,t3_feidx4,/r/Conservative/comments/feidx4/trump_campaign_sues_cnn_over_false_and_defamatory/fjof63r/,1583528477,0,True,False,Conservative,t5_2qh6p,0,
[],,BrockSamson83,,,[],,,,text,t2_96zdzbd,False,False,[],"I agree with you on the corruption sentiment though I know most conservatives play dumb when it comes to that.

 Although the it is unbelievable how much news against trump, especially on reddit, that is just completely blatantly untrue.  I hate the rhetoric but fake news is real, when I started fact checking these things i was shocked at how false most are.

I think burnie is way to radical when it comes to fiscal and personal responsibility and I cant vote for him because of that. Unfortunately to me all the candidates are horrible.

Though I am very conservative, I've  never liked trump. Hes barely knows much about anything, he is more a bull in a china shop. After his pressuring the fed for rate cuts and suggesting never interest rates like other countries it show he understands nothing about economics.",,1583526513,{},fjof5m2,False,t3_fecc9y,False,True,t1_fjod9t8,/r/Conservative/comments/fecc9y/ill_do_what_i_must/fjof5m2/,1583528467,1,True,False,Conservative,t5_2qh6p,0,
[],,mrmax7,,,[],,,,text,t2_ugitbii,False,False,[],So they are discriminitory and going out of business?,,1583526512,{},fjof5k6,False,t3_feed5j,False,True,t3_feed5j,/r/Conservative/comments/feed5j/lets_see_how_it_ends_for_you_bojangles/fjof5k6/,1583528466,2,True,False,Conservative,t5_2qh6p,0,
[],,SgtFraggleRock,,,"[{'e': 'text', 't': 'Sgt Conservative'}]",,Sgt Conservative,dark,richtext,t2_1ho7udul,False,False,[],"Remember last year when the New York Times printed an antisemitic cartoon?

[https://www.nationalreview.com/2019/04/the-new-york-times-anti-semitism-is-shocking-but-not-surprising/](https://www.nationalreview.com/2019/04/the-new-york-times-anti-semitism-is-shocking-but-not-surprising/)",,1583526505,{},fjof544,False,t3_fed21x,False,True,t3_fed21x,/r/Conservative/comments/fed21x/the_guardian_uks_biggest_left_wing_paper_just/fjof544/,1583528459,1,True,False,Conservative,t5_2qh6p,0,
[],,spirit_of-76,,,"[{'e': 'text', 't': 'Optimistic Conservative'}]",,Optimistic Conservative,dark,richtext,t2_159prj,False,False,[],the law in my state is unlikely to stop you,,1583526484,{},fjof3tb,False,t3_fef6e3,False,True,t1_fjo38ol,/r/Conservative/comments/fef6e3/ice_blocked_from_deporting_mexican_immigrant/fjof3tb/,1583528435,1,True,False,Conservative,t5_2qh6p,0,
[],,PhilosoGuido,,,"[{'e': 'text', 't': 'Constitutionalist'}]",,Constitutionalist,dark,richtext,t2_ahtk1,False,False,[],"How the hell this guy could vote for continuing the investigation into Trump, then vote to remove him from office without that evidence, already shows that he has no logical consistency. Then, to vote that NO investigation is required for Biden would be the final straw to expose that he's nothing but a Democrat plant. I guess he's not ready to end the charade. Yet.",,1583526483,{},fjof3q4,False,t3_fehunu,False,True,t3_fehunu,/r/Conservative/comments/fehunu/romney_backs_burisma_probe_paving_way_for/fjof3q4/,1583528433,1,True,False,Conservative,t5_2qh6p,0,
[],,Kanan_R,,,"[{'e': 'text', 't': 'Conservative'}]",,Conservative,dark,richtext,t2_4d7a0dgd,False,False,[],There are some pretty sick people in the world so I'm sure there's at least ONE person,,1583526471,{},fjof2zh,False,t3_fegmxf,False,True,t1_fjnw1e4,/r/Conservative/comments/fegmxf/maybe_you_shouldnt_even_want_to_have_sex_with_me/fjof2zh/,1583528421,2,True,False,Conservative,t5_2qh6p,0,
[],,teh_Blessed,,,"[{'e': 'text', 't': 'Conservative Christian'}]",,Conservative Christian,dark,richtext,t2_mkod1sq,False,False,[],"My wife and I have been watching through some movies we watched as kids with our kids for some nostalgia, and my oldest kid was like ""Wait, was that Donald Trump?!"" at that point.

I'd completely forgotten he was even in there.",,1583526442,{},fjof157,False,t3_feh2sj,False,False,t1_fjoc6zy,/r/Conservative/comments/feh2sj/the_irony_of_the_dnc/fjof157/,1583528389,3,True,False,Conservative,t5_2qh6p,0,
[],,Theleas,,,[],,,,text,t2_5198zzha,False,False,[],What is most  impressive to me is how they reached a point in which they wholly control the narrative to begin with =/,,1583526436,{},fjof0sr,False,t3_fed21x,False,True,t3_fed21x,/r/Conservative/comments/fed21x/the_guardian_uks_biggest_left_wing_paper_just/fjof0sr/,1583528382,1,True,False,Conservative,t5_2qh6p,0,
[],,juliankennedy23,,,[],,,,text,t2_d72ak,False,False,[],We knew this has been coming for six weeks why are we so horribly unprepared??? Seriously I value science and competence. I would like to see more of that and less lets massage the numbers so I Am right and hope and fucking prayers.,,1583526399,{},fjoeygb,False,t3_fegjb9,False,True,t3_fegjb9,/r/Conservative/comments/fegjb9/presidents_hunch_confirmed_hhs_estimates/fjoeygb/,1583528342,0,True,False,Conservative,t5_2qh6p,0,
[],,TitaniaDoyle,,,[],,,,text,t2_14o085mn,False,False,[],"How about just treating them as equals and not like children due to the liberal bigotry of low expectations? I don’t think the average black person, or any person wants a hand out. Just to be given equal opportunity and treated as equals",,1583526389,{},fjoexus,False,t3_feei1b,False,True,t1_fjo50ys,/r/Conservative/comments/feei1b/black_americans_are_waking_up_more_african/fjoexus/,1583528331,1,True,False,Conservative,t5_2qh6p,0,
[],,[deleted],,,,,,dark,,,,,[],[removed],,1583526377,{},fjoex1i,False,t3_feehge,False,True,t3_feehge,/r/Conservative/comments/feehge/america_isnt_sexist_the_female_democratic/fjoex1i/,1583528317,1,True,False,Conservative,t5_2qh6p,0,
[],,13bpower,,,[],,,,text,t2_f1bw7,False,False,[],Nothing will happen to Chuck.,,1583526369,{},fjoewjd,False,t3_fec0if,False,True,t3_fec0if,/r/Conservative/comments/fec0if/james_woods_ties_chuck_schumers_threats_with/fjoewjd/,1583528308,1,True,False,Conservative,t5_2qh6p,0,
[],,diehardgiraffe,,,"[{'e': 'text', 't': 'Mei the Wall be with you'}]",,Mei the Wall be with you,dark,richtext,t2_c5z6s,False,True,[],Gotta love activism in the courts. If you believe in your moral superiority enough you can make the text of the constitution mean anything you want it to.,,1583526340,{},fjoeun4,False,t3_fec1zz,False,True,t1_fjnru5p,/r/Conservative/comments/fec1zz/omar_tweets_abortion_is_a_constitutional_right/fjoeun4/,1583528273,1,True,False,Conservative,t5_2qh6p,0,
[],,carney_boopersmith,,,[],,,,text,t2_171sf5sj,False,False,[],Both Biden (77) and Bernie (78) are closer to 80 than 70.,,1583526337,{},fjoeuej,False,t3_feh2sj,False,True,t3_feh2sj,/r/Conservative/comments/feh2sj/the_irony_of_the_dnc/fjoeuej/,1583528270,2,True,False,Conservative,t5_2qh6p,0,
[],,BootsyMcGee,,,[],,,,text,t2_4cu8cj91,False,False,[],"My local community college has a ""Latinx"" course. Also, auto-correct corrected that to Latino lol. At least my iPhone is still smart. 

[latinx course](https://delmarcollege.smartcatalogiq.com/2018-2019/Catalog-and-Student-Handbook/Course-Descriptions/GOVT-Government/2000/GOVT-2311)",,1583526331,{},fjoeu2h,False,t3_feeb73,False,True,t3_feeb73,/r/Conservative/comments/feeb73/why_liberals_using_latinx_to_describe_latinos_is/fjoeu2h/,1583528263,1,True,False,Conservative,t5_2qh6p,0,
[],,FelixFuckfurter,,,"[{'e': 'text', 't': 'Sowell Patrol'}]",,Sowell Patrol,dark,richtext,t2_nqw4d,False,True,[],"In fairness, it was just Pelosi's dentures falling out and hitting the guard in the leg.",,1583526317,{},fjoet6e,False,t3_feiwlo,False,True,t3_feiwlo,/r/Conservative/comments/feiwlo/drunk_woman_bites_security_guard_at_bernie_rally/fjoet6e/,1583528247,1,True,False,Conservative,t5_2qh6p,0,
[],,pm_me_ur_gaming_pc,,,"[{'e': 'text', 't': 'Shall Not Be Infringed'}]",,Shall Not Be Infringed,,richtext,t2_3vzxfm5o,False,False,[],winced when i read this,,1583526311,{},fjoest0,False,t3_fecu4m,False,True,t1_fjnlu5u,/r/Conservative/comments/fecu4m/the_democratic_primary_2020_colorized/fjoest0/,1583528241,0,True,False,Conservative,t5_2qh6p,0,
[],,SgtFraggleRock,,,"[{'e': 'text', 't': 'Sgt Conservative'}]",,Sgt Conservative,dark,richtext,t2_1ho7udul,False,False,[],"So she is a member of two shady sex obsessed cults, ISKON and the DNC?",,1583526311,{},fjoesst,False,t3_fecu4m,False,True,t1_fjo05l2,/r/Conservative/comments/fecu4m/the_democratic_primary_2020_colorized/fjoesst/,1583528241,1,True,False,Conservative,t5_2qh6p,0,
[],,Fab5Gaurdian,,,[],,,,text,t2_c4m2j53,False,False,[],My twenty something daughter has been told all they have to do is tax billionaires .03 cents per dollar made. I didn't even get into it with her because frankly I don't give a shit because Bernie is not going to win.,,1583526266,{},fjoepx8,False,t3_feia6j,False,True,t3_feia6j,/r/Conservative/comments/feia6j/im_from_the_uk_so_maybe_theres_something_that_im/fjoepx8/,1583528191,2,True,False,Conservative,t5_2qh6p,0,
[],,SgtFraggleRock,,,"[{'e': 'text', 't': 'Sgt Conservative'}]",,Sgt Conservative,dark,richtext,t2_1ho7udul,False,False,[],"If Bernie has a heart attack and Biden has a stroke, will she be declared the winner?",,1583526252,{},fjoep1l,False,t3_fecu4m,False,True,t1_fjnulaw,/r/Conservative/comments/fecu4m/the_democratic_primary_2020_colorized/fjoep1l/,1583528176,1,True,False,Conservative,t5_2qh6p,0,
[],,Kanan_R,,,"[{'e': 'text', 't': 'Conservative'}]",,Conservative,dark,richtext,t2_4d7a0dgd,False,False,[],About time,,1583526224,{},fjoen9m,False,t3_feidx4,False,True,t3_feidx4,/r/Conservative/comments/feidx4/trump_campaign_sues_cnn_over_false_and_defamatory/fjoen9m/,1583528145,2,True,False,Conservative,t5_2qh6p,0,
[],,BullTerrierTerror,,,[],,,,text,t2_cn1qsbd,False,False,[],"Family planning is good for our youngest members of society, especially when they are pressed into a patriarchy full of incestuous old men.

Pray me away holy man.",,1583526212,{},fjoemid,False,t3_fdcltg,False,True,t1_fjodxk8,/r/Conservative/comments/fdcltg/nbc_exit_poll_shows_sanders_with_most_support/fjoemid/,1583528131,1,True,False,Conservative,t5_2qh6p,0,
[],,new_redpill,,,[],,,,text,t2_15z2si,False,False,[],So you can't support the sitting POTUS?,,1583526206,{},fjoem3d,False,t3_feed5j,False,True,t3_feed5j,/r/Conservative/comments/feed5j/lets_see_how_it_ends_for_you_bojangles/fjoem3d/,1583528123,2,True,False,Conservative,t5_2qh6p,0,True
[],,its_stick,,,"[{'e': 'text', 't': 'TD Exile'}]",,TD Exile,dark,richtext,t2_3o07ynmz,False,False,[],guys calm down this sounds like it was a hoax done by a cuck-tomer (youre welcome),,1583526205,{},fjoem13,False,t3_feed5j,False,True,t3_feed5j,/r/Conservative/comments/feed5j/lets_see_how_it_ends_for_you_bojangles/fjoem13/,1583528122,1,True,False,Conservative,t5_2qh6p,0,
[],,j_sholmes,,,"[{'e': 'text', 't': 'Millennial Conservative'}]",,Millennial Conservative,dark,richtext,t2_ob9d2,False,False,[],I like Tulsi as a person,,1583526176,{},fjoek77,False,t3_feehge,False,True,t3_feehge,/r/Conservative/comments/feehge/america_isnt_sexist_the_female_democratic/fjoek77/,1583528091,1,True,False,Conservative,t5_2qh6p,0,
[],,BeefyBelisarius,,,"[{'e': 'text', 't': 'Marxism Delenda Est'}]",,Marxism Delenda Est,dark,richtext,t2_3qjn9gzc,False,False,[],"True, but I doubt that's enough leverage to effect any planks in the party platform.",,1583526152,{},fjoeips,False,t3_feh2sj,False,True,t1_fjodrrx,/r/Conservative/comments/feh2sj/the_irony_of_the_dnc/fjoeips/,1583528064,1,True,False,Conservative,t5_2qh6p,0,
[],,Largo1954,,,[],,,,text,t2_8juiipz,False,False,[],Is it any wonder why Americans don’t take news seriously anymore.,,1583526149,{},fjoeik5,False,t3_fej40j,False,True,t3_fej40j,/r/Conservative/comments/fej40j/watch_these_two_imbeciles_fail_firstgrade_math_on/fjoeik5/,1583528061,2,True,False,Conservative,t5_2qh6p,0,
[],,iluvfuckingfruitbats,,,"[{'e': 'text', 't': 'Christian Conservative'}]",,Christian Conservative,dark,richtext,t2_15bput,False,False,[],"&gt;. I like to believe Christians would be respectful of mine, as long as I am not being a fuckwit about it.

I certainly am. Back when I volunteered the rough equivalent of a full time job to my church my best and most dedicated help came from an agnostic gay couple. They weren't fuckwits about it and as a result nobody gave them grief, we were just happy for the help and they were pretty awesome people.",,1583526148,{},fjoeihg,False,t3_fdtmzb,False,True,t1_fjk85er,/r/Conservative/comments/fdtmzb/kentucky_high_school_scrubs_locker_room_bible/fjoeihg/,1583528060,1,True,False,Conservative,t5_2qh6p,0,
[],,0riginal_Poster,,,[],,,,text,t2_kwmgq,False,False,[],I get that. He's a terrible person who is corrupt and narcissistic but if it's in your best interest to vote for him then that's what you have to do. There are droves of closeted Trump supporters. Where I live you'd be resented for supporting him publicly.,,1583526133,{},fjoehko,False,t3_fecc9y,False,True,t1_fjo9lye,/r/Conservative/comments/fecc9y/ill_do_what_i_must/fjoehko/,1583528042,1,True,False,Conservative,t5_2qh6p,0,
[],,ComradeBernsGulag,,,[],,,,text,t2_5ss6lx62,False,False,[],Good now get “not sold” on the entirety of bernies ideas because they’re all equally stupid. Take a real look at what his policies would cost and what it would take to find them first of all,,1583526123,{},fjoegya,False,t3_fe6ttc,False,True,t1_fjmrvdv,/r/Conservative/comments/fe6ttc/what_a_deal/fjoegya/,1583528030,1,True,False,Conservative,t5_2qh6p,0,
[],,SgtFraggleRock,,,"[{'e': 'text', 't': 'Sgt Conservative'}]",,Sgt Conservative,dark,richtext,t2_1ho7udul,False,False,[],"In the UK, they arrest you and let the pedophile go free.

Ask Tommy Robinson.",,1583526111,{},fjoeg6l,False,t3_fef6e3,False,True,t1_fjo080x,/r/Conservative/comments/fef6e3/ice_blocked_from_deporting_mexican_immigrant/fjoeg6l/,1583528016,3,True,False,Conservative,t5_2qh6p,0,
[],,Bowlffalo_Soulja,,,[],,,,text,t2_l3vxf,False,False,[],"box combo with no slaw, extra toast, lg sweet tea for ya boy",,1583526108,{},fjoefzb,False,t3_feed5j,False,True,t1_fjnlfre,/r/Conservative/comments/feed5j/lets_see_how_it_ends_for_you_bojangles/fjoefzb/,1583528012,1,True,False,Conservative,t5_2qh6p,0,
[],,esgrove2,,,[],,,,text,t2_h4twbx,False,False,[],"""gatekeepers of sensibility"", and not only vulnerable to bribery, but incentivized to accept bribes for reelection. Lobbyists wouldn't work the same way on the masses. Special interest groups and corporate political contributors have completely ruined our political system. Our votes are worth less than their dollars, and we can't regulate them anymore because they have more sway with politicians than their constituents do.

We can't brag about being free and democratic, while also denying political agency to our people. 

We started with the representative system because it was unfeasible at the time to call a popular vote for so many people at once. But technology has eliminated those factors.

I'm from Vermont. We have town meetings. A truly democratic form of small government. They not only work just fine, but it makes citizens more active about politics. I've seen several important votes pass by just one ballot. I've seen a person give a speech in front of voters that actually swayed them to vote differently.",,1583526103,{},fjoefnu,False,t3_fecc9y,False,True,t1_fjo5nb0,/r/Conservative/comments/fecc9y/ill_do_what_i_must/fjoefnu/,1583528006,1,True,False,Conservative,t5_2qh6p,0,
[],,Jaqueso,,,"[{'e': 'text', 't': 'Liberty for All'}]",,Liberty for All,dark,richtext,t2_psw23,False,False,[],"If everyone suddenly received $1mil, it would be basically meaningless.

Seriously, did these people not see The Incredibles??",,1583526069,{},fjoedkn,False,t3_fej40j,False,True,t3_fej40j,/r/Conservative/comments/fej40j/watch_these_two_imbeciles_fail_firstgrade_math_on/fjoedkn/,1583527967,2,True,False,Conservative,t5_2qh6p,0,
[],,anarchyinyourhead,,,[],,,,text,t2_16p0r52r,False,False,[],"Wait, why aren't they sexist because Tulsi didn't win?",,1583526066,{},fjoeddi,False,t3_feehge,False,True,t3_feehge,/r/Conservative/comments/feehge/america_isnt_sexist_the_female_democratic/fjoeddi/,1583527964,1,True,False,Conservative,t5_2qh6p,0,
[],,spaghettipantz,,,[],,,,text,t2_2tdob6qf,False,False,[],Lol exactly dude,,1583526033,{},fjoebbr,False,t3_feed5j,False,True,t1_fjobgk8,/r/Conservative/comments/feed5j/lets_see_how_it_ends_for_you_bojangles/fjoebbr/,1583527927,1,True,False,Conservative,t5_2qh6p,0,
[],,TheBeaverDoctor,,,[],,,,text,t2_12mkbu,False,False,[],"Having kids bounce around in foster homes is less humane, I completely believe that. Horse with a broken leg? In most cases, you put them down because why? It's more humane to end something's life if it won't have the quality of life that it deserves. If it's not wanted, why force the person (who isn't you) to keep it? Edit: 2 words",,1583526025,{},fjoeasf,False,t3_fec506,False,True,t1_fjo76dq,/r/Conservative/comments/fec506/trump_moves_forward_with_cutting_off_funds_to/fjoeasf/,1583527918,-4,True,False,Conservative,t5_2qh6p,0,
[],,Green_Toe,,,[],,,,text,t2_kj8ot,False,False,[],What does the solar minimum have to do with any of this?,,1583526014,{},fjoea2a,False,t3_fehxvn,False,True,t1_fjo98m2,/r/Conservative/comments/fehxvn/teens_beat_up_15yearold_girl_and_steal_her_air/fjoea2a/,1583527906,2,True,False,Conservative,t5_2qh6p,0,
[],,Pitiful_Benefit,,,[],,,,text,t2_5s6ba1ve,False,False,[],"I agree, Sanders hijacked the party and it's weird that people shifted the window so his policies are now Dems mainstream politics. He only went as Dem instead of independent for the votes, which I can't knock, but at the same time I wish he made his own party just so people stop taking about the two party system negatively.",,1583526000,{},fjoe970,False,t3_fecc9y,False,True,t1_fjnwbsh,/r/Conservative/comments/fecc9y/ill_do_what_i_must/fjoe970/,1583527891,1,True,False,Conservative,t5_2qh6p,0,
[],,BeefyBelisarius,,,"[{'e': 'text', 't': 'Marxism Delenda Est'}]",,Marxism Delenda Est,dark,richtext,t2_3qjn9gzc,False,False,[],"And I'm not just talking about the mass deportations. Ike also set the precedent that when a state refuses to follow the law, sending in the Army to ensure compliance is a valid exception to Posse Comitatus.",,1583525956,{},fjoe6bc,False,t3_fef6e3,False,True,t1_fjodofu,/r/Conservative/comments/fef6e3/ice_blocked_from_deporting_mexican_immigrant/fjoe6bc/,1583527840,2,True,False,Conservative,t5_2qh6p,0,
[],,ak_boom,,,[],,,,text,t2_2h9v1mcy,False,False,[],Who cares just eat somewhere else. They have the right to refuse service,,1583525924,{},fjoe4az,False,t3_feed5j,False,True,t3_feed5j,/r/Conservative/comments/feed5j/lets_see_how_it_ends_for_you_bojangles/fjoe4az/,1583527805,0,True,False,Conservative,t5_2qh6p,0,
[],,cowabungass,,,[],,,,text,t2_31bgqp64,False,False,[],Didn’t Joe Walsh threaten Obama and get arrested but let off?,,1583525912,{},fjoe3j8,False,t3_fdyfhr,False,True,t3_fdyfhr,/r/Conservative/comments/fdyfhr/president_trump_should_not_let_schumer_off_the/fjoe3j8/,1583527792,1,True,False,Conservative,t5_2qh6p,0,
[],,[deleted],,,,,,dark,,,,,[],[removed],,1583525898,{},fjoe2ms,False,t3_feed5j,False,True,t3_feed5j,/r/Conservative/comments/feed5j/lets_see_how_it_ends_for_you_bojangles/fjoe2ms/,1583527775,1,True,False,Conservative,t5_2qh6p,0,
[],,glamazzod,,,[],,,,text,t2_3zb7t29x,False,False,[],As a sanders supporter this is so funny,,1583525895,{},fjoe2ev,False,t3_fecc9y,False,True,t3_fecc9y,/r/Conservative/comments/fecc9y/ill_do_what_i_must/fjoe2ev/,1583527772,1,True,False,Conservative,t5_2qh6p,0,
[],,erikthereddest,,,[],,,,text,t2_mhrfe,False,False,[],*Never* take stories like these at face value. Wait for details and apply critical thinking. Only then are you actually better than the overeactionary Left.,,1583525839,{},fjodywh,False,t3_feed5j,False,False,t3_feed5j,/r/Conservative/comments/feed5j/lets_see_how_it_ends_for_you_bojangles/fjodywh/,1583527711,4,True,False,Conservative,t5_2qh6p,0,
[],,tenshon,,,"[{'e': 'text', 't': 'Conservative Christian'}]",,Conservative Christian,dark,richtext,t2_9t4q6,False,False,[],You're on the side of destruction. And you enforce it through a sick and twisted agenda. It goes against humanity and everything good in the world.,,1583525817,{},fjodxk8,True,t3_fdcltg,False,True,t1_fjoc144,/r/Conservative/comments/fdcltg/nbc_exit_poll_shows_sanders_with_most_support/fjodxk8/,1583527689,1,True,False,Conservative,t5_2qh6p,0,
[],,[deleted],,,,,,dark,,,,,[],[removed],,1583525807,{},fjodwwz,False,t3_fefmtv,False,True,t3_fefmtv,/r/Conservative/comments/fefmtv/rep_tries_to_claim_racism_as_reason_he_was/fjodwwz/,1583527677,1,True,False,Conservative,t5_2qh6p,0,
[],,[deleted],,,,,,dark,,,,,[],[removed],,1583525803,{},fjodwlv,False,t3_fecc9y,False,True,t1_fjn9g18,/r/Conservative/comments/fecc9y/ill_do_what_i_must/fjodwlv/,1583527672,1,True,False,Conservative,t5_2qh6p,0,
[],,excellent_tobacco,,,[],,,,text,t2_2uet2qqa,False,False,[],"Well yes and no. Yes, they are fighting against discrimination. Unless they agree with that discrimination, then they actively fight for it. 

Selective discrimination.",,1583525803,{},fjodwl8,False,t3_feed5j,False,True,t1_fjnr9tb,/r/Conservative/comments/feed5j/lets_see_how_it_ends_for_you_bojangles/fjodwl8/,1583527672,1,True,False,Conservative,t5_2qh6p,0,
[],,[deleted],,,,,,dark,,,,,[],[deleted],,1583525801,{},fjodwgq,False,t3_fdyfhr,False,True,t1_fjnjf61,/r/Conservative/comments/fdyfhr/president_trump_should_not_let_schumer_off_the/fjodwgq/,1583527670,1,True,False,Conservative,t5_2qh6p,0,
[],,canoepaddler17,,,[],,,,text,t2_d39huvz,False,False,[],Employees should be given stock in the companies they work for. But it should be done voluntarily as it is a good business practice and to reward employee performance. The government and a union should have no part in it.,,1583525801,{},fjodwgp,False,t3_fecpvm,False,True,t3_fecpvm,/r/Conservative/comments/fecpvm/sanders_platform_requires_all_companies_with_more/fjodwgp/,1583527670,1,True,False,Conservative,t5_2qh6p,0,
[],,Nxcz4,,,[],,,,text,t2_5cbblpqt,False,False,[],She’s a globalist. No thank you.,,1583525788,{},fjodvmo,False,t3_feehge,False,True,t1_fjnrctr,/r/Conservative/comments/feehge/america_isnt_sexist_the_female_democratic/fjodvmo/,1583527655,1,True,False,Conservative,t5_2qh6p,0,
[],,goawayion,,,[],,,,text,t2_2dj8p3le,False,False,[],There's a small movement in Utah pushing this and a state rep proposed legislation last month I think to allow Utah senators to be recalled. Fingers crossed,,1583525781,{},fjodv71,False,t3_fedalp,False,True,t1_fjo9poh,/r/Conservative/comments/fedalp/mitt_romney_to_betray_republicans_again_hints_at/fjodv71/,1583527649,1,True,False,Conservative,t5_2qh6p,0,
[],,Jaqueso,,,"[{'e': 'text', 't': 'Liberty for All'}]",,Liberty for All,dark,richtext,t2_psw23,False,False,[],"Hey friend, everyone else’s answers are semi-correct, but let me offer an answer that I believe is more correct:

To Bernie and his supporters, the question of how to pay for it all is *irrelevant*. Of course in reality it’s not, but to them it doesn’t matter. Because they are voting based on their idea of moral principles. They believe that the *how* is completely meaningless compared to the *why*. They believe that their ideas are so morally righteous and pure that the thought of how to accomplish them never even registers on the mental scale.

They believe (wrongly) that free stuff is the *right thing to do*, so they press on with no real plan, because that’s what their idea of a good person would do.

Source: I have many well educated and intelligent Bernie supporting friends",,1583525776,{},fjoduws,False,t3_feia6j,False,True,t3_feia6j,/r/Conservative/comments/feia6j/im_from_the_uk_so_maybe_theres_something_that_im/fjoduws/,1583527644,0,True,False,Conservative,t5_2qh6p,0,
[],,[deleted],,,,,,dark,,,,,[],[removed],,1583525772,{},fjodumf,False,t3_fecc9y,False,True,t1_fjnjvm5,/r/Conservative/comments/fecc9y/ill_do_what_i_must/fjodumf/,1583527638,1,True,False,Conservative,t5_2qh6p,0,
[],,WestCoast_360,,,[],,,,text,t2_5hpo8tj3,False,False,[],"After wiping some white stuff from his chin, yes he did.",,1583525765,{},fjodu7x,True,t3_fej6h4,False,False,t1_fjod3w9,/r/Conservative/comments/fej6h4/nike_lawyer_recalls_alleged_blackmail_by_cnn/fjodu7x/,1583527630,3,True,False,Conservative,t5_2qh6p,0,
[],,[deleted],,,,,,dark,,,,,[],[deleted],,1583525743,{},fjodsqb,False,t3_fec506,False,True,t1_fjo651r,/r/Conservative/comments/fec506/trump_moves_forward_with_cutting_off_funds_to/fjodsqb/,1583527605,1,True,False,Conservative,t5_2qh6p,0,
[],,Doctor-Jan-Itor,,,"[{'e': 'text', 't': 'Ron Paul Conservative'}]",,Ron Paul Conservative,dark,richtext,t2_4y0h0h99,False,False,[],That one delegate has a voice at the convention too.,,1583525728,{},fjodrrx,False,t3_feh2sj,False,True,t1_fjodo46,/r/Conservative/comments/feh2sj/the_irony_of_the_dnc/fjodrrx/,1583527587,1,True,False,Conservative,t5_2qh6p,0,
[],,Dracon420,,,[],,,,text,t2_i1860,False,False,[],"""socialism has no place""


""what about these ones"" 

....

I'm confused how op being unspecific required me to be? I mentioned two pretty fucking common social programs that are currently in the USA. are you implying that some social progams are okay and some arent? then make that point and dont imply police or firefighters have no place in the USA just because ""socialism bad"".",,1583525713,{},fjodqtk,False,t3_fecc9y,False,True,t1_fjobna9,/r/Conservative/comments/fecc9y/ill_do_what_i_must/fjodqtk/,1583527572,1,True,False,Conservative,t5_2qh6p,0,
[],,grainsnotpains,,,[],,,,text,t2_37qjuop9,False,False,[],based,,1583525695,{},fjodpsd,False,t3_feed5j,False,True,t3_feed5j,/r/Conservative/comments/feed5j/lets_see_how_it_ends_for_you_bojangles/fjodpsd/,1583527554,1,True,False,Conservative,t5_2qh6p,0,
[],,[deleted],,,,,,dark,,,,,[],[removed],,1583525677,{},fjodoo7,False,t3_fecc9y,False,True,t3_fecc9y,/r/Conservative/comments/fecc9y/ill_do_what_i_must/fjodoo7/,1583527534,1,True,False,Conservative,t5_2qh6p,0,
