all_awardings,associated_award,author,author_flair_background_color,author_flair_css_class,author_flair_richtext,author_flair_template_id,author_flair_text,author_flair_text_color,author_flair_type,author_fullname,author_patreon_flair,author_premium,awarders,body,collapsed_because_crowd_control,created_utc,gildings,id,is_submitter,link_id,locked,no_follow,parent_id,permalink,retrieved_on,score,send_replies,stickied,subreddit,subreddit_id,total_awards_received
[],,from_gondolin,,,"[{'e': 'text', 't': 'Small Government'}]",,Small Government,dark,richtext,t2_6sdwv,False,False,[],"&gt;According to the information provided by the Government of Iraq in support of its extradition request, Ahmed served as the leader of a group of Al-Qaeda terrorists in Al-Fallujah, Iraq, which planned operations targeting Iraqi police.

And how is he here legally? Any background checks going on for immigrants from Iraq? More details needed.",,1580606637,{},fg81073,False,t3_exct5j,False,True,t3_exct5j,/r/Conservative/comments/exct5j/fugitive_wanted_by_iraq_for_murder_of_iraqi/fg81073/,1580606638,1,True,False,Conservative,t5_2qh6p,0
[],,Mr_L-2004,,,[],,,,text,t2_4r5nqxvr,False,False,[],"&gt;If there is one topic that was used massively by the left to attack the election, and then Bolsonaro's administration, it was definitely that it would increase the death of gays, trans and transvestites in the country. However, overturning all fallacies and false arguments, the new government showed just the opposite.  
&gt;  
&gt;The fact was confirmed with numbers from the murder map updated by the National Association of Transvestites and Transsexuals (Antra). Among the results, there is a sharp drop in trans and transvestite murders by 24.5% in 2019 compared to 2018.

&amp;#x200B;

&gt;According to the figures, in 2017, 179 deaths were identified, while in 2018, 163 cases were registered in the country. Last year, however, the drop was even greater, the number of murders plummeted to 123.  
&gt;  
&gt;With this fact, President Bolsonaro corroborates another promise made by him during the campaign, where the now mandatory assured that, during his term, he would seek alternatives to punish violence against any groups.  
&gt;  
&gt;The reduction in the number of murders was not restricted to trans and transvestites. In total, the drop in homicides was 22% in 2019. From the 30,000 registered in 2018 to 23,000 last year.  
&gt;  
&gt;After the repercussion of the numbers, Antra removed the 2019 murder map from the air, keeping only the 2017 and 2018 reports, in addition to the new 2020 map. However, the print below confirms the number of 123 deaths in the last year.

[News Note](https://pleno.news/brasil/politica-nacional/sob-bolsonaro-assassinatos-de-trans-e-travestis-reduzem-24.html)",,1580606622,{},fg80zg2,True,t3_exgbf6,False,True,t3_exgbf6,/r/Conservative/comments/exgbf6/a_leftist_argument_in_brazil_against_the/fg80zg2/,1580606624,1,True,False,Conservative,t5_2qh6p,0
[],,AnAlienAlias,,,[],,,,text,t2_3knmozdz,False,False,[],What on earth do these two things have to do with one another,,1580606595,{},fg80y4u,False,t3_exddpk,False,True,t3_exddpk,/r/Conservative/comments/exddpk/fox_refuses_to_approve_super_bowl_ad_for_abortion/fg80y4u/,1580606596,1,True,False,Conservative,t5_2qh6p,0
[],,ChewieWookie,,,[],,,,text,t2_kijrj,False,False,[],"Use tear gas and rubber bullets on these domestic terrorists.  These aren't protests, they're riots.",,1580606518,{},fg80uew,False,t3_exffy2,False,True,t3_exffy2,/r/Conservative/comments/exffy2/arrests_and_vandalism_during_f_the_police_protest/fg80uew/,1580606519,1,True,False,Conservative,t5_2qh6p,0
[],,waves-of-the-water,,,[],,,,text,t2_11wnqg,False,False,[],Anyone with a basic understanding of the EU wouldn’t say that Germany are the head of the EU.,,1580606496,{},fg80tep,False,t3_ewzdhx,False,True,t1_fg6g8pn,/r/Conservative/comments/ewzdhx/uk_officially_leaves_the_european_union/fg80tep/,1580606497,1,True,False,Conservative,t5_2qh6p,0
[],,EVG2666,,,"[{'e': 'text', 't': 'Conservative'}]",,Conservative,dark,richtext,t2_20w4ohq9,False,False,[],"FOR THEE

BUT NOT FOR ME",,1580606488,{},fg80t0j,False,t3_excfh3,False,True,t3_excfh3,/r/Conservative/comments/excfh3/hey_socialism/fg80t0j/,1580606488,1,True,False,Conservative,t5_2qh6p,0
[],,hermitcrab29,,,[],,,,text,t2_46i41dpd,False,False,[],"I wouldn't be surprised, the commies will start their silencing campaign",,1580606447,{},fg80r2d,True,t3_ex8nvw,False,True,t1_fg7ygdt,/r/Conservative/comments/ex8nvw/reddit_is_clearly_pissed_about_the_results_of/fg80r2d/,1580606448,1,True,False,Conservative,t5_2qh6p,0
[],,Mr_L-2004,,,[],,,,text,t2_4r5nqxvr,False,False,[],[Source](https://pleno.news/brasil/politica-nacional/sob-bolsonaro-assassinatos-de-trans-e-travestis-reduzem-24.html),,1580606431,{},fg80qa8,True,t3_exgbf6,False,True,t3_exgbf6,/r/Conservative/comments/exgbf6/a_leftist_argument_in_brazil_against_the/fg80qa8/,1580606433,1,True,False,Conservative,t5_2qh6p,0
[],,Androgynous-Rex,,,[],,,,text,t2_2u8g3zy4,False,False,[],"But there’s so many ways to say that without sounding like an asshole that doesn’t care about the concerns of the students paying to attend.  Like, ‘we’ll promise to make future buildings use electrical heat instead of gas so that clean energy can be used to power them’ or even better ‘while we can’t immediately stop using fossil fuels without risking the safety of our students, we’ll form a faculty-student board to research and implement strategies to reduce our dependence on fossil fuels over a realistic time period.’  When people protest, their demands are always more than what they’re willing to accept to make room for negotiating.  The professor could have negotiated like a normal person instead of making himself and the school look like ignorant jerk and likely losing money from prospective students.  What student wants to go to a university where their concerns are met with derision?  It’s bad PR regardless of politics.",,1580606414,{},fg80pih,False,t3_exa66n,False,True,t1_fg7zmxl,/r/Conservative/comments/exa66n/students_demanded_divestment_from_fossil_fuels_a/fg80pih/,1580606415,1,True,False,Conservative,t5_2qh6p,0
[],,[deleted],,,,,,dark,,,,,[],[removed],,1580606397,{},fg80or4,False,t3_ex9h0x,False,True,t1_fg7ugqk,/r/Conservative/comments/ex9h0x/why_democrats_keep_losing/fg80or4/,1580606399,1,True,False,Conservative,t5_2qh6p,0
[],,madamechowder,,,[],,,,text,t2_50tlvrfz,False,True,[],"Fox News is not owned by Disney. They are owned by Rupert Murdoch's Sons

It's it said. You have this guy who is a conservative Powerhouse who built a multibillion-dollar Empire from scratch. That started is just a news channel and then became the most popular News Channel and then became an Empire that included Sports Networks and movie studios and music producing Studios. He made it into the largest News Network and then created in Empiree

When the theoretically could have pushed conservative and even moderate things for years to come. Ella movie is to Centered for the far left? Don't worry Fox Studios will produce itt

But but then instead of handing the company off to a prodigy who shared his values he gave it to his far left Sons. Whose first order of business was to fire the most watch highest rated cable show guy on television. Bill O'Reilly

Then they proceeded to hire liberal anchors and guests like Donna brazile. And then they destroyed his Empire by selling 90% of it to Disney. The only part they kept was Fox News..",,1580606396,{},fg80onx,True,t3_exddpk,False,True,t1_fg7o8tn,/r/Conservative/comments/exddpk/fox_refuses_to_approve_super_bowl_ad_for_abortion/fg80onx/,1580606398,1,True,False,Conservative,t5_2qh6p,0
[],,yeahnolol6,,,[],,,,text,t2_4dg2isrp,False,False,[],How mature. Taking his ball and going home.,,1580606388,{},fg80oag,False,t3_excece,False,True,t3_excece,/r/Conservative/comments/excece/video_palestinians_cut_all_ties_with_israel_us/fg80oag/,1580606390,1,True,False,Conservative,t5_2qh6p,0
[],,rebelde_sin_causa,,,"[{'e': 'text', 't': 'from my cold dead hands'}]",,from my cold dead hands,dark,richtext,t2_odjr6,False,False,[],Seems like a pretty easy election year issue to run on,,1580606362,{},fg80n1j,False,t3_exextd,False,True,t3_exextd,/r/Conservative/comments/exextd/florida_considering_a_ban_on_sexchange_surgeries/fg80n1j/,1580606363,1,True,False,Conservative,t5_2qh6p,0
[],,flyingchimp12,,,[],,,,text,t2_xd19k,False,False,[],"Well, some genuinely try their best to do the right thing and some just want the money. I think it probably correlates with the ethics of other professions. I doubt doctors are disproportionately unethical compared to the general population. 

Maybe they are and I'm just clueless but I know some good doctors.",,1580606342,{},fg80m2b,False,t3_ex30dy,False,True,t1_fg6duby,/r/Conservative/comments/ex30dy/bill_to_ban_transgender_surgery_for_minors/fg80m2b/,1580606344,1,True,False,Conservative,t5_2qh6p,0
[],,[deleted],,,,,,dark,,,,,[],[removed],,1580606313,{},fg80kok,False,t3_exb4pu,False,True,t3_exb4pu,/r/Conservative/comments/exb4pu/adam_savage_of_mythbusters_seems_mildly_upset_at/fg80kok/,1580606314,1,True,False,Conservative,t5_2qh6p,0
[],,10111011110101,,,[],,,,text,t2_2ubpl7gd,False,False,[],I liked him until I found out who he really is. He is honestly a total fascist asshole.,,1580606305,{},fg80kdc,False,t3_exb4pu,False,True,t1_fg7dwye,/r/Conservative/comments/exb4pu/adam_savage_of_mythbusters_seems_mildly_upset_at/fg80kdc/,1580606307,1,True,False,Conservative,t5_2qh6p,0
[],,twistychcken,,,[],,,,text,t2_23hgwrvb,False,False,[],Plumbers get 30 an hour. What is he talking about. Here in Aus they get 45 aud,,1580606259,{},fg80i6k,False,t3_exdlv7,False,True,t3_exdlv7,/r/Conservative/comments/exdlv7/minimum_wage_gets_you_minimum_skills/fg80i6k/,1580606260,1,True,False,Conservative,t5_2qh6p,0
[],,[deleted],,,,,,dark,,,,,[],[removed],,1580606251,{},fg80hto,False,t3_ex9h0x,False,True,t1_fg7h31r,/r/Conservative/comments/ex9h0x/why_democrats_keep_losing/fg80hto/,1580606253,1,True,False,Conservative,t5_2qh6p,0
[],,[deleted],,,,,,dark,,,,,[],[removed],,1580606216,{},fg80g6n,False,t3_excmny,False,True,t1_fg7tr1e,/r/Conservative/comments/excmny/michael_moore_goes_berserk_on_dnc_why_are_they/fg80g6n/,1580606217,1,True,False,Conservative,t5_2qh6p,0
[],,scherrzando,,,[],,,,text,t2_2ffsua31,False,True,[],The EU has been the only thing keeping the UK's economy going. What has the EU done that can be viewed as the same level of tyranny as the British Empire?,,1580606187,{},fg80es3,False,t3_ewzdhx,False,True,t1_fg5gyyp,/r/Conservative/comments/ewzdhx/uk_officially_leaves_the_european_union/fg80es3/,1580606188,1,True,False,Conservative,t5_2qh6p,0
[],,molon-labe7,,,"[{'e': 'text', 't': 'Constitutional Conservative'}]",,Constitutional Conservative,dark,richtext,t2_12h0ijia,False,False,[],"Abortion Survivor = Someone who survived and abortion

This really isn't that hard, you just need to work on your reading comprehension",,1580606060,{},fg808r3,False,t3_exddpk,False,True,t1_fg7kttu,/r/Conservative/comments/exddpk/fox_refuses_to_approve_super_bowl_ad_for_abortion/fg808r3/,1580606061,1,True,False,Conservative,t5_2qh6p,0
[],,kingdorkus316,,,[],,,,text,t2_4dk6yxkv,False,False,[],And those fine young people will be back to school in no time.,,1580606035,{},fg807kr,False,t3_exffy2,False,True,t3_exffy2,/r/Conservative/comments/exffy2/arrests_and_vandalism_during_f_the_police_protest/fg807kr/,1580606037,1,True,False,Conservative,t5_2qh6p,0
[],,NinjaNerd99,,,"[{'e': 'text', 't': 'Traditionalist'}]",,Traditionalist,dark,richtext,t2_3q2if1nv,False,False,[],It’s a veiled threat.,,1580606019,{},fg806qm,False,t3_exb4pu,False,True,t1_fg7uvpe,/r/Conservative/comments/exb4pu/adam_savage_of_mythbusters_seems_mildly_upset_at/fg806qm/,1580606020,1,True,False,Conservative,t5_2qh6p,0
[],,[deleted],,,,,,dark,,,,,[],[removed],,1580606005,{},fg80626,False,t3_ex9h0x,False,True,t3_ex9h0x,/r/Conservative/comments/ex9h0x/why_democrats_keep_losing/fg80626/,1580606006,1,True,False,Conservative,t5_2qh6p,0
[],,[deleted],,,,,,dark,,,,,[],[removed],,1580606002,{},fg805xj,False,t3_ex9h0x,False,True,t3_ex9h0x,/r/Conservative/comments/ex9h0x/why_democrats_keep_losing/fg805xj/,1580606004,1,True,False,Conservative,t5_2qh6p,0
[],,[deleted],,,,,,dark,,,,,[],[removed],,1580605990,{},fg805ci,False,t3_ex30dy,False,True,t1_fg7t6vz,/r/Conservative/comments/ex30dy/bill_to_ban_transgender_surgery_for_minors/fg805ci/,1580605992,1,True,False,Conservative,t5_2qh6p,0
[],,TryingToLiveFinally,,,[],,,,text,t2_4nkso7eb,False,False,[],"I mean the fundamental flaw is that there would need to be parental consent for this since, assuming on the wording of your question, under 18. 

SRS is actually very rare to begin with. There were only 4.100 conducted in the US from 2000-2014. Creating additional laws where they are not needed is effective small government.",,1580605989,{},fg8059z,False,t3_exaqax,False,True,t1_fg7pd09,/r/Conservative/comments/exaqax/transitioning_kids_and_transition_to_get_out_of/fg8059z/,1580605990,1,True,False,Conservative,t5_2qh6p,0
[],,ScornHub69,,,[],,,,text,t2_4nldf7gg,False,False,[],Does he throw a blanket over the dead bodies?,,1580605969,{},fg804cy,False,t3_exg5tr,False,True,t3_exg5tr,/r/Conservative/comments/exg5tr/photo_shows_how_bernies_campaign_tries_to/fg804cy/,1580605970,1,True,False,Conservative,t5_2qh6p,0
[],,TotesMessenger,,,"[{'e': 'text', 't': 'Tattle Tail'}]",,Tattle Tail,dark,richtext,t2_kq14w,False,False,[],"I'm a bot, *bleep*, *bloop*. Someone has linked to this thread from another place on reddit:

- [/r/shitrconsays] [You heard it here first, folks! We don't need no stinking doctors any more, and certainly don't have a shortage that is worsening. Just call a plumber for that gaping wound.](https://www.reddit.com/r/Shitrconsays/comments/exg5qt/you_heard_it_here_first_folks_we_dont_need_no/)

&amp;nbsp;*^(If you follow any of the above links, please respect the rules of reddit and don't vote in the other threads.) ^\([Info](/r/TotesMessenger) ^/ ^[Contact](/message/compose?to=/r/TotesMessenger))*",,1580605966,{},fg8047w,False,t3_exdlv7,False,True,t3_exdlv7,/r/Conservative/comments/exdlv7/minimum_wage_gets_you_minimum_skills/fg8047w/,1580605967,1,True,False,Conservative,t5_2qh6p,0
[],,IRGeekSauce,,,[],,,,text,t2_ok6s7,False,False,[],"I don't even call myself a Conservative and that's exactly what turned me onto Trump. He was just.... ""real"" to me. I'm not afraid to say it. I'm sure he has his downfalls, but watching him spout off at other politicians is pure internet gold.",,1580605937,{},fg802th,False,t3_ex5qfw,False,True,t1_fg6z8xn,/r/Conservative/comments/ex5qfw/apparently_kamala_harris_didnt_get_the_memo_about/fg802th/,1580605938,1,True,False,Conservative,t5_2qh6p,0
[],,HIVnotAdeathSentence,,,[],,,,text,t2_j0th2fu,False,False,[],[The second time in just over a year she's had to apologize for her outbursts](https://www.cnn.com/2019/01/04/politics/rashida-tlaib-trump-impeachment-comments/index.html).,,1580605889,{},fg800jz,False,t3_exffxo,False,True,t3_exffxo,/r/Conservative/comments/exffxo/rashida_tlaib_you_know_im_really_sorry_i_booed/fg800jz/,1580605890,1,True,False,Conservative,t5_2qh6p,0
[],,SideTraKd,,,"[{'e': 'text', 't': 'Conservative'}]",,Conservative,dark,richtext,t2_ddpbr,False,False,[],"It's not just that he's an incumbent...  He's one of them.

He's their handpicked guy.

They're not going to dump him easily.",,1580605814,{},fg7zwy8,False,t3_ex6o9h,False,True,t1_fg7ykiz,/r/Conservative/comments/ex6o9h/sen_mitt_romney_rut/fg7zwy8/,1580605815,1,True,False,Conservative,t5_2qh6p,0
[],,[deleted],,,,,,dark,,,,,[],[removed],,1580605812,{},fg7zwua,False,t3_ex9h0x,False,True,t1_fg7znd8,/r/Conservative/comments/ex9h0x/why_democrats_keep_losing/fg7zwua/,1580605813,1,True,False,Conservative,t5_2qh6p,0
[],,Clackamas1,,,"[{'e': 'text', 't': '2A hunter'}]",,2A hunter,dark,richtext,t2_25xwp3ci,False,False,[],I got mine and F the rest of you. This soda freak can't be chosen.,,1580605775,{},fg7zv3n,False,t3_exfugc,False,True,t3_exfugc,/r/Conservative/comments/exfugc/bloomberg_proposes_tax_plan_with_5_trillion_in/fg7zv3n/,1580605776,1,True,False,Conservative,t5_2qh6p,0
[],,scowboy5161,,,[],,,,text,t2_59p0is5z,False,False,[],Literally every generation has said this since the Roman times. See quotes by Socrates and they sound exactly like her tweet. Y’all are acting as if she’s “enlightened” for figuring this millennia old argument,,1580605737,{},fg7zt94,False,t3_ews71u,False,True,t1_fg4kmp4,/r/Conservative/comments/ews71u/more_like_candance_ownens/fg7zt94/,1580605739,1,True,False,Conservative,t5_2qh6p,0
[],,Rabidraccoon76,,,"[{'e': 'text', 't': 'Rand Paul Conservative'}]",,Rand Paul Conservative,dark,richtext,t2_s6ei7,False,False,[],I’d put some money down that ol’ Mittens will vote yea.,,1580605731,{},fg7zsyv,False,t3_exdale,False,True,t1_fg7r9t4,/r/Conservative/comments/exdale/joe_lieberman_founding_fathers_would_have_wanted/fg7zsyv/,1580605732,1,True,False,Conservative,t5_2qh6p,0
[],,RedBaronsBrother,,,"[{'e': 'text', 't': 'Conservative'}]",,Conservative,dark,richtext,t2_2n5itl1r,False,False,[],[Not actually the case anymore.](https://dailycaller.com/2015/12/28/new-york-can-fine-you-250k-for-misgendering-somebody/),,1580605694,{},fg7zr49,False,t3_ex5i1k,False,True,t1_fg7srg8,/r/Conservative/comments/ex5i1k/nearly_200_people_have_had_their_guns_seized_in/fg7zr49/,1580605695,1,True,False,Conservative,t5_2qh6p,0
[],,DingbattheGreat,,,[],,,,text,t2_1bhhcv7x,False,False,[],"For a businessman, he’s really stupid.

For corporations and other business ventures everyone knows the consumer is the one who burdens the eventual cost of taxes.  If you don’t get it, look at your cell bill.  If it’s a mandate, they just pass it right to you.

And if you try to tax wealthy, that money will either go offshore, they will spend less, or they’ll move it somewhere he hasn’t taxed out, all which will have a negative impact on the economy.",,1580605680,{},fg7zqfn,False,t3_exfugc,False,True,t3_exfugc,/r/Conservative/comments/exfugc/bloomberg_proposes_tax_plan_with_5_trillion_in/fg7zqfn/,1580605681,1,True,False,Conservative,t5_2qh6p,0
[],,1newworldorder,,,"[{'e': 'text', 't': 'Hippie Conservative'}]",,Hippie Conservative,dark,richtext,t2_fqq3i,False,False,[],Did you have a stroke,,1580605617,{},fg7znd8,False,t3_ex9h0x,False,True,t1_fg6zel9,/r/Conservative/comments/ex9h0x/why_democrats_keep_losing/fg7znd8/,1580605618,1,True,False,Conservative,t5_2qh6p,0
[],,darkliz,,,[],,,,text,t2_6ap0x,False,False,[],"The point this professor is trying to make is that it’s easy to call for sweeping changes when you’re not immediately impacted. After all why is cutting the central heating such a big deal if, as you say, there’s other ways to provide heat?",,1580605608,{},fg7zmxl,False,t3_exa66n,False,True,t1_fg7vl5v,/r/Conservative/comments/exa66n/students_demanded_divestment_from_fossil_fuels_a/fg7zmxl/,1580605610,1,True,False,Conservative,t5_2qh6p,0
[],,[deleted],,,,,,dark,,,,,[],[removed],,1580605579,{},fg7zlj1,False,t3_ex57vm,False,True,t3_ex57vm,/r/Conservative/comments/ex57vm/love_this/fg7zlj1/,1580605580,1,True,False,Conservative,t5_2qh6p,0
[],,sampete1,,,[],,,,text,t2_kpvo1a2,False,False,[],"Taxes are based on income, not net worth. They were saying that Sanders and Amazon have negative net incomes, so they'd pay no federal income tax, even though they both have a high net worth.",,1580605561,{},fg7zkns,False,t3_excfh3,False,True,t1_fg7usmf,/r/Conservative/comments/excfh3/hey_socialism/fg7zkns/,1580605562,1,True,False,Conservative,t5_2qh6p,0
[],,jim351,,,[],,,,text,t2_3pdr7hj1,False,False,[],"Wealthy and businesses but who will that hurt the worst when the businesses get taxed they are gonna fire people and that is going to effect the working class the most. So how will that help anything, look at the jobs increase we are having who would be stupid enough to propose that plan or even better vote for the idiot proposing it. What do the Dems think is going to happen when they attack businesses again it's going to cost jobs and destroy the working class the wealthy won't feel a thing.",,1580605526,{},fg7ziyj,False,t3_exfugc,False,True,t3_exfugc,/r/Conservative/comments/exfugc/bloomberg_proposes_tax_plan_with_5_trillion_in/fg7ziyj/,1580605527,1,True,False,Conservative,t5_2qh6p,0
[],,[deleted],,,,,,dark,,,,,[],[removed],,1580605518,{},fg7zikq,False,t3_excfh3,False,True,t3_excfh3,/r/Conservative/comments/excfh3/hey_socialism/fg7zikq/,1580605520,1,True,False,Conservative,t5_2qh6p,0
[],,Xero03,,,[],,,,text,t2_kai118o,False,False,[],"worse part is, these guys been pushing open boarders and med for all and paying school debt.  Next time around none of this will come up and people will forget still voting in one of these socialist idiots.",,1580605465,{},fg7zg02,False,t3_exdsd8,False,True,t3_exdsd8,/r/Conservative/comments/exdsd8/pelosi_to_win_focus_on_mainstream_not_medicare/fg7zg02/,1580605466,1,True,False,Conservative,t5_2qh6p,0
[],,southernburn,,,[],,,,text,t2_5ajka22s,False,False,[],"Omg, so very true! When it's their own cash people sure do change their tune!",,1580605396,{},fg7zcsm,False,t3_excfh3,False,True,t1_fg7le55,/r/Conservative/comments/excfh3/hey_socialism/fg7zcsm/,1580605397,1,True,False,Conservative,t5_2qh6p,0
[],,[deleted],,,,,,dark,,,,,[],[removed],,1580605325,{},fg7z9j5,False,t3_ex9h0x,False,True,t3_ex9h0x,/r/Conservative/comments/ex9h0x/why_democrats_keep_losing/fg7z9j5/,1580605326,1,True,False,Conservative,t5_2qh6p,0
[],,SEND_ME_UR_SONGS,,,[],,,,text,t2_3o1o2zit,False,False,[],But instead of spending Trump just handed it back to billionaires instead.,,1580605316,{},fg7z959,False,t3_excfh3,False,True,t1_fg7hwty,/r/Conservative/comments/excfh3/hey_socialism/fg7z959/,1580605318,1,True,False,Conservative,t5_2qh6p,0
[],,[deleted],,,,,,dark,,,,,[],[removed],,1580605304,{},fg7z8jo,False,t3_ex57vm,False,True,t1_fg6ia55,/r/Conservative/comments/ex57vm/love_this/fg7z8jo/,1580605305,1,True,False,Conservative,t5_2qh6p,0
[],,[deleted],,,,,,dark,,,,,[],[removed],,1580605303,{},fg7z8ih,False,t3_ex9h0x,False,True,t1_fg7jcoo,/r/Conservative/comments/ex9h0x/why_democrats_keep_losing/fg7z8ih/,1580605305,1,True,False,Conservative,t5_2qh6p,0
[],,southernburn,,,[],,,,text,t2_5ajka22s,False,False,[],"Funny, and absolutely true! Regardless of the nursery rhyme !lol",,1580605259,{},fg7z6gk,False,t3_excfh3,False,True,t1_fg7yni2,/r/Conservative/comments/excfh3/hey_socialism/fg7z6gk/,1580605261,1,True,False,Conservative,t5_2qh6p,0
[],,MrDrPatrick2You,,,"[{'e': 'text', 't': '2A Christian'}]",,2A Christian,dark,richtext,t2_2uex5g22,False,False,[],No they said the cast of Dunkirk didn't have enough females and minorities. This isn't battlefield 5 this is history you twats.,,1580605247,{},fg7z5v1,False,t3_ex9tuk,False,True,t1_fg7qr4f,/r/Conservative/comments/ex9tuk/cnn_condemns_dday_soldiers_for_lack_of_diversity/fg7z5v1/,1580605249,1,True,False,Conservative,t5_2qh6p,0
[],,parrot157,,,[],,,,text,t2_gswyd,False,False,[],That's so precious.,,1580605231,{},fg7z54q,False,t3_ex5qfw,False,True,t3_ex5qfw,/r/Conservative/comments/ex5qfw/apparently_kamala_harris_didnt_get_the_memo_about/fg7z54q/,1580605233,1,True,False,Conservative,t5_2qh6p,0
[],,Kupp3y1,,,"[{'e': 'text', 't': 'Conservative'}]",,Conservative,dark,richtext,t2_1iirpp2t,False,False,[],Oh but he Isn’t disturbed that a rapist got out of prison because he identifies as a woman? That right there is very disturbing.,,1580605227,{},fg7z4ya,False,t3_exdmkp,False,True,t3_exdmkp,/r/Conservative/comments/exdmkp/dem_congressman_says_hes_disturbed_by_ice_arrest/fg7z4ya/,1580605230,1,True,False,Conservative,t5_2qh6p,0
[],,[deleted],,,,,,dark,,,,,[],[removed],,1580605186,{},fg7z2x2,False,t3_ex9h0x,False,True,t1_fg70oco,/r/Conservative/comments/ex9h0x/why_democrats_keep_losing/fg7z2x2/,1580605187,1,True,False,Conservative,t5_2qh6p,0
[],,southernburn,,,[],,,,text,t2_5ajka22s,False,False,[],Lol,,1580605178,{},fg7z2k9,False,t3_excfh3,False,True,t1_fg7xqtm,/r/Conservative/comments/excfh3/hey_socialism/fg7z2k9/,1580605180,1,True,False,Conservative,t5_2qh6p,0
[],,IBiteYou,,First Principles,"[{'e': 'text', 't': 'Yeah you know me!'}]",40288940-e075-11e9-aba8-0ebfd75a6918,Yeah you know me!,dark,richtext,t2_8is6t,False,True,[],"You know what I think Trump was really a reaction to, more than any Democrat?

We had 8 years of Bush and we wanted reduced spending.  Because we spend too much.  And it didn't happen.

Then Obama got in and hoooo boooooy did we spend.

And then we saw the Tea Party.  And it was about cutting the spending.  It was people saying, ""FFS taxes are too high and you spend too much and the government is too big!""

And there was success.  We gave them the House and then we gave them the Senate...and we had Ryan in there who was supposed to be think wunderkind budget wonk who was going to surgically remove the fat from the budget.

And it never materialized.  Instead the GOP seemed to cave on thing after thing, particularly the spending.

And so I think Trump was very much a vote to shake it up because both parties were acting stagnant and the American people were fed up with it.

What we really need is a resurgent tea party to put actual FISCAL conservatives in office who will begin to make the kinds of cuts that need to be made in order to get our fiscal house in order because while a healthy economy is good, the government spending is sinking the ship of state.

Saying, ""We're all democrats now"" because you are pissed that the Democrats' constant attempts to take out Trump have failed is 100% tone deaf in a time when Democrats are outing themselves as socialists.",,1580605152,{},fg7z1dk,False,t3_exel9t,False,True,t3_exel9t,/r/Conservative/comments/exel9t/we_are_all_democrats_now_says_neoconservative/fg7z1dk/,1580605153,1,True,False,Conservative,t5_2qh6p,0
[],,777AlexAK777,,,"[{'e': 'text', 't': 'Libertarian Conservative '}]",,Libertarian Conservative ,dark,richtext,t2_4g68ezw6,False,False,[],"wow, what a piece of shit, never gonna watch his program again.",,1580605142,{},fg7z0vm,False,t3_exb4pu,False,True,t3_exb4pu,/r/Conservative/comments/exb4pu/adam_savage_of_mythbusters_seems_mildly_upset_at/fg7z0vm/,1580605143,1,True,False,Conservative,t5_2qh6p,0
[],,TitsAndWhiskey,,,[],,,,text,t2_l69a5,False,False,[],"100% agree. Most of these kids have a host of underlying mental issues in addition to gender dysphoria, but all the therapists focus on is pushing them through the transgender meat grinder.

You want hormones and surgery? How about some common sense laws. 18 for hormones, 21 for surgery, and you have to pass a background check and mental health screening. And if someone raises a “red flag” about your mental fitness to make those decisions, that gets put on hold until a full investigation can be conducted.",,1580605141,{},fg7z0v6,False,t3_exaqax,False,True,t1_fg7s780,/r/Conservative/comments/exaqax/transitioning_kids_and_transition_to_get_out_of/fg7z0v6/,1580605143,1,True,False,Conservative,t5_2qh6p,0
[],,whathead07,,,[],,,,text,t2_208dsqf1,False,False,[],"What I do not understand is why so many people have fallen into the trap of ""Nazis/Fascists were all Right-Wing!"" Even some conservatives have fallen for this, but it's not true. Let's look at the creator of Fascism, Benito Mussolini. He was a socialist, one that supported war, and that led to him being kicked out of the party, so he made his own.

Let's also look at what the ""Nazi"" in Nazi Party stood for. It stood for ""National Socialist."" Most people are aware of this, yet many don't think it means much. Nazism is basically socialism mixed with nationalism. Socialism is left-wing, but most people associate Nazis with right-wing groups because *that is what they are taught in our schools.*

It's an example of how the left has essentially brainwashed much of the public.",,1580605138,{},fg7z0pb,False,t3_ex8nvw,False,True,t3_ex8nvw,/r/Conservative/comments/ex8nvw/reddit_is_clearly_pissed_about_the_results_of/fg7z0pb/,1580605140,1,True,False,Conservative,t5_2qh6p,0
[],,ultimis,,,"[{'e': 'text', 't': 'Constitutionalist'}]",,Constitutionalist,dark,richtext,t2_5xpfs,False,False,[],I don't think they could block him. Bernie could run as a Republican too. Freedom of association.,,1580605138,{},fg7z0nx,False,t3_ex8q5h,False,True,t1_fg71g1m,/r/Conservative/comments/ex8q5h/dnc_members_discuss_rules_change_to_stop_sanders/fg7z0nx/,1580605138,1,True,False,Conservative,t5_2qh6p,0
[],,RBold2,,,[],,,,text,t2_3ydj7yl7,False,False,[],She knows Hillary is coming,,1580605105,{},fg7yz63,False,t3_exffxo,False,True,t3_exffxo,/r/Conservative/comments/exffxo/rashida_tlaib_you_know_im_really_sorry_i_booed/fg7yz63/,1580605106,1,True,False,Conservative,t5_2qh6p,0
[],,Castaway77,,,"[{'e': 'text', 't': 'Shapiro Conservative'}]",,Shapiro Conservative,dark,richtext,t2_9z80u,False,False,[],"Let me ask you a simple question. 

The new deal in the 1930s.  Do you think they resemble modern day DNC plans on govt/welfare expansion and public sector growth, or GOP plans of welfare reduction and private sector growth?

The answer is really simple.  The parties never switched.  The DNC learned they couldn't control the black community with chains anymore, so they switched to financial chains with welfare and population control with planned Parenthood.   They've done a good job of conflating helping people with keeping them bound to their party through welfare.  It's gotten to the point where people on the left *actually* think they're helping anyone.  

The most impoverished people in the US don't need more welfare.  They need jobs.  Inner city ghettos don't need more welfare.  They need jobs.",,1580605102,{},fg7yyzv,False,t3_ex6h3y,False,True,t1_fg6yiau,/r/Conservative/comments/ex6h3y/impeachment_has_proved_the_democrats_are_no/fg7yyzv/,1580605103,1,True,False,Conservative,t5_2qh6p,0
[],,[deleted],,,,,,dark,,,,,[],[removed],,1580605092,{},fg7yyj2,False,t3_exbpb5,False,True,t3_exbpb5,/r/Conservative/comments/exbpb5/prolife_democrats_fed_up_with_partys_abortion/fg7yyj2/,1580605094,1,True,False,Conservative,t5_2qh6p,0
[],,DingbattheGreat,,,[],,,,text,t2_1bhhcv7x,False,False,[],Or it could be how he is remembered will be based on whatever spin the liberal professor will put on it when he writes the textbook.,,1580605083,{},fg7yy3y,False,t3_exffy9,False,True,t3_exffy9,/r/Conservative/comments/exffy9/sen_alexander_has_an_interesting_take_on/fg7yy3y/,1580605084,1,True,False,Conservative,t5_2qh6p,0
[],,T4R_v6,,,[],,,,text,t2_338zcqlc,False,False,[],I would love Dr. Michael Savage and him have debate.,,1580605036,{},fg7yvwf,False,t3_exb4pu,False,True,t3_exb4pu,/r/Conservative/comments/exb4pu/adam_savage_of_mythbusters_seems_mildly_upset_at/fg7yvwf/,1580605039,1,True,False,Conservative,t5_2qh6p,0
[],,spaghettipantz,,,[],,,,text,t2_2tdob6qf,False,True,[],Right?? But they won’t report about the warehouse full of supplies squandered most likely in order to smear D.T.,,1580605035,{},fg7yvvu,True,t3_exf9wq,False,True,t1_fg7xdj8,/r/Conservative/comments/exf9wq/im_watching_this_and_they_never_mention_them/fg7yvvu/,1580605038,1,True,False,Conservative,t5_2qh6p,0
[],,3-10,,,"[{'e': 'text', 't': 'Constitutional Paratrooper'}]",,Constitutional Paratrooper,dark,richtext,t2_12wezj9,False,False,[],You misspelled Marx.,,1580605022,{},fg7yv9q,False,t3_exb4pu,False,True,t1_fg7rv6t,/r/Conservative/comments/exb4pu/adam_savage_of_mythbusters_seems_mildly_upset_at/fg7yv9q/,1580605024,1,True,False,Conservative,t5_2qh6p,0
[],,3-10,,,"[{'e': 'text', 't': 'Constitutional Paratrooper'}]",,Constitutional Paratrooper,dark,richtext,t2_12wezj9,False,False,[],Wait till 2020 results in another L for him.,,1580604969,{},fg7yssf,False,t3_exb4pu,False,True,t1_fg7mifu,/r/Conservative/comments/exb4pu/adam_savage_of_mythbusters_seems_mildly_upset_at/fg7yssf/,1580604970,1,True,False,Conservative,t5_2qh6p,0
[],,Kupp3y1,,,"[{'e': 'text', 't': 'Conservative'}]",,Conservative,dark,richtext,t2_1iirpp2t,False,False,[],Population control baby.,,1580604919,{},fg7yqbp,False,t3_exdnfm,False,True,t1_fg7m5dw,/r/Conservative/comments/exdnfm/boston_university_professor_arrested_for/fg7yqbp/,1580604921,1,True,False,Conservative,t5_2qh6p,0
[],,The_Gurl_Among_You,,,"[{'e': 'text', 't': 'Blue Collar Conservative'}]",,Blue Collar Conservative,dark,richtext,t2_4uv0cmd5,False,False,[],[Lest we forget Schiff](https://i.kym-cdn.com/photos/images/newsfeed/001/406/013/6b5.jpg),,1580604893,{},fg7yp49,False,t3_ex8h4b,False,True,t1_fg6ridt,/r/Conservative/comments/ex8h4b/nadler_goes_nuclear_jerry_nadler_labels_trump_a/fg7yp49/,1580604894,1,True,False,Conservative,t5_2qh6p,0
[],,Kristoffer__1,,,[],,,,text,t2_jcvet,False,False,[],Why is improving a bad thing exactly?,,1580604876,{},fg7yoai,False,t3_ex57vm,False,True,t1_fg6ia55,/r/Conservative/comments/ex57vm/love_this/fg7yoai/,1580604877,1,True,False,Conservative,t5_2qh6p,0
[],,[deleted],,,,,,dark,,,,,[],[removed],,1580604868,{},fg7ynxn,False,t3_ex57vm,False,True,t3_ex57vm,/r/Conservative/comments/ex57vm/love_this/fg7ynxn/,1580604870,1,True,False,Conservative,t5_2qh6p,0
[],,slgsreds,,,[],,,,text,t2_bap0s,False,False,[],"Well if Bernie wins it’ll be Winner, Winner, no one is eating anything for dinner. Not as catchy though.",,1580604860,{},fg7yni2,False,t3_excfh3,False,True,t1_fg7ufjf,/r/Conservative/comments/excfh3/hey_socialism/fg7yni2/,1580604861,1,True,False,Conservative,t5_2qh6p,0
[],,[deleted],,,,,,dark,,,,,[],[removed],,1580604857,{},fg7yne5,False,t3_ex6o9h,False,True,t3_ex6o9h,/r/Conservative/comments/ex6o9h/sen_mitt_romney_rut/fg7yne5/,1580604859,1,True,False,Conservative,t5_2qh6p,0
[],,[deleted],,,,,,dark,,,,,[],[removed],,1580604853,{},fg7yn5y,False,t3_excfh3,False,True,t3_excfh3,/r/Conservative/comments/excfh3/hey_socialism/fg7yn5y/,1580604855,1,True,False,Conservative,t5_2qh6p,0
[],,Kupp3y1,,,"[{'e': 'text', 't': 'Conservative'}]",,Conservative,dark,richtext,t2_1iirpp2t,False,False,[],"They’re too stupid the know the difference between Nazi Germany and America, why would they know the difference here?",,1580604825,{},fg7ylv3,False,t3_ex8h4b,False,True,t1_fg72l82,/r/Conservative/comments/ex8h4b/nadler_goes_nuclear_jerry_nadler_labels_trump_a/fg7ylv3/,1580604826,1,True,False,Conservative,t5_2qh6p,0
[],,Stevo182,,,[],,,,text,t2_5imu7,False,False,[],"You can like to do something and be able to do it as a career for the money. You can also dislike someth ok ng and do it for the money. They arent mutually exclusive. When it comes to manual labor trades though such as carpentry, auto repair, plumbing, welding, etc are all mostly motivated by the pay. The jobs arent easy and take their physical and mental toll on the individual rapidly in comparison to other jobs. I went to college to be a music teacher because i liked music and it offered decent pay. When i graduated, all the band directors that were going to retire decided they couldnt afford to and my state was oversaturated with overqualified teachers. I was fortunate enough that my father is a mechanic and was able to train me how to fix cars. While i wouldnt trade what i do for most things in life, people who dont come from wealthy backgrounds (you know...the majority) tend to have their career options solely weighed against their wages/survival. Trades pay awesome in comparison to entry level/minimum wage jobs because they take years to master and other people arent willing to do it themselves, so you can be lucrative. 

When you raise the minimum wage, those jobs either have to increase their pay comparatively or lose their value as many individuals like me who otherwise couldnt find work would just settle for easier minimum wage jobs that require less hours, less stree, less concentration, etc. 

You know what, raise the minimum wage. But dont complain to me when your next oil change is 189.99 and your next brake job is 800 or $900.00.",,1580604814,{},fg7ylcw,False,t3_exdlv7,False,True,t1_fg7nc34,/r/Conservative/comments/exdlv7/minimum_wage_gets_you_minimum_skills/fg7ylcw/,1580604815,1,True,False,Conservative,t5_2qh6p,0
[],,CriticalEscapeBike,,,[],,,,text,t2_2smbojfe,False,False,[],"I thought the correct response was: ""All of it"".",,1580604809,{},fg7yl43,False,t3_exffxf,False,True,t3_exffxf,/r/Conservative/comments/exffxf/new_fec_filings_reveal_how_much_personal_cash/fg7yl43/,1580604810,1,True,False,Conservative,t5_2qh6p,0
[],,The_Gurl_Among_You,,,"[{'e': 'text', 't': 'Blue Collar Conservative'}]",,Blue Collar Conservative,dark,richtext,t2_4uv0cmd5,False,False,[],...only for those people to turn on him at a moment’s notice,,1580604798,{},fg7ykmb,False,t3_exbo0b,False,True,t1_fg7cp7s,/r/Conservative/comments/exbo0b/romney_wont_get_cpac_invite_after_siding_with/fg7ykmb/,1580604800,1,True,False,Conservative,t5_2qh6p,0
[],,excelsior2000,,,"[{'e': 'text', 't': 'Constitutional Conservative'}]",,Constitutional Conservative,dark,richtext,t2_4jim5c14,False,False,[],"It's true that incumbents are hard to get rid of, especially in a primary. Utah could kick them out if they cared enough, but that's not how it usually goes.

And Romney is the definition of the establishment.",,1580604796,{},fg7ykiz,False,t3_ex6o9h,False,True,t1_fg7g79t,/r/Conservative/comments/ex6o9h/sen_mitt_romney_rut/fg7ykiz/,1580604797,1,True,False,Conservative,t5_2qh6p,0
[],,Supa_Stu907,,,[],,,,text,t2_x9gj8,False,False,[],Lmao! Please. They get paid to make that shit up. Then it gets funneled back to DNC law firms. All originated from your’s and my tax dollars.,,1580604769,{},fg7yj6v,False,t3_ex64dn,False,True,t3_ex64dn,/r/Conservative/comments/ex64dn/rpoliticalhumor_casually_encouraging_collusion/fg7yj6v/,1580604770,1,True,False,Conservative,t5_2qh6p,0
[],,CriticalEscapeBike,,,[],,,,text,t2_2smbojfe,False,False,[],LOL....no filter even then :),,1580604745,{},fg7yi2j,False,t3_exbsfo,False,True,t3_exbsfo,/r/Conservative/comments/exbsfo/the_donald_roasting_larry_king_on_cnn_1989/fg7yi2j/,1580604746,1,True,False,Conservative,t5_2qh6p,0
[],,PaleoConned,,,[],,,,text,t2_3ybr9xcv,False,False,[],"&gt;fossil fuels

Okay d a r w i n i s t s . 

Your e v i l u t i o n has no place here.",,1580604737,{},fg7yhnw,False,t3_exa66n,False,True,t3_exa66n,/r/Conservative/comments/exa66n/students_demanded_divestment_from_fossil_fuels_a/fg7yhnw/,1580604738,1,True,False,Conservative,t5_2qh6p,0
[],,[deleted],,,,,,dark,,,,,[],[removed],,1580604731,{},fg7yhe8,False,t3_ex57vm,False,True,t1_fg6ia55,/r/Conservative/comments/ex57vm/love_this/fg7yhe8/,1580604733,1,True,False,Conservative,t5_2qh6p,0
[],,Kaseiopeia,,,[],,,,text,t2_4bcf7vo1,False,False,[],Just wait till this sub gets quarantined.,,1580604710,{},fg7ygdt,False,t3_ex8nvw,False,True,t3_ex8nvw,/r/Conservative/comments/ex8nvw/reddit_is_clearly_pissed_about_the_results_of/fg7ygdt/,1580604712,1,True,False,Conservative,t5_2qh6p,0
[],,Professional_Ninja7,,,"[{'e': 'text', 't': 'Conservative'}]",,Conservative,dark,richtext,t2_c6wji,False,False,[],"As much as I agree with you, these people are obviously on the fence and I think it would be best not to insult them. The way they'll see reason is by wanting to watch us, but it we only mock them then they'll never even look our way.",,1580604705,{},fg7yg4f,False,t3_exbpb5,False,True,t1_fg7cxps,/r/Conservative/comments/exbpb5/prolife_democrats_fed_up_with_partys_abortion/fg7yg4f/,1580604707,1,True,False,Conservative,t5_2qh6p,0
[],,humphreygrungus,,,[],,,,text,t2_53cj78m5,False,False,[],"......so Hillary Clinton won but you think Bloomberg can't? That's wild dude lol. The DNC is already forcing him into the debates, the writing is on the wall",,1580604685,{},fg7yf4u,False,t3_excip6,False,True,t1_fg7l5y0,/r/Conservative/comments/excip6/sad_hillary_clinton_concedes_after_senate_clears/fg7yf4u/,1580604687,1,True,False,Conservative,t5_2qh6p,0
[],,The_Gurl_Among_You,,,"[{'e': 'text', 't': 'Blue Collar Conservative'}]",,Blue Collar Conservative,dark,richtext,t2_4uv0cmd5,False,False,[],Woohoo!  They’re not out of the woods yet though,,1580604661,{},fg7ye01,False,t3_ewzdhx,False,True,t3_ewzdhx,/r/Conservative/comments/ewzdhx/uk_officially_leaves_the_european_union/fg7ye01/,1580604662,1,True,False,Conservative,t5_2qh6p,0
[],,ultimis,,,"[{'e': 'text', 't': 'Constitutionalist'}]",,Constitutionalist,dark,richtext,t2_5xpfs,False,False,[],"Considering the we don't know what is in it how would we be able to respond. We can only assume yes, as the Democrats are blocking the testimony.",,1580604626,{},fg7ycb6,False,t3_ex6khh,False,True,t1_fg6gjk2,/r/Conservative/comments/ex6khh/dont_forget_democrats_are_blocking_witness/fg7ycb6/,1580604628,1,True,False,Conservative,t5_2qh6p,0
[],,racsomv,,,[],,,,text,t2_1rjovvy6,False,False,[],"If you want me to elaborate, I will just say don't forget that republicans have their own issues. 
When OP says ""Dems are childish"" then you might tend to forget that. Other than that, then I don't know what to say. 

As goes the phrase, ""just saying"" 🤷‍♂️",,1580604621,{},fg7yc30,False,t3_ex5qfw,False,True,t1_fg7oy1h,/r/Conservative/comments/ex5qfw/apparently_kamala_harris_didnt_get_the_memo_about/fg7yc30/,1580604622,1,True,False,Conservative,t5_2qh6p,0
[],,CriticalEscapeBike,,,[],,,,text,t2_2smbojfe,False,False,[],"We have a ton of LNG that we burn off in the midwest...billions of dollars every year up in smoke (or smokeless)....because we don't have the facilities to ship it, freeze it or send it to the liquefying plants.

When we do (which the Dems seriously want to stop), we will be in control of nearly every dance card on the floor.",,1580604602,{},fg7yb5o,False,t3_exdodz,False,True,t3_exdodz,/r/Conservative/comments/exdodz/secy_pompeo_visits_belarus_offers_to_provide_100/fg7yb5o/,1580604603,1,True,False,Conservative,t5_2qh6p,0
[],,willydillydoo,,,"[{'e': 'text', 't': 'Small Government '}]",,Small Government ,dark,richtext,t2_qit1r,False,True,[],"You’re right. We just shouldn’t really pay attention to the racial makeup of our country because it’s not important. I don’t really care the race of the people living around me, and long as they’re good people.",,1580604549,{},fg7y8jn,False,t3_ex9h0x,False,True,t1_fg7ik18,/r/Conservative/comments/ex9h0x/why_democrats_keep_losing/fg7y8jn/,1580604550,1,True,False,Conservative,t5_2qh6p,0
[],,assturds,,,[],,,,text,t2_1442k5,False,False,[],"I wouldnt say that. In fact I would expect competition to keep prices down even if the cost of labor goes up. I agree that 15 dollar is too high, but I think we need to have the conversation for an evidence based minimum wage. Evidence being some sort of objective measure of an areas ""minimum living wage"" to tie a minimum wage too, which is reevaluated every so often to keep up with inflation. In some areas itd be lower, others itd be higher. If you have workers in an area, you have to pay them a reasonable wage",,1580604522,{},fg7y78x,False,t3_exdlv7,False,True,t1_fg7v6r4,/r/Conservative/comments/exdlv7/minimum_wage_gets_you_minimum_skills/fg7y78x/,1580604523,1,True,False,Conservative,t5_2qh6p,0
[],,DocRudy,,,[],,,,text,t2_2pecad22,False,False,[],Antifa needs to be dealt with with sever force.,,1580604507,{},fg7y6j2,False,t3_exffy2,False,True,t3_exffy2,/r/Conservative/comments/exffy2/arrests_and_vandalism_during_f_the_police_protest/fg7y6j2/,1580604507,1,True,False,Conservative,t5_2qh6p,0
[],,maga704,,,[],,,,text,t2_4ihr6q03,False,False,[],Good,,1580604492,{},fg7y5vc,False,t3_exextd,False,True,t3_exextd,/r/Conservative/comments/exextd/florida_considering_a_ban_on_sexchange_surgeries/fg7y5vc/,1580604494,1,True,False,Conservative,t5_2qh6p,0
[],,nooneuknow42,,,[],,,,text,t2_1uywhjcw,False,False,[],"Dude, if he was a dictator you would have been fired a long time ago.",,1580604482,{},fg7y5du,False,t3_ex8h4b,False,True,t3_ex8h4b,/r/Conservative/comments/ex8h4b/nadler_goes_nuclear_jerry_nadler_labels_trump_a/fg7y5du/,1580604483,1,True,False,Conservative,t5_2qh6p,0
[],,The_Gurl_Among_You,,,"[{'e': 'text', 't': 'Blue Collar Conservative'}]",,Blue Collar Conservative,dark,richtext,t2_4uv0cmd5,False,False,[],Exactly,,1580604473,{},fg7y4yh,False,t3_exdlv7,False,True,t1_fg7rir9,/r/Conservative/comments/exdlv7/minimum_wage_gets_you_minimum_skills/fg7y4yh/,1580604475,1,True,False,Conservative,t5_2qh6p,0
[],,willydillydoo,,,"[{'e': 'text', 't': 'Small Government '}]",,Small Government ,dark,richtext,t2_qit1r,False,True,[],Yes but to an extent. Your entire identity shouldn’t be your race/sexuality/etc. We’ve all met that gay person who seems to make the entire identity about how they’re gay.,,1580604463,{},fg7y4i3,False,t3_ex9h0x,False,True,t1_fg7ii6z,/r/Conservative/comments/ex9h0x/why_democrats_keep_losing/fg7y4i3/,1580604464,1,True,False,Conservative,t5_2qh6p,0
[],,Biteme178938281,,,"[{'e': 'text', 't': 'Conservative'}]",,Conservative,dark,richtext,t2_4qfob7u7,False,False,[],"Not only that, but the shooting was stopped by an off-duty police officer carrying his gun. I live in Utah and while it was a horrible mass shooting, a good guy with a gun stopped it.",,1580604400,{},fg7y1i9,True,t3_exfali,False,True,t1_fg7xdhf,/r/Conservative/comments/exfali/unbelievable_mike_bloombergs_super_bowl_ad/fg7y1i9/,1580604401,1,True,False,Conservative,t5_2qh6p,0
