all_awardings,associated_award,author,author_flair_background_color,author_flair_css_class,author_flair_richtext,author_flair_template_id,author_flair_text,author_flair_text_color,author_flair_type,author_fullname,author_patreon_flair,author_premium,awarders,body,collapsed_because_crowd_control,comment_type,created_utc,gildings,id,is_submitter,link_id,locked,no_follow,parent_id,permalink,retrieved_on,score,send_replies,stickied,subreddit,subreddit_id,top_awarded_type,total_awards_received,treatment_tags
[],,LetterFromEgypt,,,[],,,,text,t2_1fclpbfi,False,False,[],"I’m not really a part of America, and my vote is conservative. I’m just not blind enough to ignore the hypocrisy on both ends.",,,1619049597,{},gvdxxr7,False,t3_mufdmr,False,True,t1_gvdwup8,/r/Conservative/comments/mufdmr/former_vice_president_walter_mondale_dies_at_93/gvdxxr7/,1619067649,0,True,False,Conservative,t5_2qh6p,,0,[]
[],,Negative_Wedding2183,,,[],,,,text,t2_8zbk9omd,False,False,[],Too late asshole,,,1619049594,{},gvdxxjr,False,t3_mvpg75,False,True,t3_mvpg75,/r/Conservative/comments/mvpg75/lebron_james_nowdeleted_tweet_targets_officer_in/gvdxxjr/,1619067646,1,True,False,Conservative,t5_2qh6p,,0,[]
[],,baconwrappedreddit,,,[],,,,text,t2_u2bj0,False,False,[],So anything less than using live rounds is “standing down” to you?,,,1619049587,{},gvdxx1o,False,t3_mvrkkg,False,True,t1_gvdwphy,/r/Conservative/comments/mvrkkg/democrat_utopia_portland_cop_punched_and_knocked/gvdxx1o/,1619067639,0,True,False,Conservative,t5_2qh6p,,0,[]
[],,j0sephl,,,"[{'e': 'text', 't': 'Moderate Conservative'}]",,Moderate Conservative,dark,richtext,t2_hq63w,False,False,[],"I bet you half the blue checkmarks are not celebrities. I see posts with blue checks ""reactions"" I have no idea who they even are.",,,1619049579,{},gvdxwgh,False,t3_mvlxvu,False,True,t1_gvdosjk,/r/Conservative/comments/mvlxvu/idiots_on_twitter_believe_dead_eye_aim_mechanic/gvdxwgh/,1619067630,1,True,False,Conservative,t5_2qh6p,,0,[]
[],,SnatchingDefeat,,,[],,,,text,t2_4vycefjq,False,False,[],I know a ton of people who would get the vaccine if in return they could go maskless at work.,,,1619049566,{},gvdxvfn,False,t3_mvsjbs,False,False,t3_mvsjbs,/r/Conservative/comments/mvsjbs/rand_paul_if_you_want_more_people_vaccinated/gvdxvfn/,1619067615,10,True,False,Conservative,t5_2qh6p,,0,[]
[],,tronahate,,,[],,,,text,t2_2338gmp3,False,False,[],"Too raw, make it less obvious!",,,1619049563,{},gvdxva4,False,t3_mvr63d,False,True,t3_mvr63d,/r/Conservative/comments/mvr63d/lebron_were_at_the_point_where_a_girl_cant_even/gvdxva4/,1619067612,1,True,False,Conservative,t5_2qh6p,,0,[]
[],,coldcall42,,,[],,,,text,t2_11wois,False,False,[],"They opposing side doesn't want unity or tolerance, they want conformity to their ideas. If you don't, then you are an enemy.",,,1619049560,{},gvdxv0d,False,t3_mvo68x,False,True,t1_gvdm9hz,/r/Conservative/comments/mvo68x/ben_carson_we_will_destroy_ourselves_as_a_nation/gvdxv0d/,1619067608,-1,True,False,Conservative,t5_2qh6p,,0,[]
[],,Much-Vermicelli-343,,,[],,,,text,t2_75heec1k,False,False,[],"Statements like this make it so clear these people’s care for other cultures is merely surface level. He’s clearly never read a single thing in depth about any other nation’s history if he believes this.
Tamils v Sinhalese? Rwanda? Japanese colonial history? Chinese history? What a joke, it’s just white exceptionalism covered up as wokeness.",,,1619049559,{},gvdxuw9,False,t3_mveurn,False,True,t3_mveurn,/r/Conservative/comments/mveurn/attorney_general_merrick_garland_says_racism_is/gvdxuw9/,1619067608,1,True,False,Conservative,t5_2qh6p,,0,[]
[],,yada-yada-yoda,,,"[{'e': 'text', 't': 'Conservative'}]",,Conservative,dark,richtext,t2_1zlmsqok,False,False,[],Keep the signs up to let everyone know you aren’t responsible for voting in the idiot who currently resides in the White House.,,,1619049554,{},gvdxuja,False,t3_mvskfw,False,True,t3_mvskfw,/r/Conservative/comments/mvskfw/cancelledoh_well/gvdxuja/,1619067602,11,True,False,Conservative,t5_2qh6p,,0,[]
[],,[deleted],,,,,,dark,,,,,[],[removed],,,1619049540,{},gvdxtkf,False,t3_mvlxvu,False,True,t3_mvlxvu,/r/Conservative/comments/mvlxvu/idiots_on_twitter_believe_dead_eye_aim_mechanic/gvdxtkf/,1619067589,1,True,False,Conservative,t5_2qh6p,,0,[]
[],,stumpytoes,,,"[{'e': 'text', 't': 'Conservative '}]",,Conservative ,dark,richtext,t2_4ec08rf8,False,False,[],Is that not a threat to kill? Should he not be charged with threatening to kill a police officer?,,,1619049540,{},gvdxtic,False,t3_mvpg75,False,True,t3_mvpg75,/r/Conservative/comments/mvpg75/lebron_james_nowdeleted_tweet_targets_officer_in/gvdxtic/,1619067588,1,True,False,Conservative,t5_2qh6p,,0,[]
[],,[deleted],,,,,,dark,,,,,[],[removed],,,1619049531,{},gvdxsvy,False,t3_mv0r3d,False,True,t1_gvab9et,/r/Conservative/comments/mv0r3d/derek_chauvin_trial_verdict_exminneapolis_police/gvdxsvy/,1619067579,1,True,False,Conservative,t5_2qh6p,,0,[]
[],,LetterFromEgypt,,,[],,,,text,t2_1fclpbfi,False,False,[],Educate myself on what? How the government is using chemicals to turn frogs gay? Alex Jones is full of bs.,,,1619049531,{},gvdxsvo,False,t3_mvqk62,False,True,t1_gvdwlgc,/r/Conservative/comments/mvqk62/biden_asks_employers_to_give_employees_days_off/gvdxsvo/,1619067579,1,True,False,Conservative,t5_2qh6p,,0,[]
[],,[deleted],,,,,,dark,,,,,[],[removed],,,1619049528,{},gvdxspx,False,t3_mvlxvu,False,True,t3_mvlxvu,/r/Conservative/comments/mvlxvu/idiots_on_twitter_believe_dead_eye_aim_mechanic/gvdxspx/,1619067576,1,True,False,Conservative,t5_2qh6p,,0,[]
[],,RadioactiveShack,,,[],,,,text,t2_6hlc8jex,False,False,[],"To quote trumpeters from 2016 ""Get over it"".",,,1619049525,{},gvdxsj5,False,t3_mvskfw,False,True,t3_mvskfw,/r/Conservative/comments/mvskfw/cancelledoh_well/gvdxsj5/,1619067574,-14,True,False,Conservative,t5_2qh6p,,0,[]
[],,boneimplosion,,,[],,,,text,t2_lhp22qn,False,False,[],"The three twitter responses posted here appear to be from women. Effeminate doesn't seem like quite the right word lol.

What do you say to criticisms that pepper spray or a taser would have been a better use of force for the situation? Assuming the cop had the clarity of mind to choose the best response, is it a gun, in your mind?",,,1619049524,{},gvdxsf1,False,t3_mvlxvu,False,True,t1_gvcsdi7,/r/Conservative/comments/mvlxvu/idiots_on_twitter_believe_dead_eye_aim_mechanic/gvdxsf1/,1619067572,2,True,False,Conservative,t5_2qh6p,,0,[]
[],,[deleted],,,,,,dark,,,,,[],[removed],,,1619049523,{},gvdxsec,False,t3_mvkm0b,False,True,t1_gvdmsdg,/r/Conservative/comments/mvkm0b/the_columbus_police_shooting_shows_why_family/gvdxsec/,1619067572,1,True,False,Conservative,t5_2qh6p,,0,[]
[],,[deleted],,,,,,dark,,,,,[],[removed],,,1619049521,{},gvdxs79,False,t3_mvr63d,False,True,t3_mvr63d,/r/Conservative/comments/mvr63d/lebron_were_at_the_point_where_a_girl_cant_even/gvdxs79/,1619067569,1,True,False,Conservative,t5_2qh6p,,0,[]
[],,DeanMalHanNJackIsms,,,"[{'e': 'text', 't': 'Conservative Christian'}]",,Conservative Christian,dark,richtext,t2_3hi15l5a,False,False,[],"I actually talked to a few people with varying opinions on this and some asked if I thought he was guilt. ""No, but that doesn't matter. He will be sacrificed to satiate the mobs.""",,,1619049511,{},gvdxrjz,False,t3_mvrchw,False,False,t1_gvdumex,/r/Conservative/comments/mvrchw/the_mob_won_chauvin_found_guilty/gvdxrjz/,1619067559,5,True,False,Conservative,t5_2qh6p,,0,[]
[],,tronahate,,,[],,,,text,t2_2338gmp3,False,False,[],Unite with rtrds? Cecession asap,,,1619049511,{},gvdxrie,False,t3_mvo68x,False,True,t3_mvo68x,/r/Conservative/comments/mvo68x/ben_carson_we_will_destroy_ourselves_as_a_nation/gvdxrie/,1619067558,-3,True,False,Conservative,t5_2qh6p,,0,[]
[],,chii0628,,,"[{'e': 'text', 't': 'Constitutional Conservative'}]",,Constitutional Conservative,dark,richtext,t2_6xa88,False,False,[],"damn straight.   

The ones that are good enough have the rules drilled into their heads",,,1619049505,{},gvdxr2f,False,t3_mvlxvu,False,False,t1_gvdqhxe,/r/Conservative/comments/mvlxvu/idiots_on_twitter_believe_dead_eye_aim_mechanic/gvdxr2f/,1619067553,10,True,False,Conservative,t5_2qh6p,,0,[]
[],,[deleted],,,,,,dark,,,,,[],[removed],,,1619049502,{},gvdxqvd,False,t3_mvljxj,False,True,t1_gvdp8gn,/r/Conservative/comments/mvljxj/happening_now_arizona_gov_declares_state_of/gvdxqvd/,1619067550,4,True,False,Conservative,t5_2qh6p,,0,[]
[],,baconwrappedreddit,,,[],,,,text,t2_u2bj0,False,False,[],What you’re suggesting is *less* violent than what the police used last summer and even that that didn’t stop them. It actually drew more people to the protests/riots.,,,1619049500,{},gvdxqqu,False,t3_mvrkkg,False,True,t1_gvdx7d6,/r/Conservative/comments/mvrkkg/democrat_utopia_portland_cop_punched_and_knocked/gvdxqqu/,1619067548,-4,True,False,Conservative,t5_2qh6p,,0,[]
[],,LE0TARD0,,,[],,,,text,t2_4wc97gsi,False,False,[],these globalists hate the u.s and are doing nothing but accelerating the wealth transfer to countries like china...,,,1619049497,{},gvdxqgy,False,t3_mvs3oo,False,False,t3_mvs3oo,/r/Conservative/comments/mvs3oo/great_reset_john_kerry_55_or_60_per_cent_of/gvdxqgy/,1619067544,8,True,False,Conservative,t5_2qh6p,,0,[]
[],,DufferDan,,,"[{'e': 'text', 't': 'Conservative'}]",,Conservative,dark,richtext,t2_jdemy,False,False,[],I thought we were already living it!!,,,1619049497,{},gvdxqgo,False,t3_mug1jj,False,True,t1_gv5qix0,/r/Conservative/comments/mug1jj/liz_peek_bidens_weak_poll_numbers_heres_why_many/gvdxqgo/,1619067544,1,True,False,Conservative,t5_2qh6p,,0,[]
[],,[deleted],,,,,,dark,,,,,[],[removed],,,1619049489,{},gvdxpw4,False,t3_mvddbq,False,True,t1_gvdvvb6,/r/Conservative/comments/mvddbq/blexit_chattanooga_blexit_is_back/gvdxpw4/,1619067537,1,True,False,Conservative,t5_2qh6p,,0,[]
[],,blizzardice,,Conservative,"[{'e': 'text', 't': 'Conservative'}]",421b644c-8b38-11e1-bc5f-12313d18ad57,Conservative,dark,richtext,t2_4a91d,False,False,[],"It is. Always go for center mass.

Edit: I thought you were a leftist gun control idiot. I just realized you are saying it is dumb to shoot the leg. Sorry. Reflexes.",,,1619049489,{},gvdxpw0,False,t3_mvlxvu,False,True,t1_gvdvoz1,/r/Conservative/comments/mvlxvu/idiots_on_twitter_believe_dead_eye_aim_mechanic/gvdxpw0/,1619067537,1,True,False,Conservative,t5_2qh6p,,0,[]
[],,LetterFromEgypt,,,[],,,,text,t2_1fclpbfi,False,False,[],I think it’s just a regular vaccine.,,,1619049489,{},gvdxpur,False,t3_mvqk62,False,True,t1_gvdxbza,/r/Conservative/comments/mvqk62/biden_asks_employers_to_give_employees_days_off/gvdxpur/,1619067537,2,True,False,Conservative,t5_2qh6p,,0,[]
[],,sweaty_ken,,Conservative,"[{'e': 'text', 't': 'Classical Liberal'}]",421b644c-8b38-11e1-bc5f-12313d18ad57,Classical Liberal,dark,richtext,t2_10k9bt,False,False,[],Weird. Maybe it got a bunch of downvotes from brigaders at first.,,,1619049485,{},gvdxplq,False,t3_mvr63d,False,False,t1_gvdxbbp,/r/Conservative/comments/mvr63d/lebron_were_at_the_point_where_a_girl_cant_even/gvdxplq/,1619067533,7,True,False,Conservative,t5_2qh6p,,0,[]
[],,[deleted],,,,,,dark,,,,,[],[removed],,,1619049482,{},gvdxpc6,False,t3_mvlxvu,False,True,t1_gvdtgts,/r/Conservative/comments/mvlxvu/idiots_on_twitter_believe_dead_eye_aim_mechanic/gvdxpc6/,1619067529,1,True,False,Conservative,t5_2qh6p,,0,[]
[],,[deleted],,,,,,dark,,,,,[],[removed],,,1619049480,{},gvdxp7i,False,t3_mvirl6,False,True,t1_gvd1gyv,/r/Conservative/comments/mvirl6/dershowitz_predicts_derek_chauvins_conviction/gvdxp7i/,1619067528,1,True,False,Conservative,t5_2qh6p,,0,[]
[],,Ant0n61,,,[],,,,text,t2_1kfu0b75,False,False,[],Lol,,,1619049480,{},gvdxp6h,False,t3_mvsjd3,False,False,t1_gvdxatt,/r/Conservative/comments/mvsjd3/quick_and_tough_putin_warns_west_against_crossing/gvdxp6h/,1619067528,-6,True,False,Conservative,t5_2qh6p,,0,[]
[],,[deleted],,,,,,dark,,,,,[],[removed],,,1619049479,{},gvdxp53,False,t3_mvlxvu,False,True,t3_mvlxvu,/r/Conservative/comments/mvlxvu/idiots_on_twitter_believe_dead_eye_aim_mechanic/gvdxp53/,1619067527,1,True,False,Conservative,t5_2qh6p,,0,[]
[],,_Catatronic,,,[],,,,text,t2_5ug2hzqg,False,False,[],"Nope, that’s not it. 

Redlining would be an example of systemic racism.",,,1619049473,{},gvdxooi,False,t3_mvo68x,False,True,t1_gvdqrgk,/r/Conservative/comments/mvo68x/ben_carson_we_will_destroy_ourselves_as_a_nation/gvdxooi/,1619067520,2,True,False,Conservative,t5_2qh6p,,0,[]
[],,[deleted],,,,,,dark,,,,,[],[removed],,,1619049468,{},gvdxob8,False,t3_mveygk,False,True,t1_gvdvpn2,/r/Conservative/comments/mveygk/its_different/gvdxob8/,1619067516,1,True,False,Conservative,t5_2qh6p,,0,[]
[],,Gohron,,,[],,,,text,t2_46hn73qd,False,False,[],"Shooting at limbs isn’t a very safe thing to do in most situations, especially when you’ve got jumpy cops firing handguns with poor range.  

Cops should probably not just roll up to a situation and start shooting; you’d think they might learn after regular riots over their actions over the last decade.  Surprised so many people on this sub who talk about small government are ok with paramilitary government thugs going around executing people and throwing them into prison at world leading rates. Doesn’t seem to be doing anything for crime rates.  Hell, in my city, a simple traffic stop means several cops, sometimes with guns drawn, over a registration that’s run a few days over.  They don’t do shit about people being assaulted, junkies leaving their used needles everywhere, and folks getting their cars and homes broken into but they sure will be hot and heavy to arrest folks for having a joint in the car.  Despite the moderate crime rates, people around here are way more fearful of the cops than they are of criminals.",,,1619049467,{},gvdxo7t,False,t3_mvlxvu,False,True,t3_mvlxvu,/r/Conservative/comments/mvlxvu/idiots_on_twitter_believe_dead_eye_aim_mechanic/gvdxo7t/,1619067514,0,True,False,Conservative,t5_2qh6p,,0,[]
[],,Ant0n61,,,[],,,,text,t2_1kfu0b75,False,False,[],Europe talks a lot. That’s for sure.,,,1619049465,{},gvdxo2s,False,t3_mvrm32,False,True,t1_gvdx0rw,/r/Conservative/comments/mvrm32/russian_invasion_of_ukraine_is_imminent_warns/gvdxo2s/,1619067512,1,True,False,Conservative,t5_2qh6p,,0,[]
[],,Whatstheplanpill,,,[],,,,text,t2_12oqcq,False,False,[],I just moved to Florida specifically because of all the people voting stupidly in NY.,,,1619049459,{},gvdxnme,False,t3_mvh712,False,True,t3_mvh712,/r/Conservative/comments/mvh712/florida_sheriff_warns_new_residents_not_to_vote/gvdxnme/,1619067506,1,True,False,Conservative,t5_2qh6p,,0,[]
"[{'award_sub_type': 'GLOBAL', 'award_type': 'global', 'awardings_required_to_grant_benefits': None, 'coin_price': 80, 'coin_reward': 0, 'count': 1, 'days_of_drip_extension': 0, 'days_of_premium': 0, 'description': 'Everything is better with a good hug', 'end_date': None, 'giver_coin_reward': 0, 'icon_format': 'PNG', 'icon_height': 2048, 'icon_url': 'https://i.redd.it/award_images/t5_q0gj4/ks45ij6w05f61_oldHugz.png', 'icon_width': 2048, 'id': 'award_8352bdff-3e03-4189-8a08-82501dd8f835', 'is_enabled': True, 'is_new': False, 'name': 'Hugz', 'penny_donate': 0, 'penny_price': 0, 'resized_icons': [{'height': 16, 'url': 'https://preview.redd.it/award_images/t5_q0gj4/ks45ij6w05f61_oldHugz.png?width=16&amp;height=16&amp;auto=webp&amp;s=73a23bf7f08b633508dedf457f2704c522b94a04', 'width': 16}, {'height': 32, 'url': 'https://preview.redd.it/award_images/t5_q0gj4/ks45ij6w05f61_oldHugz.png?width=32&amp;height=32&amp;auto=webp&amp;s=50f2f16e71d2929e3d7275060af3ad6b851dbfb1', 'width': 32}, {'height': 48, 'url': 'https://preview.redd.it/award_images/t5_q0gj4/ks45ij6w05f61_oldHugz.png?width=48&amp;height=48&amp;auto=webp&amp;s=ca487311563425e195699a4d7e4c57a98cbfde8b', 'width': 48}, {'height': 64, 'url': 'https://preview.redd.it/award_images/t5_q0gj4/ks45ij6w05f61_oldHugz.png?width=64&amp;height=64&amp;auto=webp&amp;s=7b4eedcffb1c09a826e7837532c52979760f1d2b', 'width': 64}, {'height': 128, 'url': 'https://preview.redd.it/award_images/t5_q0gj4/ks45ij6w05f61_oldHugz.png?width=128&amp;height=128&amp;auto=webp&amp;s=e4d5ab237eb71a9f02bb3bf9ad5ee43741918d6c', 'width': 128}], 'resized_static_icons': [{'height': 16, 'url': 'https://preview.redd.it/award_images/t5_q0gj4/fpm0r5ryq1361_PolarHugs.png?width=16&amp;height=16&amp;auto=webp&amp;s=69997ace3ef4ffc099b81d774c2c8f1530602875', 'width': 16}, {'height': 32, 'url': 'https://preview.redd.it/award_images/t5_q0gj4/fpm0r5ryq1361_PolarHugs.png?width=32&amp;height=32&amp;auto=webp&amp;s=e9519d1999ef9dce5c8a9f59369cb92f52d95319', 'width': 32}, {'height': 48, 'url': 'https://preview.redd.it/award_images/t5_q0gj4/fpm0r5ryq1361_PolarHugs.png?width=48&amp;height=48&amp;auto=webp&amp;s=f076c6434fb2d2f9075991810fd845c40fa73fc6', 'width': 48}, {'height': 64, 'url': 'https://preview.redd.it/award_images/t5_q0gj4/fpm0r5ryq1361_PolarHugs.png?width=64&amp;height=64&amp;auto=webp&amp;s=85527145e0c4b754306a30df29e584fd16187636', 'width': 64}, {'height': 128, 'url': 'https://preview.redd.it/award_images/t5_q0gj4/fpm0r5ryq1361_PolarHugs.png?width=128&amp;height=128&amp;auto=webp&amp;s=b8843cdf82c3b741d7af057c14076dcd2621e811', 'width': 128}], 'start_date': None, 'static_icon_height': 2048, 'static_icon_url': 'https://i.redd.it/award_images/t5_q0gj4/fpm0r5ryq1361_PolarHugs.png', 'static_icon_width': 2048, 'subreddit_coin_reward': 0, 'subreddit_id': None, 'tiers_by_required_awardings': None}]",,SnorkelHouse,,,"[{'e': 'text', 't': 'Conservative'}]",,Conservative,dark,richtext,t2_7tsaojqn,False,False,[],"Well george floyd died of covid 19.
But sounds like you democrats really love to excuse murder

https://wtop.com/dc/2021/04/plea-bargain-in-the-works-for-teen-girls-charged-in-uber-drivers-killing/

No wonder black on black crime keeps happening",,,1619049458,{},gvdxnjs,False,t3_mvql1m,False,True,t1_gvdpnel,/r/Conservative/comments/mvql1m/rep_jim_jordan_blasts_democrat_hypocrisy_if_youre/gvdxnjs/,1619067505,-3,True,False,Conservative,t5_2qh6p,,1,[]
[],,cosmicmangobear,,,[],,,,text,t2_5vx4zcoe,False,True,[],"""Shakespeare was, like, totally a white supremacist and misogynist colonizer bigot. So problematic."" 

- Joseph Stalin",,,1619049451,{},gvdxn1q,False,t3_mvsld4,False,True,t3_mvsld4,/r/Conservative/comments/mvsld4/how_stalin_canceled_hamlet_in_the_soviet_unionand/gvdxn1q/,1619067498,2,True,False,Conservative,t5_2qh6p,,0,[]
[],,j0sephl,,,"[{'e': 'text', 't': 'Moderate Conservative'}]",,Moderate Conservative,dark,richtext,t2_hq63w,False,False,[],I really want someone to simulate that for some people. Like of those popular buzzfeed videos of people driving impaired on a closed course. Let's make people who think they have the solutions be a cop for a day and throw them different situations. Here you think you can hit someone's hand as they are running at you full speed with a knife here is a paint ball gun give it a go. Then film the whole thing.,,,1619049443,{},gvdxmja,False,t3_mvlxvu,False,False,t1_gvdpcsv,/r/Conservative/comments/mvlxvu/idiots_on_twitter_believe_dead_eye_aim_mechanic/gvdxmja/,1619067490,21,True,False,Conservative,t5_2qh6p,,0,[]
[],,jeckleson,,,[],,,,text,t2_3js5rt80,False,False,[],Nothing really...its just another great opportunity to mock him for being a complete douchebag cross dresser. We don't ask for much here.,,,1619049431,{},gvdxllz,False,t3_mvqc9f,False,False,t1_gvdok1t,/r/Conservative/comments/mvqc9f/youre_next_lebron_james_sends_message_to_officer/gvdxllz/,1619067478,12,True,False,Conservative,t5_2qh6p,,0,[]
[],,[deleted],,,,,,dark,,,,,[],[removed],,,1619049429,{},gvdxlh8,False,t3_mvirl6,False,True,t1_gvc4mfl,/r/Conservative/comments/mvirl6/dershowitz_predicts_derek_chauvins_conviction/gvdxlh8/,1619067477,1,True,False,Conservative,t5_2qh6p,,0,[]
[],,[deleted],,,,,,dark,,,,,[],[removed],,,1619049424,{},gvdxl44,False,t3_mv3v9y,False,True,t1_gv9vyu2,/r/Conservative/comments/mv3v9y/derek_chauvin_didnt_get_american_justice_he_got/gvdxl44/,1619067471,1,True,False,Conservative,t5_2qh6p,,0,[]
[],,[deleted],,,,,,dark,,,,,[],[removed],,,1619049415,{},gvdxkh7,False,t3_mvrawy,False,True,t1_gvdsn0k,/r/Conservative/comments/mvrawy/lebron_james_tweets_then_deletes_call_for/gvdxkh7/,1619067463,1,True,False,Conservative,t5_2qh6p,,0,[]
[],,meshflesh40,,,[],,,,text,t2_5i9wycv,False,False,[],Lebron does not speak for the collective of black people.,,,1619049414,{},gvdxkfp,False,t3_mvqc9f,False,False,t3_mvqc9f,/r/Conservative/comments/mvqc9f/youre_next_lebron_james_sends_message_to_officer/gvdxkfp/,1619067462,3,True,False,Conservative,t5_2qh6p,,0,[]
[],,[deleted],,,,,,dark,,,,,[],[removed],,,1619049404,{},gvdxjnw,False,t3_mvrw0m,False,True,t3_mvrw0m,/r/Conservative/comments/mvrw0m/new_york_blm_protesters_heckle_taqueria_diners/gvdxjnw/,1619067452,1,True,False,Conservative,t5_2qh6p,,0,[]
[],,[deleted],,,,,,dark,,,,,[],[removed],,,1619049400,{},gvdxjf8,False,t3_mvlxvu,False,True,t1_gvdw6tq,/r/Conservative/comments/mvlxvu/idiots_on_twitter_believe_dead_eye_aim_mechanic/gvdxjf8/,1619067448,1,True,False,Conservative,t5_2qh6p,,0,[]
[],,Leylinus,,,[],,,,text,t2_ws029,False,False,[],"The military part? Look up the new extremism training, lots of articles about it were posted here.",,,1619049400,{},gvdxje0,False,t3_mvo68x,False,False,t1_gvdxc0c,/r/Conservative/comments/mvo68x/ben_carson_we_will_destroy_ourselves_as_a_nation/gvdxje0/,1619067447,10,True,False,Conservative,t5_2qh6p,,0,[]
[],,Ant0n61,,,[],,,,text,t2_1kfu0b75,False,False,[],it wasn’t nato. It was MAD,,,1619049397,{},gvdxj6a,False,t3_mvrafu,False,True,t1_gvdwnrg,/r/Conservative/comments/mvrafu/japan_prepares_to_join_anglospheres_five_eyes/gvdxj6a/,1619067445,2,True,False,Conservative,t5_2qh6p,,0,[]
[],,Sunshinesummer2021,,,"[{'e': 'text', 't': 'Florida Conservative'}]",,Florida Conservative,dark,richtext,t2_a3eio91c,False,False,[],She probably actually does,,,1619049393,{},gvdxits,False,t3_mvi6gf,False,True,t3_mvi6gf,/r/Conservative/comments/mvi6gf/pelosi_thanks_millions_of_babies_for_sacrificing/gvdxits/,1619067440,0,True,False,Conservative,t5_2qh6p,,0,[]
[],,Rnc88,,,"[{'e': 'text', 't': '2A'}]",,2A,dark,richtext,t2_1lqv07ir,False,True,[],"Do y'all remember that scene in animal House? You know the one, where Kevin Bacon is being hazed by Neidermeyer...",,,1619049388,{},gvdxiie,False,t3_mvs6bh,False,True,t3_mvs6bh,/r/Conservative/comments/mvs6bh/the_nra_reveals_their_multipronged_approach_to/gvdxiie/,1619067436,2,True,False,Conservative,t5_2qh6p,,0,[]
[],,Historical_Owl8008,,Conservative,"[{'e': 'text', 't': '2A'}]",421b644c-8b38-11e1-bc5f-12313d18ad57,2A,dark,richtext,t2_67sqxomr,False,False,[],sounds pretty racist dawg,,,1619049385,{},gvdxi8q,False,t3_mvqc9f,False,False,t1_gvdlh4z,/r/Conservative/comments/mvqc9f/youre_next_lebron_james_sends_message_to_officer/gvdxi8q/,1619067432,-42,True,False,Conservative,t5_2qh6p,,0,[]
[],,egieasemota,,,"[{'e': 'text', 't': 'Conservative'}]",,Conservative,dark,richtext,t2_28n4m5ek,False,False,[]," In light of the recent Ma'Kiyah Bryant situation, why do cops keep responding to calls in areas where they actively want them defunded even when they do good and will be slandered? This trail and actions by these politicians and mobs will enshrine more racism in America than you can imagine and the idiots happy about this will live to regret this. I for one am glad I am not living in the cities as a black man.",,,1619049381,{},gvdxhxx,False,t3_mvpj2l,False,True,t3_mvpj2l,/r/Conservative/comments/mvpj2l/and_this_is_why_jordan_will_always_be_better/gvdxhxx/,1619067428,1,True,False,Conservative,t5_2qh6p,,0,[]
[],,Rowdy_Tardigrade,,,"[{'e': 'text', 't': 'Conservative'}]",,Conservative,dark,richtext,t2_4hlpmtct,False,False,[],"The amazing part is that democrats and verified checkmarks on twitter are actually arguing that 'kids should be allowed to have knife fights'.

This kind of stupidity is usually found on movies like 'Walk Hard' or 'Hot Shots'. You know, parody movies.",,,1619049378,{},gvdxhq9,False,t3_mvr63d,False,False,t3_mvr63d,/r/Conservative/comments/mvr63d/lebron_were_at_the_point_where_a_girl_cant_even/gvdxhq9/,1619067425,907,True,False,Conservative,t5_2qh6p,,0,[]
[],,AlarmingMissile,,,[],,,,text,t2_8eyshlv5,False,False,[],Now to my understanding none of these people have been in this situation. I’d like to see them accurately shoot a limb in a matter of seconds. Sad these people think this way.,,,1619049375,{},gvdxhj3,False,t3_mvlxvu,False,True,t3_mvlxvu,/r/Conservative/comments/mvlxvu/idiots_on_twitter_believe_dead_eye_aim_mechanic/gvdxhj3/,1619067422,0,True,False,Conservative,t5_2qh6p,,0,[]
[],,No_Fault_3716,,,[],,,,text,t2_95kcl25a,False,False,[],Duh. Biden is racist and President Trump wasn't.,,,1619049370,{},gvdxh6z,False,t3_mvsqv7,False,False,t3_mvsqv7,/r/Conservative/comments/mvsqv7/blm_says_black_communities_are_being_terrorized/gvdxh6z/,1619067418,58,True,False,Conservative,t5_2qh6p,,0,[]
[],,jasonbourn_na,,,[],,,,text,t2_dva66,False,False,[],Because hes dead and come back to life like goku.,,,1619049370,{},gvdxh6n,False,t3_mvjdv1,False,True,t1_gvcb3gj,/r/Conservative/comments/mvjdv1/biden_admin_declares_support_for_dc_statehood/gvdxh6n/,1619067418,1,True,False,Conservative,t5_2qh6p,,0,[]
[],,[deleted],,,,,,dark,,,,,[],[removed],,,1619049367,{},gvdxgxc,False,t3_mvinka,False,True,t1_gvcqu7e,/r/Conservative/comments/mvinka/candace_owens_chauvin_verdict_is_mob_rule_trial/gvdxgxc/,1619067414,1,True,False,Conservative,t5_2qh6p,,0,[]
[],,BirdLaw51,,,"[{'e': 'text', 't': 'Law and Order'}]",,Law and Order,dark,richtext,t2_s2xmwci,False,False,[],"Suppose a suspect shot somebody but they lived.  In many jurisdictions, that is an aggravated assault.  One, because a gun was used.  And two, for causing a significant injury.  The state chooses to follow your advice, and just goes forward with the significant injury allegation. 

But at trial, it turns out that medical experts come in and say ""well, it's really not that bad of an injury"".  And the defense wins.  The jury absolutley agreed that a gun was used, and that he shot the victim, but thought there was some doubt on the severity of the injury.  

The defendant escapes with a conviction for ordinary assault...even tho he shot someone.  All because the state didnt go forward with the first option on top of the other one. 

There are other reasons to do this too.  Some crimes are per domestic violence, others have mandatory sentencing provisions and so you want those in there (like anger management classes, or dui classes).  

Maybe it's a DUI, and you can choose to say he was impaired, or choose to say he was over a 0.25 BAC.  But the science fucked up, and they say they had doubt on the BAC...even tho the guy was clearly impaired.  

And then of course, you might have a criminal scumbag that just committed a hundred different crimes.",,,1619049362,{},gvdxglb,False,t3_mv0izm,False,True,t1_gvarv5c,/r/Conservative/comments/mv0izm/breaking_derek_chauvin_guilty_on_all_3_counts_in/gvdxglb/,1619067409,1,True,False,Conservative,t5_2qh6p,,0,[]
[],,1000_Years_Of_Reddit,,,[],,,,text,t2_5ubqsfar,False,False,[],"Nonsense. If the girl getting stabbed was killed, they'd blame the police for not stopping the stabber.",,,1619049362,{},gvdxgks,False,t3_mvmi2d,False,False,t1_gvd9zg9,/r/Conservative/comments/mvmi2d/democrats_condemn_makhia_bryant_shooting_despite/gvdxgks/,1619067408,6,True,False,Conservative,t5_2qh6p,,0,[]
[],,ca17miledrive,,,"[{'e': 'text', 't': 'West Coast Conservative'}]",,West Coast Conservative,dark,richtext,t2_5pjxfj06,False,False,[],"Plus Lebron ""Politician"" James  tweeting out to the officer involved in this shooting: ""You're next."" Then deleting it. Threatening a LEO now, James? Stick to getting that ball to swish. You're a moron living with concrete walls and security detail.",,,1619049354,{},gvdxg0d,False,t3_mvhbv4,False,False,t1_gvdez4a,/r/Conservative/comments/mvhbv4/makhia_bryant_body_cam_video_shows_active/gvdxg0d/,1619067400,4,True,False,Conservative,t5_2qh6p,,0,[]
[],,[deleted],,,,,,dark,,,,,[],[removed],,,1619049349,{},gvdxfo3,False,t3_mvmsnp,False,True,t1_gvdibnz,/r/Conservative/comments/mvmsnp/bodycam_footage_reveals_unarmed_victim_of_police/gvdxfo3/,1619067395,1,True,False,Conservative,t5_2qh6p,,0,[]
[],,SedatedApe61,,,"[{'e': 'text', 't': '2A, Gay, Conservative'}]",,"2A, Gay, Conservative",dark,richtext,t2_46xf018r,False,False,[],I find it best to stick my Trump sign 1/2 inch in my side from my Biden drooling neighbor. No seriously. He drools just like Joe does. It's uncanny.,,,1619049345,{},gvdxfcy,False,t3_mvskfw,False,True,t1_gvdwk84,/r/Conservative/comments/mvskfw/cancelledoh_well/gvdxfcy/,1619067390,6,True,False,Conservative,t5_2qh6p,,0,[]
[],,EmigrantConch92,,,[],,,,text,t2_4ti3vnyh,False,False,[],"Even if you are a trained police officer, it is extremely difficult to hit a small, and narrow moving target. They aren’t Wild West legends.",,,1619049337,{},gvdxer4,False,t3_mvlxvu,False,True,t3_mvlxvu,/r/Conservative/comments/mvlxvu/idiots_on_twitter_believe_dead_eye_aim_mechanic/gvdxer4/,1619067382,0,True,False,Conservative,t5_2qh6p,,0,[]
[],,Historical_Owl8008,,Conservative,"[{'e': 'text', 't': '2A'}]",421b644c-8b38-11e1-bc5f-12313d18ad57,2A,dark,richtext,t2_67sqxomr,False,False,[],lol you obv don't watch the NBA anyways,,,1619049334,{},gvdxej5,False,t3_mvqc9f,False,True,t1_gvdm7ve,/r/Conservative/comments/mvqc9f/youre_next_lebron_james_sends_message_to_officer/gvdxej5/,1619067379,-23,True,False,Conservative,t5_2qh6p,,0,[]
[],,poltergeist007,,,"[{'e': 'text', 't': 'privileged white male'}]",,privileged white male,dark,richtext,t2_15w3t4,False,False,[],"NO CREDIT FOR PARTIAL ANSWERS, MAGGOT!",,,1619049330,{},gvdxe9b,False,t3_mvlxvu,False,False,t1_gvddxri,/r/Conservative/comments/mvlxvu/idiots_on_twitter_believe_dead_eye_aim_mechanic/gvdxe9b/,1619067376,2,True,False,Conservative,t5_2qh6p,,0,[]
[],,Started_WIth_NADA,,,"[{'e': 'text', 't': '2A Everyday'}]",,2A Everyday,dark,richtext,t2_a36jwphb,False,False,[],Was this comment after one or two bottles of vodka?,,,1619049322,{},gvdxdmp,False,t3_mve6kv,False,True,t3_mve6kv,/r/Conservative/comments/mve6kv/democrat_nancy_pelosi_ignites_firestorm_by/gvdxdmp/,1619067367,2,True,False,Conservative,t5_2qh6p,,0,[]
[],,byes111,,,"[{'e': 'text', 't': 'Texas Conservative'}]",,Texas Conservative,dark,richtext,t2_1wwz897h,False,False,[],They did its despicable.,,,1619049320,{},gvdxdi3,False,t3_mvot3d,False,False,t1_gvdubgz,/r/Conservative/comments/mvot3d/some_media_outlets_and_senators_sure_were_eager/gvdxdi3/,1619067365,4,True,False,Conservative,t5_2qh6p,,0,[]
[],,bitlingr,,,"[{'e': 'text', 't': 'Capitalist Lieutenant'}]",,Capitalist Lieutenant,dark,richtext,t2_13ffo6,False,False,[],Sorry. I had to downvote this. Simply because criminals would probably have more of a reason to kill since they have nothing to loose.,,,1619049310,{},gvdxcqr,False,t3_mvjmiv,False,True,t1_gvd0q8q,/r/Conservative/comments/mvjmiv/derek_chauvin_segregated_from_other_inmates_for/gvdxcqr/,1619067354,2,True,False,Conservative,t5_2qh6p,,0,[]
[],,ZoltanCobalt,,,"[{'e': 'text', 't': 'MAGA'}]",,MAGA,dark,richtext,t2_kdg2yz7,False,False,[],"OK....so now does racism = homelessness........or does homelessness = racism? Or maybe the judge thinks all homeless are racist.

This is sooooo confusing.",,,1619049308,{},gvdxcl2,False,t3_mvp27b,False,True,t3_mvp27b,/r/Conservative/comments/mvp27b/judge_orders_la_to_offer_housing_to_homeless/gvdxcl2/,1619067352,2,True,False,Conservative,t5_2qh6p,,0,[]
[],,[deleted],,,,,,dark,,,,,[],[removed],,,1619049302,{},gvdxc5z,False,t3_mvinka,False,True,t1_gvcklr1,/r/Conservative/comments/mvinka/candace_owens_chauvin_verdict_is_mob_rule_trial/gvdxc5z/,1619067347,1,True,False,Conservative,t5_2qh6p,,0,[]
[],,wootthehuman,,,[],,,,text,t2_i4te8fl,False,False,[],Lol WHAT!?,,,1619049300,{},gvdxc0c,False,t3_mvo68x,False,False,t1_gvdwobj,/r/Conservative/comments/mvo68x/ben_carson_we_will_destroy_ourselves_as_a_nation/gvdxc0c/,1619067344,16,True,False,Conservative,t5_2qh6p,,0,[]
[],,DeepFriedOprah,,,[],,,,text,t2_ipigo,False,False,[],There’s no racism on the right. Obviously. Lmao,,,1619049299,{},gvdxbzy,False,t3_mvi9pf,False,True,t1_gvdkwtk,/r/Conservative/comments/mvi9pf/poll_africanamericans_are_abandoning_the_democrat/gvdxbzy/,1619067344,2,True,False,Conservative,t5_2qh6p,,0,[]
[],,ReallySmallSpider,,,[],,,,text,t2_133u8n,False,False,[],What do you think it is?,,,1619049299,{},gvdxbza,False,t3_mvqk62,False,True,t1_gvdw9c0,/r/Conservative/comments/mvqk62/biden_asks_employers_to_give_employees_days_off/gvdxbza/,1619067344,1,True,False,Conservative,t5_2qh6p,,0,[]
[],,based-shit-poster,,Conservative,"[{'e': 'text', 't': 'Conservative'}]",421b644c-8b38-11e1-bc5f-12313d18ad57,Conservative,dark,richtext,t2_6n7owskw,False,False,[],"I couldn’t see it either, it was the only comment minimized in this thread.",,,1619049289,{},gvdxbbp,False,t3_mvr63d,False,False,t1_gvdwjm3,/r/Conservative/comments/mvr63d/lebron_were_at_the_point_where_a_girl_cant_even/gvdxbbp/,1619067335,17,True,False,Conservative,t5_2qh6p,,0,[]
[],,[deleted],,,,,,dark,,,,,[],[removed],,,1619049287,{},gvdxb5f,False,t3_mvkm0b,False,True,t1_gvd0rc3,/r/Conservative/comments/mvkm0b/the_columbus_police_shooting_shows_why_family/gvdxb5f/,1619067333,1,True,False,Conservative,t5_2qh6p,,0,[]
[],,cosmicmangobear,,,[],,,,text,t2_5vx4zcoe,False,True,[],He's also a corrupt oligarch who has no regard for democracy or human rights. Comparing US and Russia is a false equivalence. Trump never had his political opposition poisoned and jailed.,,,1619049282,{},gvdxatt,False,t3_mvsjd3,False,False,t1_gvdx011,/r/Conservative/comments/mvsjd3/quick_and_tough_putin_warns_west_against_crossing/gvdxatt/,1619067328,9,True,False,Conservative,t5_2qh6p,,0,[]
[],,monjorob,,,[],,,,text,t2_37a3p,False,False,[],How so?,,,1619049278,{},gvdxahl,False,t3_mv506q,False,True,t1_gvdkrzl,/r/Conservative/comments/mv506q/biden_blasted_for_politicizing_floyd_verdict_as/gvdxahl/,1619067323,1,True,False,Conservative,t5_2qh6p,,0,[]
[],,dogtowner4life,,,[],,,,text,t2_26fv7qd1,False,False,[],"Where do you live? In Utah I havent seen 9mm, 22lr or .45acp in months",,,1619049274,{},gvdxa90,False,t3_mvlxvu,False,True,t1_gvd1nk2,/r/Conservative/comments/mvlxvu/idiots_on_twitter_believe_dead_eye_aim_mechanic/gvdxa90/,1619067320,2,True,False,Conservative,t5_2qh6p,,0,[]
[],,WhatAreYouSaying05,,,"[{'e': 'text', 't': 'Gen X Conservative'}]",,Gen X Conservative,dark,richtext,t2_78126dd3,False,False,[],Dems: Thank you for your sacrifice as we proceed to use your name for political gain,,,1619049269,{},gvdx9vg,False,t3_mvj5h6,False,True,t3_mvj5h6,/r/Conservative/comments/mvj5h6/watch_pelosi_thanks_george_floyd_for_sacrificing/gvdx9vg/,1619067315,1,True,False,Conservative,t5_2qh6p,,0,[]
[],,Mrj307,,,"[{'e': 'text', 't': 'Proudly Republican'}]",,Proudly Republican,dark,richtext,t2_76kglord,False,False,[],Constitutional carry law nationwide would certainly help. Hard to fuck around when you know everyone else is armed.,,,1619049266,{},gvdx9m3,False,t3_mvr3ek,False,True,t3_mvr3ek,/r/Conservative/comments/mvr3ek/people_say_they_know_the_answer_to_gun_violence/gvdx9m3/,1619067311,1,True,False,Conservative,t5_2qh6p,,0,[]
[],,Kernel_Turtle,,,[],,,,text,t2_15zsu6,False,False,[],The amount of people who believe this is frightening,,,1619049262,{},gvdx9br,False,t3_mvlxvu,False,True,t3_mvlxvu,/r/Conservative/comments/mvlxvu/idiots_on_twitter_believe_dead_eye_aim_mechanic/gvdx9br/,1619067306,0,True,False,Conservative,t5_2qh6p,,0,[]
[],,mechanicalstone,,,[],,,,text,t2_5u4i5qgl,False,False,[],Sounds like a good project for the year.,,,1619049260,{},gvdx97e,False,t3_mvrlfv,False,True,t1_gvdv131,/r/Conservative/comments/mvrlfv/google_releases_new_tracker_making_it_easier_for/gvdx97e/,1619067305,2,True,False,Conservative,t5_2qh6p,,0,[]
[],,ca17miledrive,,,"[{'e': 'text', 't': 'West Coast Conservative'}]",,West Coast Conservative,dark,richtext,t2_5pjxfj06,False,False,[],"""Unarmed baby girl."" The gentle peaceful teenage girl wielding a knife even when the police arrive. So precious.",,,1619049248,{},gvdx8d1,False,t3_mvhbv4,False,True,t3_mvhbv4,/r/Conservative/comments/mvhbv4/makhia_bryant_body_cam_video_shows_active/gvdx8d1/,1619067293,2,True,False,Conservative,t5_2qh6p,,0,[]
[],,WestJoe,,,"[{'e': 'text', 't': 'Conservative'}]",,Conservative,dark,richtext,t2_16s3k8,False,False,[],"Yup, me too. I’ve had enough of their insanity. I’m tired of the double standards, the domestic terrorism, and the upheaval of our laws and the constitution. They’re not interested in finding a middle ground, they want to bully us into conformity. Fuck them, that’s never gonna happen.",,,1619049247,{},gvdx8a6,False,t3_mvo68x,False,False,t1_gvdkni8,/r/Conservative/comments/mvo68x/ben_carson_we_will_destroy_ourselves_as_a_nation/gvdx8a6/,1619067292,5,True,False,Conservative,t5_2qh6p,,0,[]
[],,sadwaffle104,,,[],,,,text,t2_afrh9eyh,False,False,[],Based. I hate everyone,,,1619049237,{},gvdx7k5,False,t3_mvlxvu,False,False,t1_gvdm1by,/r/Conservative/comments/mvlxvu/idiots_on_twitter_believe_dead_eye_aim_mechanic/gvdx7k5/,1619067282,6,True,False,Conservative,t5_2qh6p,,0,[]
[],,jtrub42,,,[],,,,text,t2_3ejdiun1,False,False,[],"And what if the taser misfired? Or the leads didn’t land? Or the officer missed (only fires once btw)? This officer made a split second decision using the information in front of him, mainly that a person was attempting an assault with a deadly weapon on another person. If the almost victim was a loved one of yours, what equipment would you want the officer to deploy? Loss of a life is always tragic, but I think this officer made the right call.",,,1619049236,{},gvdx7iq,False,t3_mvlxvu,False,False,t1_gvdie0k,/r/Conservative/comments/mvlxvu/idiots_on_twitter_believe_dead_eye_aim_mechanic/gvdx7iq/,1619067282,9,True,False,Conservative,t5_2qh6p,,0,[]
[],,HawksGuy12,,,"[{'e': 'text', 't': 'Conservative Nationalist'}]",,Conservative Nationalist,dark,richtext,t2_8obvdzql,False,True,[],"I said in my original post, ""The solution is to give cops billy-clubs and just give Antifa a good ol' fashioned ass whoopin'."" Portland police have treated Antifa with kid gloves because they are like children: physically impotent, excited by fun colors, and they recite the same phrases over and over. I, too, am hurt by the thought of spanking children; but I doubt you'd have to do anything harsher than just giving these pink-haired fatsos one good pop in the face.",,,1619049234,{},gvdx7d6,False,t3_mvrkkg,False,False,t1_gvdw0fb,/r/Conservative/comments/mvrkkg/democrat_utopia_portland_cop_punched_and_knocked/gvdx7d6/,1619067279,4,True,False,Conservative,t5_2qh6p,,0,[]
[],,SedatedApe61,,,"[{'e': 'text', 't': '2A, Gay, Conservative'}]",,"2A, Gay, Conservative",dark,richtext,t2_46xf018r,False,False,[],For a second my mind saw a blue dress and I was thinking of Bill 😀😀😀,,,1619049233,{},gvdx7bx,False,t3_mvskfw,False,True,t1_gvdwhkr,/r/Conservative/comments/mvskfw/cancelledoh_well/gvdx7bx/,1619067279,9,True,False,Conservative,t5_2qh6p,,0,[]
[],,SgtFraggleRock,,,"[{'e': 'text', 't': 'Sgt Conservative'}]",,Sgt Conservative,dark,richtext,t2_1ho7udul,False,True,[],Tossing gays off buildings is fine with Biden.,,,1619049221,{},gvdx6i6,False,t3_mvsnqr,False,False,t3_mvsnqr,/r/Conservative/comments/mvsnqr/biden_admin_indicates_willingness_to_lift_some/gvdx6i6/,1619067266,6,True,False,Conservative,t5_2qh6p,,0,[]
[],,Lou_Mannati,,,[],,,,text,t2_2d6uxymq,False,False,[],Sheriff Shaq and deputy James.   Lol.   I’d watch it,,,1619049219,{},gvdx6bh,False,t3_mvrawy,False,False,t1_gvdp275,/r/Conservative/comments/mvrawy/lebron_james_tweets_then_deletes_call_for/gvdx6bh/,1619067264,5,True,False,Conservative,t5_2qh6p,,0,[]
[],,Sunshinesummer2021,,,"[{'e': 'text', 't': 'Florida Conservative'}]",,Florida Conservative,dark,richtext,t2_a3eio91c,False,False,[],Amen,,,1619049215,{},gvdx61e,False,t3_mvh712,False,True,t1_gvdv641,/r/Conservative/comments/mvh712/florida_sheriff_warns_new_residents_not_to_vote/gvdx61e/,1619067259,2,True,False,Conservative,t5_2qh6p,,0,[]
[],,pete7201,,,"[{'e': 'text', 't': 'Millennial Conservative'}]",,Millennial Conservative,dark,richtext,t2_r9uuz,False,False,[],I like your dream,,,1619049211,{},gvdx5ru,False,t3_mvrw0m,False,True,t1_gvdwwdo,/r/Conservative/comments/mvrw0m/new_york_blm_protesters_heckle_taqueria_diners/gvdx5ru/,1619067257,1,True,False,Conservative,t5_2qh6p,,0,[]
[],,RahvinDragand,,,[],,,,text,t2_4wpci,False,False,[],"The girl was living in foster care, so the mom wasn't even currently raising her. But of course she slips out of the woodwork just in time to grab some limelight.",,,1619049210,{},gvdx5pl,False,t3_mvkm0b,False,False,t1_gvddjsb,/r/Conservative/comments/mvkm0b/the_columbus_police_shooting_shows_why_family/gvdx5pl/,1619067256,31,True,False,Conservative,t5_2qh6p,,0,[]
[],,Need_vagina_pix_nao,,,"[{'e': 'text', 't': 'Patriot At Large'}]",,Patriot At Large,dark,richtext,t2_rdne2,False,False,[],"It was blared all over the news. Believe me, everyone knew. The judge even asked everyone after it was announced if the judgement would affect their ability to be impartial. Two that had been chosen were dismissed. The rest said it wouldn't affect them, but you can't deny human nature. It affected everyone on some level.",,,1619049210,{},gvdx5nn,False,t3_mvcr42,False,True,t1_gvcvhi9,/r/Conservative/comments/mvcr42/dershowitz_derek_chauvin_conviction_should_be/gvdx5nn/,1619067255,0,True,False,Conservative,t5_2qh6p,,0,[]
[],,MYTbrain,,,[],,,,text,t2_12lv8q,False,False,[],"Help me understand why someone getting killed protecting themselves or their property from trespassers is skewed into, “they had it coming”?",,,1619049204,{},gvdx59m,False,t3_mvlxvu,False,True,t3_mvlxvu,/r/Conservative/comments/mvlxvu/idiots_on_twitter_believe_dead_eye_aim_mechanic/gvdx59m/,1619067248,0,True,False,Conservative,t5_2qh6p,,0,[]
[],,vondee1,,,[],,,,text,t2_3mm0cibe,False,False,[],I guess the Biden t-shirts at the boarder are litter too,,,1619049203,{},gvdx56c,False,t3_mvskfw,False,True,t3_mvskfw,/r/Conservative/comments/mvskfw/cancelledoh_well/gvdx56c/,1619067247,4,True,False,Conservative,t5_2qh6p,,0,[]
[],,labugsy,,,[],,,,text,t2_50qp7d8v,False,False,[],"Clearly not, if natural selection was ever effective nowadays, none of the people on this sub would have survived to reproductive age.",,,1619049201,{},gvdx512,False,t3_mvlxvu,False,True,t1_gvdl3gd,/r/Conservative/comments/mvlxvu/idiots_on_twitter_believe_dead_eye_aim_mechanic/gvdx512/,1619067244,-5,True,False,Conservative,t5_2qh6p,,0,[]
[],,TripleOG_dripGod,,,"[{'e': 'text', 't': 'Conservative'}]",,Conservative,dark,richtext,t2_9yzed1mk,False,False,[],Too true they’re teaching elementary kids to have white guilt. If we don’t speak up 10-20 years from now America as we know it will be dead.,,,1619049199,{},gvdx4v0,False,t3_mvo68x,False,True,t3_mvo68x,/r/Conservative/comments/mvo68x/ben_carson_we_will_destroy_ourselves_as_a_nation/gvdx4v0/,1619067242,-1,True,False,Conservative,t5_2qh6p,,0,[]
