all_awardings,associated_award,author,author_flair_background_color,author_flair_css_class,author_flair_richtext,author_flair_template_id,author_flair_text,author_flair_text_color,author_flair_type,author_fullname,author_patreon_flair,author_premium,awarders,body,collapsed_because_crowd_control,created_utc,gildings,id,is_submitter,link_id,locked,no_follow,parent_id,permalink,retrieved_on,score,send_replies,stickied,subreddit,subreddit_id,total_awards_received,treatment_tags
[],,Savant_Guarde,,,[],,,,text,t2_5bcfs3on,False,False,[],"Seems that liberals are using this to push the entire agenda.

Makes me question the motivation for the entire show.",,1586735981,{},fn887mz,False,t3_g04fmr,False,True,t3_g04fmr,/r/Conservative/comments/g04fmr/climate_alarmists_use_coronavirus_to_push_climate/fn887mz/,1586735983,1,True,False,Conservative,t5_2qh6p,0,[]
[],,Funklestein,,,[],,,,text,t2_ba9ny,False,False,[],"Yeah but the black community has been the black communities number one killer, and they'll be damned if they let some microscopic thing take their status.",,1586735976,{},fn887cx,False,t3_fzvg80,False,True,t1_fn6pxvp,/r/Conservative/comments/fzvg80/despite_quarantine_chicago_records_most_violent/fn887cx/,1586735978,1,True,False,Conservative,t5_2qh6p,0,[]
[],,aCreditGuru,,,"[{'e': 'text', 't': 'Conservative'}]",,Conservative,dark,richtext,t2_63c2c,False,False,[],but you didn't just post the article. You posted a link with discussion aka a 'text post'. Maybe you meant to just post the link if you don't want the subject of you post to be questioned or your further comments to be responded to?,,1586735976,{},fn887ca,False,t3_g074ma,False,True,t1_fn87y9q,/r/Conservative/comments/g074ma/why_a_coronavirus_vaccine_could_take_way_longer/fn887ca/,1586735978,1,True,False,Conservative,t5_2qh6p,0,[]
[],,ChineseVector,,,[],,,,text,t2_476o0z13,False,False,[],And Britons hands-down have the worst English Grammar.,,1586735969,{},fn886wa,False,t3_fzzaq4,False,True,t1_fn7jd31,/r/Conservative/comments/fzzaq4/when_you_notice_the_multiple_gilded_media/fn886wa/,1586735969,1,True,False,Conservative,t5_2qh6p,0,[]
[],,Humptythe21st,,,"[{'e': 'text', 't': 'Conservative'}]",,Conservative,dark,richtext,t2_8gdz48w,False,False,[],"Some of that is due to some idiotic thought that blacks are immune and don't need to distance.

Sounds crazy but research it.

Some is the health issues the community faces.",,1586735962,{},fn886i8,False,t3_fzxn1j,False,True,t1_fn7ps40,/r/Conservative/comments/fzxn1j/china_is_literally_rounding_up_black_people_on/fn886i8/,1586735964,1,True,False,Conservative,t5_2qh6p,0,[]
[],,uncle_cousin,,,[],,,,text,t2_u2gzg,False,False,[],"He's the first man in space, first to orbit the planet. He gets a pass on ideological quibbling.",,1586735961,{},fn886g6,False,t3_g06unv,False,True,t1_fn87rec,/r/Conservative/comments/g06unv/todays_face_of_reddit_is_dirty_commie_propaganda/fn886g6/,1586735963,1,True,False,Conservative,t5_2qh6p,0,[]
[],,Ollinnature,,,[],,,,text,t2_3p95w54,False,False,[],"If you want funny and non-biased political memes, go to r/politicalcompassmemes, the mods are chill and the subreddit has a field day when Bernie dropped out.",,1586735938,{},fn8852n,False,t3_g011tl,False,True,t1_fn75uqw,/r/Conservative/comments/g011tl/typical_bullshit_from_politial_humor/fn8852n/,1586735940,1,True,False,Conservative,t5_2qh6p,0,[]
[],,ValhallaGorilla,,,[],,,,text,t2_abc3m9z,False,False,[],"Controls are normally used in vaccines

In general, the more severe the consequences or symptoms of the illness under study, the more difficult it will be to justify the use of a placebo control when alternative therapy exists.",,1586735930,{},fn884ln,False,t3_g051sw,False,True,t1_fn87vca,/r/Conservative/comments/g051sw/1000_cured_third_french_study_affirms_hcq_is/fn884ln/,1586735932,1,True,False,Conservative,t5_2qh6p,0,[]
[],,ValidAvailable,,,"[{'e': 'text', 't': 'Conservative'}]",,Conservative,dark,richtext,t2_rpl6p,False,False,[],"Doesn't matter if it impacts your lifestyle or not.  Me, I'm an introvert and a tech geek who lives way out in the sticks, so everyone else's hell is my idea of a great day.  But its a choice to be allowed to make yourself, weigh the risks, use your own judgement, not because of thousands of petty dictators who've decided they know whats best for you, or the millions of budding little gestapo all to happy to not only comply themselves but force it on anyone else who doesn't fall in line. [When you read stuff like this](https://www.nationalreview.com/2020/04/in-some-places-easter-isnt-being-celebrated-its-being-fined/), the kind of people who would enforce that sort of thing, or cheer it on because Greater Good, they can fuck right off.  That its even a thing is disturbing.",,1586735921,{},fn8841i,False,t3_g074ma,False,True,t1_fn86twi,/r/Conservative/comments/g074ma/why_a_coronavirus_vaccine_could_take_way_longer/fn8841i/,1586735922,1,True,False,Conservative,t5_2qh6p,0,[]
[],,tr3k,,,"[{'e': 'text', 't': 'Constitutional Conservative'}]",,Constitutional Conservative,dark,richtext,t2_82hzh,False,False,[],[https://www.reddit.com/r/PoliticalHumor/comments/fzyfu1/ummmm/](https://www.reddit.com/r/PoliticalHumor/comments/fzyfu1/ummmm/),,1586735883,{},fn881rc,False,t3_g011tl,False,True,t3_g011tl,/r/Conservative/comments/g011tl/typical_bullshit_from_politial_humor/fn881rc/,1586735885,1,True,False,Conservative,t5_2qh6p,0,[]
[],,[deleted],,,,,,dark,,,,,[],[removed],,1586735869,{},fn880x6,False,t3_fpde5d,False,True,t1_flkckw1,/r/Conservative/comments/fpde5d/i_give_it_two_weeks_before_celebrity_worship/fn880x6/,1586735871,1,True,False,Conservative,t5_2qh6p,0,[]
[],,TaleSpinAgain,,,[],,,,text,t2_ciwn6k8,False,False,[],Put him in a hole and lose the key.,,1586735856,{},fn8804q,False,t3_g07h8w,False,True,t3_g07h8w,/r/Conservative/comments/g07h8w/18yearold_accused_of_fatally_pushing_marine/fn8804q/,1586735859,1,True,False,Conservative,t5_2qh6p,0,[]
[],,DesignerAttitude98,,,[],,,,text,t2_3ew3hlsw,False,True,[],"I didn't write the article. Even if other non-scientific areas are optimized, the article says that it is unlikely to be anytime soon...that's the point of the article.",,1586735825,{},fn87y9q,True,t3_g074ma,False,True,t1_fn87jkb,/r/Conservative/comments/g074ma/why_a_coronavirus_vaccine_could_take_way_longer/fn87y9q/,1586735827,1,True,False,Conservative,t5_2qh6p,0,[]
[],,Humptythe21st,,,"[{'e': 'text', 't': 'Conservative'}]",,Conservative,dark,richtext,t2_8gdz48w,False,False,[],"It's a start. This thing of not charging for smaller crimes leads to bigger crimes.

There are people in society that are never going to be an addition to society. We need to accept that. I'm not sure of what the answer is bug until we accept it nothing will change. 

Some people can't be fixed.",,1586735791,{},fn87w5l,False,t3_fzvg80,False,True,t1_fn87j7l,/r/Conservative/comments/fzvg80/despite_quarantine_chicago_records_most_violent/fn87w5l/,1586735793,1,True,False,Conservative,t5_2qh6p,0,[]
[],,[deleted],,,,,,dark,,,,,[],[removed],,1586735782,{},fn87vnc,False,t3_g0534t,False,True,t1_fn87ezi,/r/Conservative/comments/g0534t/the_same_people_saying_president_trump_doesnt/fn87vnc/,1586735784,1,True,False,Conservative,t5_2qh6p,0,[]
[],,BuddhaPunch1,,,[],,,,text,t2_54jrnevo,False,False,[],"My understanding is that it's only particularly effective at early onset, and mostly useless later in the infection. It probably wouldn't do much by the time someone was on a ventilator. 

For a scientific study to show efficacy, you need a control group. A placebo control allows you to rule out how much of the improvement is purely from the placebo effect. You can't definitively say ""this works, and to this extent"" without that control",,1586735777,{},fn87vca,False,t3_g051sw,False,True,t1_fn87bgc,/r/Conservative/comments/g051sw/1000_cured_third_french_study_affirms_hcq_is/fn87vca/,1586735778,1,True,False,Conservative,t5_2qh6p,0,[]
[],,ngoni,,,"[{'e': 'text', 't': 'Constitutional Conservative'}]",,Constitutional Conservative,dark,richtext,t2_86rj0,False,False,[],Good. [Safety has taken a backseat](https://www.washingtontimes.com/news/2012/apr/27/cafe-standards-kill/) to fuel efficiency for far too long.,,1586735776,{},fn87v9k,False,t3_g07h55,False,True,t3_g07h55,/r/Conservative/comments/g07h55/trump_administration_dumps_obamaera/fn87v9k/,1586735778,1,True,False,Conservative,t5_2qh6p,0,[]
[],,w1nner4444,,,[],,,,text,t2_1vzscb2p,False,False,[],"So I read up [here](https://www.statisticssolutions.com/manova-analysis-paired-sample-t-test/) and it says that it's just a statistic guess as to whether the difference between 2 data sets is due to randomness or not; ie. it doesn't tackle the same problems as double-blind or control groups. I got the impression that this should be used to interpret the outcomes of an experiment, not instead of one.",,1586735774,{},fn87v5s,False,t3_g051sw,False,True,t1_fn86crh,/r/Conservative/comments/g051sw/1000_cured_third_french_study_affirms_hcq_is/fn87v5s/,1586735775,1,True,False,Conservative,t5_2qh6p,0,[]
[],,greeneyedunicorn2,,,"[{'e': 'text', 't': 'Libertarian Conservative'}]",,Libertarian Conservative,dark,richtext,t2_16pypw,False,False,[],"&gt;  They've gone a bit stir crazy.

Now imagine how people 18-30 feel in this.",,1586735774,{},fn87v4z,False,t3_g059my,False,True,t1_fn7u6gx,/r/Conservative/comments/g059my/la_times_reporting_coronavirus_may_have_already/fn87v4z/,1586735775,1,True,False,Conservative,t5_2qh6p,0,[]
[],,Doctor-Jan-Itor,,,"[{'e': 'text', 't': 'Ron Paul Conservative'}]",,Ron Paul Conservative,dark,richtext,t2_4y0h0h99,False,False,[],"When an idea is responsible for killing hundreds of millions of people, it’s probably evil.",,1586735748,{},fn87tml,False,t3_g06unv,False,True,t1_fn86oyo,/r/Conservative/comments/g06unv/todays_face_of_reddit_is_dirty_commie_propaganda/fn87tml/,1586735750,1,True,False,Conservative,t5_2qh6p,0,[]
[],,BrockLee76,,,"[{'e': 'text', 't': 'Bitter Clinger'}]",,Bitter Clinger,dark,richtext,t2_19zxlksr,False,False,[],"People are saying we don't know the death rate until we get an accurate denominator.  So if I've learned one thing from this pandemic, it's that I finally know which is the numerator and which is the denominator.",,1586735734,{},fn87ss1,False,t3_g0610y,False,True,t3_g0610y,/r/Conservative/comments/g0610y/turns_out_californias_coronavirus_counts_are/fn87ss1/,1586735735,1,True,False,Conservative,t5_2qh6p,0,[]
[],,hosieryadvocate,,,[],,,,text,t2_iar6b,False,False,[],He's basically admitting that the constitution is too much.,,1586735725,{},fn87s8f,False,t3_fzko3h,False,True,t1_fn5tuvz,/r/Conservative/comments/fzko3h/judge_rules_in_favor_of_louisville_church_says/fn87s8f/,1586735727,1,True,False,Conservative,t5_2qh6p,0,[]
[],,Mepsym,,,[],,,,text,t2_4d4djq43,False,False,[],"You understand that the phrase flattening the curve is a synonym for elongating it, correct? They intentionally spread it out to prevent healthcare systems being overloaded.

Flattening the curve doesn’t mean making it go away.",,1586735723,{},fn87s3r,False,t3_fzv2un,False,True,t1_fn86dli,/r/Conservative/comments/fzv2un/former_obama_cdc_director_says_ny_death_toll/fn87s3r/,1586735724,1,True,False,Conservative,t5_2qh6p,0,[]
[],,felixdacat256,,,[],,,,text,t2_47gkz41s,False,False,[],He’s as much of a journalist as Cuomo on CNN,,1586735721,{},fn87rzi,False,t3_fzuya6,False,True,t1_fn86s8u,/r/Conservative/comments/fzuya6/michigan_football_coach_jim_harbaugh_nothing_more/fn87rzi/,1586735723,1,True,False,Conservative,t5_2qh6p,0,[]
[],,tau_decay,,,[],,,,text,t2_134n2hdn,False,False,[],"Because:                       

1. The only reason he made it into space in the first place was competition between two bitterly opposed superpowers. Competition enables pushing of boundaries, first orbiting the Earth and then just a few years later landing on the Moon, Worldwide cooperation is the ISS, vastly expensive, utterly pointless, astronauts a few hundred miles up breathing their own B.O. for useless decade after useless decade.                                                      
  
2. He was the poster boy for a regime bent not on cooperation but on the conquest of Europe - all the Soviet military plans were aggressive,  and all involved nuclear weapons.           

So he's was A. wrong, healthy competition is good, and B. a hypocrite give who his bosses were.",,1586735711,{},fn87rec,False,t3_g06unv,False,True,t1_fn85d9t,/r/Conservative/comments/g06unv/todays_face_of_reddit_is_dirty_commie_propaganda/fn87rec/,1586735713,1,True,False,Conservative,t5_2qh6p,0,[]
[],,IBiteYou,,GREENBOLD,"[{'e': 'text', 't': 'Biteservative'}]",,Biteservative,dark,richtext,t2_8is6t,False,True,[],Keep it civil.,,1586735689,{},fn87q2c,False,t3_fzyfme,False,True,t1_fn7ajas,/r/Conservative/comments/fzyfme/hey_guys_youre_cool/fn87q2c/,1586735691,1,True,False,Conservative,t5_2qh6p,0,[]
[],,Saltydogusn,,,[],,,,text,t2_1a12r0cl,False,False,[],"It's okay Alec, we can only do it one more time.  You will be a jackass the rest of your life.",,1586735682,{},fn87pnu,False,t3_g00as0,False,True,t3_g00as0,/r/Conservative/comments/g00as0/alec_baldwin_blasts_trump_voters_if_you_vote_for/fn87pnu/,1586735684,1,True,False,Conservative,t5_2qh6p,0,[]
[],,DesignerAttitude98,,,[],,,,text,t2_3ew3hlsw,False,True,[],probably to prevent future shut downs.  It would be nice if this thing just disappeared like SARS eventually did.,,1586735680,{},fn87pk1,True,t3_g074ma,False,True,t1_fn87etd,/r/Conservative/comments/g074ma/why_a_coronavirus_vaccine_could_take_way_longer/fn87pk1/,1586735682,1,True,False,Conservative,t5_2qh6p,0,[]
[],,Bbdubbleu,,,[],,,,text,t2_ahrlw,False,True,[],https://miro.medium.com/max/750/1*yWzdzHbzICH1GcQKWs--Rg@2x.jpeg,,1586735674,{},fn87p65,False,t3_fzuya6,False,True,t1_fn87b87,/r/Conservative/comments/fzuya6/michigan_football_coach_jim_harbaugh_nothing_more/fn87p65/,1586735677,1,True,False,Conservative,t5_2qh6p,0,[]
[],,[deleted],,,,,,dark,,,,,[],[removed],,1586735673,{},fn87p4d,False,t3_fpde5d,False,True,t3_fpde5d,/r/Conservative/comments/fpde5d/i_give_it_two_weeks_before_celebrity_worship/fn87p4d/,1586735676,1,True,False,Conservative,t5_2qh6p,0,[]
[],,TheFrickFrackTicTac,,,[],,,,text,t2_3fgcla0k,False,False,[],"No one who listens to Greta thunberg considers her an expert on the subject, she's seen as a symbol of the movement, not a source as to its causality.",,1586735666,{},fn87oqd,False,t3_g0534t,False,True,t3_g0534t,/r/Conservative/comments/g0534t/the_same_people_saying_president_trump_doesnt/fn87oqd/,1586735669,1,True,False,Conservative,t5_2qh6p,0,[]
[],,hosieryadvocate,,,[],,,,text,t2_iar6b,False,False,[],That's a great comparison! Thanks!,,1586735653,{},fn87nx2,False,t3_fzko3h,False,True,t1_fn6673c,/r/Conservative/comments/fzko3h/judge_rules_in_favor_of_louisville_church_says/fn87nx2/,1586735656,1,True,False,Conservative,t5_2qh6p,0,[]
[],,CaptainCAPSLOCKED,,,"[{'e': 'text', 't': 'full semi automatic'}]",,full semi automatic,dark,richtext,t2_iuxz7,False,False,[],CCP has an over 90% approval rate with their people. If you've ever met many people from China you would know those numbers aren't even massaged,,1586735648,{},fn87nno,False,t3_g014dt,False,True,t1_fn7i0ex,/r/Conservative/comments/g014dt/new_chinese_assault_carrier_catches_fire/fn87nno/,1586735651,1,True,False,Conservative,t5_2qh6p,0,[]
[],,Comprehensive-Fig,,,[],,,,text,t2_518pm6eo,False,False,[],A lot of liberals that say science is their religion probably couldn't pass a a calculus course.,,1586735627,{},fn87mdz,False,t3_g0534t,False,True,t1_fn80iuh,/r/Conservative/comments/g0534t/the_same_people_saying_president_trump_doesnt/fn87mdz/,1586735629,1,True,False,Conservative,t5_2qh6p,0,[]
[],,Kevlar987,,,[],,,,text,t2_4krc8iqi,False,False,[],"I agree that people shouldn’t be going to church, but that’s not the point. The problem is that even if it’s stupid, it’s their constitutional right to go to church.",,1586735627,{},fn87mcc,False,t3_g01g0n,False,True,t1_fn7x6x3,/r/Conservative/comments/g01g0n/video_kentucky_church_packed_for_easter_service/fn87mcc/,1586735629,1,True,False,Conservative,t5_2qh6p,0,[]
[],,[deleted],,,,,,dark,,,,,[],[removed],,1586735588,{},fn87k4g,False,t3_g004d0,False,True,t3_g004d0,/r/Conservative/comments/g004d0/using_stats_for_politics/fn87k4g/,1586735589,1,True,False,Conservative,t5_2qh6p,0,[]
[],,[deleted],,,,,,dark,,,,,[],[removed],,1586735578,{},fn87jkl,False,t3_fpde5d,False,True,t3_fpde5d,/r/Conservative/comments/fpde5d/i_give_it_two_weeks_before_celebrity_worship/fn87jkl/,1586735581,1,True,False,Conservative,t5_2qh6p,0,[]
[],,aCreditGuru,,,"[{'e': 'text', 't': 'Conservative'}]",,Conservative,dark,richtext,t2_63c2c,False,False,[],"you can't ""rush"" the scientific process because yes we'll need to do appropriate double blind studies. You can rush anything else that doesn't rely on the scientific process though. Production can be ramped. Distribution can be streamlined.",,1586735578,{},fn87jkb,False,t3_g074ma,False,True,t1_fn87bya,/r/Conservative/comments/g074ma/why_a_coronavirus_vaccine_could_take_way_longer/fn87jkb/,1586735581,1,True,False,Conservative,t5_2qh6p,0,[]
[],,smack251982,,,[],,,,text,t2_4sb7nuou,False,False,[],You bring a valid point but I think it’s deeper than that .,,1586735573,{},fn87j7l,False,t3_fzvg80,False,True,t1_fn86eg1,/r/Conservative/comments/fzvg80/despite_quarantine_chicago_records_most_violent/fn87j7l/,1586735575,1,True,False,Conservative,t5_2qh6p,0,[]
[],,McFreedomWithCheese,,,"[{'e': 'text', 't': 'Religious Liberty'}]",,Religious Liberty,dark,richtext,t2_1cfbmnmb,False,False,[],"On every single one of these types of posts on every social media site I see people sharing the exact same experience I had in December: a very bad cold/flu that lasted 2-4 weeks and with a lingering cough, all roughly around the same time. There’s no way to know if this was coronavirus without having an antibody test.",,1586735563,{},fn87im2,False,t3_g055dl,False,True,t3_g055dl,/r/Conservative/comments/g055dl/even_the_la_times_is_reporting_that_coronavirus/fn87im2/,1586735564,1,True,False,Conservative,t5_2qh6p,0,[]
[],,Humptythe21st,,,"[{'e': 'text', 't': 'Conservative'}]",,Conservative,dark,richtext,t2_8gdz48w,False,False,[],Nope. Not wishing that on anyone.,,1586735557,{},fn87i7v,False,t3_fzx5hl,False,True,t1_fn7aulf,/r/Conservative/comments/fzx5hl/who_screwup/fn87i7v/,1586735558,1,True,False,Conservative,t5_2qh6p,0,[]
[],,wae7792yo,,,[],,,,text,t2_61ssgkab,False,False,[],"That's fair, but in this case the point doesn't change. And LOL at China's #'s",,1586735555,{},fn87i56,False,t3_g004d0,False,True,t1_fn7su3i,/r/Conservative/comments/g004d0/using_stats_for_politics/fn87i56/,1586735556,1,True,False,Conservative,t5_2qh6p,0,[]
[],,j1steaksauce34,,,[],,,,text,t2_1x56kyef,False,False,[],We can’t post this but they can post edit pictures of our acting president,,1586735537,{},fn87h66,False,t3_g011tl,False,True,t3_g011tl,/r/Conservative/comments/g011tl/typical_bullshit_from_politial_humor/fn87h66/,1586735539,1,True,False,Conservative,t5_2qh6p,0,[]
[],,fishboy123a,,,[],,,,text,t2_9te2r,False,False,[],F*ck that guy,,1586735536,{},fn87h32,False,t3_g07h8w,False,True,t3_g07h8w,/r/Conservative/comments/g07h8w/18yearold_accused_of_fatally_pushing_marine/fn87h32/,1586735538,1,True,False,Conservative,t5_2qh6p,0,[]
[],,Humptythe21st,,,"[{'e': 'text', 't': 'Conservative'}]",,Conservative,dark,richtext,t2_8gdz48w,False,False,[],"Ok. Let me take a swing.

If a crime has any ties to gang activity double the sentences.

If a crime is done against a child double them again. 

Introduce Trade and computer learning at all incarnation locations.

Ask companies to donate any large structures that are viable and transform them via private non profits into community support. 

Possession of a firearm by a felon is 3 year home arrest except for times working on city projects at a low but fair for competitive wage with stringent enforcement of behavior on the job site.


Not sure if that's any good, it's off the top of my head. Main problem is it enlarges government but I don't know what else to do.

Bring on the downvotes.",,1586735505,{},fn87fan,False,t3_fzvg80,False,True,t1_fn75i8i,/r/Conservative/comments/fzvg80/despite_quarantine_chicago_records_most_violent/fn87fan/,1586735507,1,True,False,Conservative,t5_2qh6p,0,[]
[],,cliffotn,,,[],,,,text,t2_348fs,False,False,[],She's a High School dropout.  Self proclaimed agent of intelligence - doesn't have the intellectual wherewithal to earn our nation's minimum level of academic achievement.,,1586735504,{},fn87f8g,False,t3_fzvhwm,False,True,t1_fn6mmat,/r/Conservative/comments/fzvhwm/kavanaugh_nemesis_alyssa_milano_goes_mum_on/fn87f8g/,1586735505,1,True,False,Conservative,t5_2qh6p,0,[]
[],,Necroval,,,[],,,,text,t2_8u6kk,False,False,[],"""You see that little girl, that's mistletoe. You know what that means come here and let me smell your hair. Give good old uncle biden a little kiss"" /s

Lmfao gg op these biden memes are killing it. I havent laughed this hard in a while.",,1586735500,{},fn87ezp,False,t3_g03fb8,False,True,t1_fn7l3qs,/r/Conservative/comments/g03fb8/biden_today/fn87ezp/,1586735502,1,True,False,Conservative,t5_2qh6p,0,[]
[],,zim1985,,,[],,,,text,t2_555u9,False,False,[],Bruh if he has so many experts behind him why didn't he listen to any of them? He barely listens to them now!,,1586735500,{},fn87ezi,False,t3_g0534t,False,True,t1_fn7xylx,/r/Conservative/comments/g0534t/the_same_people_saying_president_trump_doesnt/fn87ezi/,1586735502,1,True,False,Conservative,t5_2qh6p,0,[]
[],,greeneyedunicorn2,,,"[{'e': 'text', 't': 'Libertarian Conservative'}]",,Libertarian Conservative,dark,richtext,t2_16pypw,False,False,[],"We shutdown to flatten the curve. 

The curve was flattened. 

What does a vaccine have to do with opening things up again?",,1586735497,{},fn87etd,False,t3_g074ma,False,True,t3_g074ma,/r/Conservative/comments/g074ma/why_a_coronavirus_vaccine_could_take_way_longer/fn87etd/,1586735499,1,True,False,Conservative,t5_2qh6p,0,[]
[],,D4rk50ul,,,[],,,,text,t2_mj7b3,False,False,[],"If they got rid of all other social programs like welfare, snap, etc and you were required to have no more than a 3 month unemployed period per year... Maybe.. It's basically just pooling all our money and distributing it equally, so there must be checks and balances to make sure people don't game the system. I'm not for it at all but if it had to happen that's my middle ground.",,1586735494,{},fn87en3,False,t3_g06t1t,False,True,t3_g06t1t,/r/Conservative/comments/g06t1t/the_pope_just_proposed_a_universal_basic_income/fn87en3/,1586735496,1,True,False,Conservative,t5_2qh6p,0,[]
[],,DesignerAttitude98,,,[],,,,text,t2_3ew3hlsw,False,True,[],"true, but it needs to be safe.  You can't rush the process because the issues are ones of efficacy and safety.  Nothing can speed up those issues.",,1586735449,{},fn87bya,True,t3_g074ma,False,True,t1_fn875e6,/r/Conservative/comments/g074ma/why_a_coronavirus_vaccine_could_take_way_longer/fn87bya/,1586735451,1,True,False,Conservative,t5_2qh6p,0,[]
[],,DanBrino,,,[],,,,text,t2_5q9669u,False,False,[],Don't you know? It's only funny if it's the right getting roasted. I thought this was common knowledge.,,1586735448,{},fn87bvh,False,t3_g011tl,False,True,t3_g011tl,/r/Conservative/comments/g011tl/typical_bullshit_from_politial_humor/fn87bvh/,1586735450,1,True,False,Conservative,t5_2qh6p,0,[]
[],,gratefulguitar57,,,[],,,,text,t2_pm4exjr,False,False,[],That smile looks like he just sniffed a little girls hair.,,1586735446,{},fn87bqz,False,t3_g03fb8,False,True,t3_g03fb8,/r/Conservative/comments/g03fb8/biden_today/fn87bqz/,1586735448,1,True,False,Conservative,t5_2qh6p,0,[]
[],,Bbdubbleu,,,[],,,,text,t2_ahrlw,False,True,[],Do you also support and donate the thousands of children thrown into foster care because their mothers couldn’t get an abortion?,,1586735445,{},fn87bqb,False,t3_fzuya6,False,True,t1_fn6d4nq,/r/Conservative/comments/fzuya6/michigan_football_coach_jim_harbaugh_nothing_more/fn87bqb/,1586735447,1,True,False,Conservative,t5_2qh6p,0,[]
[],,ValhallaGorilla,,,[],,,,text,t2_abc3m9z,False,False,[],"doctors dont use placebo controls in infectious deseases in hospital settings due to ethical issues


i dont understand why its so hard to understand for people

if your loved one was in icu with ventilator stuck in her, and you were told you would be given placebo or a possibly  life saving drug, which would you choose?",,1586735441,{},fn87bgc,False,t3_g051sw,False,True,t1_fn86qxn,/r/Conservative/comments/g051sw/1000_cured_third_french_study_affirms_hcq_is/fn87bgc/,1586735442,1,True,False,Conservative,t5_2qh6p,0,[]
[],,cageyfanboy,,,"[{'e': 'text', 't': 'Conservative'}]",,Conservative,dark,richtext,t2_gunjx,False,False,[],"&gt; Joe Biden is a conservative.

Nice try troll. You're so far left you can't see the truth.",,1586735437,{},fn87b87,False,t3_fzuya6,False,True,t1_fn878lc,/r/Conservative/comments/fzuya6/michigan_football_coach_jim_harbaugh_nothing_more/fn87b87/,1586735439,1,True,False,Conservative,t5_2qh6p,0,[]
[],,scholarandrogue,,,[],,,,text,t2_c9kkf,False,False,[],"that would be one anecdotal example. unfortunately we won't have to many other examples, but there are three or four states in the us that did not follow suit; that might help.",,1586735422,{},fn87adb,True,t3_g04mf5,False,True,t1_fn84cjw,/r/Conservative/comments/g04mf5/did_trump_ruin_our_economy_for_nothing_no_it/fn87adb/,1586735424,1,True,False,Conservative,t5_2qh6p,0,[]
[],,Bbdubbleu,,,[],,,,text,t2_ahrlw,False,True,[],"You’re so uninformed. Joe Biden is a conservative. If you actually looked at his ideas and viewpoints and put them on a political compass, he’s firmly in AuthRight",,1586735392,{},fn878lc,False,t3_fzuya6,False,True,t1_fn74jb8,/r/Conservative/comments/fzuya6/michigan_football_coach_jim_harbaugh_nothing_more/fn878lc/,1586735394,1,True,False,Conservative,t5_2qh6p,0,[]
[],,Wolfrost1919,,,[],,,,text,t2_3ro7ag4q,False,False,[],"I feel bad for this girl. She's been indoctrinated and now acts as a spokesperson all without ever being taught of the plausibility that her views may be wrong and are highly subjective. It's hard to rationalize with anyone when they are unaware that they have a belief based on a faith ( 100% for sure human caused climate change for this instance). Because they believe that they are right based on ""facts""...which are in fact interpretations based off of a worlview which is based off of a faith.",,1586735390,{},fn878h3,False,t3_g0534t,False,True,t3_g0534t,/r/Conservative/comments/g0534t/the_same_people_saying_president_trump_doesnt/fn878h3/,1586735392,1,True,False,Conservative,t5_2qh6p,0,[]
[],,red__scout,,,[],,,,text,t2_655iqm7j,False,False,[],"Deputy of the Soviet Union? That's bullshit, that wasn't even a leadership position. He was only a cosmonaut and test pilot.",,1586735389,{},fn878ev,False,t3_g06unv,False,True,t1_fn86dk8,/r/Conservative/comments/g06unv/todays_face_of_reddit_is_dirty_commie_propaganda/fn878ev/,1586735391,1,True,False,Conservative,t5_2qh6p,0,[]
[],,cbrad1713,,,[],,,,text,t2_bnkw6,False,False,[],"On this day in 1776, Jesus christ was born in Rome.",,1586735357,{},fn876hk,False,t3_g03fb8,False,True,t3_g03fb8,/r/Conservative/comments/g03fb8/biden_today/fn876hk/,1586735359,1,True,False,Conservative,t5_2qh6p,0,[]
[],,[deleted],,,,,,dark,,,,,[],[removed],,1586735344,{},fn875m5,False,t3_fzvdca,False,True,t1_fn85efr,/r/Conservative/comments/fzvdca/i_owe_them_my_life_boris_johnson_hails_hospital/fn875m5/,1586735346,1,True,False,Conservative,t5_2qh6p,0,[]
[],,aCreditGuru,,,"[{'e': 'text', 't': 'Conservative'}]",,Conservative,dark,richtext,t2_63c2c,False,False,[],Not sure if you noticed but we've been cutting red tape pretty effectively in regards to dealing with our attempts to mitigate this virus.,,1586735341,{},fn875e6,False,t3_g074ma,False,True,t1_fn86wos,/r/Conservative/comments/g074ma/why_a_coronavirus_vaccine_could_take_way_longer/fn875e6/,1586735342,1,True,False,Conservative,t5_2qh6p,0,[]
[],,jyqob,,,[],,,,text,t2_5otm1d4i,False,False,[],😂😂😂😂😂Orange Man bad 😂😂😂😂😂😂,,1586735338,{},fn875aa,False,t3_g011tl,False,True,t3_g011tl,/r/Conservative/comments/g011tl/typical_bullshit_from_politial_humor/fn875aa/,1586735340,1,True,False,Conservative,t5_2qh6p,0,[]
[],,deepwaterblue,,,[],,,,text,t2_zcu12,False,False,[],Get  out of the USA.,,1586735338,{},fn8758w,False,t3_fzx5hl,False,True,t1_fn79wxe,/r/Conservative/comments/fzx5hl/who_screwup/fn8758w/,1586735339,1,True,False,Conservative,t5_2qh6p,0,[]
[],,Aidan_B11,,,[],,,,text,t2_4s7n88gy,False,False,[],"We have over 500,000 cases at this point, so this is basically meaningless",,1586735308,{},fn873gd,False,t3_g004d0,False,True,t3_g004d0,/r/Conservative/comments/g004d0/using_stats_for_politics/fn873gd/,1586735309,1,True,False,Conservative,t5_2qh6p,0,[]
[],,IBiteYou,,GREENBOLD,"[{'e': 'text', 't': 'Biteservative'}]",,Biteservative,dark,richtext,t2_8is6t,False,True,[],"No, they aren't.",,1586735294,{},fn872m5,False,t3_fzyfme,False,True,t1_fn870ud,/r/Conservative/comments/fzyfme/hey_guys_youre_cool/fn872m5/,1586735295,1,True,False,Conservative,t5_2qh6p,0,[]
[],,Teary_Oberon,,,[],,,,text,t2_fmk27,False,True,[],"From a recent Reason article:

""No other allegation about sexual assault surfaced in the course of reporting, nor did any former Biden staff members corroborate any details of Ms. Reade's allegation,"" wrote Lerer and Ember. ""The Times found no pattern of sexual misconduct by Mr. Biden, **beyond the hugs, kisses, and touching that women previously said made them uncomfortable.""** Given how ridiculous this passage sounded to many readers, editors swiftly removed—without acknowledgement—everything after ""Biden."" The Twitter version endured for longer.

*The New York Times* subsequently [deleted the tweet](https://twitter.com/nytimes/status/1249270881936904192) from the thread about the story.",,1586735284,{},fn87204,False,t3_fzytc8,False,True,t3_fzytc8,/r/Conservative/comments/fzytc8/ny_times_we_found_no_sexual_misconduct_by_biden/fn87204/,1586735286,1,True,False,Conservative,t5_2qh6p,0,[]
[],,scholarandrogue,,,[],,,,text,t2_c9kkf,False,False,[],that's the point of the article. 10th amendment. the exec did not declare martial law and left up to the states and wrote the governors a letter of support for resources if need be.,,1586735279,{},fn871pc,True,t3_g04mf5,False,True,t1_fn8625o,/r/Conservative/comments/g04mf5/did_trump_ruin_our_economy_for_nothing_no_it/fn871pc/,1586735281,1,True,False,Conservative,t5_2qh6p,0,[]
[],,grizbear911,,,[],,,,text,t2_35v8kvyi,False,False,[],What is meant by missing?,,1586735278,{},fn871n5,False,t3_g0661m,False,True,t3_g0661m,/r/Conservative/comments/g0661m/heres_why_obama_wants_mailin_voting_164_million/fn871n5/,1586735280,1,True,False,Conservative,t5_2qh6p,0,[]
[],,DudeWhateverBro,,,[],,,,text,t2_6oi07,False,False,[],"In theory: *”we’re cooperating!”

In reality: hundreds of millions of lives utterly destroyed by grift, starvation, and chaos",,1586735274,{},fn871f8,False,t3_g06unv,False,True,t3_g06unv,/r/Conservative/comments/g06unv/todays_face_of_reddit_is_dirty_commie_propaganda/fn871f8/,1586735276,1,True,False,Conservative,t5_2qh6p,0,[]
[],,IBiteYou,,GREENBOLD,"[{'e': 'text', 't': 'Biteservative'}]",,Biteservative,dark,richtext,t2_8is6t,False,True,[],"I don't think you understand.

If I go to a subreddit for Bernie Sanders and say, ""Man, Sanders really sucks.  He's wrong about so many things...""

I'd expect to be banned.

&gt;You're either for free speech or you aren't.

You know what a political subreddit with ""free speech"" on reddit looks like?

/r/politics",,1586735268,{},fn8712e,False,t3_g011tl,False,True,t1_fn85yhe,/r/Conservative/comments/g011tl/typical_bullshit_from_politial_humor/fn8712e/,1586735270,1,True,False,Conservative,t5_2qh6p,0,[]
[],,lobf,,,[],,,,text,t2_4i9g0,False,False,[],They’re usually marked that way well before there’s any reason to suspect a brigade,,1586735265,{},fn870ud,False,t3_fzyfme,False,True,t1_fn8543q,/r/Conservative/comments/fzyfme/hey_guys_youre_cool/fn870ud/,1586735266,1,True,False,Conservative,t5_2qh6p,0,[]
[],,Bbdubbleu,,,[],,,,text,t2_ahrlw,False,True,[],Honestly such small brain thinking. Oh such innocence and ignorance to think that making something illegal will stop it. You learn anything from the war on drugs? I recommend that you read and learn about things. If you did you wouldn’t be here,,1586735256,{},fn870bn,False,t3_fzuya6,False,True,t1_fn7cila,/r/Conservative/comments/fzuya6/michigan_football_coach_jim_harbaugh_nothing_more/fn870bn/,1586735257,1,True,False,Conservative,t5_2qh6p,0,[]
[],,Dutch_Windmill,,,"[{'e': 'text', 't': 'Reagan Conservative'}]",,Reagan Conservative,dark,richtext,t2_21niqs0o,False,False,[],"""we can make fun of your politicians but you can't make fun of ours"" mod who didn't get enough chicken tendies",,1586735211,{},fn86xpo,False,t3_g011tl,False,True,t3_g011tl,/r/Conservative/comments/g011tl/typical_bullshit_from_politial_humor/fn86xpo/,1586735214,1,True,False,Conservative,t5_2qh6p,0,[]
[],,DesignerAttitude98,,,[],,,,text,t2_3ew3hlsw,False,True,[],It's the same regulatory process. You can't speed that up.,,1586735194,{},fn86wos,True,t3_g074ma,False,True,t1_fn86q6l,/r/Conservative/comments/g074ma/why_a_coronavirus_vaccine_could_take_way_longer/fn86wos/,1586735196,1,True,False,Conservative,t5_2qh6p,0,[]
[],,hosieryadvocate,,,[],,,,text,t2_iar6b,False,False,[],"Well, yes, the right reasons, for sure. That being said, you can't win a war, if each battle is won only for the right reasons. Do whatever it takes to shutdown bad businesses. You might save only 1 life, but at least you put in effort and successfully saved a life.

Jews will never speak to themselves like you did. They will always guilt trip the Germans to win every battle.",,1586735162,{},fn86uth,False,t3_fzx5nb,False,True,t1_fn72dtl,/r/Conservative/comments/fzx5nb/report_appeals_court_reinstates_texas_abortion_ban/fn86uth/,1586735165,1,True,False,Conservative,t5_2qh6p,0,[]
[],,aCreditGuru,,,"[{'e': 'text', 't': 'Conservative'}]",,Conservative,dark,richtext,t2_63c2c,False,False,[],being home doesn't change my day to day life as I worked full time remote for the last decade. It has made me look into milling and things to with with 80% lowers though lol.,,1586735147,{},fn86twi,False,t3_g074ma,False,True,t1_fn85v9s,/r/Conservative/comments/g074ma/why_a_coronavirus_vaccine_could_take_way_longer/fn86twi/,1586735149,1,True,False,Conservative,t5_2qh6p,0,[]
[],,tjsoul,,,[],,,,text,t2_4g86vw6t,False,False,[],Since when has the CCP ever given a damn about human life?,,1586735136,{},fn86t9p,False,t3_g004d0,False,True,t1_fn769h7,/r/Conservative/comments/g004d0/using_stats_for_politics/fn86t9p/,1586735138,1,True,False,Conservative,t5_2qh6p,0,[]
[],,PickleRick9594,,,[],,,,text,t2_562p74wq,False,False,[],You might wanna google that...,,1586735119,{},fn86s8u,False,t3_fzuya6,False,True,t1_fn865ia,/r/Conservative/comments/fzuya6/michigan_football_coach_jim_harbaugh_nothing_more/fn86s8u/,1586735121,1,True,False,Conservative,t5_2qh6p,0,[]
[],,baldylox,,,"[{'e': 'text', 't': 'Question Everything'}]",,Question Everything,dark,richtext,t2_7k0a7,False,False,[],"Thanks again, Obama! /s",,1586735118,{},fn86s6f,False,t3_fzwqe0,False,True,t1_fn6vwr9,/r/Conservative/comments/fzwqe0/wuhan_lab_was_performing_experiments_on_bats_from/fn86s6f/,1586735121,1,True,False,Conservative,t5_2qh6p,0,[]
[],,greent714,,,[],,,,text,t2_bjoo9,False,False,[],This didn’t age well. Rip Bakersfield,,1586735111,{},fn86rsh,False,t3_fzngfj,False,True,t3_fzngfj,/r/Conservative/comments/fzngfj/mmmmmmmm/fn86rsh/,1586735113,1,True,False,Conservative,t5_2qh6p,0,[]
[],,BuddhaPunch1,,,[],,,,text,t2_54jrnevo,False,False,[],"Thanks. It shows a high recovery in a large cohort, but I don't see anything about having a control group to compare that against. I wouldn't use this as a true study without that comparison available.",,1586735097,{},fn86qxn,False,t3_g051sw,False,True,t1_fn85p7w,/r/Conservative/comments/g051sw/1000_cured_third_french_study_affirms_hcq_is/fn86qxn/,1586735099,1,True,False,Conservative,t5_2qh6p,0,[]
[],,tjsoul,,,[],,,,text,t2_4g86vw6t,False,False,[],"Just saw some mouth breather over in r/politics lamenting about how the US ""global reputation has sunken to an all time low because of Trump's Coronavirus response!!!!"" 

Lmao, most other countries have always hated us anyway and demanded that we constantly apologize just for existing. We're basically the great Satan to the majority of the world cause it bruises their egos to know that we're more successful than them at just about everything. Why would this year be any different? I'm definitely looking for a way to and gleefully await the day that I can stop getting ""trending"" notifications from that sub, I can't even stand to read their headlines.",,1586735085,{},fn86qag,False,t3_g004d0,False,True,t3_g004d0,/r/Conservative/comments/g004d0/using_stats_for_politics/fn86qag/,1586735087,1,True,False,Conservative,t5_2qh6p,0,[]
[],,aCreditGuru,,,"[{'e': 'text', 't': 'Conservative'}]",,Conservative,dark,richtext,t2_63c2c,False,False,[],[No it's not really all the same process](https://www.the-scientist.com/news-opinion/newer-vaccine-technologies-deployed-to-develop-covid-19-shot-67152). There have been different processes and advancements.,,1586735084,{},fn86q6l,False,t3_g074ma,False,True,t1_fn865o6,/r/Conservative/comments/g074ma/why_a_coronavirus_vaccine_could_take_way_longer/fn86q6l/,1586735085,1,True,False,Conservative,t5_2qh6p,0,[]
[],,Rftranstv,,,[],,,,text,t2_30zqgb3p,False,False,[],"Oh shit yeah...I got sick in like December with something I never got before. At first thought it was just my yearly cold, but then it got a bit worse. I took a couple days off work it was kinda rough but nothing like that had me worried. Couple people at work had same thing, rough but nothing too worrisome. Makes me wonder you know?",,1586735083,{},fn86q69,False,t3_g059my,False,True,t1_fn7tmnd,/r/Conservative/comments/g059my/la_times_reporting_coronavirus_may_have_already/fn86q69/,1586735085,1,True,False,Conservative,t5_2qh6p,0,[]
[],,NotPragerU,,,[],,,,text,t2_4mvzqtbc,False,False,[],"LOL

How am 2 weeks behind?

This article was published 3 days ago. About one study. In Germany.

And it's not even complete yet.

Preliminary results on a group of 500 people is hardly representative of global population.",,1586735063,{},fn86oz1,True,t3_fzzqcv,False,True,t1_fn7szwd,/r/Conservative/comments/fzzqcv/united_states_coronavirus_537356_cases_and_21435/fn86oz1/,1586735065,1,True,False,Conservative,t5_2qh6p,0,[]
[],,hopefulbread,,,[],,,,text,t2_1ppw46vo,False,False,[],"I'm sorry, but that's just feels like a stretch to me. And communism itself isn't evil. Whether you think it's a system that doesn't work or not, doesn't make it some spawn of a devil, it's just an ideology that didn't work.",,1586735063,{},fn86oyo,False,t3_g06unv,False,True,t1_fn86dk8,/r/Conservative/comments/g06unv/todays_face_of_reddit_is_dirty_commie_propaganda/fn86oyo/,1586735065,1,True,False,Conservative,t5_2qh6p,0,[]
[],,Doctor-Jan-Itor,,,"[{'e': 'text', 't': 'Ron Paul Conservative'}]",,Ron Paul Conservative,dark,richtext,t2_4y0h0h99,False,False,[],"Take it as if a quote from Che Guevara said something like, “be nice to others” or something. It’s pretty hard to uncouple the quote from the rest of what that person believed.",,1586735013,{},fn86m32,False,t3_g06unv,False,True,t1_fn86a5o,/r/Conservative/comments/g06unv/todays_face_of_reddit_is_dirty_commie_propaganda/fn86m32/,1586735014,1,True,False,Conservative,t5_2qh6p,0,[]
[],,Humptythe21st,,,"[{'e': 'text', 't': 'Conservative'}]",,Conservative,dark,richtext,t2_8gdz48w,False,False,[],I'm guessing it was on the bottom of the compass areas.,,1586734981,{},fn86k6k,False,t3_fzvg80,False,True,t1_fn6vx3e,/r/Conservative/comments/fzvg80/despite_quarantine_chicago_records_most_violent/fn86k6k/,1586734982,1,True,False,Conservative,t5_2qh6p,0,[]
[],,tathougies,,,[],,,,text,t2_cfv3e,False,False,[],"Yeah, they are relying on (1) their media being complicit and (2) the American (and other foreign) media being so hell-bent on showing how wonderful the Nordic countries are compared to America that they would never dare report any negative news about them.",,1586734971,{},fn86jm3,False,t3_g0458c,False,True,t1_fn86cpp,/r/Conservative/comments/g0458c/sweden_and_brazil_kept_their_economies_open/fn86jm3/,1586734972,1,True,False,Conservative,t5_2qh6p,0,[]
[],,aCreditGuru,,,"[{'e': 'text', 't': 'Conservative'}]",,Conservative,dark,richtext,t2_63c2c,False,False,[],"I suspect we're going to have a few things coming up in short order which help us get back to work. First, I expect we'll have information on some of the symptom mitigation like various drug cocktails and convalescent plasma in a week or two. If that is significant I'd expect us alter our lock down procedures to mainly tell those in a high risk group (&gt;50, males especially, people with preexisting conditions which put them at higher risk) to remain socially isolated. Secondly, in two to three weeks I expect we might have some statistically significant antibody test results to know how close we are to herd immunity (80%). 

That's just how I see the short term way out. Long term way out is going to be the vaccine",,1586734950,{},fn86idx,False,t3_g074ma,False,True,t1_fn85go3,/r/Conservative/comments/g074ma/why_a_coronavirus_vaccine_could_take_way_longer/fn86idx/,1586734952,1,True,False,Conservative,t5_2qh6p,0,[]
[],,DistantElephant,,,[],,,,text,t2_4w9vbvvd,False,False,[],Except the us has 560000 cases not 60000,,1586734911,{},fn86g3f,False,t3_g004d0,False,True,t3_g004d0,/r/Conservative/comments/g004d0/using_stats_for_politics/fn86g3f/,1586734913,1,True,False,Conservative,t5_2qh6p,0,[]
[],,MET1,,,"[{'e': 'text', 't': 'Constitutional Conservative'}]",,Constitutional Conservative,dark,richtext,t2_4empz,False,False,[],"193 absentee ballots altered should mean 193 felony charges. And the assertion that the election results were not affected and the numbers reported are correct is laughable. If 193 absentee ballots were altered the totals for the election are in question. I realize that if the winner won by more than the total number of absentee ballots the end result is not changed, but that is not the point.",,1586734890,{},fn86esv,False,t3_g05upm,False,True,t3_g05upm,/r/Conservative/comments/g05upm/breaking_michigan_city_clerk_charged_with_6/fn86esv/,1586734892,1,True,False,Conservative,t5_2qh6p,0,[]
[],,Humptythe21st,,,"[{'e': 'text', 't': 'Conservative'}]",,Conservative,dark,richtext,t2_8gdz48w,False,False,[],"Because people can't accept basic human nature. If someone does the same crime twice and is out on theff streets, guess what? They ate going to donut again
 
Every time you release a criminal without charging them you are most likely doubling crime. 

If someone robs are store because they are hungry find a way to feed them. If someone robs for drugs get them medical help. If someone shoots someone cause they weren't nice to them put them away for a long time.",,1586734885,{},fn86eg1,False,t3_fzvg80,False,True,t1_fn6wyfa,/r/Conservative/comments/fzvg80/despite_quarantine_chicago_records_most_violent/fn86eg1/,1586734886,1,True,False,Conservative,t5_2qh6p,0,[]
[],,Grokilicious,,,"[{'e': 'text', 't': 'Classical Liberal'}]",,Classical Liberal,dark,richtext,t2_30tz8iln,False,False,[],"Ironically, and please understand I mean that, they may have been correct but didn't know it, lol. 

There will be strong theory in the post-mortem period that social distancing elongated the curve instead of flattening it quickly by slowing the growth of herd immunity.

Once many millions have been tested for antibodies we might find much higher infection rates but asymptomatic prevalence. The theory for herd immunity is take the at risk and shelter them but let the broader population, including children, get sick and develop antibodies.

I suspect it will be a really interesting battle within epidemiology.",,1586734871,{},fn86dli,False,t3_fzv2un,False,True,t1_fn6e2ax,/r/Conservative/comments/fzv2un/former_obama_cdc_director_says_ny_death_toll/fn86dli/,1586734872,1,True,False,Conservative,t5_2qh6p,0,[]
[],,Doctor-Jan-Itor,,,"[{'e': 'text', 't': 'Ron Paul Conservative'}]",,Ron Paul Conservative,dark,richtext,t2_4y0h0h99,False,False,[],"Gagarin was a Soviet Cosmonaut who also served as deputy of the Soviet Union. The statement alone is nice, but when coupled with communism in which it is rooted makes it feel like propaganda.",,1586734870,{},fn86dk8,False,t3_g06unv,False,True,t1_fn85d9t,/r/Conservative/comments/g06unv/todays_face_of_reddit_is_dirty_commie_propaganda/fn86dk8/,1586734872,1,True,False,Conservative,t5_2qh6p,0,[]
[],,makebadposts,,,[],,,,text,t2_m93j3u8,False,False,[],Seems pretty unlikely.,,1586734865,{},fn86d9d,False,t3_g045ik,False,True,t1_fn7q75j,/r/Conservative/comments/g045ik/explosive_report_wuhan_biolab_captured_bats_from/fn86d9d/,1586734867,1,True,False,Conservative,t5_2qh6p,0,[]
[],,bladefist2,,,"[{'e': 'text', 't': 'To conserve is to protect'}]",,To conserve is to protect,dark,richtext,t2_kgv75x4,False,False,[],Not necessarily to observe whether a drug is effective on an individual you can only use him as a control read up on paired tests you will understand. This is a very common type of experiment however it is not double blind.,,1586734856,{},fn86crh,False,t3_g051sw,False,True,t1_fn839rr,/r/Conservative/comments/g051sw/1000_cured_third_french_study_affirms_hcq_is/fn86crh/,1586734858,1,True,False,Conservative,t5_2qh6p,0,[]
[],,NinjaNerd99,,,"[{'e': 'text', 't': 'Traditionalist'}]",,Traditionalist,dark,richtext,t2_3q2if1nv,False,False,[],That's what I thought.  Doing the full on let the old people die for herd immunity is going to require a cover up so the country's leadership doesn't get kicked out office.,,1586734855,{},fn86cpp,False,t3_g0458c,False,True,t1_fn869pu,/r/Conservative/comments/g0458c/sweden_and_brazil_kept_their_economies_open/fn86cpp/,1586734857,1,True,False,Conservative,t5_2qh6p,0,[]
