all_awardings,associated_award,author,author_flair_background_color,author_flair_css_class,author_flair_richtext,author_flair_template_id,author_flair_text,author_flair_text_color,author_flair_type,author_fullname,author_patreon_flair,author_premium,awarders,body,collapsed_because_crowd_control,created_utc,gildings,id,is_submitter,link_id,locked,no_follow,parent_id,permalink,retrieved_on,score,send_replies,steward_reports,stickied,subreddit,subreddit_id,total_awards_received
[],,Phat3lvis,,,[],,,,text,t2_15yty3,False,True,[],"The funny part is how indignant they are about how the Senate will handle the impeachment, yet this all happened before with Clinton.  

Whataboutsim = Don't point out my hypocrisy.",,1579638912,{},ff70wt0,False,t3_erwy92,False,True,t3_erwy92,/r/Conservative/comments/erwy92/if_you_cant_beat_em/ff70wt0/,1579638943,1,True,[],False,Conservative,t5_2qh6p,0
[],,[deleted],,,,,,dark,,,,,[],[removed],,1579638903,{},ff70wbh,False,t3_ertuoq,False,True,t3_ertuoq,/r/Conservative/comments/ertuoq/i_have_a_black_friend_so_i_am_allowed_to_speak/ff70wbh/,1579638936,1,True,[],False,Conservative,t5_2qh6p,0
[],,Trying_to_be_better2,,,"[{'e': 'text', 't': 'Promises Kept'}]",,Promises Kept,dark,richtext,t2_3i57d7t6,False,False,[],"Haha, except AOC does not seem to know any big words unless she is speaking from a script.  Everytime she goes off script she can barely speak a coherent sentence.",,1579638885,{},ff70v8d,False,t3_erxy9n,False,True,t1_ff6xn0r,/r/Conservative/comments/erxy9n/aoc_no_one_ever_makes_a_billion_dollars_you_take/ff70v8d/,1579638917,1,True,[],False,Conservative,t5_2qh6p,0
[],,usesbiggerwords,,,[],,,,text,t2_13zzfm8z,False,False,[],"[Laffer curve](https://en.m.wikipedia.org/wiki/Laffer_curve)

The basic idea is there is a relationship between tax rates and tax revenue. As you increase tax rates you increase tax revenue, until you reach a maximum, at which point revenues start to go down as tax rates go up. This is due to people avoiding paying taxes, by both legal and illegal means, and the higher the rates go, the more people will do what they can to avoid paying taxes.",,1579638883,{},ff70v36,False,t3_erydck,False,True,t1_ff6zen6,/r/Conservative/comments/erydck/cbo_gop_tax_cuts_in_place_revenue_is_up/ff70v36/,1579638915,1,True,[],False,Conservative,t5_2qh6p,0
[],,SgtFraggleRock,,,"[{'e': 'text', 't': 'Sgt Conservative'}]",,Sgt Conservative,dark,richtext,t2_1ho7udul,False,False,[],"I don't trust the media, especially about tennis. 

The idiots tried to claim Serena Williams could beat any male tennis player when she couldn't even beat number 203.

[https://www.mid-day.com/articles/serena-williams-admits-couldnt-beat-any-man-in-top-100/87305](https://www.mid-day.com/articles/serena-williams-admits-couldnt-beat-any-man-in-top-100/87305)",,1579638834,{},ff70s84,False,t3_erwmhj,False,True,t1_ff6zdkh,/r/Conservative/comments/erwmhj/more_sexism/ff70s84/,1579638869,1,True,[],False,Conservative,t5_2qh6p,0
[],,Notlikeotherguys,,,[],,,,text,t2_3ykn3mke,False,False,[],This from the woman that reminds every man of his ex wife.,,1579638828,{},ff70rtn,False,t3_ervy22,False,True,t3_ervy22,/r/Conservative/comments/ervy22/nobody_likes_sanders_nobody_wants_to_work_with/ff70rtn/,1579638863,1,True,[],False,Conservative,t5_2qh6p,0
[],,GlumImprovement,,,"[{'e': 'text', 't': 'New Right'}]",,New Right,dark,richtext,t2_407lrwcz,False,False,[],"&gt; I mean it's literally just one guy in this case.

But since it's not an isolated case (it's the second on that *Veritas* has gotten, and they're only one outlet) this is irrelevant.

Besides, ain't y'all the ones saying ""in a room with 10 people and one of them's a Nazi you have 10 Nazis""?  Well this ain't *one* violent communist, we've got multiple working for Bernie (who aren't getting fired as soon as they get outed, showing their views are supported).",,1579638820,{},ff70rd2,False,t3_ervz28,False,True,t1_ff6d561,/r/Conservative/comments/ervz28/im_ready_for_the_fking_revolution_guillotine_the/ff70rd2/,1579638856,1,True,[],False,Conservative,t5_2qh6p,0
[],,Notlikeotherguys,,,[],,,,text,t2_3ykn3mke,False,False,[],With a Right wing Totolitarian dictator (Napoleon),,1579638766,{},ff70o28,False,t3_ervz28,False,True,t1_ff67hsx,/r/Conservative/comments/ervz28/im_ready_for_the_fking_revolution_guillotine_the/ff70o28/,1579638802,1,True,[],False,Conservative,t5_2qh6p,0
[],,Cit_the_bed,,,"[{'e': 'text', 't': 'God and Liberty'}]",,God and Liberty,dark,richtext,t2_294ge61p,False,False,[],We need to just cut some deal with the chinese to take all the dissidents vs them executing them.,,1579638765,{},ff70nyc,False,t3_erwip0,False,True,t1_ff6kwjd,/r/Conservative/comments/erwip0/injustice_anywhere_is_a_threat_to_justice/ff70nyc/,1579638801,1,True,[],False,Conservative,t5_2qh6p,0
[],,FelixFuckfurter,,,"[{'e': 'text', 't': 'Sowell Patrol'}]",,Sowell Patrol,dark,richtext,t2_nqw4d,False,True,[],Satire.,,1579638661,{},ff70hj3,False,t3_es09hn,False,True,t1_ff6z70j,/r/Conservative/comments/es09hn/democrats_trying_to_pass_a_bill_making_cellphones/ff70hj3/,1579638696,1,True,[],False,Conservative,t5_2qh6p,0
[],,XXMAVR1KXX,,,"[{'e': 'text', 't': 'Conservative'}]",,Conservative,dark,richtext,t2_f0qsq,False,False,[],"Yes.

This isnt a easy fix.

Extremely complicated and there is so many angles to consider.",,1579638646,{},ff70gil,False,t3_ert40n,False,True,t1_ff6yqpi,/r/Conservative/comments/ert40n/aoc_declares_democrats_a_centerconservative_party/ff70gil/,1579638679,1,True,[],False,Conservative,t5_2qh6p,0
[],,otakuon,,,"[{'e': 'text', 't': 'Conservative'}]",,Conservative,dark,richtext,t2_14ljzj,False,False,[],"Patterns equal consistencies.  Gonna get harder to claim that these are just the thoughts of a few ""fringe"" supporters when there is more and more evidence that this is what most of them think.",,1579638644,{},ff70ge6,False,t3_ervz28,False,True,t3_ervz28,/r/Conservative/comments/ervz28/im_ready_for_the_fking_revolution_guillotine_the/ff70ge6/,1579638677,1,True,[],False,Conservative,t5_2qh6p,0
[],,eerzaa,,,[],,,,text,t2_32qp05fm,False,False,[],"Quick summary of my revolutions education while attending school.

-American: Tea, harbor, taxes, something something racism and genocide of natives.

-French: Rich people bad. Citizens sad. Guillotine rad.

-Russian: Screw that Rasputin guy right? Rich people bad pt.2 and let's play game of thrones with Leo, Vlad and Joey. Or just ignore this one cause the left looks kinda....well.....like the left.",,1579638631,{},ff70fml,False,t3_ervz28,False,True,t1_ff6ym4k,/r/Conservative/comments/ervz28/im_ready_for_the_fking_revolution_guillotine_the/ff70fml/,1579638666,1,True,[],False,Conservative,t5_2qh6p,0
[],,MinorityPrivilege,,,[],,,,text,t2_1ixx8lqw,False,False,[],Yes,,1579638624,{},ff70f6u,False,t3_ermanf,False,True,t1_ff67oam,/r/Conservative/comments/ermanf/fyi/ff70f6u/,1579638659,1,True,[],False,Conservative,t5_2qh6p,0
[],,[deleted],,,,,,dark,,,,,[],[removed],,1579638601,{},ff70dp3,False,t3_eryq4k,False,True,t1_ff6za5m,/r/Conservative/comments/eryq4k/how_it_seems_vs_reality/ff70dp3/,1579638636,1,True,[],False,Conservative,t5_2qh6p,0
[],,GlumImprovement,,,"[{'e': 'text', 't': 'New Right'}]",,New Right,dark,richtext,t2_407lrwcz,False,False,[],Welcome to the results of letting the Long March proceed unimpeded.  Shutting down McCarthy was a mistake.,,1579638587,{},ff70cs9,False,t3_ervz28,False,True,t1_ff6e9wu,/r/Conservative/comments/ervz28/im_ready_for_the_fking_revolution_guillotine_the/ff70cs9/,1579638621,1,True,[],False,Conservative,t5_2qh6p,0
[],,SgtFraggleRock,,,"[{'e': 'text', 't': 'Sgt Conservative'}]",,Sgt Conservative,dark,richtext,t2_1ho7udul,False,False,[],"Yes.  I notice dhow everyone suddenly stopped worshiping Greta Thunberg when she wanted to start putting people ""up against the wall"".

Oh, wait...

Democrats still bow before the racist, anti-semitic Al Sharpton.  He has his own TV on a major news channel.  Twitter continues to allow the anti-semitic Louis Farrkhan to spew hate on Twitter.

Bill Maher is fist-bumping Nancy Pelosi over the ""serious and grave"" (her words) impeachment.

Warren wants to take people's property, not tax their income, their **property**.  A government policy that would systematically destroy the US economy.

There are no serious people on the left.",,1579638561,{},ff70b80,False,t3_ervz28,False,True,t1_ff6z7lz,/r/Conservative/comments/ervz28/im_ready_for_the_fking_revolution_guillotine_the/ff70b80/,1579638595,1,True,[],False,Conservative,t5_2qh6p,0
[],,RoboNinjaPirate,,,"[{'e': 'text', 't': 'Conservative'}]",,Conservative,dark,richtext,t2_5mfau,False,False,[],"People with skills in physics and math tend to have competitive salaries outside of academia. The ones that remain in academia are choosing to do so, and likely sacrificing some pay to do so.",,1579638546,{},ff70aci,False,t3_ertu4q,False,True,t3_ertu4q,/r/Conservative/comments/ertu4q/lecturers_in_physics_and_maths_earn_less_on/ff70aci/,1579638580,1,True,[],False,Conservative,t5_2qh6p,0
[],,S1000HD,,,[],,,,text,t2_40ul9nvp,False,False,[],Yup. Stupid ass libs.,,1579638537,{},ff709qw,False,t3_erz0ma,False,True,t3_erz0ma,/r/Conservative/comments/erz0ma/trumps_impeachment_trial_will_only_make_us_hate/ff709qw/,1579638569,1,True,[],False,Conservative,t5_2qh6p,0
[],,SaiHottari,,,"[{'e': 'text', 't': 'Libertarian Conservative'}]",,Libertarian Conservative,dark,richtext,t2_6scxf,False,False,[],"Seems rational to me. They're using the American flag as a symbol of the freedom they are fighting for, so this guy is using their flag as a symbol of what he's willing to do. Hong Kong is fighting for their freedom, same as we should always do.",,1579638532,{},ff709fd,False,t3_erwip0,False,True,t1_ff6hp8m,/r/Conservative/comments/erwip0/injustice_anywhere_is_a_threat_to_justice/ff709fd/,1579638563,1,True,[],False,Conservative,t5_2qh6p,0
[],,ltdshred,,Conservative,"[{'e': 'text', 't': 'Conservative'}]",421b644c-8b38-11e1-bc5f-12313d18ad57,Conservative,dark,richtext,t2_7zk77,False,False,[],"&gt; I'm just trying to stir up discussion about what exactly is wrong with modern politics.

Not really, you're trying to troll and we've had this discussion millions of times with liberals.  Namely because of this loaded question:

&gt; why are you letting a racist represent you?

Ok, let me try: at what time did you stop beating your girlfriend?",,1579638509,{},ff7082p,False,t3_ertoy7,False,True,t1_ff6prs6,/r/Conservative/comments/ertoy7/virginia_black_woman_at_gun_rights_rally_says_she/ff7082p/,1579638543,1,True,[],False,Conservative,t5_2qh6p,0
[],,Beercorn1,,,"[{'e': 'text', 't': 'Christian Apologetic'}]",,Christian Apologetic,dark,richtext,t2_11drap,False,True,[],"So you understand that their problem with abortion is that they see it as a form of murder, right?

If so, then don't you see how ""Let people have abortions because it doesn't affect you."" is nonsensical as a counter-point?",,1579638509,{},ff70829,False,t3_erdg19,False,True,t1_ff6zqzd,/r/Conservative/comments/erdg19/national_march_for_life_january_2224_2020/ff70829/,1579638542,1,True,[],False,Conservative,t5_2qh6p,0
[],,[deleted],,,,,,dark,,,,,[],[removed],,1579638504,{},ff707qc,False,t3_eryq4k,False,True,t3_eryq4k,/r/Conservative/comments/eryq4k/how_it_seems_vs_reality/ff707qc/,1579638536,1,True,[],False,Conservative,t5_2qh6p,0
[],,madamechowder,,,[],,,,text,t2_50tlvrfz,False,False,[],"James okeefe is just shouting at nothing tho

The conservatives in charge wont do anything

Because the leaders of the GOP are just Democrats whoo a bit more paid off by lobbyists than your average Democrat..


we never going to see any of those things. We're never going to see national concealed carry we never going to see voter ID we're never going to see term limits we're never going to see any action taken against any Democrats. because there's only one party. There's the Democrat party and then the Democrats subgroup called Republicans..

if we had a real party we be fighting back against the Democrats. And said we have an old dinosaur party that secretly supports the Democrats. Including many of the voters. Judging by the fact that they really against fighting back against Democrats more than they go against anything else in the count",,1579638503,{},ff707ou,False,t3_ervz28,False,True,t1_ff6ef5m,/r/Conservative/comments/ervz28/im_ready_for_the_fking_revolution_guillotine_the/ff707ou/,1579638536,1,True,[],False,Conservative,t5_2qh6p,0
[],,mpyles10,,,"[{'e': 'text', 't': 'Conservative'}]",,Conservative,dark,richtext,t2_rygd3,False,True,[],"So I take it you don’t have any qualifications for her...

But hey I’ve never been to need school but it’s okay for me to perform surgery on someone because I have a dream of being a surgeon right? She’s a dumbass. Her ideas are shot down by professionals as ridiculous. If you picked up a history book you’d see the policies she wants to push have all been attended and failed miserably. But hey she had a dream of being in congress so it’s okay. She just doesn’t know any better and we should be okay with her staying there lol",,1579638492,{},ff706zo,False,t3_ert40n,False,True,t1_ff6yfha,/r/Conservative/comments/ert40n/aoc_declares_democrats_a_centerconservative_party/ff706zo/,1579638525,1,True,[],False,Conservative,t5_2qh6p,0
[],,otakuon,,,"[{'e': 'text', 't': 'Conservative'}]",,Conservative,dark,richtext,t2_14ljzj,False,False,[],There goes VDH spouting off a bunch of common sense again.,,1579638478,{},ff7063r,False,t3_ervzps,False,True,t3_ervzps,/r/Conservative/comments/ervzps/progressive_petards_when_the_left_has_to_live/ff7063r/,1579638511,1,True,[],False,Conservative,t5_2qh6p,0
[],,IBiteYou,,First Principles,"[{'e': 'text', 't': 'Yeah you know me!'}]",40288940-e075-11e9-aba8-0ebfd75a6918,Yeah you know me!,dark,richtext,t2_8is6t,False,True,[],https://www.investors.com/politics/editorials/pew-research-center-study-shows-that-democrats-have-shifted-to-the-extreme-left/,,1579638473,{},ff705s1,False,t3_eryq4k,False,True,t1_ff6z1wi,/r/Conservative/comments/eryq4k/how_it_seems_vs_reality/ff705s1/,1579638505,1,True,[],False,Conservative,t5_2qh6p,0
[],,[deleted],,,,,,dark,,,,,[],[removed],,1579638450,{},ff704co,False,t3_ery599,False,True,t1_ff6m065,/r/Conservative/comments/ery599/scientists_predicted_glacier_parks_glaciers_would/ff704co/,1579638480,1,True,[],False,Conservative,t5_2qh6p,0
[],,hit_backspace,,,"[{'e': 'text', 't': 'Conservative'}]",,Conservative,dark,richtext,t2_1f3iz04g,False,False,[],People who are able to safely handle a firearm tend to be responsible and mature.,,1579638442,{},ff703v7,False,t3_ertuoq,False,True,t1_ff67o3y,/r/Conservative/comments/ertuoq/i_have_a_black_friend_so_i_am_allowed_to_speak/ff703v7/,1579638473,1,True,[],False,Conservative,t5_2qh6p,0
[],,IBiteYou,,First Principles,"[{'e': 'text', 't': 'Yeah you know me!'}]",40288940-e075-11e9-aba8-0ebfd75a6918,Yeah you know me!,dark,richtext,t2_8is6t,False,True,[],"Gaslighting.

You know that thing that the left accuses the RIGHT of doing?  It's what they do best.",,1579638421,{},ff702jo,False,t3_eryq4k,False,True,t1_ff6xdxj,/r/Conservative/comments/eryq4k/how_it_seems_vs_reality/ff702jo/,1579638450,1,True,[],False,Conservative,t5_2qh6p,0
[],,[deleted],,,,,,dark,,,,,[],[removed],,1579638414,{},ff7023i,False,t3_ertuoq,False,True,t1_ff6qfw9,/r/Conservative/comments/ertuoq/i_have_a_black_friend_so_i_am_allowed_to_speak/ff7023i/,1579638443,1,True,[],False,Conservative,t5_2qh6p,0
[],,Yosoff,,Libertarian,"[{'e': 'text', 't': 'First Principles'}]",771ee808-8b38-11e1-8706-12313d096aae,First Principles,dark,richtext,t2_7dkdw,False,True,[],You have to remember that the admins change the front page algorithm to make that impossible now.,,1579638378,{},ff6zzxs,False,t3_eryq4k,False,True,t1_ff6zc6v,/r/Conservative/comments/eryq4k/how_it_seems_vs_reality/ff6zzxs/,1579638410,1,True,[],False,Conservative,t5_2qh6p,0
[],,DapperZucchini2,,,[],,,,text,t2_3dyp5i2w,False,False,[],You have 10 month's Bee-ach.,,1579638377,{},ff6zzuq,False,t3_ervjns,False,True,t3_ervjns,/r/Conservative/comments/ervjns/maxine_waters_reveals_democrats_impeachment/ff6zzuq/,1579638408,1,True,[],False,Conservative,t5_2qh6p,0
[],,[deleted],,,,,,dark,,,,,[],[removed],,1579638376,{},ff6zzr9,False,t3_ernnyx,False,True,t1_ff5f54m,/r/Conservative/comments/ernnyx/ouch/ff6zzr9/,1579638407,1,True,[],False,Conservative,t5_2qh6p,0
[],,[deleted],,,,,,dark,,,,,[],[removed],,1579638352,{},ff6zyay,False,t3_ertu4q,False,True,t1_ff6locw,/r/Conservative/comments/ertu4q/lecturers_in_physics_and_maths_earn_less_on/ff6zyay/,1579638382,1,True,[],False,Conservative,t5_2qh6p,0
[],,hit_backspace,,,"[{'e': 'text', 't': 'Conservative'}]",,Conservative,dark,richtext,t2_1f3iz04g,False,False,[],"Nah...it's not the people at the bottom holding the power. It's the people who indoctrinate these SJWs who hold all the power.

It's leftist media personalities, celebrities, elite democrats with the real power. They maintain their grip on their base with endless hatred towards dissenting groups.",,1579638346,{},ff6zxz6,False,t3_ertuoq,False,True,t1_ff64obx,/r/Conservative/comments/ertuoq/i_have_a_black_friend_so_i_am_allowed_to_speak/ff6zxz6/,1579638377,1,True,[],False,Conservative,t5_2qh6p,0
[],,[deleted],,,,,,dark,,,,,[],[removed],,1579638340,{},ff6zxmp,False,t3_ertuoq,False,True,t3_ertuoq,/r/Conservative/comments/ertuoq/i_have_a_black_friend_so_i_am_allowed_to_speak/ff6zxmp/,1579638372,1,True,[],False,Conservative,t5_2qh6p,0
[],,PressureMaxwell,,,"[{'e': 'text', 't': 'Constitution'}]",,Constitution,dark,richtext,t2_36kxgcgv,False,True,[],The left likes the word crisis too. Everything is a crisis lately.,,1579638298,{},ff6zuzl,False,t3_es06ny,False,True,t3_es06ny,/r/Conservative/comments/es06ny/romney_rips_democrats_for_impeachment_gripes_if/ff6zuzl/,1579638330,1,True,[],False,Conservative,t5_2qh6p,0
[],,SgtFraggleRock,,,"[{'e': 'text', 't': 'Sgt Conservative'}]",,Sgt Conservative,dark,richtext,t2_1ho7udul,False,False,[],"My mother works with the local women's shelters and the SANE program.

The things she has seen people do to vulnerable young girls make you just want start slitting throats.  They are systematically destroyed, then thrown away when they are no longer ""profitable"". 

And this isn't LA, this is the midwest.",,1579638287,{},ff6zucu,False,t3_erw9ex,False,True,t1_ff6zfrz,/r/Conservative/comments/erw9ex/when_will_the_metoo_movement_address_pornography/ff6zucu/,1579638320,1,True,[],False,Conservative,t5_2qh6p,0
[],,scatteredround,,,[],,,,text,t2_59gb9rf0,False,True,[],"Because they think a fetus, well before the point it is viable to live outside the womb counts as a life.",,1579638233,{},ff6zqzd,False,t3_erdg19,False,True,t1_ff6myck,/r/Conservative/comments/erdg19/national_march_for_life_january_2224_2020/ff6zqzd/,1579638263,1,True,[],False,Conservative,t5_2qh6p,0
[],,[deleted],,,,,,dark,,,,,[],[removed],,1579638227,{},ff6zqma,False,t3_ertuoq,False,True,t1_ff65u1x,/r/Conservative/comments/ertuoq/i_have_a_black_friend_so_i_am_allowed_to_speak/ff6zqma/,1579638257,1,True,[],False,Conservative,t5_2qh6p,0
[],,otakuon,,,"[{'e': 'text', 't': 'Conservative'}]",,Conservative,dark,richtext,t2_14ljzj,False,False,[],Hum...so maybe this Documentary is less about propping up Hillary Clinton and is more of a calculated hit against Sanders by the DNC because they still know that he is un-electable and are doing whatever they can to make sure he doesn't win the primary.,,1579638214,{},ff6zps6,False,t3_erw5tw,False,True,t3_erw5tw,/r/Conservative/comments/erw5tw/hillary_clinton_unleashes_on_bernie_sanders_in/ff6zps6/,1579638243,1,True,[],False,Conservative,t5_2qh6p,0
[],,Yosoff,,Libertarian,"[{'e': 'text', 't': 'First Principles'}]",771ee808-8b38-11e1-8706-12313d096aae,First Principles,dark,richtext,t2_7dkdw,False,True,[],Which ever side gets him the most attention.,,1579638214,{},ff6zpqx,False,t3_es06ny,False,True,t1_ff6zcje,/r/Conservative/comments/es06ny/romney_rips_democrats_for_impeachment_gripes_if/ff6zpqx/,1579638243,1,True,[],False,Conservative,t5_2qh6p,0
[],,usesbiggerwords,,,[],,,,text,t2_13zzfm8z,False,False,[],"They have nothing to replace it with. 5000 years of human civilization, you don't we didn't figure out what makes us tick, just to throw it all away in the last 50 because, why exactly? ""Don't tell me what to do?"" That's a five year old's attitude.",,1579638200,{},ff6zoxu,False,t3_eru5jn,False,True,t1_ff61683,/r/Conservative/comments/eru5jn/why_are_so_many_young_people_unhappy/ff6zoxu/,1579638231,1,True,[],False,Conservative,t5_2qh6p,0
[],,hit_backspace,,,"[{'e': 'text', 't': 'Conservative'}]",,Conservative,dark,richtext,t2_1f3iz04g,False,False,[],The liberal hivemind commands them to protest.,,1579638170,{},ff6zn2r,False,t3_ertuoq,False,True,t1_ff6yt20,/r/Conservative/comments/ertuoq/i_have_a_black_friend_so_i_am_allowed_to_speak/ff6zn2r/,1579638198,1,True,[],False,Conservative,t5_2qh6p,0
[],,[deleted],,,,,,dark,,,,,[],[removed],,1579638162,{},ff6zmkt,False,t3_ertuoq,False,True,t1_ff6y4s6,/r/Conservative/comments/ertuoq/i_have_a_black_friend_so_i_am_allowed_to_speak/ff6zmkt/,1579638190,1,True,[],False,Conservative,t5_2qh6p,0
[],,[deleted],,,,,,dark,,,,,[],[removed],,1579638122,{},ff6zk1v,False,t3_eruu95,False,True,t1_ff6wd0x,/r/Conservative/comments/eruu95/watch_trump_kicks_off_impeachment_week_by/ff6zk1v/,1579638149,1,True,[],False,Conservative,t5_2qh6p,0
[],,[deleted],,,,,,dark,,,,,[],[removed],,1579638117,{},ff6zjr3,False,t3_ertuoq,False,True,t3_ertuoq,/r/Conservative/comments/ertuoq/i_have_a_black_friend_so_i_am_allowed_to_speak/ff6zjr3/,1579638144,1,True,[],False,Conservative,t5_2qh6p,0
[],,cataraft,,,[],,,,text,t2_4m6a4e71,False,False,[],Good points,,1579638049,{},ff6zfrz,False,t3_erw9ex,False,True,t1_ff6wq01,/r/Conservative/comments/erw9ex/when_will_the_metoo_movement_address_pornography/ff6zfrz/,1579638079,1,True,[],False,Conservative,t5_2qh6p,0
[],,[deleted],,,,,,dark,,,,,[],[removed],,1579638049,{},ff6zfrf,False,t3_ertuoq,False,True,t1_ff62842,/r/Conservative/comments/ertuoq/i_have_a_black_friend_so_i_am_allowed_to_speak/ff6zfrf/,1579638079,1,True,[],False,Conservative,t5_2qh6p,0
[],,ltdshred,,Conservative,"[{'e': 'text', 't': 'Conservative'}]",421b644c-8b38-11e1-bc5f-12313d18ad57,Conservative,dark,richtext,t2_7zk77,False,False,[],"&gt; Rodgers, a strong supporter of the Second Amendment, said he filed the bill to make a point",,1579638049,{},ff6zfr5,False,t3_es09hn,False,True,t3_es09hn,/r/Conservative/comments/es09hn/democrats_trying_to_pass_a_bill_making_cellphones/ff6zfr5/,1579638079,1,True,[],False,Conservative,t5_2qh6p,0
[],,Thisisannoyingaf,,,[],,,,text,t2_2yuk4e6c,False,False,[],Can you explain this or share a link? I’ve never heard of this before.,,1579638032,{},ff6zen6,False,t3_erydck,False,True,t1_ff6z3m3,/r/Conservative/comments/erydck/cbo_gop_tax_cuts_in_place_revenue_is_up/ff6zen6/,1579638061,1,True,[],False,Conservative,t5_2qh6p,0
[],,soylent_absinthe,,,"[{'e': 'text', 't': '2A Conservative'}]",,2A Conservative,dark,richtext,t2_4wq14,False,False,[],"&gt; y'all

Thanks for your authentic hot take, typical redditor!",,1579638028,{},ff6zegk,False,t3_eruqw7,False,True,t1_ff66b3r,/r/Conservative/comments/eruqw7/narrative_fail_minorities_lgbt_community_women/ff6zegk/,1579638058,1,True,[],False,Conservative,t5_2qh6p,0
[],,TenFeetHigherPlz,,,[],,,,text,t2_2xpe7st3,False,False,[],Ok. And they mock how Trump drinks his water. Did that change your opinion of him?,,1579638014,{},ff6zdkh,False,t3_erwmhj,False,True,t1_ff6z3q8,/r/Conservative/comments/erwmhj/more_sexism/ff6zdkh/,1579638043,1,True,[],False,Conservative,t5_2qh6p,0
[],,[deleted],,,,,,dark,,,,,[],[removed],,1579638002,{},ff6zcv6,False,t3_ertuoq,False,True,t1_ff65u1x,/r/Conservative/comments/ertuoq/i_have_a_black_friend_so_i_am_allowed_to_speak/ff6zcv6/,1579638032,1,True,[],False,Conservative,t5_2qh6p,0
[],,ltdshred,,Conservative,"[{'e': 'text', 't': 'Conservative'}]",421b644c-8b38-11e1-bc5f-12313d18ad57,Conservative,dark,richtext,t2_7zk77,False,False,[],Which side is this guy on again?,,1579637997,{},ff6zcje,False,t3_es06ny,False,True,t3_es06ny,/r/Conservative/comments/es06ny/romney_rips_democrats_for_impeachment_gripes_if/ff6zcje/,1579638026,1,True,[],False,Conservative,t5_2qh6p,0
[],,[deleted],,,,,,dark,,,,,[],[removed],,1579637991,{},ff6zc6v,False,t3_eryq4k,False,True,t1_ff6udha,/r/Conservative/comments/eryq4k/how_it_seems_vs_reality/ff6zc6v/,1579638020,1,True,[],False,Conservative,t5_2qh6p,0
[],,otakuon,,,"[{'e': 'text', 't': 'Conservative'}]",,Conservative,dark,richtext,t2_14ljzj,False,False,[],"AOC is a byproduct of years of Cultural Marxism indoctrination in our schools.  The communists might have lost the Cold War, but if we don't stop this, they might win the long way of ideas.",,1579637976,{},ff6zb8h,False,t3_erwjxr,False,True,t1_ff69y9f,/r/Conservative/comments/erwjxr/aoc_demonizes_business_owners_theyre_lazy_slave/ff6zb8h/,1579638004,1,True,[],False,Conservative,t5_2qh6p,0
[],,[deleted],,,,,,dark,,,,,[],[removed],,1579637959,{},ff6za5m,False,t3_eryq4k,False,True,t1_ff6qg6g,/r/Conservative/comments/eryq4k/how_it_seems_vs_reality/ff6za5m/,1579637986,1,True,[],False,Conservative,t5_2qh6p,0
[],,excelsior2000,,,"[{'e': 'text', 't': 'Constitutional Conservative'}]",,Constitutional Conservative,dark,richtext,t2_4jim5c14,False,False,[],"Gun rally, fun rally, might as well be the same thing.",,1579637950,{},ff6z9jj,False,t3_ertuoq,False,True,t1_ff60lnt,/r/Conservative/comments/ertuoq/i_have_a_black_friend_so_i_am_allowed_to_speak/ff6z9jj/,1579637976,1,True,[],False,Conservative,t5_2qh6p,0
[],,fencethe900th,,,[],,,,text,t2_3ln6thy7,False,False,[],Ok. This is like the fifth time this has been posted. The person doing it is pro 2a and is doing it to prove a point. It's not serious. He says he wouldn't vote for it. It's fine.,,1579637947,{},ff6z9cu,False,t3_es09hn,False,True,t3_es09hn,/r/Conservative/comments/es09hn/democrats_trying_to_pass_a_bill_making_cellphones/ff6z9cu/,1579637973,1,True,[],False,Conservative,t5_2qh6p,0
[],,MyPhilosophersStoned,,,[],,,,text,t2_ojd5v,False,False,[],"I'm not a Bernie supporter, but if you think Bernie saying ""I don't support forcing Republicans into gulags and re-education camps"" would lose him votes, you have a very, very warped view of the left. The only confusion would be on what the fuck he's talking about because no one serious on the left would even consider this. The interviews in the article are of 2 wackos. 

I'm not trying to insult you or your concerns. But I am saying there is no meaningful number of leftists, liberals, Democrats, or whatever you want to call them who would support that absolutely insane idea.",,1579637918,{},ff6z7lz,False,t3_ervz28,False,True,t1_ff6wy1x,/r/Conservative/comments/ervz28/im_ready_for_the_fking_revolution_guillotine_the/ff6z7lz/,1579637944,1,True,[],False,Conservative,t5_2qh6p,0
[],,riggmislune,,,"[{'e': 'text', 't': 'Conservative'}]",,Conservative,dark,richtext,t2_148bar2t,False,False,[],"In terms of refugees specifically I agree the Netherlands (and many EU countries) are more lenient than the US. Ironically, even that small bit of immigration has ruffled feathers over there. 

That said, far more people come to the US through the “standard” immigration system. It looks like 80% of the Dutch population is ethnically Dutch - in the US any state where 80% of the population is ethnically European would be considered a very ‘white’ state. For reference, ethnic Europeans are a minority in most large states. What would the popular response  be if 30-40% of your population was Turkish or Moroccan, with many of them being in the country illegally?

The English requirement also has exemptions depending on age and duration of stay. 

I stand by my statement that anyone advocating for as flat a tax system or as onerous a non-refugee immigration system would be called a far right extremist. Heck just eliminating birthright citizenship qualifies someone as a “far right extremist” in the eyes of many. To be sure, almost any Dutch politician would be viewed as overall left wing in the US, but if they advocated to mirror the policies we discussed their advocacy of the specific policies we discussed would qualify them as far right.",,1579637917,{},ff6z7jt,False,t3_ert40n,False,True,t1_ff6udpr,/r/Conservative/comments/ert40n/aoc_declares_democrats_a_centerconservative_party/ff6z7jt/,1579637943,1,True,[],False,Conservative,t5_2qh6p,0
[],,datworkaccountdo,,,"[{'e': 'text', 't': 'Right Leaning Centrist ###'}]",,Right Leaning Centrist ###,dark,richtext,t2_hqhc6,False,False,[],"&gt;""I have no delusions that it’s going to pass. I wouldn’t probably vote for it myself,"" Rodgers told the paper.

Soooo what is the point.....?",,1579637909,{},ff6z70j,False,t3_es09hn,False,True,t3_es09hn,/r/Conservative/comments/es09hn/democrats_trying_to_pass_a_bill_making_cellphones/ff6z70j/,1579637935,1,True,[],False,Conservative,t5_2qh6p,0
[],,SgtFraggleRock,,,"[{'e': 'text', 't': 'Sgt Conservative'}]",,Sgt Conservative,dark,richtext,t2_1ho7udul,False,False,[],"And then the media mocks you for having trouble peeling a banana.

[https://ftw.usatoday.com/2018/01/australian-open-tennis-denis-shapovalov-peel-banana-video-coco-vandeweghe](https://ftw.usatoday.com/2018/01/australian-open-tennis-denis-shapovalov-peel-banana-video-coco-vandeweghe)",,1579637855,{},ff6z3q8,False,t3_erwmhj,False,True,t1_ff6y840,/r/Conservative/comments/erwmhj/more_sexism/ff6z3q8/,1579637881,1,True,[],False,Conservative,t5_2qh6p,0
[],,usesbiggerwords,,,[],,,,text,t2_13zzfm8z,False,False,[],"This just means we're still on the right hand side of the Laffer curve maximum. Taxes should be cut again, though less than the first time.",,1579637853,{},ff6z3m3,False,t3_erydck,False,True,t3_erydck,/r/Conservative/comments/erydck/cbo_gop_tax_cuts_in_place_revenue_is_up/ff6z3m3/,1579637880,1,True,[],False,Conservative,t5_2qh6p,0
[],,otakuon,,,"[{'e': 'text', 't': 'Conservative'}]",,Conservative,dark,richtext,t2_14ljzj,False,False,[],Scary thing is that most of Reddit talks and thinks just like she does.  Only comfort is that Reddit doesn't represent the political ideology of voters at large.,,1579637846,{},ff6z36h,False,t3_erwjxr,False,True,t1_ff6oflb,/r/Conservative/comments/erwjxr/aoc_demonizes_business_owners_theyre_lazy_slave/ff6z36h/,1579637873,1,True,[],False,Conservative,t5_2qh6p,0
[],,ProlyonToilet,,,[],,,,text,t2_1vzydhdj,False,False,[],We should just ban teenagers from getting hit by bullets.  My work here is done.,,1579637835,{},ff6z2ja,False,t3_ervjxs,False,True,t3_ervjxs,/r/Conservative/comments/ervjxs/anybody_care_another_teenager_among_3_dead_in/ff6z2ja/,1579637862,1,True,[],False,Conservative,t5_2qh6p,0
[],,Yosoff,,Libertarian,"[{'e': 'text', 't': 'First Principles'}]",771ee808-8b38-11e1-8706-12313d096aae,First Principles,dark,richtext,t2_7dkdw,False,True,[],"Obama and Hillary both also opposed same sex marriage.  Then just 3 years later Obama launched his reelection campaign and supported it.  Suddenly anyone who opposed same sex marriage was a bigoted out-of-tough dinosaur.

From mainstream Democrat position to hate speech in 3 years.

The left is charging further left at an insane pace.",,1579637825,{},ff6z1wi,False,t3_eryq4k,False,True,t1_ff6vso0,/r/Conservative/comments/eryq4k/how_it_seems_vs_reality/ff6z1wi/,1579637851,1,True,[],False,Conservative,t5_2qh6p,0
[],,GoGo443457,,,[],,,,text,t2_xc0p0,False,False,[],Please. He has never woken up before 10:30am in his life.,,1579637804,{},ff6z0lq,False,t3_erxy7x,False,True,t1_ff6uvxv,/r/Conservative/comments/erxy7x/expose2020_part_3_2nd_bernie_staffer_ill_straight/ff6z0lq/,1579637831,1,True,[],False,Conservative,t5_2qh6p,0
[],,excelsior2000,,,"[{'e': 'text', 't': 'Constitutional Conservative'}]",,Constitutional Conservative,dark,richtext,t2_4jim5c14,False,False,[],"It's the libs who are carrying the replacement sign, you absolute buffoons.",,1579637748,{},ff6yx4k,False,t3_ertuoq,False,True,t1_ff6d7x2,/r/Conservative/comments/ertuoq/i_have_a_black_friend_so_i_am_allowed_to_speak/ff6yx4k/,1579637775,1,True,[],False,Conservative,t5_2qh6p,0
[],,h4ppyp1LLs,,,[],,,,text,t2_7c9pt,False,False,[],I'm recovering from spine surgery and I can STILL beat the piss out of that twiggy piece of shit.,,1579637707,{},ff6yupv,False,t3_erxy7x,False,True,t3_erxy7x,/r/Conservative/comments/erxy7x/expose2020_part_3_2nd_bernie_staffer_ill_straight/ff6yupv/,1579637736,1,True,[],False,Conservative,t5_2qh6p,0
[],,excelsior2000,,,"[{'e': 'text', 't': 'Constitutional Conservative'}]",,Constitutional Conservative,dark,richtext,t2_4jim5c14,False,False,[],Toronto? Why is there even BLM up there? I thought it was American cops who have a murderboner for black people.,,1579637680,{},ff6yt20,False,t3_ertuoq,False,True,t1_ff62c2e,/r/Conservative/comments/ertuoq/i_have_a_black_friend_so_i_am_allowed_to_speak/ff6yt20/,1579637709,1,True,[],False,Conservative,t5_2qh6p,0
[],,RedBaronsBrother,,,"[{'e': 'text', 't': 'Conservative'}]",,Conservative,dark,richtext,t2_2n5itl1r,False,False,[],"...and currently, healthcare providers compensate for medicare/medicaid paying below the cost of care by charging insurance companies more for the same procedures.  If ALL care is compensated at rates below the cost of care, a bunch of providers are going out of business and the remainder will have to cut quality of care.",,1579637642,{},ff6yqpi,False,t3_ert40n,False,True,t1_ff6xyx7,/r/Conservative/comments/ert40n/aoc_declares_democrats_a_centerconservative_party/ff6yqpi/,1579637670,1,True,[],False,Conservative,t5_2qh6p,0
[],,Grond19,,,"[{'e': 'text', 't': 'America First'}]",,America First,dark,richtext,t2_s85z2,False,False,[],"Not really. These weapons already exist here and no amount of regulation will make them magically disappear. Plus, we have an insecure southern border with a virtually lawless nation, which is where much of our illegal drugs come from already.

And besides, it's ridiculous to use an extremely rare event to push a policy on every free American. Again, why was violence so less prevalent in the 1950s? Could it be that gun aren't the problem, but that maybe there are real societal problems that need to be addressed? Even without the tool, you just get violence in a new wrapper, see London and its frequent knife and acid attacks. And remember it is within an island nation, and without the massive amounts of guns we have in America already, so much easier to restrict the flow of weapons than here.",,1579637639,{},ff6yqkb,False,t3_erlew2,False,True,t1_ff6r5rw,/r/Conservative/comments/erlew2/this_guy/ff6yqkb/,1579637668,1,True,[],False,Conservative,t5_2qh6p,0
[],,[deleted],,,,,,dark,,,,,[],[removed],,1579637607,{},ff6yok8,False,t3_ertuoq,False,True,t1_ff6av6q,/r/Conservative/comments/ertuoq/i_have_a_black_friend_so_i_am_allowed_to_speak/ff6yok8/,1579637637,1,True,[],False,Conservative,t5_2qh6p,0
[],,searanger62,,,[],,,,text,t2_b6w3fhg,False,True,[],Good luck getting 18 year olds to vote for you then you dumb asses,,1579637582,{},ff6yn1d,False,t3_es09hn,False,True,t3_es09hn,/r/Conservative/comments/es09hn/democrats_trying_to_pass_a_bill_making_cellphones/ff6yn1d/,1579637613,2,True,[],False,Conservative,t5_2qh6p,0
[],,Joskald,,,[],,,,text,t2_kcpxp0,False,False,[],The irony is strong with this one.,,1579637579,{},ff6yms6,False,t3_ervug0,False,True,t3_ervug0,/r/Conservative/comments/ervug0/hillary_clinton_nobody_likes_bernie_sanders_he/ff6yms6/,1579637608,1,True,[],False,Conservative,t5_2qh6p,0
[],,otakuon,,,"[{'e': 'text', 't': 'Conservative'}]",,Conservative,dark,richtext,t2_14ljzj,False,False,[],"The fact that the Media isn't even talking about the rally now proves that they are pissed that it didn't go according to their predicted narrative, even though their friends on the Left tried to push it that way as hard as they can.

Who would of thought that law abiding gun owners who just want their rights to keep and bear bare arms to not be infringed upon would be so....law abiding? (hint:  Everyone but the Left and their pals in the MSM).",,1579637577,{},ff6ymoq,False,t3_erxbia,False,True,t3_erxbia,/r/Conservative/comments/erxbia/abc_nbc_invoke_charlottesville_violence_for/ff6ymoq/,1579637606,1,True,[],False,Conservative,t5_2qh6p,0
[],,TheLastBestHope,,,"[{'e': 'text', 't': 'Conservative'}]",,Conservative,dark,richtext,t2_ut9w3,False,False,[],They don't even teach the American revolution well.,,1579637568,{},ff6ym4k,False,t3_ervz28,False,True,t1_ff6e9wu,/r/Conservative/comments/ervz28/im_ready_for_the_fking_revolution_guillotine_the/ff6ym4k/,1579637598,1,True,[],False,Conservative,t5_2qh6p,0
[],,gumbolungs,,,[],,,,text,t2_2rd8pnk4,False,False,[],He’d get lynched in the 1950’s what’s his point lol,,1579637556,{},ff6yldx,False,t3_ernnyx,False,True,t3_ernnyx,/r/Conservative/comments/ernnyx/ouch/ff6yldx/,1579637587,1,True,[],False,Conservative,t5_2qh6p,0
[],,Junker-Jorg,,,[],,,,text,t2_15nk6l,False,True,[],"""The police are a bunch of racist fascists!""

also,

""The only people who should have guns are the police and military!""",,1579637550,{},ff6yl1l,False,t3_erm9k5,False,True,t3_erm9k5,/r/Conservative/comments/erm9k5/an_image_from_the_va_gun_rally_that_many_on_the/ff6yl1l/,1579637581,1,True,[],False,Conservative,t5_2qh6p,0
[],,excelsior2000,,,"[{'e': 'text', 't': 'Constitutional Conservative'}]",,Constitutional Conservative,dark,richtext,t2_4jim5c14,False,False,[],"Hi-Points work. They're fairly rugged, fairly accurate, and extremely inexpensive. Just because they look like an 8-year-old drew them doesnt make them awful. I'll take a Hi-Point over a TEC-9 if price is a factor.

Source: it was my second gun.",,1579637549,{},ff6ykze,False,t3_ertuoq,False,True,t1_ff65rth,/r/Conservative/comments/ertuoq/i_have_a_black_friend_so_i_am_allowed_to_speak/ff6ykze/,1579637580,1,True,[],False,Conservative,t5_2qh6p,0
[],,[deleted],,,,,,dark,,,,,[],[removed],,1579637502,{},ff6yi44,False,t3_ertuoq,False,True,t3_ertuoq,/r/Conservative/comments/ertuoq/i_have_a_black_friend_so_i_am_allowed_to_speak/ff6yi44/,1579637533,1,True,[],False,Conservative,t5_2qh6p,0
[],,SgtFraggleRock,,,"[{'e': 'text', 't': 'Sgt Conservative'}]",,Sgt Conservative,dark,richtext,t2_1ho7udul,False,False,[],"I know why I am depressed.

Incompetent, talentless, leftist hacks have ruined my Doctor Who, Star Wars, Star Trek, comics in general, the last 2 seasons of Game of Thrones, Watchmen (and I even liked the movie), and have started getting their tendrils into my video games.",,1579637484,{},ff6ygzt,False,t3_ervv33,False,True,t3_ervv33,/r/Conservative/comments/ervv33/why_are_so_many_young_people_unhappy_the_list/ff6ygzt/,1579637514,1,True,[],False,Conservative,t5_2qh6p,0
[],,XXMAVR1KXX,,,"[{'e': 'text', 't': 'Conservative'}]",,Conservative,dark,richtext,t2_f0qsq,False,False,[],"And that ""he was calling nazis fine people"" lie is still used today. By the media, by politicians, and by unknowing people.",,1579637464,{},ff6yfqw,False,t3_ert40n,False,True,t1_ff667jb,/r/Conservative/comments/ert40n/aoc_declares_democrats_a_centerconservative_party/ff6yfqw/,1579637495,1,True,[],False,Conservative,t5_2qh6p,0
[],,WorkinGuyYaKnow,,,[],,,,text,t2_1nff8i7i,False,False,[],Wow she got support from a political group! She must be some sort of plant then! I guess you're right we should just have life long politicians in office. The further separated from people real life problems the better! In most other developed nations her positions are moderate.,,1579637460,{},ff6yfha,False,t3_ert40n,False,True,t1_ff6xs1m,/r/Conservative/comments/ert40n/aoc_declares_democrats_a_centerconservative_party/ff6yfha/,1579637490,1,True,[],False,Conservative,t5_2qh6p,0
[],,[deleted],,,,,,dark,,,,,[],[removed],,1579637440,{},ff6ye9y,False,t3_ertuoq,False,True,t1_ff65rth,/r/Conservative/comments/ertuoq/i_have_a_black_friend_so_i_am_allowed_to_speak/ff6ye9y/,1579637471,1,True,[],False,Conservative,t5_2qh6p,0
[],,excelsior2000,,,"[{'e': 'text', 't': 'Constitutional Conservative'}]",,Constitutional Conservative,dark,richtext,t2_4jim5c14,False,False,[],The Nagant revolver wants a word.,,1579637380,{},ff6yaq5,False,t3_ertuoq,False,True,t1_ff62wd4,/r/Conservative/comments/ertuoq/i_have_a_black_friend_so_i_am_allowed_to_speak/ff6yaq5/,1579637411,1,True,[],False,Conservative,t5_2qh6p,0
[],,TenFeetHigherPlz,,,[],,,,text,t2_2xpe7st3,False,False,[],This has nothing to do with the woman's choice in my eyes. It was well within her right to be a nice person and peel the banana. I'm just saying the man should grow up and learn how to wipe his hands on his pants and peel a fucking banana.,,1579637338,{},ff6y840,False,t3_erwmhj,False,True,t1_ff6xxbz,/r/Conservative/comments/erwmhj/more_sexism/ff6y840/,1579637369,1,True,[],False,Conservative,t5_2qh6p,0
[],,Gryphonwing19,,,[],,,,text,t2_1jce046z,False,False,[],"Maybe he isn't. But his shape-shifting strategy is far too risky for politics, and makes his true ideals impossible to determine. I'd rather have an honest politician then one who's trying to win over every side with false/weak promises.

As for your examples of racism, I'll need some clarification, if you could. There is a rather large spectrum of things that could be considered racist, and I'm too tired to reach an example right now.",,1579637320,{},ff6y6zr,False,t3_ertoy7,False,True,t1_ff6tkbb,/r/Conservative/comments/ertoy7/virginia_black_woman_at_gun_rights_rally_says_she/ff6y6zr/,1579637353,1,True,[],False,Conservative,t5_2qh6p,0
[],,ubmt1861,,,"[{'e': 'text', 't': 'Conservative'}]",,Conservative,dark,richtext,t2_6c2fy,False,False,[],I guess I misspoke. The cheapest used one I could find online just now was $109 for a 9mm. Looks like the new pistols are now $149. I'm old. They used to be $50 used all day at the gun  show.,,1579637285,{},ff6y4s6,False,t3_ertuoq,False,True,t1_ff6gsl6,/r/Conservative/comments/ertuoq/i_have_a_black_friend_so_i_am_allowed_to_speak/ff6y4s6/,1579637317,1,True,[],False,Conservative,t5_2qh6p,0
[],,Mr_0pportunity,,,"[{'e': 'text', 't': 'Conservative'}]",,Conservative,dark,richtext,t2_dx0p7,False,False,[],"&gt; Not a leftist, not a liberal.

You may not consider yourself one, but you're spouting off all the BS they all do

&gt; He also attempted to punish legal immigrants by taking away their access to public programs

We should be admitting immigrants that can support themselves and not need public assistance to support them. We have more than enough people on public assistance

&gt; attempting to kill DACA

It should be killed off. DACA is unlawful

&gt; lawful immigration pathways are being shut down across the board.

Except they aren't. Immigrants are still more than welcome to come. We **should** be selective in who we let in, just like other countries.

&gt; Tired of people telling me I can’t criticize Trump, and if I do, I’m a liberal.

People probably call you a Liberal because, as I said before, you're spouting off the same BS they do.",,1579637268,{},ff6y3qy,False,t3_ertoy7,False,True,t1_ff6r816,/r/Conservative/comments/ertoy7/virginia_black_woman_at_gun_rights_rally_says_she/ff6y3qy/,1579637299,1,True,[],False,Conservative,t5_2qh6p,0
[],,sequoia_driftwood,,,[],,,,text,t2_15387w,False,False,[],"Impossible, guns are illegal there.",,1579637246,{},ff6y2ck,False,t3_ervjxs,False,True,t3_ervjxs,/r/Conservative/comments/ervjxs/anybody_care_another_teenager_among_3_dead_in/ff6y2ck/,1579637278,1,True,[],False,Conservative,t5_2qh6p,0
[],,Aseth2802,,,[],,,,text,t2_286yvj2y,False,False,[],"Lmao, I didn't expect that awnser",,1579637235,{},ff6y1n4,False,t3_eruux1,False,True,t1_ff6wwyx,/r/Conservative/comments/eruux1/clinton_weighs_in_on_sanders_nobody_likes_him/ff6y1n4/,1579637267,1,True,[],False,Conservative,t5_2qh6p,0
[],,sasquatch_pants,,,[],,,,text,t2_132f7mfq,False,False,[],It's like crying wolf,,1579637226,{},ff6y12s,False,t3_es06ny,False,True,t3_es06ny,/r/Conservative/comments/es06ny/romney_rips_democrats_for_impeachment_gripes_if/ff6y12s/,1579637259,1,True,[],False,Conservative,t5_2qh6p,0
[],,XXMAVR1KXX,,,"[{'e': 'text', 't': 'Conservative'}]",,Conservative,dark,richtext,t2_f0qsq,False,False,[],"Even with taxes tripling another consequence could happen that is rarely spoke of.

America for the most part (estimates at 45%) subsidizes the rest of the world as far as pharmaceuticals R&amp;D goes. Canada, Norway, Germany and many more all negotiate lower prescription drug prices, and if the price isnt low enough they say no to bringing in the new drug. Most of the time these companies lower that price and make up the difference with US pricing.


So let's say Medicare for all passes. Govermant is now negotiating drug prices to keep cost under control. Those other countries are going to need to either raise prices, or the pharmaceutical companies invest less in R&amp;D.

Its estimated R&amp;D for a new drug to hit the market costs 900- 1.3 billion. 

If you cant raise prices, cuts are going to be from somewhere.


Then you have like you state. Shortage of doctors. On top of that, doctors in the US have a higher salary. So we are going to need more Doctors with negotiated lower prices. Chances are Saleries for those doctors are going down.


Something needs to be done with healthcare. Thinking Medicare for all is going to solve everything is crazy. Healthcare is extremely complicated and pointing to others countries as an example doesnt really solve the US's problem since the gains made in the pharmaceutical industry and those countries current pricing is the result from the US's current health care situation. Who knows what it would look like if America was different.",,1579637191,{},ff6xyx7,False,t3_ert40n,False,True,t1_ff6foe8,/r/Conservative/comments/ert40n/aoc_declares_democrats_a_centerconservative_party/ff6xyx7/,1579637225,1,True,[],False,Conservative,t5_2qh6p,0
[],,DewDurtTea,,,"[{'e': 'text', 't': 'Conservative Veteran'}]",,Conservative Veteran,dark,richtext,t2_lllnl,False,False,[],"Smokey said it better than I ever could.

https://www.youtube.com/watch?v=rve7N1Brcp0",,1579637177,{},ff6xy08,False,t3_eruqw7,False,True,t1_ff6vl0t,/r/Conservative/comments/eruqw7/narrative_fail_minorities_lgbt_community_women/ff6xy08/,1579637210,1,True,[],False,Conservative,t5_2qh6p,0
[],,excelsior2000,,,"[{'e': 'text', 't': 'Constitutional Conservative'}]",,Constitutional Conservative,dark,richtext,t2_4jim5c14,False,False,[],"That's the other part. Closest safe country is a thing, it's written into asylum rules, and everyone ignores it.",,1579637170,{},ff6xxlc,False,t3_erdlxl,False,True,t1_ff5ab64,/r/Conservative/comments/erdlxl/illegal_crossings_plunge_as_us_extends_policy/ff6xxlc/,1579637203,1,True,[],False,Conservative,t5_2qh6p,0
[],,SgtFraggleRock,,,"[{'e': 'text', 't': 'Sgt Conservative'}]",,Sgt Conservative,dark,richtext,t2_1ho7udul,False,False,[],"Let's virtue signal for asking someone to crack open a banana because your hands are slippery.

The left loves to cost young women their low-skilled jobs.

Leftists had to protect women from making choices that they don't approve of, so they forced Formula 1 to ban ""grid girls"".

[https://www.businessinsider.com/f1-grid-girls-have-lost-their-jobs-but-are-fighting-back-on-twitter-2018-2](https://www.businessinsider.com/f1-grid-girls-have-lost-their-jobs-but-are-fighting-back-on-twitter-2018-2)

Amazing how the left think all women are pathetic and weak and can't be trusted to decide if they want to peel a fucking banana on their own.  An **umpire** had to get himself involved.",,1579637166,{},ff6xxbz,False,t3_erwmhj,False,True,t1_ff6wkf5,/r/Conservative/comments/erwmhj/more_sexism/ff6xxbz/,1579637199,1,True,[],False,Conservative,t5_2qh6p,0
