all_awardings,associated_award,author,author_flair_background_color,author_flair_css_class,author_flair_richtext,author_flair_template_id,author_flair_text,author_flair_text_color,author_flair_type,author_fullname,author_patreon_flair,author_premium,awarders,body,collapsed_because_crowd_control,comment_type,created_utc,gildings,id,is_submitter,link_id,locked,no_follow,parent_id,permalink,retrieved_on,score,send_replies,stickied,subreddit,subreddit_id,top_awarded_type,total_awards_received,treatment_tags
[],,Mtwice11,,,"[{'e': 'text', 't': 'Conservative USAF Retired'}]",,Conservative USAF Retired,dark,richtext,t2_7ig7rrcc,False,False,[],This is her encouraging polling place intimidation and violence on Election Day,,,1603675439,{},ga4hduu,False,t3_ji46km,False,True,t3_ji46km,/r/Conservative/comments/ji46km/desperate_people_do_desperate_things/ga4hduu/,1603680996,2,True,False,Conservative,t5_2qh6p,,0,[]
[],,WHISKEYnBLUES,,,[],,,,text,t2_7qkxn1tl,False,False,[],Time to break out the acme explosive....,,,1603675438,{},ga4hdu9,False,t3_jhw5x5,False,True,t3_jhw5x5,/r/Conservative/comments/jhw5x5/democrats_propose_stopping_coyotes_by_distracting/ga4hdu9/,1603680996,2,True,False,Conservative,t5_2qh6p,,0,[]
[],,[deleted],,,,,,dark,,,,,[],[removed],,,1603675438,{},ga4hdti,False,t3_ji2n73,False,True,t3_ji2n73,/r/Conservative/comments/ji2n73/rep_alexandria_ocasiocortez_calls_out_voter/ga4hdti/,1603680996,1,True,False,Conservative,t5_2qh6p,,0,[]
[],,[deleted],,,,,,dark,,,,,[],[removed],,,1603675435,{},ga4hdl3,False,t3_jhksrq,False,True,t3_jhksrq,/r/Conservative/comments/jhksrq/do_not_post_the_hunter_biden_video_for_any_reason/ga4hdl3/,1603680993,1,True,False,Conservative,t5_2qh6p,,0,[]
[],,RealityIsAScam,,,"[{'e': 'text', 't': 'Classical Liberal'}]",,Classical Liberal,dark,richtext,t2_4k8fpgw,False,False,[],"But wearing branded merch from the largest companies in the world who lobby so much they effectively decide the laws is okay, amiright?",,,1603675430,{},ga4hda9,False,t3_ji22f6,False,True,t1_ga4g6pf,/r/Conservative/comments/ji22f6/kamala_harris_rallying_outside_a_polling_station/ga4hda9/,1603680989,0,True,False,Conservative,t5_2qh6p,,0,[]
[],,[deleted],,,,,,dark,,,,,[],[removed],,,1603675428,{},ga4hd5h,False,t3_jhuruu,False,True,t3_jhuruu,/r/Conservative/comments/jhuruu/victims_of_childhood_transgenderism_speak_out_i/ga4hd5h/,1603680987,1,True,False,Conservative,t5_2qh6p,,0,[]
[],,Justice_R_Dissenting,,,"[{'e': 'text', 't': 'Conservative'}]",,Conservative,dark,richtext,t2_4k7os9mo,False,False,[],"&gt; I honestly wonder if the Ohio law itself was mistakenly written

Laws from the legislature cannot be ""mistakenly"" written.  They can be poorly written, but judges must interpret them as they are unless there is ambiguity.  Now certainly there is ambiguity about what constitutes electioneering, but not about where they are prohibited from doing it.",,,1603675414,{},ga4hc70,False,t3_ji22f6,False,False,t1_ga4foum,/r/Conservative/comments/ji22f6/kamala_harris_rallying_outside_a_polling_station/ga4hc70/,1603680972,5,True,False,Conservative,t5_2qh6p,,0,[]
[],,The_Diviner,,,[],,,,text,t2_2wxh8n2w,False,False,[],In his case he had additional issues because he and his twin brother were sexually abused. His twin brother committed suicide before he did.,,,1603675414,{},ga4hc5h,False,t3_jhuruu,False,True,t1_ga3sp98,/r/Conservative/comments/jhuruu/victims_of_childhood_transgenderism_speak_out_i/ga4hc5h/,1603680972,2,True,False,Conservative,t5_2qh6p,,0,[]
[],,Dudleyville27,,,"[{'e': 'text', 't': 'Conservative'}]",,Conservative,dark,richtext,t2_26m0nw9x,False,False,[],Dinesh D’Souza was right.,,,1603675413,{},ga4hc4g,False,t3_ji5gjk,False,False,t3_ji5gjk,/r/Conservative/comments/ji5gjk/liberals_and_biden_supporters_pepper_spraying/ga4hc4g/,1603680971,17,True,False,Conservative,t5_2qh6p,,0,[]
[],,[deleted],,,,,,dark,,,,,[],[removed],,,1603675411,{},ga4hbzb,False,t3_ji22f6,False,True,t1_ga3vp4q,/r/Conservative/comments/ji22f6/kamala_harris_rallying_outside_a_polling_station/ga4hbzb/,1603680969,1,True,False,Conservative,t5_2qh6p,,0,[]
[],,AtlAmericanist,,,"[{'e': 'text', 't': 'Georgia Americanist'}]",,Georgia Americanist,dark,richtext,t2_7x4uc3rw,False,False,[],Lol. It really is,,,1603675409,{},ga4hbug,False,t3_ji46km,False,True,t1_ga4h47g,/r/Conservative/comments/ji46km/desperate_people_do_desperate_things/ga4hbug/,1603680967,1,True,False,Conservative,t5_2qh6p,,0,[]
[],,Urnotrelevant,,,[],,,,text,t2_6q7do,False,False,[],Why does it bother you so much that a group of people support each other and want you to know they support each other?,,,1603675409,{},ga4hbua,False,t3_jhejn1,False,True,t1_ga29wwy,/r/Conservative/comments/jhejn1/brett_favre_poor_nba_nfl_ratings_show_fans/ga4hbua/,1603680967,1,True,False,Conservative,t5_2qh6p,,0,[]
[],,tpb_rocpile,,,[],,,,text,t2_kxy0u,False,False,[],Voted Bernie in the 2016 primaries and voted third party as a “none of the above” option in the general. Voting Trump this time.,,,1603675407,{},ga4hbr2,False,t3_jhxcpo,False,False,t1_ga2s7j5,/r/Conservative/comments/jhxcpo/2016s_reluctant_trumpers_are_2020s_avid_trumpers/ga4hbr2/,1603680966,6,True,False,Conservative,t5_2qh6p,,0,[]
[],,[deleted],,,,,,dark,,,,,[],[removed],,,1603675401,{},ga4hbdy,False,t3_jhksrq,False,True,t1_ga132hj,/r/Conservative/comments/jhksrq/do_not_post_the_hunter_biden_video_for_any_reason/ga4hbdy/,1603680960,1,True,False,Conservative,t5_2qh6p,,0,[]
[],,Edtotem,,,[],,,,text,t2_qgq924h,False,False,[],"there's big ideas, and there's real transgender folks",,,1603675386,{},ga4haew,False,t3_jhuruu,False,True,t3_jhuruu,/r/Conservative/comments/jhuruu/victims_of_childhood_transgenderism_speak_out_i/ga4haew/,1603680947,1,True,False,Conservative,t5_2qh6p,,0,[]
[],,Sparkychong,,,[],,,,text,t2_5as0h458,False,False,[],"do what you want when you grow up because this is America, but don't make your kids do thins they don't fully understand the consequences of if it may do them harm",,,1603675384,{},ga4ha9d,False,t3_jhuruu,False,True,t3_jhuruu,/r/Conservative/comments/jhuruu/victims_of_childhood_transgenderism_speak_out_i/ga4ha9d/,1603680945,1,True,False,Conservative,t5_2qh6p,,0,[]
[],,TruthfulTrolling,,,"[{'e': 'text', 't': 'Black Conservative'}]",,Black Conservative,dark,richtext,t2_2968ngdg,False,False,[],"Considering you just kinda associated making fun of chia seeds to acceptance of domestic violence, is it possible you might have overreacted a little bit?",,,1603675378,{},ga4h9wr,False,t3_jhur8i,False,False,t1_ga4784q,/r/Conservative/comments/jhur8i/buzz_aldrin_2nd_man_on_moon_endorses_mcsally_over/ga4h9wr/,1603680941,3,True,False,Conservative,t5_2qh6p,,0,[]
[],,DollarSignsGoFirst,,,"[{'e': 'text', 't': 'Libertarian Conservative'}]",,Libertarian Conservative,dark,richtext,t2_umodxhc,False,False,[],Strong points and well said. Really convincing all around. /s,,,1603675371,{},ga4h9gc,False,t3_jhrb9u,False,True,t1_ga3jaid,/r/Conservative/comments/jhrb9u/alqaidas_no_2_killed_by_special_forces_in/ga4h9gc/,1603680933,1,True,False,Conservative,t5_2qh6p,,0,[]
[],,Leilio,,,[],,,,text,t2_2gbvbwzn,False,False,[],"Man, having tax-payed healthcare sure would be convenient right about now",,,1603675369,{},ga4h9bq,False,t3_jhwkon,False,True,t3_jhwkon,/r/Conservative/comments/jhwkon/free_speech_activist_phillip_anderson_was_banned/ga4h9bq/,1603680932,1,True,False,Conservative,t5_2qh6p,,0,[]
[],,[deleted],,,,,,dark,,,,,[],[removed],,,1603675369,{},ga4h9bp,False,t3_jhvn85,False,True,t1_ga3g0rj,/r/Conservative/comments/jhvn85/catholic_leaders_issue_sharp_warning_on_liberal/ga4h9bp/,1603680932,1,True,False,Conservative,t5_2qh6p,,0,[]
[],,[deleted],,,,,,dark,,,,,[],[removed],,,1603675362,{},ga4h8vj,False,t3_ji3x49,False,True,t3_ji3x49,/r/Conservative/comments/ji3x49/history_always_repeats_itself/ga4h8vj/,1603680925,1,True,False,Conservative,t5_2qh6p,,0,[]
[],,HaleOfAPatriot,,,"[{'e': 'text', 't': 'Conservative'}]",,Conservative,dark,richtext,t2_327hjh1x,False,False,[],They were just trying to explain that the Republican Party is anti-semitic,,,1603675347,{},ga4h7wz,False,t3_ji5gjk,False,False,t3_ji5gjk,/r/Conservative/comments/ji5gjk/liberals_and_biden_supporters_pepper_spraying/ga4h7wz/,1603680910,25,True,False,Conservative,t5_2qh6p,,0,[]
[],,S3R4C,,,[],,,,text,t2_5g2mgh3p,False,False,[],"Lolol sorry but that is shady AF, I’ve traveled through many a deep blue city and NEVER seen anyone decked out in Biden gear. 

Let’s say you live in one of the top 3 deep blue cities - NYC, LAX, CHI. If you see someone decked out in Trump gear, you know it’s either a joke or a tourist. If you see someone decked out in Biden gear, you know it’s a scam or a gotcha thing. 

What to do if you’re a savvy conservative looking to have some fun in a deep blue city? Wear a solid red baseball cap with some innocuous message on the front. Then watch people of the street crane their necks to see if ... “OMG is he wearing a MAGA hat?”. Endless fun.",,,1603675344,{},ga4h7r9,False,t3_ji4w4w,False,False,t3_ji4w4w,/r/Conservative/comments/ji4w4w/undercover_for_biden_the_desperate_hunt_for/ga4h7r9/,1603680908,9,True,False,Conservative,t5_2qh6p,,0,[]
[],,MET1,,,"[{'e': 'text', 't': 'Constitutional Conservative'}]",,Constitutional Conservative,dark,richtext,t2_4empz,False,False,[],"I could have sworn this was on the front of the WaPo site, but then they realize it would bolster approval of the Trump administration so they replaced it with an article saying Trump has not ""drained the swamp"" as promised. They think we're stupid.",,,1603675341,{},ga4h7je,False,t3_jhgjqq,False,True,t3_jhgjqq,/r/Conservative/comments/jhgjqq/is_this_supposed_to_make_me_want_to_not_vote_for/ga4h7je/,1603680904,1,True,False,Conservative,t5_2qh6p,,0,[]
[],,Justice_R_Dissenting,,,"[{'e': 'text', 't': 'Conservative'}]",,Conservative,dark,richtext,t2_4k7os9mo,False,False,[],"...yes, but this is _Ohio_.  Election laws vary from state to state.  When I worked on a campaign in Maryland we had to stay 100 feet away from the polling place entrance.  Ohio's law is pretty clearly different.",,,1603675340,{},ga4h7g9,False,t3_ji22f6,False,False,t1_ga4dntn,/r/Conservative/comments/ji22f6/kamala_harris_rallying_outside_a_polling_station/ga4h7g9/,1603680903,58,True,False,Conservative,t5_2qh6p,,0,[]
[],,K_J_W,,,[],,,,text,t2_27iplci9,False,False,[],THIS IS THE KINDA OF SHIT THAT TURNED ME INTO A TRUMP FAN!!,,,1603675331,{},ga4h6u9,False,t3_ji22f6,False,True,t3_ji22f6,/r/Conservative/comments/ji22f6/kamala_harris_rallying_outside_a_polling_station/ga4h6u9/,1603680894,-1,True,False,Conservative,t5_2qh6p,,0,[]
[],,threedeenyc,,,[],,,,text,t2_13eg54,False,False,[],I hope it’s a massive hit for them. Sucks cause people will lose jobs. But this news network is really appalling.,,,1603675327,{},ga4h6mi,False,t3_jhxro8,False,True,t3_jhxro8,/r/Conservative/comments/jhxro8/cnn_misses_revenue_targets_by_100_million/ga4h6mi/,1603680891,1,True,False,Conservative,t5_2qh6p,,0,[]
[],,FlingbatMagoo,,,[],,,,text,t2_113aug,False,False,[],This was from early March though.,,,1603675319,{},ga4h648,False,t3_ji2sst,False,False,t1_ga419if,/r/Conservative/comments/ji2sst/in_2016_any_state_that_predictitcom_had_listed/ga4h648/,1603680883,3,True,False,Conservative,t5_2qh6p,,0,[]
[],,ArchAngel176,,,"[{'e': 'text', 't': 'American'}]",,American,dark,richtext,t2_2d1043e4,False,False,[],"rock throwing, the favorite activity by terrorists....",,,1603675318,{},ga4h60k,False,t3_ji1194,False,True,t3_ji1194,/r/Conservative/comments/ji1194/antiprotesters_attack_jews_for_trump_vehicle/ga4h60k/,1603680882,2,True,False,Conservative,t5_2qh6p,,0,[]
[],,wpiman,,,[],,,,text,t2_59cj8,False,False,[],"Well, then the candidates cannot stump loads of places.",,,1603675314,{},ga4h5qm,False,t3_ji22f6,False,True,t1_ga4fwn0,/r/Conservative/comments/ji22f6/kamala_harris_rallying_outside_a_polling_station/ga4h5qm/,1603680878,0,True,False,Conservative,t5_2qh6p,,0,[]
[],,wadebacca,,,[],,,,text,t2_b5st7,False,False,[],This was an inevitability. It was promised by Romney in 2008. It would’ve happened under Clinton too.,,,1603675310,{},ga4h5i6,False,t3_jhvrme,False,True,t3_jhvrme,/r/Conservative/comments/jhvrme/under_trump_america_became_a_net_exporter_of/ga4h5i6/,1603680875,1,True,False,Conservative,t5_2qh6p,,0,[]
[],,Luci-Fox,,,[],,,,text,t2_7u0botni,False,False,[],"yea obviously your statement is sarcasm, no one could possibly think that it is not sarcasm you fucking dildo",,,1603675309,{},ga4h5f6,False,t3_jhk6wq,False,True,t1_ga27ae1,/r/Conservative/comments/jhk6wq/funny_how_that_works/ga4h5f6/,1603680873,1,True,False,Conservative,t5_2qh6p,,0,[]
[],,FactCheckHuman,,,[],,,,text,t2_2nmn6g2j,False,False,[],"&gt;soliciting means something very specific in law, now what she's doing. not even remotely.
    
&gt;in this context ""influence"" 100% percent means things that aren't just giving a stump speech.

I found [this](https://www.nass.org/sites/default/files/surveys/2020-10/state-laws-polling-place-electioneering-Oct-2020.pdf) list of similar laws in other states; but they don't seem to be taking ""solicit/influence"" in a particularly narrow sense — it always seems to be qualified by ""within [so-and-so] feet.""",,,1603675305,{},ga4h563,False,t3_ji22f6,False,False,t1_ga4fj2a,/r/Conservative/comments/ji22f6/kamala_harris_rallying_outside_a_polling_station/ga4h563/,1603680869,1,True,False,Conservative,t5_2qh6p,,0,[]
[],,Sparkychong,,,[],,,,text,t2_5as0h458,False,False,[],sounds like something she'd do,,,1603675304,{},ga4h543,False,t3_ji22f6,False,False,t3_ji22f6,/r/Conservative/comments/ji22f6/kamala_harris_rallying_outside_a_polling_station/ga4h543/,1603680869,0,True,False,Conservative,t5_2qh6p,,0,[]
[],,[deleted],,,,,,dark,,,,,[],[removed],,,1603675304,{},ga4h52u,False,t3_ji1wda,False,True,t1_ga46806,/r/Conservative/comments/ji1wda/massive_jews_for_trump_rally_in_nyc_a_woman_was/ga4h52u/,1603680868,1,True,False,Conservative,t5_2qh6p,,0,[]
[],,[deleted],,,,,,dark,,,,,[],[removed],,,1603675297,{},ga4h4lm,False,t3_jhxrt4,False,True,t1_ga4gdox,/r/Conservative/comments/jhxrt4/postdebate_polls_show_donald_trump_leading_in_mi/ga4h4lm/,1603680862,1,True,False,Conservative,t5_2qh6p,,0,[]
[],,Jinge_Your_Bells,,,"[{'e': 'text', 't': 'Conservative'}]",,Conservative,dark,richtext,t2_73hld5q5,False,False,[],No? Hence why I repeatedly referred to the situation as fake.,,,1603675295,{},ga4h4gi,False,t3_ji2rgj,False,True,t1_ga493so,/r/Conservative/comments/ji2rgj/beyond_court_packing_heres_how_dems_plan_to/ga4h4gi/,1603680860,3,True,False,Conservative,t5_2qh6p,,0,[]
[],,Warm-Risk-3352,,,"[{'e': 'text', 't': 'Conservative'}]",,Conservative,dark,richtext,t2_7oot41dj,False,False,[],thats an insult to snakes,,,1603675291,{},ga4h47g,False,t3_ji46km,False,True,t1_ga4gtvi,/r/Conservative/comments/ji46km/desperate_people_do_desperate_things/ga4h47g/,1603680856,2,True,False,Conservative,t5_2qh6p,,0,[]
[],,veive,,Conservative,"[{'e': 'text', 't': 'Textualist Libertarian'}]",421b644c-8b38-11e1-bc5f-12313d18ad57,Textualist Libertarian,dark,richtext,t2_as4w6,False,False,[],"Depends how many ballots his campaign is able to fill out before they get shut down. [source](https://www.wnd.com/2020/09/joe-bidens-texas-director-accused-filling-ballots-dead-people/)

&amp;#x200B;

I agree that there is no legitimate way they will win. It doesn't mean they aren't cheating.",,,1603675278,{},ga4h3br,True,t3_ji2sst,False,True,t1_ga4fn57,/r/Conservative/comments/ji2sst/in_2016_any_state_that_predictitcom_had_listed/ga4h3br/,1603680842,3,True,False,Conservative,t5_2qh6p,,0,[]
[],,Warm-Risk-3352,,,"[{'e': 'text', 't': 'Conservative'}]",,Conservative,dark,richtext,t2_7oot41dj,False,False,[],and just keep screaming it...preferably with a bull horn...hmm gives me a good idea on what to do come election day,,,1603675275,{},ga4h335,False,t3_ji46km,False,True,t1_ga4d55t,/r/Conservative/comments/ji46km/desperate_people_do_desperate_things/ga4h335/,1603680840,1,True,False,Conservative,t5_2qh6p,,0,[]
[],,ultimis,,,"[{'e': 'text', 't': 'Constitutionalist'}]",,Constitutionalist,dark,richtext,t2_5xpfs,False,True,[],"After 2012 I knew the media was the enemy of the people. Tehy literally carried that election for Obama. All the way from ignoring Bhengazi and what it represented, ignoring Obama's white house officials lying to the public to save his campaign, to obsessing on ""Obama's leadership"" during super storm sandy (where he did nothing and just implemented the Bush era FEMA responses), to spending a full month obsessing over Todd Akin's comments on abortions, even though he was an outsider candidate never having served in the Senate.

I left that election wondering how a Republican could win with the media/left in absolute control of the national narrative. We're talking billions of free advertising and forcing Americans to talk about leftists talking points.",,,1603675271,{},ga4h2s7,False,t3_jhvpy1,False,True,t1_ga3knip,/r/Conservative/comments/jhvpy1/washington_post_we_must_treat_the_hunter_biden/ga4h2s7/,1603680835,2,True,False,Conservative,t5_2qh6p,,0,[]
[],,soictica,,,[],,,,text,t2_4v8wunhq,False,False,[],"As a Muslim, let me tell you why this is bad. I will try to ignore all of my personal feelings about U.S.-Israel relations

People in the Middle East are incredibly dissatisfied with their governments already. The Arab Spring happened in 2011, but since then the fallout from this has only gotten worse

When you speak about these peace deals, I would say 90 percent or more of the public is not in favor of recognizing Israel as it is today. I think many would be willing to accept a fair solution which protects both Muslim (and Christian) holy sites as well as Palestinian human rights, but Israel in it current state does a notoriously poor job of both (perhaps you reading this do not think so, but nearly every single Middle Easterner thinks so). People are getting really anxious and upset because their voice is increasingly less heard by their governments, and this is the latest and largest of spats to the face

Since decolonization, our governments have been authoritarian regimes who don't hear our voices. This continues today, but even worse so. People like Saddam Hussein may have been horrible human rights abusers, but at least their ideologies represented public interests and they had their share of supporters. Nowadays the Arab states will ""make you disappear"" for even speaking against them. They have little true support. Back in the 2000s/2010s, you could see the writing on the wall that an Arab Spring would soon occur. Right now in the 2010s/2020s, I see the exact same writing on the wall and it seems even worse

I am in favor of peace deals, but these ""deals"" will NOT last. They are economic and military deals that benefit only the government. They have angered many who's not part of the highest class, including military generals, royal family members, sheikhs, and the entire population at large. If Saudi Arabia, the UAE, Bahrain, Sudan, and Egypt do not start listening to their own people they will be signing not a peace deal but a death warrant",,,1603675267,{},ga4h2it,False,t3_ji1uym,False,True,t3_ji1uym,/r/Conservative/comments/ji1uym/meadows_four_to_five_more_countries_could_reach/ga4h2it/,1603680831,-1,True,False,Conservative,t5_2qh6p,,0,[]
[],,McFiery86,,,"[{'e': 'text', 't': 'Hebrew Hammer'}]",,Hebrew Hammer,dark,richtext,t2_69kvc81u,False,False,[],"I’m well aware. 

That’s what I mean when I said “the system is broken”.

A government should never, ever have so much power that it can control the actions of free, law abiding citizens to this degree or even a fraction of what’s already transpired. 

We need to neuter the federal government and some states need to take back their freedom from tyrants such as Whitmer, Newsom, Murphy, and Cuomo.

Major cities are done for so much as I’m concerned. Through their own choice amazingly.",,,1603675251,{},ga4h1f2,False,t3_ji2o2d,False,True,t1_ga48pmc,/r/Conservative/comments/ji2o2d/time_magazine_declares_that_its_time_to_reimagine/ga4h1f2/,1603680815,3,True,False,Conservative,t5_2qh6p,,0,[]
[],,jva5th,,,"[{'e': 'text', 't': 'Moderate Conservative'}]",,Moderate Conservative,dark,richtext,t2_6i27j2cq,False,False,[],"Did my part in California my vote means nothing here because the cities but still making a point. Me, my two brothers, grandma, step father and my mother all cast our votes for Trump.",,,1603675249,{},ga4h19n,False,t3_ji3u4v,False,False,t1_ga47pbf,/r/Conservative/comments/ji3u4v/gop_slowly_gaining_as_early_vote_total_surpasses/ga4h19n/,1603680814,8,True,False,Conservative,t5_2qh6p,,0,[]
[],,USSanon,,,[],,,,text,t2_10txxe,False,False,[],"She needs to talk to those in Kennesaw, GA, who waited 9 hrs.",,,1603675241,{},ga4h0rq,False,t3_ji2n73,False,False,t1_ga3yndy,/r/Conservative/comments/ji2n73/rep_alexandria_ocasiocortez_calls_out_voter/ga4h0rq/,1603680807,9,True,False,Conservative,t5_2qh6p,,0,[]
[],,NAME_NOT_FOUND_048,,,"[{'e': 'text', 't': 'Christian conservative'}]",,Christian conservative,dark,richtext,t2_44isk6sa,False,False,[],"No, it's *Joe after 60 minutes.",,,1603675241,{},ga4h0qa,False,t3_ji5eu1,False,False,t3_ji5eu1,/r/Conservative/comments/ji5eu1/joe_after_two_days_of_campaigning/ga4h0qa/,1603680806,9,True,False,Conservative,t5_2qh6p,,0,[]
[],,the_neon_cowboy,,,[],,,,text,t2_ufel3,False,False,[],The law is never applied to them,,,1603675228,{},ga4gzwa,False,t3_ji22f6,False,False,t1_ga3xa2e,/r/Conservative/comments/ji22f6/kamala_harris_rallying_outside_a_polling_station/ga4gzwa/,1603680794,9,True,False,Conservative,t5_2qh6p,,0,[]
[],,peaseabee,,,"[{'e': 'text', 't': 'Midwest Conservative'}]",,Midwest Conservative,dark,richtext,t2_40umgaz6,False,False,[],Capitalism has reimagined Time Magazine and Time Magazine doesn't like the results.,,,1603675226,{},ga4gzs9,False,t3_ji2o2d,False,True,t3_ji2o2d,/r/Conservative/comments/ji2o2d/time_magazine_declares_that_its_time_to_reimagine/ga4gzs9/,1603680792,1,True,False,Conservative,t5_2qh6p,,0,[]
[],,NinjaNerd99,,,"[{'e': 'text', 't': 'Traditionalist'}]",,Traditionalist,dark,richtext,t2_3q2if1nv,False,False,[],I'm sure the FBI investigated it and decided the law doesn't apply to Democrats.,,,1603675220,{},ga4gzd0,False,t3_ji4k9k,False,True,t1_ga4e52h,/r/Conservative/comments/ji4k9k/joe_biden_for_sale/ga4gzd0/,1603680786,5,True,False,Conservative,t5_2qh6p,,0,[]
[],,[deleted],,,,,,dark,,,,,[],[removed],,,1603675220,{},ga4gzb7,False,t3_ji3x49,False,True,t1_ga4ccb0,/r/Conservative/comments/ji3x49/history_always_repeats_itself/ga4gzb7/,1603680785,1,True,False,Conservative,t5_2qh6p,,0,[]
[],,Warm-Risk-3352,,,"[{'e': 'text', 't': 'Conservative'}]",,Conservative,dark,richtext,t2_7oot41dj,False,False,[],i wouldnt know....apparently i got banned on there without knowing on another account i dont have,,,1603675214,{},ga4gyyy,False,t3_ji46km,False,True,t1_ga4clyp,/r/Conservative/comments/ji46km/desperate_people_do_desperate_things/ga4gyyy/,1603680779,2,True,False,Conservative,t5_2qh6p,,0,[]
[],,[deleted],,,,,,dark,,,,,[],[removed],,,1603675211,{},ga4gys4,False,t3_ji3x49,False,True,t1_ga4bbct,/r/Conservative/comments/ji3x49/history_always_repeats_itself/ga4gys4/,1603680777,1,True,False,Conservative,t5_2qh6p,,0,[]
[],,[deleted],,,,,,dark,,,,,[],[removed],,,1603675209,{},ga4gymf,False,t3_ji2ldk,False,True,t1_ga48u5r,/r/Conservative/comments/ji2ldk/the_fact_that_someone_took_the_time_to_tweet_this/ga4gymf/,1603680775,1,True,False,Conservative,t5_2qh6p,,0,[]
[],,mauigritsseemnice,,,[],,,,text,t2_4nzqhgeu,False,False,[],"I’m looking at the charts, but not sure I fully understand. Anyone have a good synopsis they can share?",,,1603675206,{},ga4gygh,False,t3_ji56zb,False,False,t3_ji56zb,/r/Conservative/comments/ji56zb/2020_early_vote_dashboard/ga4gygh/,1603680772,3,True,False,Conservative,t5_2qh6p,,0,[]
[],,veive,,Conservative,"[{'e': 'text', 't': 'Textualist Libertarian'}]",421b644c-8b38-11e1-bc5f-12313d18ad57,Textualist Libertarian,dark,richtext,t2_as4w6,False,False,[],[Biden's Campaign Director was filling out stacks of ballots in TX.](https://www.wnd.com/2020/09/joe-bidens-texas-director-accused-filling-ballots-dead-people/),,,1603675196,{},ga4gxsw,True,t3_ji2sst,False,True,t1_ga49pxx,/r/Conservative/comments/ji2sst/in_2016_any_state_that_predictitcom_had_listed/ga4gxsw/,1603680763,3,True,False,Conservative,t5_2qh6p,,0,[]
[],,cropguru357,,,[],,,,text,t2_2hygwgm2,False,False,[],4.532. I double checked,,,1603675196,{},ga4gxsu,False,t3_jhxro8,False,False,t1_ga4fy4m,/r/Conservative/comments/jhxro8/cnn_misses_revenue_targets_by_100_million/ga4gxsu/,1603680763,4,True,False,Conservative,t5_2qh6p,,0,[]
[],,[deleted],,,,,,dark,,,,,[],[removed],,,1603675191,{},ga4gxju,False,t3_ji2ldk,False,True,t3_ji2ldk,/r/Conservative/comments/ji2ldk/the_fact_that_someone_took_the_time_to_tweet_this/ga4gxju/,1603680759,1,True,False,Conservative,t5_2qh6p,,0,[]
[],,OlderTheBetter,,,"[{'e': 'text', 't': 'Crabby Old Army Guy'}]",,Crabby Old Army Guy,dark,richtext,t2_5cas8qik,False,False,[],"Nah, TX is another good old rural state, filled with hardworking folks who have a brain.  The rot in TX is in the Lib cites.  Follow the college trail.  Loud voices with bullhorns, a minority compared to the working crowd numbers.",,,1603675188,{},ga4gxcf,False,t3_jhxrt4,False,True,t1_ga4d3av,/r/Conservative/comments/jhxrt4/postdebate_polls_show_donald_trump_leading_in_mi/ga4gxcf/,1603680755,2,True,False,Conservative,t5_2qh6p,,0,[]
[],,[deleted],,,,,,dark,,,,,[],[removed],,,1603675181,{},ga4gwxx,False,t3_ji3x49,False,True,t3_ji3x49,/r/Conservative/comments/ji3x49/history_always_repeats_itself/ga4gwxx/,1603680749,1,True,False,Conservative,t5_2qh6p,,0,[]
[],,Justice_R_Dissenting,,,"[{'e': 'text', 't': 'Conservative'}]",,Conservative,dark,richtext,t2_4k7os9mo,False,False,[],And yet Fox news recorded it's highest viewership ever... honestly do you guys even think before typing?,,,1603675178,{},ga4gwr7,False,t3_jhxro8,False,False,t1_ga4g72u,/r/Conservative/comments/jhxro8/cnn_misses_revenue_targets_by_100_million/ga4gwr7/,1603680746,44,True,False,Conservative,t5_2qh6p,,0,[]
[],,64bitrevolution,,,[],,,,text,t2_4nq21,False,False,[],Turns out you don't offer much value when you make your agenda clear as day.,,,1603675170,{},ga4gw9p,False,t3_jhxro8,False,True,t3_jhxro8,/r/Conservative/comments/jhxro8/cnn_misses_revenue_targets_by_100_million/ga4gw9p/,1603680739,1,True,False,Conservative,t5_2qh6p,,0,[]
[],,sendherhome22,,,[],,,,text,t2_zuljv,False,False,[],Do you live in Armenia right now? If so I hope you are keeping safe my man! Hopefully the region can stabilize very soon!,,,1603675162,{},ga4gvrk,True,t3_ji3nbx,False,True,t1_ga4gldd,/r/Conservative/comments/ji3nbx/trump_announces_new_armeniaazerbaijan_conflict/ga4gvrk/,1603680732,3,True,False,Conservative,t5_2qh6p,,0,[]
[],,[deleted],,,,,,dark,,,,,[],[removed],,,1603675161,{},ga4gvp8,False,t3_ji3x49,False,True,t3_ji3x49,/r/Conservative/comments/ji3x49/history_always_repeats_itself/ga4gvp8/,1603680731,1,True,False,Conservative,t5_2qh6p,,0,[]
[],,[deleted],,,,,,dark,,,,,[],[removed],,,1603675161,{},ga4gvoj,False,t3_jfbuoa,False,True,t3_jfbuoa,/r/Conservative/comments/jfbuoa/tulsi_gabbard_introduces_hr_1175_to_drop_all/ga4gvoj/,1603680730,1,True,False,Conservative,t5_2qh6p,,0,[]
[],,[deleted],,,,,,dark,,,,,[],[removed],,,1603675151,{},ga4gv2v,False,t3_ji3u4v,False,True,t1_ga4ggrf,/r/Conservative/comments/ji3u4v/gop_slowly_gaining_as_early_vote_total_surpasses/ga4gv2v/,1603680722,1,True,False,Conservative,t5_2qh6p,,0,[]
[],,Saganhawking,,,"[{'e': 'text', 't': 'Constitutionalist'}]",,Constitutionalist,dark,richtext,t2_9udyd,False,False,[],Like joe Rogan says: “Donald J. Trump is a comedian and an entertainer and he’s brilliant at it!”,,,1603675149,{},ga4guxz,False,t3_ji19bs,False,False,t1_ga3xaaj,/r/Conservative/comments/ji19bs/donald_trump_plays_joe_biden_hairy_legs_video_for/ga4guxz/,1603680720,14,True,False,Conservative,t5_2qh6p,,0,[]
[],,AggressiveSnails,,,[],,,,text,t2_5vgq1bdk,False,False,[],Spoiler alert; it's not illegal,,,1603675147,{},ga4guv8,False,t3_ji22f6,False,False,t3_ji22f6,/r/Conservative/comments/ji22f6/kamala_harris_rallying_outside_a_polling_station/ga4guv8/,1603680719,9,True,False,Conservative,t5_2qh6p,,0,[]
[],,iamintheforest,,,[],,,,text,t2_6e7bjl56,False,False,[],Nope.  That is not remotely what I said.   Have you read the title of the topic we're in?  Are you suggesting that we just call things illegal when we question their ethics?,,,1603675146,{},ga4gute,False,t3_ji22f6,False,True,t1_ga4fn4a,/r/Conservative/comments/ji22f6/kamala_harris_rallying_outside_a_polling_station/ga4gute/,1603680718,2,True,False,Conservative,t5_2qh6p,,0,[]
[],,RealAlfredJodl,,,[],,,,text,t2_764cbmpw,False,False,[],Cant wait to see how CNN would spin this,,,1603675132,{},ga4gtxq,False,t3_ji3nbx,False,False,t3_ji3nbx,/r/Conservative/comments/ji3nbx/trump_announces_new_armeniaazerbaijan_conflict/ga4gtxq/,1603680706,11,True,False,Conservative,t5_2qh6p,,0,[]
[],,AtlAmericanist,,,"[{'e': 'text', 't': 'Georgia Americanist'}]",,Georgia Americanist,dark,richtext,t2_7x4uc3rw,False,False,[],Crooked as a snake,,,1603675131,{},ga4gtvi,False,t3_ji46km,False,True,t3_ji46km,/r/Conservative/comments/ji46km/desperate_people_do_desperate_things/ga4gtvi/,1603680706,1,True,False,Conservative,t5_2qh6p,,0,[]
[],,ipokecows,,,"[{'e': 'text', 't': 'Constitutional Conservative'}]",,Constitutional Conservative,dark,richtext,t2_9xppj,False,False,[],Im waiting til the day of up here in mn.,,,1603675126,{},ga4gtkf,False,t3_ji3u4v,False,False,t3_ji3u4v,/r/Conservative/comments/ji3u4v/gop_slowly_gaining_as_early_vote_total_surpasses/ga4gtkf/,1603680701,5,True,False,Conservative,t5_2qh6p,,0,[]
[],,[deleted],,,,,,dark,,,,,[],[removed],,,1603675123,{},ga4gtdn,False,t3_jhgjqq,False,True,t1_g9z8r5f,/r/Conservative/comments/jhgjqq/is_this_supposed_to_make_me_want_to_not_vote_for/ga4gtdn/,1603680699,1,True,False,Conservative,t5_2qh6p,,0,[]
[],,Xojac,,,[],,,,text,t2_3j8dex76,False,False,[],"Okay, still don't understand why you see what the NBA was doing as pandering, but moving onto politics in sports as a whole, I still don't see the issue. Or rather, I do, but I just don't see what other alternative they have. Frankly the best thing they can do is keep the message going. They aren't politicians, they have to way to actively shape the law themselves. But they have an amazing platform with a hugely dedicated audience. If you knew there were millions of people who loved you, were watching you, and you felt like there was something vitally important to our nation, why wouldn't you use that every opportunity you got to tell people about it? And again, I get the whole, ""You just want to enjoy yourself and not think about the real world for a moment."" I understand that viewpoint completely. I just also, wholeheartedly, disagree with it. The world goes on whether you address it or not, and all things considered, it's not really cutting into the game itself. They kneel during the anthem (I always found it kind of weird we do that at sporting events anyway, tbh, but that's a whole other thing) and then they play football for the other 3 hours and 10 minutes (on average). That is still 99% of just football. Anyway, I think I've rambled on for long enough, I'm just gonna hit post and move on.",,,1603675122,{},ga4gtbd,False,t3_jhqn4n,False,True,t1_ga420bp,/r/Conservative/comments/jhqn4n/get_woke_go_broke_nba_fell_15_billion_short_of/ga4gtbd/,1603680698,1,True,False,Conservative,t5_2qh6p,,0,[]
[],,550_C0rd,,,[],,,,text,t2_6zmawedw,False,False,[],wut?,,,1603675120,{},ga4gt8i,False,t3_jhw8df,False,True,t1_ga4fs7t,/r/Conservative/comments/jhw8df/still_lying_his_as_off_obama_tells_vapid_crowd/ga4gt8i/,1603680696,1,True,False,Conservative,t5_2qh6p,,0,[]
[],,[deleted],,,,,,dark,,,,,[],[removed],,,1603675113,{},ga4gsqy,False,t3_jhk6wq,False,True,t3_jhk6wq,/r/Conservative/comments/jhk6wq/funny_how_that_works/ga4gsqy/,1603680689,1,True,False,Conservative,t5_2qh6p,,0,[]
[],,[deleted],,,,,,dark,,,,,[],[removed],,,1603675096,{},ga4grnb,False,t3_ji22f6,False,True,t3_ji22f6,/r/Conservative/comments/ji22f6/kamala_harris_rallying_outside_a_polling_station/ga4grnb/,1603680674,1,True,False,Conservative,t5_2qh6p,,0,[]
[],,[deleted],,,,,,dark,,,,,[],[removed],,,1603675089,{},ga4gr84,False,t3_jhxcpo,False,True,t3_jhxcpo,/r/Conservative/comments/jhxcpo/2016s_reluctant_trumpers_are_2020s_avid_trumpers/ga4gr84/,1603680668,1,True,False,Conservative,t5_2qh6p,,0,[]
[],,pete7201,,,"[{'e': 'text', 't': 'Millennial Conservative'}]",,Millennial Conservative,dark,richtext,t2_r9uuz,False,True,[],"Thanks for looking for that, I tried to find it but couldn’t",,,1603675084,{},ga4gqyx,False,t3_jhvpy1,False,True,t1_ga4gkcy,/r/Conservative/comments/jhvpy1/washington_post_we_must_treat_the_hunter_biden/ga4gqyx/,1603680664,1,True,False,Conservative,t5_2qh6p,,0,[]
[],,throway57818,,,[],,,,text,t2_5vj0v1nc,False,False,[],"If what I read about Hunter Biden and all of the illegal things on his laptop are true, we don’t even deserve a damn country if we have the government and media propping up this individual and hiding something so damn disgusting

I really don’t want to believe it’s true",,,1603675082,{},ga4gqtb,False,t3_ji4k9k,False,True,t3_ji4k9k,/r/Conservative/comments/ji4k9k/joe_biden_for_sale/ga4gqtb/,1603680662,7,True,False,Conservative,t5_2qh6p,,0,[]
[],,[deleted],,,,,,dark,,,,,[],[removed],,,1603675081,{},ga4gqs1,False,t3_ji4rq0,False,True,t1_ga4fnq7,/r/Conservative/comments/ji4rq0/pretty_much_sums_it_up/ga4gqs1/,1603680661,1,True,False,Conservative,t5_2qh6p,,0,[]
[],,Grimakis,,Conservative,"[{'e': 'text', 't': 'Classical Liberal'}]",421b644c-8b38-11e1-bc5f-12313d18ad57,Classical Liberal,dark,richtext,t2_n7pjs,False,False,[],"Corporations can actually be triple taxed.

I can be an investor(owner) in Company A, and company A can own a minority stake in Company B.

So let’s say Company B earns $1 of profit. It will be taxed at 21%. 

So now there is 79¢. Let’s say they pay that out as dividends.

That gets passed on to Company A. As long as company A owns less than 20% the it will be a 50% deduction.

So effectively, company A will pay half the corp tax rate.

That means there is only 70¢ to be paid to me, the owner of Company A.

Finally, I get my 70¢. Take 38%. Now I’m left with 44¢.

Usually, taxes are easier to accept when they are associated with something specific. Like a tax on cars, because cars are driven on roads that the government pays for.

But in this case, taxes are occurring just because of the way the handoff is done. The corporate structure itself.",,,1603675079,{},ga4gqny,False,t3_jhw8df,False,False,t1_ga3f090,/r/Conservative/comments/jhw8df/still_lying_his_as_off_obama_tells_vapid_crowd/ga4gqny/,1603680660,1,True,False,Conservative,t5_2qh6p,,0,[]
[],,[deleted],,,,,,dark,,,,,[],[removed],,,1603675078,{},ga4gqlt,False,t3_ji4tfc,False,True,t3_ji4tfc,/r/Conservative/comments/ji4tfc/the_secret_bank_account_that_was_public_record/ga4gqlt/,1603680659,1,True,False,Conservative,t5_2qh6p,,0,[]
[],,Pjotrbrut,,,[],,,,text,t2_22gwujwo,False,False,[],"Theoretically, what would happen to me if I decided to show up to her house to citizen's arrest her for committing this felony?",,,1603675072,{},ga4gq9f,False,t3_ji22f6,False,True,t3_ji22f6,/r/Conservative/comments/ji22f6/kamala_harris_rallying_outside_a_polling_station/ga4gq9f/,1603680655,0,True,False,Conservative,t5_2qh6p,,0,[]
[],,Vance87,,,[],,,,text,t2_kagsa,False,False,[],"Can you imagine is this utter hagbeast won in 2016. She would of had three SC picks and hundreds of leftist wackjobs put on seats in district courts. Everyone says this election is essential but if Trump didn't win in 2016, 2020 wouldn't even matter",,,1603675056,{},ga4gp91,False,t3_ji2knf,False,False,t3_ji2knf,/r/Conservative/comments/ji2knf/hillary_clinton_i_was_born_to_handle_the/ga4gp91/,1603680640,1,True,False,Conservative,t5_2qh6p,,0,[]
[],,abaddon2025,,,[],,,,text,t2_14fmsn,False,False,[],"The man 76 or something, the only thing influencing him are his nap times",,,1603675055,{},ga4gp8e,False,t3_jhx8b8,False,False,t3_jhx8b8,/r/Conservative/comments/jhx8b8/aoc_claims_young_voters_will_choose_biden_because/ga4gp8e/,1603680640,1,True,False,Conservative,t5_2qh6p,,0,[]
[],,[deleted],,,,,,dark,,,,,[],[removed],,,1603675037,{},ga4go1t,False,t3_ji4tfc,False,True,t3_ji4tfc,/r/Conservative/comments/ji4tfc/the_secret_bank_account_that_was_public_record/ga4go1t/,1603680622,1,True,False,Conservative,t5_2qh6p,,0,[]
[],,Neutral_admin,,,"[{'e': 'text', 't': 'Conservative'}]",,Conservative,dark,richtext,t2_3hrvqfor,False,False,[],Fine but it's still a false equivalency.,,,1603675024,{},ga4gn96,False,t3_jh9h6o,False,True,t1_ga4dsaf,/r/Conservative/comments/jh9h6o/tampax_reaching_out_to_the_men_who_have_periods/ga4gn96/,1603680610,1,True,False,Conservative,t5_2qh6p,,0,[]
[],,[deleted],,,,,,dark,,,,,[],[removed],,,1603674998,{},ga4gljg,False,t3_ji3u4v,False,True,t1_ga4dyb1,/r/Conservative/comments/ji3u4v/gop_slowly_gaining_as_early_vote_total_surpasses/ga4gljg/,1603680584,1,True,False,Conservative,t5_2qh6p,,0,[]
[],,Cindilouwho2,,,"[{'e': 'text', 't': 'Conservative'}]",,Conservative,dark,richtext,t2_6pyw2wh6,False,False,[],"I have to say, my family and I love love love your state and it's beautiful beaches....But yes, you're right, Cooper shut this state down hard and we are suffering terribly for it. So many small businesses are either struggling to stay afloat or have gone under, it's awful.",,,1603674997,{},ga4glgl,False,t3_ji3u4v,False,False,t1_ga4g2x8,/r/Conservative/comments/ji3u4v/gop_slowly_gaining_as_early_vote_total_surpasses/ga4glgl/,1603680583,7,True,False,Conservative,t5_2qh6p,,0,[]
[],,[deleted],,,,,,dark,,,,,[],[removed],,,1603674995,{},ga4gldl,False,t3_ji22f6,False,True,t1_ga4d5za,/r/Conservative/comments/ji22f6/kamala_harris_rallying_outside_a_polling_station/ga4gldl/,1603680582,1,True,False,Conservative,t5_2qh6p,,0,[]
[],,abaddon2025,,,[],,,,text,t2_14fmsn,False,False,[],"Definitely a good step, but this war has nothing to do with the exclave, Azerbaijan not Armenia.

I am possibly one of the few Jews who have been saying Iran doesn’t really give a shit about Israel, not in the way Bibi led the world to think. In my eyes Erdogan was always the problem, the man has Ottoman dreams, and he will succeed of America doesn’t stop it or at least let Russia stop it .",,,1603674995,{},ga4gldd,False,t3_ji3nbx,False,False,t1_ga4g034,/r/Conservative/comments/ji3nbx/trump_announces_new_armeniaazerbaijan_conflict/ga4gldd/,1603680582,4,True,False,Conservative,t5_2qh6p,,0,[]
[],,angeldolllogic,,,"[{'e': 'text', 't': '99.9% CONSERVATIVE'}]",,99.9% CONSERVATIVE,dark,richtext,t2_xyvpk,False,False,[],"Here she is... 😄

[BLM Idiot ](https://youtu.be/igTizpxo2Tw)",,,1603674980,{},ga4gkcy,False,t3_jhvpy1,False,True,t1_ga48ffm,/r/Conservative/comments/jhvpy1/washington_post_we_must_treat_the_hunter_biden/ga4gkcy/,1603680567,2,True,False,Conservative,t5_2qh6p,,0,[]
[],,Neutral_admin,,,"[{'e': 'text', 't': 'Conservative'}]",,Conservative,dark,richtext,t2_3hrvqfor,False,False,[],If she handles it like she handles her husband's rape victims that shit would have been eradicated by may.,,,1603674979,{},ga4gkbp,False,t3_ji2knf,False,True,t3_ji2knf,/r/Conservative/comments/ji2knf/hillary_clinton_i_was_born_to_handle_the/ga4gkbp/,1603680567,1,True,False,Conservative,t5_2qh6p,,0,[]
[],,dmreif,,,[],,,,text,t2_120z5j,False,False,[],Dewey Defeats Truman played out pretty similarly.,,,1603674975,{},ga4gk3j,False,t3_ji46xv,False,True,t1_ga493w0,/r/Conservative/comments/ji46xv/joe_bidens_campaign_calls_a_lid_on_inperson/ga4gk3j/,1603680564,1,True,False,Conservative,t5_2qh6p,,0,[]
[],,[deleted],,,,,,dark,,,,,[],[removed],,,1603674974,{},ga4gk06,False,t3_ji14tl,False,True,t1_ga4c6ou,/r/Conservative/comments/ji14tl/new_biden_videos_leaked_triggering_media_and/ga4gk06/,1603680563,1,True,False,Conservative,t5_2qh6p,,0,[]
[],,viverator,,,"[{'e': 'text', 't': 'Conservative'}]",,Conservative,dark,richtext,t2_yriuf,False,False,[],"Along with everyone else. 

How is this suppression if it affects everyone equally?",,,1603674959,{},ga4gj1z,False,t3_ji2n73,False,True,t3_ji2n73,/r/Conservative/comments/ji2n73/rep_alexandria_ocasiocortez_calls_out_voter/ga4gj1z/,1603680547,1,True,False,Conservative,t5_2qh6p,,0,[]
[],,RealAlfredJodl,,,[],,,,text,t2_764cbmpw,False,False,[],"For tolerant anti fascist, libs these days sure sounding and acting like the Nazis",,,1603674958,{},ga4gj09,False,t3_jhubdk,False,True,t3_jhubdk,/r/Conservative/comments/jhubdk/first_they_came_for_the_trump_donors_liberals/ga4gj09/,1603680547,2,True,False,Conservative,t5_2qh6p,,0,[]
[],,[deleted],,,,,,dark,,,,,[],[deleted],,,1603674953,{},ga4gino,False,t3_ji4j4f,False,True,t1_ga4ere4,/r/Conservative/comments/ji4j4f/debunking_the_medias_lie_about_trump_lying_20000/ga4gino/,1603680542,1,True,False,Conservative,t5_2qh6p,,0,[]
[],,macmain534,,,"[{'e': 'text', 't': 'Libertarian Conservative'}]",,Libertarian Conservative,dark,richtext,t2_3rntn1hz,False,False,[],"The amount of jobs lost doesn’t mean that the people who lost the jobs would get to be part of those 53,000 new jobs; it’s not like everyone who works with coal companies would be able to work with the alternative energy companies",,,1603674952,{},ga4gilu,False,t3_jhum1v,False,True,t3_jhum1v,/r/Conservative/comments/jhum1v/reminder_that_politifact_is_so_fake_they/ga4gilu/,1603680541,1,True,False,Conservative,t5_2qh6p,,0,[]
[],,eye_no_nuttin,,,"[{'e': 'text', 't': 'MAGA Conservative '}]",,MAGA Conservative ,dark,richtext,t2_21vwg9e,False,True,[],"Social media has been used to indoctrinate these young influenced minds.. everything is a fucking trend to them , no matter in reality how harmful it is.. they will vote for the “Bidens” because social media is ssying it’s cool and trendy..",,,1603674951,{},ga4gikl,False,t3_jhyo2r,False,False,t1_ga3zxk7,/r/Conservative/comments/jhyo2r/trump_mocks_biden_for_calling_another_lid_with/ga4gikl/,1603680541,4,True,False,Conservative,t5_2qh6p,,0,[]
