all_awardings,associated_award,author,author_flair_background_color,author_flair_css_class,author_flair_template_id,author_flair_text,author_flair_text_color,awarders,body,collapsed_because_crowd_control,comment_type,created_utc,gildings,id,is_submitter,link_id,locked,no_follow,parent_id,permalink,retrieved_on,score,send_replies,stickied,subreddit,subreddit_id,top_awarded_type,total_awards_received,treatment_tags,author_flair_richtext,author_flair_type,author_fullname,author_patreon_flair,author_premium
[],,[deleted],,,,,dark,[],[removed],,,1621900797,{},gzc0zpm,False,t3_njwfi5,False,True,t1_gza4wh0,/r/Conservative/comments/njwfi5/texas_nears_a_ban_on_critical_race_theory/gzc0zpm/,1621986232,1,True,False,Conservative,t5_2qh6p,,0,[],,,,,
[],,Reuters-no-bias-lol,,,,Principled Conservative,dark,[],Good luck to you. Hope you get successful in life after you repay your crippling debt.,,,1621900792,{},gzc0ze6,False,t3_nk49sj,False,True,t1_gzc0u7n,/r/Conservative/comments/nk49sj/report_joe_biden_to_ditch_student_loan/gzc0ze6/,1621986227,-5,True,False,Conservative,t5_2qh6p,,0,[],"[{'e': 'text', 't': 'Principled Conservative'}]",richtext,t2_8p4gml90,False,False
[],,[deleted],,,,,dark,[],[removed],,,1621900790,{},gzc0z9h,False,t3_njkf99,False,True,t1_gz9m5fe,/r/Conservative/comments/njkf99/cnnpaid_journalist_inside_capitol_riot_has_90k/gzc0z9h/,1621986225,1,True,False,Conservative,t5_2qh6p,,0,[],,,,,
[],,IdioticSpoon98,,,,,,[],R/politics is full of low IQ people,,,1621900758,{},gzc0x2j,False,t3_nk9jmc,False,True,t3_nk9jmc,/r/Conservative/comments/nk9jmc/i_got_the_ban_hammer_from_rpolitics/gzc0x2j/,1621986191,1,True,False,Conservative,t5_2qh6p,,0,[],[],text,t2_wrcak,False,False
[],,S_D_W_2,,,,Conservative,dark,[],"Not sure I agree with this. Seems very anti conservative to stop people from protesting on public anything. I live in a suburb of Minneapolis and drive through the twin cities regularly. After the George Floyd incident, traffic was horrendous- that's the point. The people want their voices heard and regardless of if I agree with their message, protesting is a part of speech. But if I accidentally run someone over because they were standing in the middle of the street, the fault shouldn't be mine. Maybe I could be convinced by a good externality argument, that protesting puts the loves of drivers in danger... Though I'm not sure.",,,1621900756,{},gzc0wwu,False,t3_nk3lu3,False,True,t3_nk3lu3,/r/Conservative/comments/nk3lu3/texas_moves_to_increase_penalties_for_protestors/gzc0wwu/,1621986189,-9,True,False,Conservative,t5_2qh6p,,0,[],"[{'e': 'text', 't': 'Conservative'}]",richtext,t2_17iq7xv9,False,False
[],,LobsterJohnson_,,,,,,[],"Well yeah, that's what boosters are. It's either that or reinfect yourself multiple times, with the possible long term health risks. Personal choice, but most people I know who were infected have some serious issues still.",,,1621900753,{},gzc0wqu,False,t3_nk9jmc,False,True,t1_gzc0oho,/r/Conservative/comments/nk9jmc/i_got_the_ban_hammer_from_rpolitics/gzc0wqu/,1621986186,5,True,False,Conservative,t5_2qh6p,,0,[],[],text,t2_59td6s1y,False,False
[],,[deleted],,,,,dark,[],[removed],,,1621900753,{},gzc0wpn,False,t3_njwfi5,False,True,t1_gzae7in,/r/Conservative/comments/njwfi5/texas_nears_a_ban_on_critical_race_theory/gzc0wpn/,1621986186,1,True,False,Conservative,t5_2qh6p,,0,[],,,,,
[],,Clackamas1,,,,Wilderness Protector,dark,[],Now they want to deflect from the awful way they handled the pandemic.  In Oregon teachers got the vaccine before 80 year old citizens and black and brown people ahead of everyone else.,,,1621900739,{},gzc0vqd,False,t3_nkbl3m,False,False,t3_nkbl3m,/r/Conservative/comments/nkbl3m/wuhan_whiplash_lib_media_embrace_covid_lab_theory/gzc0vqd/,1621986169,26,True,False,Conservative,t5_2qh6p,,0,[],"[{'e': 'text', 't': 'Wilderness Protector'}]",richtext,t2_25xwp3ci,False,False
[],,sleeknub,,Conservative,421b644c-8b38-11e1-bc5f-12313d18ad57,Conservative,dark,[],I do.,,,1621900727,{},gzc0uvz,False,t3_njwyrg,False,True,t1_gzavy73,/r/Conservative/comments/njwyrg/five_oregon_counties_vote_to_explore_joining_idaho/gzc0uvz/,1621986157,1,True,False,Conservative,t5_2qh6p,,0,[],"[{'e': 'text', 't': 'Conservative'}]",richtext,t2_f719l2,False,False
[],,ENFJPLinguaphile,,,,Christian Conservative,dark,[],"That's true. My trouble with Dr. Fauci, though, is that he doesn't care who he hurts one way or the other as long as he looks good to those he thinks he should impress for his own gain....",,,1621900721,{},gzc0uia,False,t3_nj97g1,False,True,t1_gzc0o8n,/r/Conservative/comments/nj97g1/in_dramatic_reversal_dr_fauci_admits_he_is_not/gzc0uia/,1621986151,2,True,False,Conservative,t5_2qh6p,,0,[],"[{'e': 'text', 't': 'Christian Conservative'}]",richtext,t2_6ewp4jrv,False,False
[],,Nijode,,,,,,[],"I dont live in Portland it definitely has happened.

https://www.usasupreme.com/videos-heavily-armed-anarchist-militia-in-portland-stop-traffic-assault-driver-at-gunpoint-while-he-attempts-to-defend-himself/",,,1621900713,{},gzc0u07,False,t3_nk3lu3,False,False,t1_gzbzvf5,/r/Conservative/comments/nk3lu3/texas_moves_to_increase_penalties_for_protestors/gzc0u07/,1621986143,24,True,False,Conservative,t5_2qh6p,,0,[],[],text,t2_22stnpor,False,False
[],,True_Pykumuku,,,,,,[],"Theres a certain point to were private sector actions become such a problem to citizens where the government needs to step in.

It happened to the food manufacturing and textiles industries. It should happen to big tech as well.",,,1621900711,{},gzc0tud,False,t3_nkay64,False,False,t1_gzbv357,/r/Conservative/comments/nkay64/desantis_signs_bill_against_big_tech_censorship/gzc0tud/,1621986139,10,True,False,Conservative,t5_2qh6p,,0,[],[],text,t2_37nytkm3,False,False
[],,ClubsBabySeal,,,,,,[],No one is storming the capitol so.... that. They weren't going to keep them there forever.,,,1621900699,{},gzc0szk,False,t3_nk27yu,False,True,t1_gzaxhox,/r/Conservative/comments/nk27yu/national_guard_leaves_capitol_after_over_four/gzc0szk/,1621986125,-26,True,False,Conservative,t5_2qh6p,,0,[],[],text,t2_79c75,False,False
[],,cesarmac,,,,,,[],"&gt;It also means various firms can enter or exit the market with few if any barriers to entry. As we saw with the way Parler was muscled around, there is no free enterprise in the tech industry particularly the social media sector. 

Muscled out how? Because Amazon refused to give them server space? The social media platforms did nothing to parler (another social media platform), they were cut off at the knees by a service provider...which as we've been saying is totally fine. A company can choose who it does business with and amazon chose not to do business with parler. Does it suck? Sure. Is it free enterprise? Yes. You don't see amazon doing a coordinated effort to shut down reddit because it hosts r/conservative.

&gt;A whole industry dominated by a small number of firms is not a competitive market. It’s a textbook example of oligopoly which is very similar to monopoly. Inside this particular market, there are sectors where it basically is monopoly. 

I listed 6 major independent tech companies. SIX. There are many more. That is not a small number despite what you might think. When big oil was at it's peak there was only ONE major US company that basically had all the power and gobbled up any competition that came it's way (Exxon). 

The rest of your post really has a severe misunderstanding between what a monopoly is and what free enterprise is. Oil did the same thing for basically everything you mentioned. You don't think there were coordinated efforts between companies to sustain oil as the leading energy producer?",,,1621900697,{},gzc0sw5,False,t3_nkay64,False,True,t1_gzbzo3l,/r/Conservative/comments/nkay64/desantis_signs_bill_against_big_tech_censorship/gzc0sw5/,1621986123,3,True,False,Conservative,t5_2qh6p,,0,[],[],text,t2_12goqu,False,False
[],,annooyyeedd,,,,,,[],"It’s China.  China pays hundreds of thousands of users to get online and post.  To divide everyone.

Search “50 cent army”",,,1621900695,{},gzc0spj,False,t3_nk9jmc,False,True,t1_gzbo696,/r/Conservative/comments/nk9jmc/i_got_the_ban_hammer_from_rpolitics/gzc0spj/,1621986120,4,True,False,Conservative,t5_2qh6p,,0,[],[],text,t2_avpywwi,False,False
[],,[deleted],,,,,dark,[],[removed],,,1621900694,{},gzc0sos,False,t3_nk376q,False,True,t1_gzaqts1,/r/Conservative/comments/nk376q/students_rally_against_mandatory_covid19_vaccines/gzc0sos/,1621986120,1,True,False,Conservative,t5_2qh6p,,0,[],,,,,
[],,Reuters-no-bias-lol,,,,Principled Conservative,dark,[],"Thanks, I own 6 branches already. But cute.",,,1621900691,{},gzc0si1,False,t3_nk49sj,False,True,t1_gzc0q3l,/r/Conservative/comments/nk49sj/report_joe_biden_to_ditch_student_loan/gzc0si1/,1621986117,-3,True,False,Conservative,t5_2qh6p,,0,[],"[{'e': 'text', 't': 'Principled Conservative'}]",richtext,t2_8p4gml90,False,False
[],,CookieCutter186,,Conservative,421b644c-8b38-11e1-bc5f-12313d18ad57,Conservative,dark,[],She wouldn't be a Democrat if she had a shred of self awareness and wasn't a massive hypocrite,,,1621900683,{},gzc0rx0,False,t3_nje6n3,False,True,t3_nje6n3,/r/Conservative/comments/nje6n3/exclusive_photo_gretchen_whitmer_violates_own/gzc0rx0/,1621986108,1,True,False,Conservative,t5_2qh6p,,0,[],"[{'e': 'text', 't': 'Conservative'}]",richtext,t2_bnt2ovy9,False,False
[],,AsteriusRex,,,,,,[],"Teachers are generally pretty over paid given the level of education required, amount of time they work, and how good they actually are at their jobs. But if it were up to me I would eliminate teachers' (and all other public) unions, combine school districts and eliminate most administrative positions and maybe pay them a little bit more.

I know plenty of teachers and none of them are having any issues paying off their student loans as far as I know. Shouldn't really be an issue if you are passably responsible, especially if you work year round like most people do.",,,1621900676,{},gzc0reb,False,t3_nk49sj,False,False,t1_gzbzev7,/r/Conservative/comments/nk49sj/report_joe_biden_to_ditch_student_loan/gzc0reb/,1621986100,0,True,False,Conservative,t5_2qh6p,,0,[],[],text,t2_1h58snxm,False,False
[],,Duster26to29,,,,,,[],What else would you expect from a bunch of soulless good for nothing idiots? So far lead off into crazy town that there's no point talking to them.,,,1621900671,{},gzc0r3p,False,t3_nk9jmc,False,True,t3_nk9jmc,/r/Conservative/comments/nk9jmc/i_got_the_ban_hammer_from_rpolitics/gzc0r3p/,1621986095,2,True,False,Conservative,t5_2qh6p,,0,[],[],text,t2_3bvtpi2v,False,False
[],,Unlikely_You_9271,,,,,,[],Lol alright - enjoy being a teller at a financial institution maybe one day you will become a branch manager.,,,1621900656,{},gzc0q3l,False,t3_nk49sj,False,False,t1_gzc057m,/r/Conservative/comments/nk49sj/report_joe_biden_to_ditch_student_loan/gzc0q3l/,1621986080,5,True,False,Conservative,t5_2qh6p,,0,[],[],text,t2_4p8bf7y4,False,False
[],,[deleted],,,,,dark,[],[deleted],,,1621900654,{},gzc0pwn,False,t3_nkay64,False,True,t1_gzbxemm,/r/Conservative/comments/nkay64/desantis_signs_bill_against_big_tech_censorship/gzc0pwn/,1621986077,1,True,False,Conservative,t5_2qh6p,,0,[],,,,,
[],,[deleted],,,,,dark,[],[removed],,,1621900653,{},gzc0pu7,False,t3_nk6gyi,False,True,t3_nk6gyi,/r/Conservative/comments/nk6gyi/after_railing_against_tesla_and_pushing_amazon/gzc0pu7/,1621986075,1,True,False,Conservative,t5_2qh6p,,0,[],,,,,
[],,Tr83y,,,,,,[],"No I truly believe he was very bad for our country. Have you ever seen so many people behaving so badly towards one another?  Families splitting up and ignorant assholes with trump flags and hats attacking the capitol. 

The nation is not about one guy it is for the people and trump has been in it for himself since birth.",,,1621900651,{},gzc0pog,False,t3_nk3rnj,False,True,t1_gzbzkew,/r/Conservative/comments/nk3rnj/new_hampshire_election_auditors_find_ballot_fold/gzc0pog/,1621986073,-1,True,False,Conservative,t5_2qh6p,,0,[],[],text,t2_50b96x17,False,False
[],,RevolutionaryRushima,,,,Texas Conservative,dark,[],Oh god the horror,,,1621900650,{},gzc0pmq,False,t3_nkb6rg,False,False,t3_nkb6rg,/r/Conservative/comments/nkb6rg/blazing_saddles_dvd_found_in_nascar_garage/gzc0pmq/,1621986072,3,True,False,Conservative,t5_2qh6p,,0,[],"[{'e': 'text', 't': 'Texas Conservative'}]",richtext,t2_7tpy47m7,False,False
[],,koalakun12,,Conservative,421b644c-8b38-11e1-bc5f-12313d18ad57,Family-Libertarian,dark,[],"Like the fact that ""Covid was likely not natural?"".... \*cough Lab \*cough \*cough",,,1621900646,{},gzc0pc0,False,t3_nk3rnj,False,False,t1_gzbnaui,/r/Conservative/comments/nk3rnj/new_hampshire_election_auditors_find_ballot_fold/gzc0pc0/,1621986068,10,True,False,Conservative,t5_2qh6p,,0,[],"[{'e': 'text', 't': 'Family-Libertarian'}]",richtext,t2_zf2hpcg,False,False
[],,Ostrichesrdicks,,,,,,[],Good. this is unnecessary and annoying.,,,1621900638,{},gzc0ovb,False,t3_nk3lu3,False,False,t3_nk3lu3,/r/Conservative/comments/nk3lu3/texas_moves_to_increase_penalties_for_protestors/gzc0ovb/,1621986060,6,True,False,Conservative,t5_2qh6p,,0,[],[],text,t2_8ngnvomf,False,True
[],,Death5talker451968,,,,,,[],"Than the vaccine would be the same and we'd need shots every year or every 6 months.

Fck That.",,,1621900633,{},gzc0oho,False,t3_nk9jmc,False,True,t1_gzbx5bg,/r/Conservative/comments/nk9jmc/i_got_the_ban_hammer_from_rpolitics/gzc0oho/,1621986053,1,True,False,Conservative,t5_2qh6p,,0,[],[],text,t2_505je84v,False,False
[],,ENTP,,,,,,[],should just nuke them at this point,,,1621900633,{},gzc0ogw,False,t3_njlqr4,False,True,t1_gz88i94,/r/Conservative/comments/njlqr4/drug_overdoses_killed_2x_more_people_in_san/gzc0ogw/,1621986053,1,True,False,Conservative,t5_2qh6p,,0,[],[],text,t2_3v7cr,False,False
[],,estimated_prophet7,,,,,,[],I know the Bible dude don’t disrespect me if you disagree with my statement that’s fine but don’t reflect your insecurities on me again have a nice day! God hates your pride!,,,1621900631,{},gzc0obe,False,t3_njaxwp,False,True,t1_gzc0fdo,/r/Conservative/comments/njaxwp/skillet_frontman_john_cooper_warns_critical_race/gzc0obe/,1621986050,1,True,False,Conservative,t5_2qh6p,,0,[],[],text,t2_29u2aim9,False,False
[],,frozengreekyogurt69,,,,,,[],Scientists change their opinion as new information is identified. Anyone who claims to “have all the answers” is fooling you.,,,1621900630,{},gzc0o8n,False,t3_nj97g1,False,True,t1_gzbzj46,/r/Conservative/comments/nj97g1/in_dramatic_reversal_dr_fauci_admits_he_is_not/gzc0o8n/,1621986049,2,True,False,Conservative,t5_2qh6p,,0,[],[],text,t2_5h1aeiya,False,False
[],,Cheddarman425,,,,,,[],"None of them care about the rules, they rip off their masks the second the cameras are off them, just like Fauci.",,,1621900576,{},gzc0kil,False,t3_nkbs03,False,False,t3_nkbs03,/r/Conservative/comments/nkbs03/here_are_9_lame_excuses_us_politicians_gave_for/gzc0kil/,1621985990,15,True,False,Conservative,t5_2qh6p,,0,[],[],text,t2_43zsbykr,False,False
[],,[deleted],,,,,dark,[],[removed],,,1621900573,{},gzc0ka9,False,t3_nk3lu3,False,True,t1_gzbtoeu,/r/Conservative/comments/nk3lu3/texas_moves_to_increase_penalties_for_protestors/gzc0ka9/,1621985986,8,True,False,Conservative,t5_2qh6p,,0,[],,,,,
[],,zleog50,,,,Constitutionalist Republican,dark,[],"Perceived slights? So, the left doesn't want to pack the court? They don't want to get Fox news booted off the air? They don't want to make new states (this literally what kicked off the US civil war, btw)?",,,1621900557,{},gzc0j5h,False,t3_njvd32,False,False,t1_gzc01i5,/r/Conservative/comments/njvd32/the_january_6_commission_is_all_about_revenge/gzc0j5h/,1621985967,0,True,False,Conservative,t5_2qh6p,,0,[],"[{'e': 'text', 't': 'Constitutionalist Republican'}]",richtext,t2_4dlw2j9q,False,False
[],,[deleted],,,,,dark,[],[removed],,,1621900548,{},gzc0iim,False,t3_nk4a63,False,True,t1_gzblv04,/r/Conservative/comments/nk4a63/actor_kevin_sorbo_sends_a_message_to_any_business/gzc0iim/,1621985957,1,True,False,Conservative,t5_2qh6p,,0,[],,,,,
[],,THExREALxTACOgg,,,,,,[],Thank goodness.,,,1621900548,{},gzc0iho,False,t3_nk1807,False,True,t3_nk1807,/r/Conservative/comments/nk1807/alabama_gov_kay_ivey_signs_bill_to_ban/gzc0iho/,1621985957,2,True,False,Conservative,t5_2qh6p,,0,[],[],text,t2_8t5ujsfz,False,False
[],,Round_Patience3029,,,,,,[],"mutilate is not quite accurate. but you know why you wrote mutilate, don't be stupid.",,,1621900546,{},gzc0iei,False,t3_nk9jmc,False,True,t3_nk9jmc,/r/Conservative/comments/nk9jmc/i_got_the_ban_hammer_from_rpolitics/gzc0iei/,1621985956,-3,True,False,Conservative,t5_2qh6p,,0,[],[],text,t2_5rj8koln,False,False
[],,[deleted],,,,,dark,[],[removed],,,1621900544,{},gzc0i98,False,t3_njvd32,False,True,t1_gzbw6fz,/r/Conservative/comments/njvd32/the_january_6_commission_is_all_about_revenge/gzc0i98/,1621985953,1,True,False,Conservative,t5_2qh6p,,0,[],,,,,
[],,Meglomaniac,,,,Land Value Taxes,dark,[],And I think everyone can admit there is a difference between “were marching down mainstreet cars move aside” and literally blocking intersections by force,,,1621900532,{},gzc0hg5,False,t3_nk3lu3,False,False,t1_gzaosa0,/r/Conservative/comments/nk3lu3/texas_moves_to_increase_penalties_for_protestors/gzc0hg5/,1621985941,8,True,False,Conservative,t5_2qh6p,,0,[],"[{'e': 'text', 't': 'Land Value Taxes'}]",richtext,t2_3pkmv,False,False
[],,IvanTGBT,,,,,,[],Sounds like they weren't willing to support them if they couldn't wear a mask. It's not hard.,,,1621900529,{},gzc0h6v,False,t3_nk4a63,False,False,t3_nk4a63,/r/Conservative/comments/nk4a63/actor_kevin_sorbo_sends_a_message_to_any_business/gzc0h6v/,1621985937,3,True,False,Conservative,t5_2qh6p,,0,[],[],text,t2_z01qn,False,False
[],,penny_for_insights,,,,,,[],Did you see the 60 Minutes story?,,,1621900522,{},gzc0gra,False,t3_nk9jmc,False,True,t3_nk9jmc,/r/Conservative/comments/nk9jmc/i_got_the_ban_hammer_from_rpolitics/gzc0gra/,1621985931,1,True,False,Conservative,t5_2qh6p,,0,[],[],text,t2_6eih5oy8,False,False
[],,ForceGhostBuster,,,,,,[],Come on now this is just disingenuous https://youtu.be/QVZvp-Dv0gg,,,1621900516,{},gzc0gb9,False,t3_nk3e8l,False,False,t1_gzbql9s,/r/Conservative/comments/nk3e8l/exclusive_us_capitol_doors_on_jan_6_were/gzc0gb9/,1621985923,14,True,False,Conservative,t5_2qh6p,,0,[],[],text,t2_rmspmkg,False,False
[],,Gregorofthehillpeopl,,,,Fiscal Conservative,dark,[],"There's places you can protest that aren't infringing on the liberty of others.  

You have a right to speak, not a right to force people to listen.",,,1621900515,{},gzc0g7f,False,t3_nk3lu3,False,False,t1_gzbpxwj,/r/Conservative/comments/nk3lu3/texas_moves_to_increase_penalties_for_protestors/gzc0g7f/,1621985921,10,True,False,Conservative,t5_2qh6p,,0,[],"[{'e': 'text', 't': 'Fiscal Conservative'}]",richtext,t2_8dqki,False,False
[],,[deleted],,,,,dark,[],[removed],,,1621900514,{},gzc0g6c,False,t3_nkb5on,False,True,t3_nkb5on,/r/Conservative/comments/nkb5on/vernon_jones_blasts_critical_race_theory_its/gzc0g6c/,1621985921,1,True,False,Conservative,t5_2qh6p,,0,[],,,,,
[],,Claytonbigsbys,,,,,,[],"In practice, yes. In theory no. If the people teaching it weren’t ideologues it would be fine",,,1621900512,{},gzc0g0p,False,t3_njwfi5,False,False,t1_gzblk7w,/r/Conservative/comments/njwfi5/texas_nears_a_ban_on_critical_race_theory/gzc0g0p/,1621985918,2,True,False,Conservative,t5_2qh6p,,0,[],[],text,t2_aejhh0va,False,True
[],,[deleted],,,,,dark,[],[removed],,,1621900508,{},gzc0fp6,False,t3_nkae2t,False,True,t3_nkae2t,/r/Conservative/comments/nkae2t/the_fauch_calls_for_inquiry_into_chinas_wuhan_lab/gzc0fp6/,1621985913,1,True,False,Conservative,t5_2qh6p,,0,[],,,,,
[],,Trenchgunner,,,,,,[],Sometimes camouflage is necessary to avoid getting schwacked when you’re in hostile territory.,,,1621900507,{},gzc0fnz,False,t3_nk4a63,False,True,t1_gzbrx1n,/r/Conservative/comments/nk4a63/actor_kevin_sorbo_sends_a_message_to_any_business/gzc0fnz/,1621985913,-4,True,False,Conservative,t5_2qh6p,,0,[],[],text,t2_75bxi3jr,False,False
[],,4llgoodnam3stak3n,,,,,,[],You never said any of that so how was that your point? Also no one mentioned hate..try reading the bible and learning what biblical hate is not new age leftists definition,,,1621900503,{},gzc0fdo,False,t3_njaxwp,False,True,t1_gzbzsjp,/r/Conservative/comments/njaxwp/skillet_frontman_john_cooper_warns_critical_race/gzc0fdo/,1621985908,0,True,False,Conservative,t5_2qh6p,,0,[],[],text,t2_9kwh35fz,False,False
[],,[deleted],,,,,dark,[],[removed],,,1621900501,{},gzc0f74,False,t3_nkb6jv,False,True,t1_gzbxa57,/r/Conservative/comments/nkb6jv/us_issues_travel_ban_for_japan_olympics/gzc0f74/,1621985905,-36,True,False,Conservative,t5_2qh6p,,0,[],,,,,
[],,Rough_and_rugged,,,,,,[],"Good point. I think that's why it's so important To have subs which promote actual political discussion... People are angry and instead of coming together for a solution they divide and try to find someone to blame. Everyone picks a  'side' and all discussion occurs within their own echo chambers. One side blames the other (as seen above) and if you  Don't agree you get downvoted (once again, as seen above) ... because of this there will never not be sides. Instead of dividing and finding someone to blame we need to com together collectively to discuss a solution",,,1621900499,{},gzc0f39,False,t3_njzxlp,False,True,t1_gzbvmjm,/r/Conservative/comments/njzxlp/democrat_policies_have_created_a_bluestate_exodus/gzc0f39/,1621985904,1,True,False,Conservative,t5_2qh6p,,0,[],[],text,t2_p6cti,False,False
[],,Nijode,,,,,,[],"You have the right to protest however you would like but if you break the law while doing so expect to be punished for breakong the law.

Something being a protest doesn't give protesters immunity from the law.",,,1621900472,{},gzc0d94,False,t3_nk3lu3,False,True,t1_gzbjdg9,/r/Conservative/comments/nk3lu3/texas_moves_to_increase_penalties_for_protestors/gzc0d94/,1621985874,2,True,False,Conservative,t5_2qh6p,,0,[],[],text,t2_22stnpor,False,False
[],,Shnitzel418,,Conservative,421b644c-8b38-11e1-bc5f-12313d18ad57,Conservative,dark,[],I remember a day when resigning was the right thing to do. She’s an embarrassment and this is the cherry on top.,,,1621900472,{},gzc0d8g,False,t3_nk9bz3,False,False,t3_nk9bz3,/r/Conservative/comments/nk9bz3/whitmer_administration_rescinds_rule_she_violated/gzc0d8g/,1621985873,5,True,False,Conservative,t5_2qh6p,,0,[],"[{'e': 'text', 't': 'Conservative'}]",richtext,t2_16gs8xy9,False,False
[],,Bukowskified,,,,,,[],"House and Senate members get paid $174k per year. Before taxes thats $14,500 per month. Base Model 3 is $39,990. Let’s say $50k financed (to covers taxes/fees) at 4% for 60 months, so $921 for payments.   

Congress people get paid enough to cover that.   

Not to say she doesn’t get paid more through other stuff, as all politicians do, but it’s not outlandish for that salary",,,1621900466,{},gzc0cts,False,t3_nk6gyi,False,False,t1_gzbs3cc,/r/Conservative/comments/nk6gyi/after_railing_against_tesla_and_pushing_amazon/gzc0cts/,1621985867,14,True,False,Conservative,t5_2qh6p,,0,[],[],text,t2_bbldn,False,False
[],,dropdeadred,,,,,,[],I think attacking a gas station vs attacking the Capitol with confederate and trump flags are different situations. Can you rationalize it without saying “well what about . . .”  Just because someone fucked up an AutoZone doesn’t mean it’s cool to break into the Capitol during a session,,,1621900461,{},gzc0ch7,False,t3_njvd32,False,True,t1_gzatku5,/r/Conservative/comments/njvd32/the_january_6_commission_is_all_about_revenge/gzc0ch7/,1621985862,1,True,False,Conservative,t5_2qh6p,,0,[],[],text,t2_9gvet,False,False
[],,LobsterJohnson_,,,,,,[],"We need to decentralize our electrical grid. The best way to do this is get solar on your roof, and an electric vehicle or batteries in case of stretches of dark skies. Don't give those big corporations your money.",,,1621900459,{},gzc0cea,False,t3_nk6ib5,False,True,t3_nk6ib5,/r/Conservative/comments/nk6ib5/beware_of_googles_interest_in_the_electricity/gzc0cea/,1621985861,3,True,False,Conservative,t5_2qh6p,,0,[],[],text,t2_59td6s1y,False,False
[],,ESQUABALEDOO,,,,,,[],"Then those same protesters are like: ""We care about workers soooo much.""",,,1621900444,{},gzc0bcc,False,t3_nk3lu3,False,False,t1_gzbxqps,/r/Conservative/comments/nk3lu3/texas_moves_to_increase_penalties_for_protestors/gzc0bcc/,1621985844,6,True,False,Conservative,t5_2qh6p,,0,[],[],text,t2_5yf91yvv,False,False
[],,[deleted],,,,,dark,[],[removed],,,1621900443,{},gzc0b8e,False,t3_nk3lu3,False,True,t1_gzbpa7r,/r/Conservative/comments/nk3lu3/texas_moves_to_increase_penalties_for_protestors/gzc0b8e/,1621985842,1,True,False,Conservative,t5_2qh6p,,0,[],,,,,
[],,[deleted],,,,,dark,[],[removed],,,1621900442,{},gzc0b4w,False,t3_nk47jg,False,True,t3_nk47jg,/r/Conservative/comments/nk47jg/maskless_gop_lawmaker_who_followed_cdc_appeals/gzc0b4w/,1621985841,1,True,False,Conservative,t5_2qh6p,,0,[],,,,,
[],,Plus-Egg474,,,,,,[],More power to you. I hate being a Republican but still wishing my students loans would be wiped out.,,,1621900417,{},gzc09ef,False,t3_nk49sj,False,True,t1_gzc00dq,/r/Conservative/comments/nk49sj/report_joe_biden_to_ditch_student_loan/gzc09ef/,1621985814,1,True,False,Conservative,t5_2qh6p,,0,[],[],text,t2_8evh9h8m,False,False
[],,Bourbon_neet,,,,God and Country,dark,[],"5k... lolol... that's the CCP tally and you are eating it up? Google the numerous discrepancies in numbers of death reported v. the rash of cremations starting in December.  Urban density, nursing homes, obese nurses... You have to be a troll for a Chinese media phone tree. No one buys 5000 deaths with the panic they had...

https://www.news-medical.net/covid deaths China",,,1621900414,{},gzc097z,False,t3_njykvz,False,True,t1_gzafud0,/r/Conservative/comments/njykvz/why_the_covid19_virus_was_unleashed_by_china/gzc097z/,1621985811,1,True,False,Conservative,t5_2qh6p,,0,[],"[{'e': 'text', 't': 'God and Country'}]",richtext,t2_9t4ucb61,False,False
[],,FastidiousFalcon,,,,🇺🇸Constitutionalist🇺🇸,dark,[],Hmmm 🤔... same idea that President Trump had that was working.,,,1621900409,{},gzc08vq,True,t3_nk1mve,False,False,t1_gzbw8vo,/r/Conservative/comments/nk1mve/biden_administrations_87_million_contract_to/gzc08vq/,1621985805,5,True,False,Conservative,t5_2qh6p,,0,[],"[{'e': 'text', 't': '🇺🇸Constitutionalist🇺🇸'}]",richtext,t2_8yxbzy25,False,False
[],,Gregorofthehillpeopl,,,,Fiscal Conservative,dark,[],"A movement that has a good goal is not always doing good.  

You can appreciate the goal of judging by the content of one's character, but also disagree with cheating on your wife.  

It's not all or nothing.",,,1621900409,{},gzc08ur,False,t3_nk3lu3,False,False,t1_gzbl4jp,/r/Conservative/comments/nk3lu3/texas_moves_to_increase_penalties_for_protestors/gzc08ur/,1621985805,8,True,False,Conservative,t5_2qh6p,,0,[],"[{'e': 'text', 't': 'Fiscal Conservative'}]",richtext,t2_8dqki,False,False
[],,bluehealer8,,,,,,[],Not sure. Maybe go ask Matt Gaetz.,,,1621900408,{},gzc08ue,False,t3_niw80l,False,True,t1_gzbwgx8,/r/Conservative/comments/niw80l/ashli_babbitts_family_suing_capitol_police_for/gzc08ue/,1621985805,1,True,False,Conservative,t5_2qh6p,,0,[],[],text,t2_5t1mob8q,False,False
[],,Clevzzzz,,,,,,[],"That is not at all what I said, did you even read it? It is literally all subsidized. You are apparently in some pretend world where non-meat products aren’t subsidized. Sorry that’s not the real world. You don’t want to subsidize my meat fine let’s kill all subsidies then we can go down together but there is no way in hell I’m going to have you tell me I don’t have a right to meat while you get your shit subsidized.",,,1621900391,{},gzc07p4,False,t3_nk6okz,False,True,t1_gzbzp0z,/r/Conservative/comments/nk6okz/high_steaks_for_us_agriculture_bidens_climate/gzc07p4/,1621985787,-1,True,False,Conservative,t5_2qh6p,,0,[],[],text,t2_a45pxbws,False,False
[],,Skipper2399,,,,Conservative,dark,[],"Nope. Just had enough scholarships to only have about $10,000 in loans for undergrad and got a full ride for grad school. Now with my fiancé and I both holding jobs making an okay living (nowhere even close to millions and not even in the hundreds of thousands combined) I’m planning to budget a decent amount towards paying off all my debt relatively quickly and living more modestly for a few years. No bullshit at all. 

Now did my parents also take out some parent loans? Yes, and I plan to pay them back for a lot of that as well, but as for student loans personally in my name, I managed to not accrue a very large debt toll in college. But we aren’t rich by any means. I’ve just worked hard to ensure that I would be set up to be able to live debt free for the majority of my adult life.",,,1621900389,{},gzc07jo,False,t3_nk49sj,False,False,t1_gzbq6j9,/r/Conservative/comments/nk49sj/report_joe_biden_to_ditch_student_loan/gzc07jo/,1621985785,0,True,False,Conservative,t5_2qh6p,,0,[],"[{'e': 'text', 't': 'Conservative'}]",richtext,t2_iwg85,False,False
[],,[deleted],,,,,dark,[],[deleted],,,1621900383,{},gzc074s,False,t3_niw80l,False,True,t1_gzbwgx8,/r/Conservative/comments/niw80l/ashli_babbitts_family_suing_capitol_police_for/gzc074s/,1621985777,1,True,False,Conservative,t5_2qh6p,,0,[],,,,,
[],,Opposite-Ad9624,,,,,,[],Amen. I got banned from r/politics after being on Reddit for a few days. And I love how getting banned from r/politics is not enough proof to the mods on r/conservative that I’m worthy of commenting on more posts.,,,1621900374,{},gzc06k2,False,t3_nk9jmc,False,True,t1_gzbwqpk,/r/Conservative/comments/nk9jmc/i_got_the_ban_hammer_from_rpolitics/gzc06k2/,1621985768,54,True,False,Conservative,t5_2qh6p,,0,[],[],text,t2_60zcflsj,False,False
[],,[deleted],,,,,dark,[],[removed],,,1621900356,{},gzc05bd,False,t3_nk3m8e,False,True,t3_nk3m8e,/r/Conservative/comments/nk3m8e/aoc_in_therapy_after_capitol_riot_lawmakers/gzc05bd/,1621985748,1,True,False,Conservative,t5_2qh6p,,0,[],,,,,
[],,Reuters-no-bias-lol,,,,Principled Conservative,dark,[],"Better rip a bandaid than continue educating halfwits until America is no longer a powerful nation. 

You care about education, but you don’t care about people being actually smart. You care about crippling debt, but you don’t care about people being financially independent. You care about the short term impact of a crisis, instead of looking for a long term benefit for the entire nation.",,,1621900354,{},gzc057m,False,t3_nk49sj,False,True,t1_gzbztcr,/r/Conservative/comments/nk49sj/report_joe_biden_to_ditch_student_loan/gzc057m/,1621985746,-4,True,False,Conservative,t5_2qh6p,,0,[],"[{'e': 'text', 't': 'Principled Conservative'}]",richtext,t2_8p4gml90,False,False
[],,PennsylvanianEmperor,,,,Catholic Integralist,dark,[],Legend.,,,1621900330,{},gzc03k5,False,t3_nk4ar6,False,True,t3_nk4ar6,/r/Conservative/comments/nk4ar6/president_of_malta_i_will_never_sign_abortion/gzc03k5/,1621985721,1,True,False,Conservative,t5_2qh6p,,0,[],"[{'e': 'text', 't': 'Catholic Integralist'}]",richtext,t2_6ai4axgx,False,False
[],,[deleted],,,,,dark,[],[removed],,,1621900328,{},gzc03ge,False,t3_njzxlp,False,True,t3_njzxlp,/r/Conservative/comments/njzxlp/democrat_policies_have_created_a_bluestate_exodus/gzc03ge/,1621985719,1,True,False,Conservative,t5_2qh6p,,0,[],,,,,
[],,SPCTomB,,,,,,[],Hey now language! That’s far too tame for what some of them deserve!,,,1621900327,{},gzc03cs,False,t3_nkbs03,False,False,t1_gzbzokl,/r/Conservative/comments/nkbs03/here_are_9_lame_excuses_us_politicians_gave_for/gzc03cs/,1621985717,10,True,False,Conservative,t5_2qh6p,,0,[],[],text,t2_8kqjw8r6,False,False
[],,psych00range,,,,Constitutional Conservative,dark,[],"There has been climate change science and predictions since the late 1800s. They always push off predictions into the next generation and the next generation. The East Coast was supposed to be underwater once CO2 in the atmosphere reached +10% of what it was in the 1960s. That was the mid 80s. There are pictures of NY Harbor by the Statue of Liberty from 100 years ago and from now. 

Malinkovitch Cycles, and Solar Cycles will dictated our climate the most. I don't think anyone denies Industrialization added to our Carbon Emissions making us have higher CO2 in the atmosphere. People just don't believe the effects it has are so dire that we have to act when our planet is self stabilizing according to Paleo-climatology. Not sure where I read this but it stuck with me, The biggest problem with the data scientists use is that they only base their findings on the last 60 years of data. We have hundreds of thousands of years of data within the geological records and ice cores we aren't even looking at. Some people are but most aren't.",,,1621900313,{},gzc02da,False,t3_nk05fd,False,True,t3_nk05fd,/r/Conservative/comments/nk05fd/epa_puts_inconvenient_data_on_1930s_drought_and/gzc02da/,1621985702,3,True,False,Conservative,t5_2qh6p,,0,[],"[{'e': 'text', 't': 'Constitutional Conservative'}]",richtext,t2_403lk,False,False
[],,Familiar-Influence91,,,,,,[],so what...,,,1621900310,{},gzc025k,False,t3_nkb6rg,False,True,t3_nkb6rg,/r/Conservative/comments/nkb6rg/blazing_saddles_dvd_found_in_nascar_garage/gzc025k/,1621985699,-3,True,False,Conservative,t5_2qh6p,,0,[],[],text,t2_a9qfcxq9,False,False
[],,[deleted],,,,,dark,[],[deleted],,,1621900306,{},gzc01u1,False,t3_njevns,False,True,t1_gz9q15m,/r/Conservative/comments/njevns/biden_absent_from_notre_dames_2021_commencement/gzc01u1/,1621985694,1,True,False,Conservative,t5_2qh6p,,0,[],,,,,
[],,dropdeadred,,,,,,[],"The ones that broke into the Capitol waving a confederate flag, those are the insurrectionists. I mean, try and rationalize it without bringing up the perceived slights of the left.",,,1621900301,{},gzc01i5,False,t3_njvd32,False,True,t1_gzams7x,/r/Conservative/comments/njvd32/the_january_6_commission_is_all_about_revenge/gzc01i5/,1621985690,1,True,False,Conservative,t5_2qh6p,,0,[],[],text,t2_9gvet,False,False
[],,frigilio,,,,,,[],Why is there 27 comments and only three showing? Second that's a Marine corps general in the picture. Third this story is bs no matter what the boob tube tries to make you think what the military is it will always have real Patriots and most of that PC crap never happens in reality.,,,1621900297,{},gzc016u,False,t3_nk7hmq,False,False,t3_nk7hmq,/r/Conservative/comments/nk7hmq/army_recruiter_contacted_american_patriot_on/gzc016u/,1621985684,1,True,False,Conservative,t5_2qh6p,,0,[],[],text,t2_76a5s97e,False,False
[],,ReputationCrafty4796,,,,,,[],It's time to break up the InstaGoogleFaceTweet cartel.,,,1621900291,{},gzc00sw,False,t3_nkay64,False,True,t3_nkay64,/r/Conservative/comments/nkay64/desantis_signs_bill_against_big_tech_censorship/gzc00sw/,1621985678,0,True,False,Conservative,t5_2qh6p,,0,[],[],text,t2_awt9gto5,False,False
[],,cubs223425,,,,Conservative,dark,[],"I worked a minimum wage job for my last year of high school, that's it. Quite a bit was from having parent help, but not spending on much, not having kids, and being single is a great way to save money.",,,1621900285,{},gzc00dq,False,t3_nk49sj,False,True,t1_gzbsnmw,/r/Conservative/comments/nk49sj/report_joe_biden_to_ditch_student_loan/gzc00dq/,1621985671,3,True,False,Conservative,t5_2qh6p,,0,[],"[{'e': 'text', 't': 'Conservative'}]",richtext,t2_zrg2m,False,False
[],,Due-Writer-7230,,Conservative,421b644c-8b38-11e1-bc5f-12313d18ad57,Conservative,dark,[],"If it's that easy, why don't you go on national television and just ask him for the proof you're looking for.  If it looks like a duck, walks like a duck, and sounds like a duck then it must be a duck.  Does an innocent person try to stop others from finding evidence?  There is just a lot of fishy stuff going on to just dismiss everything like it didn't happen.  Why can't they show proof there was no cheating?  How is it racist to require an ID to vote but it's not racist to require an ID to go into a government building, buy cigarettes and beer, drive a car, fly on a plane.   How come having a photo ID is racist but having a covid ID is not racist?",,,1621900284,{},gzc00aw,False,t3_nk8x98,False,False,t1_gzbyswt,/r/Conservative/comments/nk8x98/wayne_root_if_you_believe_60_judges_turned_down/gzc00aw/,1621985670,5,True,False,Conservative,t5_2qh6p,,0,[],"[{'e': 'text', 't': 'Conservative'}]",richtext,t2_7hgifhes,False,False
[],,Anonymous3cho,,,,,,[],You shouldn't have all those downvotes.,,,1621900271,{},gzbzzdf,False,t3_nk9jmc,False,True,t1_gzbtvkp,/r/Conservative/comments/nk9jmc/i_got_the_ban_hammer_from_rpolitics/gzbzzdf/,1621985655,-3,True,False,Conservative,t5_2qh6p,,0,[],[],text,t2_7l3erjkk,False,False
[],,[deleted],,,,,dark,[],[removed],,,1621900260,{},gzbzylr,False,t3_njvd32,False,True,t3_njvd32,/r/Conservative/comments/njvd32/the_january_6_commission_is_all_about_revenge/gzbzylr/,1621985642,1,True,False,Conservative,t5_2qh6p,,0,[],,,,,
[],,On-the-open,,,,,,[],"I love it! Paid by the syllable.  And yes, I don’t read a ton but, a lot of times I just read the abstract &amp; forgo the 50 cent words.  I know it’s “publish or perish” for academics so, I have sympathy too.

Thanks for the return comment. Have a good night.",,,1621900250,{},gzbzxvc,False,t3_njwfi5,False,True,t1_gzbw1z3,/r/Conservative/comments/njwfi5/texas_nears_a_ban_on_critical_race_theory/gzbzxvc/,1621985630,1,True,False,Conservative,t5_2qh6p,,0,[],[],text,t2_a0r6punb,False,True
[],,readytomumble123,,,,,,[],"Are you mad because I suggest that your wife be more proactive in her union ? How is that insulting ? And how does anything I say insinuates that I'm a leftist ? 

You would think you were the lefty with your response , after all you live in CA with a wife who's in a teachers Union.",,,1621900249,{},gzbzxtm,False,t3_njn2nv,False,True,t1_gz9y1vy,/r/Conservative/comments/njn2nv/teachers_union_boss_gets_shellacked_for_saying/gzbzxtm/,1621985629,0,True,False,Conservative,t5_2qh6p,,0,[],[],text,t2_aye2ohat,False,False
[],,Toxicgamechat,,,,,,[],I want my state to do the same.,,,1621900244,{},gzbzxev,False,t3_njwfi5,False,True,t3_njwfi5,/r/Conservative/comments/njwfi5/texas_nears_a_ban_on_critical_race_theory/gzbzxev/,1621985623,1,True,False,Conservative,t5_2qh6p,,0,[],[],text,t2_a11c4vx1,False,False
[],,[deleted],,,,,dark,[],[removed],,,1621900239,{},gzbzx1v,False,t3_nk3lu3,False,True,t3_nk3lu3,/r/Conservative/comments/nk3lu3/texas_moves_to_increase_penalties_for_protestors/gzbzx1v/,1621985617,-2,True,False,Conservative,t5_2qh6p,,0,[],,,,,
[],,Bluellamaarmy,,,,John Locke,dark,[],"And yet, the useful idiots will continue to shamelessly shill the lefts propaganda.",,,1621900234,{},gzbzwpb,False,t3_nka4ue,False,True,t3_nka4ue,/r/Conservative/comments/nka4ue/budget_report_biden_dropping_student_loan/gzbzwpb/,1621985612,3,True,False,Conservative,t5_2qh6p,,0,[],"[{'e': 'text', 't': 'John Locke'}]",richtext,t2_430c1m9z,False,False
[],,[deleted],,,,,dark,[],[removed],,,1621900223,{},gzbzvxx,False,t3_nk3rnj,False,True,t1_gzbzfl5,/r/Conservative/comments/nk3rnj/new_hampshire_election_auditors_find_ballot_fold/gzbzvxx/,1621985600,1,True,False,Conservative,t5_2qh6p,,0,[],,,,,
[],,DurtyKurty,,,,,,[],"If only the justice system and the court system were apolitical as intended… oh well, pipes can dream.",,,1621900216,{},gzbzvfz,False,t3_nk3lu3,False,False,t1_gzb2e8o,/r/Conservative/comments/nk3lu3/texas_moves_to_increase_penalties_for_protestors/gzbzvfz/,1621985592,4,True,False,Conservative,t5_2qh6p,,0,[],[],text,t2_98wf8,False,False
[],,pcdelgado,,,,,,[],"PDX resident here, an no that’s not happening.",,,1621900215,{},gzbzvf5,False,t3_nk3lu3,False,True,t1_gzbl1yo,/r/Conservative/comments/nk3lu3/texas_moves_to_increase_penalties_for_protestors/gzbzvf5/,1621985592,-34,True,False,Conservative,t5_2qh6p,,0,[],[],text,t2_3frty,False,False
[],,CookieCutter186,,Conservative,421b644c-8b38-11e1-bc5f-12313d18ad57,Conservative,dark,[],"There's a good chance you did have it, but just didn't know. Covid is just that deadly and serious.",,,1621900209,{},gzbzv0w,False,t3_njm2bj,False,False,t1_gz83z9u,/r/Conservative/comments/njm2bj/rand_paul_refusing_to_get_vaccinated_because_he/gzbzv0w/,1621985585,1,True,False,Conservative,t5_2qh6p,,0,[],"[{'e': 'text', 't': 'Conservative'}]",richtext,t2_bnt2ovy9,False,False
[],,[deleted],,,,,dark,[],[removed],,,1621900207,{},gzbzuwb,False,t3_njkf99,False,True,t1_gz9k00g,/r/Conservative/comments/njkf99/cnnpaid_journalist_inside_capitol_riot_has_90k/gzbzuwb/,1621985583,1,True,False,Conservative,t5_2qh6p,,0,[],,,,,
[],,Open_Mind_Pleb,,,,,,[],Why cant r/politics just rename itself to r/democratsonly ? The idea of it being a bipartisan discussion sub is a lie.,,,1621900202,{},gzbzuke,False,t3_nk9jmc,False,True,t3_nk9jmc,/r/Conservative/comments/nk9jmc/i_got_the_ban_hammer_from_rpolitics/gzbzuke/,1621985577,5,True,False,Conservative,t5_2qh6p,,0,[],[],text,t2_8y1k5qyy,False,False
[],,gncurrier,,,,Conservative Millennial,dark,[],"And actually I would agree with that too, conservative/Christian/other religious media is woefully behind the times. Look at that spate of Christian movies that came out in the early 2000s, they were horrendous. The acting was bad, the scripts were lame, and it turned people off of the messaging. One, we need our own media companies, two, there is a need for people involved in the arts who are conservative to change people’s minds and instill American values.",,,1621900200,{},gzbzude,False,t3_njpy4p,False,True,t1_gzak9pn,/r/Conservative/comments/njpy4p/biden_will_drop_student_loan_forgiveness_from/gzbzude/,1621985574,2,True,False,Conservative,t5_2qh6p,,0,[],"[{'e': 'text', 't': 'Conservative Millennial'}]",richtext,t2_3qt42u1,False,False
[],,[deleted],,,,,dark,[],[removed],,,1621900194,{},gzbzu05,False,t3_njkf99,False,True,t1_gz8bkjq,/r/Conservative/comments/njkf99/cnnpaid_journalist_inside_capitol_riot_has_90k/gzbzu05/,1621985569,1,True,False,Conservative,t5_2qh6p,,0,[],,,,,
[],,Unlikely_You_9271,,,,,,[],"So your best idea is to crash higher education, closing hundreds of colleges laying off millions of people while also locking out low to middle income families the opportunity to receive a college degree. Sounds like a great way to cause another recession.",,,1621900185,{},gzbztcr,False,t3_nk49sj,False,False,t1_gzbt3bs,/r/Conservative/comments/nk49sj/report_joe_biden_to_ditch_student_loan/gzbztcr/,1621985558,3,True,False,Conservative,t5_2qh6p,,0,[],[],text,t2_4p8bf7y4,False,False
[],,awksomepenguin,,,,No Step on Snek,dark,[],That's **why** he is vilified in the media.,,,1621900182,{},gzbzt4q,False,t3_njvv75,False,True,t3_njvv75,/r/Conservative/comments/njvv75/bloomberg_columnist_desantis_is_the_pandemic/gzbzt4q/,1621985555,1,True,False,Conservative,t5_2qh6p,,0,[],"[{'e': 'text', 't': 'No Step on Snek'}]",richtext,t2_o0ccy,False,False
[],,[deleted],,,,,dark,[],[removed],,,1621900178,{},gzbzstj,False,t3_nk9bz3,False,True,t3_nk9bz3,/r/Conservative/comments/nk9bz3/whitmer_administration_rescinds_rule_she_violated/gzbzstj/,1621985549,1,True,False,Conservative,t5_2qh6p,,0,[],,,,,
[],,[deleted],,,,,dark,[],[removed],,,1621900177,{},gzbzsqo,False,t3_njyhnj,False,True,t3_njyhnj,/r/Conservative/comments/njyhnj/there_is_no_moral_equivalence_between_the/gzbzsqo/,1621985548,1,True,False,Conservative,t5_2qh6p,,0,[],,,,,
[],,estimated_prophet7,,,,,,[],But my point is that if you are hated then hating them back only creates more hate and nobody is the better and that’s just an example. And obviously I’m aware you can use someone’s tactics against them I’m just not certain that’s the best way to win. Have a nice day!✌️💀⚡️🌹,,,1621900174,{},gzbzsjp,False,t3_njaxwp,False,True,t1_gzbyu7b,/r/Conservative/comments/njaxwp/skillet_frontman_john_cooper_warns_critical_race/gzbzsjp/,1621985545,1,True,False,Conservative,t5_2qh6p,,0,[],[],text,t2_29u2aim9,False,False
