all_awardings,associated_award,author,author_flair_background_color,author_flair_css_class,author_flair_template_id,author_flair_text,author_flair_text_color,awarders,body,collapsed_because_crowd_control,created_utc,gildings,id,is_submitter,link_id,locked,no_follow,parent_id,permalink,retrieved_on,score,send_replies,stickied,subreddit,subreddit_id,total_awards_received,author_flair_richtext,author_flair_type,author_fullname,author_patreon_flair,author_premium,author_cakeday
[],,[deleted],,,,,dark,[],[removed],,1584840597,{},fl5mx4n,False,t3_fmdgox,False,True,t1_fl4fii7,/r/Conservative/comments/fmdgox/whether_its_global_warming_or_this_new_virus_the/fl5mx4n/,1584840598,1,True,False,Conservative,t5_2qh6p,0,,,,,,
[],,joez37,,,,,,[],"So, are y'all on board with giving stock boys at least $15 per hour?",,1584840591,{},fl5mwu7,False,t3_fmoqod,False,True,t3_fmoqod,/r/Conservative/comments/fmoqod/nolte_we_now_know_truckers_and_stock_boys_are/fl5mwu7/,1584840592,1,True,False,Conservative,t5_2qh6p,0,[],text,t2_adcssuw,False,True,
[],,Tomcat_AL200,,,,Constitutional Conservative,dark,[],WTF Erika?,,1584840551,{},fl5muse,False,t3_fmpy9t,False,True,t3_fmpy9t,/r/Conservative/comments/fmpy9t/underworld_star_sophia_myless_dad_dies_of/fl5muse/,1584840552,1,True,False,Conservative,t5_2qh6p,0,"[{'e': 'text', 't': 'Constitutional Conservative'}]",richtext,t2_10m6nn,False,False,
[],,MrMotely,,,,Constitutionalist,dark,[],History only goes back to 2001 I guess.,,1584840536,{},fl5mtzw,False,t3_fmra5w,False,True,t3_fmra5w,/r/Conservative/comments/fmra5w/targets_of_160_150_a_gallon_oil_analyst_says/fl5mtzw/,1584840537,1,True,False,Conservative,t5_2qh6p,0,"[{'e': 'text', 't': 'Constitutionalist'}]",richtext,t2_38zphp5k,False,False,
[],,Dranosh,,,,,dark,[],"Well, yeah it isn't hard to build a shack with rusted Coke-cola signs...",,1584840516,{},fl5msyz,False,t3_fmj4pd,False,True,t3_fmj4pd,/r/Conservative/comments/fmj4pd/i_would_like_to_kindly_invite_the_70k_people_who/fl5msyz/,1584840518,1,True,False,Conservative,t5_2qh6p,0,[],text,t2_70cx6,False,False,
[],,AvailableProfile,,,,,,[],Still want your rebate? lol,,1584840515,{},fl5mswm,False,t3_fm0vcf,False,True,t1_fl3t666,/r/Conservative/comments/fm0vcf/wheres_my_money/fl5mswm/,1584840516,1,True,False,Conservative,t5_2qh6p,0,[],text,t2_2jhf3yg2,False,False,
[],,BiPolar_RockNRolla,,,,,,[],That’s a pretty funny picture. I would laugh my ass off if it were true or a porn parody was made of it.,,1584840471,{},fl5mqnp,False,t3_fmqf7b,False,True,t1_fl5l4c3,/r/Conservative/comments/fmqf7b/rachel_maddow_wants_president_trumps_daily/fl5mqnp/,1584840473,1,True,False,Conservative,t5_2qh6p,0,[],text,t2_1g42qr4p,False,False,
[],,[deleted],,,,,dark,[],[removed],,1584840469,{},fl5mqj3,False,t3_fmf7at,False,True,t1_fl436mc,/r/Conservative/comments/fmf7at/larry_the_cable_guy_blasts_clueless_celebs_for/fl5mqj3/,1584840471,1,True,False,Conservative,t5_2qh6p,0,,,,,,
[],,obliviononahalfshell,,,,Don't Tread on Me~,dark,[],Such wisdom.,,1584840450,{},fl5mpjp,False,t3_fmppd1,False,True,t3_fmppd1,/r/Conservative/comments/fmppd1/it_is_so_easy_to_be_wrongand_to_persist_in_being/fl5mpjp/,1584840452,1,True,False,Conservative,t5_2qh6p,0,"[{'e': 'text', 't': ""Don't Tread on Me~""}]",richtext,t2_jdw0t,False,False,
[],,Butters0422,,,,Conservative,dark,[],I am perfectly fine with a cancer or MS patient being able to access the medication that works best for them. Especially in a hell hole like LA,,1584840437,{},fl5mowl,False,t3_fmp4ue,False,True,t3_fmp4ue,/r/Conservative/comments/fmp4ue/marijuana_stores_listed_as_essential_businesses/fl5mowl/,1584840439,1,True,False,Conservative,t5_2qh6p,0,"[{'e': 'text', 't': 'Conservative'}]",richtext,t2_5dtxl,False,True,
[],,commiezilla,,,,,,[],Time to fill the gas cans with fuel and sta-bil,,1584840437,{},fl5mowe,False,t3_fmra5w,False,True,t3_fmra5w,/r/Conservative/comments/fmra5w/targets_of_160_150_a_gallon_oil_analyst_says/fl5mowe/,1584840439,1,True,False,Conservative,t5_2qh6p,0,[],text,t2_mmr6v,False,False,
[],,[deleted],,,,,dark,[],[removed],,1584840434,{},fl5mor8,False,t3_fmf7at,False,True,t1_fl4g4qp,/r/Conservative/comments/fmf7at/larry_the_cable_guy_blasts_clueless_celebs_for/fl5mor8/,1584840436,1,True,False,Conservative,t5_2qh6p,0,,,,,,
[],,KillaB33z,,,,Small Government Conservative,dark,[],Too bad there is nowhere to go,,1584840413,{},fl5mnp7,False,t3_fmra5w,False,True,t3_fmra5w,/r/Conservative/comments/fmra5w/targets_of_160_150_a_gallon_oil_analyst_says/fl5mnp7/,1584840415,1,True,False,Conservative,t5_2qh6p,0,"[{'e': 'text', 't': 'Small Government Conservative'}]",richtext,t2_eajcm,False,False,
[],,neemarita,,Conservative,421b644c-8b38-11e1-bc5f-12313d18ad57,Conservative,dark,[],"That sub is a cesspool of hysteria. r/covid19 is way better to actually see what's being done about it and how the media, left and right, massages the numbers to push said hysteria.",,1584840379,{},fl5mlzu,False,t3_fmdgox,False,True,t1_fl3oyhd,/r/Conservative/comments/fmdgox/whether_its_global_warming_or_this_new_virus_the/fl5mlzu/,1584840381,1,True,False,Conservative,t5_2qh6p,0,"[{'e': 'text', 't': 'Conservative'}]",richtext,t2_eubvh,False,False,
[],,TruthfulTrolling,,,,Black Conservative,dark,[],Just don't wear that shirt on a college campus.,,1584840350,{},fl5mkib,False,t3_fmfwbn,False,True,t1_fl5ikn7,/r/Conservative/comments/fmfwbn/rachel_maddow_urges_networks_not_to_air_president/fl5mkib/,1584840351,1,True,False,Conservative,t5_2qh6p,0,"[{'e': 'text', 't': 'Black Conservative'}]",richtext,t2_2968ngdg,False,False,
[],,Invoke-RFC2549,,,,,,[],"As far as they knew, but they may not have had accurate information for the patients in question.",,1584840340,{},fl5mk1r,False,t3_fmq15y,False,True,t1_fl5lgv4,/r/Conservative/comments/fmq15y/a_medical_worker_describes_terrifying_lung/fl5mk1r/,1584840342,1,True,False,Conservative,t5_2qh6p,0,[],text,t2_wxvxcug,False,False,
[],,3-10,,,,Constitutional Paratrooper,dark,[],"You aren’t being honest, I don’t expect a hack to be honest, but let’s look at the 2000 dot com bubble. 

Dot com bubble started in 2000. 


https://en.m.wikipedia.org/wiki/Dot-com_bubble

https://en.m.wikipedia.org/wiki/Stock_market_downturn_of_2002

2007 was specifically caused by Barney Frank’s Housing policy (a Democrat) that was started initially during Carter and then expanded under Clinton. 

1990 while under a Republican, it was the Fed, but it also had been kicked off by the Tax Reform Act (which was bi-partisan, but rid the market of many tax loopholes, especially real estate. It had recovered by 1992 with the tech expansion. There was also a down sizing of the defense industry, which skews the numbers worse than they were. 

1953 You are seriously trying to tell me that A Republican that was in office for 6 months when it hit bottom was at fault? Did you not look at the facts? It started in Q4 1952. Remind me who was President?

https://en.m.wikipedia.org/wiki/Recession_of_1953#/media/File%3A1953_recession_in_US.jpg

Also, I’d like to point out it was a sharp V which indicates it recovered extremely fast, unlike Obama’s recovery. 

1973 Sure, it was a Republican. That said, it was caused by the Breton Wood’s Monetary policy that was created in 1944 by Democrats. It also was amplified by the oil crisis. 

1981 was an important recession designed to correct for the stagflation that Carter created. It actually enabled business growth. Reagan did the exact opposite of what Democrats and Keynesian economists said would work and we had a massive economic growth that wasn’t repeated until the last 3 years.",,1584840334,{},fl5mjq4,False,t3_fme043,False,True,t1_fl5km3c,/r/Conservative/comments/fme043/under_my_plan/fl5mjq4/,1584840335,1,True,False,Conservative,t5_2qh6p,0,"[{'e': 'text', 't': 'Constitutional Paratrooper'}]",richtext,t2_12wezj9,False,False,
[],,skimmily,,,,,,[],Martial law bad. Our economy isn’t going to be so hot with entire states going to lockdown.,,1584840328,{},fl5mjeh,False,t3_fmq2y7,False,True,t3_fmq2y7,/r/Conservative/comments/fmq2y7/united_states_coronavirus_24218_cases_and_316/fl5mjeh/,1584840329,1,True,False,Conservative,t5_2qh6p,0,[],text,t2_1q7jolve,False,False,
[],,skarface6,,Conservative,421b644c-8b38-11e1-bc5f-12313d18ad57,1 Timothy 5:23,dark,[],They sure were about the ambassador Trump fired who gave to his inauguration.,,1584840328,{},fl5mjdy,False,t3_fmpqxt,False,True,t1_fl5hw9i,/r/Conservative/comments/fmpqxt/please_andrew_tell_the_nice_man_with_the_badge/fl5mjdy/,1584840329,1,True,False,Conservative,t5_2qh6p,0,"[{'e': 'text', 't': '1 Timothy 5:23'}]",richtext,t2_3upit,False,False,
[],,Invoke-RFC2549,,,,,,[],All the actual evidence we have points to those under 40 having very little risk of severe infection unless they have preexisting conditions. Very little risk doesn't mean no risk so it is completely possible for a 20 something in prime physical condition to die to this virus.,,1584840294,{},fl5mhm5,False,t3_fmq15y,False,True,t1_fl5fi7a,/r/Conservative/comments/fmq15y/a_medical_worker_describes_terrifying_lung/fl5mhm5/,1584840297,1,True,False,Conservative,t5_2qh6p,0,[],text,t2_wxvxcug,False,False,
[],,neemarita,,Conservative,421b644c-8b38-11e1-bc5f-12313d18ad57,Conservative,dark,[],"Check out all the people who are dying in Italy and stop the fearmongering. The majority of the elderly who died were indeed elderly and had 2-4 comorbidities; you die, you are listed as dying from coronavirus even if it was a comorbidity that did you in. It's tragic and we need to be careful thus the social distancing and not going out unless we have to, but nowhere near the fucking apocalypse. Then you consider this is easily transmissable and 80-90% of people have it or had it and do not even know - it's not as bad as the media hysteria says it is and we will look back and shake our heads.",,1584840288,{},fl5mhb0,False,t3_fmdgox,False,True,t1_fl4ssoo,/r/Conservative/comments/fmdgox/whether_its_global_warming_or_this_new_virus_the/fl5mhb0/,1584840290,1,True,False,Conservative,t5_2qh6p,0,"[{'e': 'text', 't': 'Conservative'}]",richtext,t2_eubvh,False,False,
[],,skarface6,,Conservative,421b644c-8b38-11e1-bc5f-12313d18ad57,1 Timothy 5:23,dark,[],This isn’t the Stand.,,1584840282,{},fl5mh0o,False,t3_fmnljw,False,True,t1_fl5cw9j,/r/Conservative/comments/fmnljw/what_can_possibly_go_wrong_nyc_mayor_to_start/fl5mh0o/,1584840283,1,True,False,Conservative,t5_2qh6p,0,"[{'e': 'text', 't': '1 Timothy 5:23'}]",richtext,t2_3upit,False,False,
[],,notBobobo,,,,,,[],I so hope this plays out.,,1584840266,{},fl5mg6e,False,t3_fmpqxt,False,True,t3_fmpqxt,/r/Conservative/comments/fmpqxt/please_andrew_tell_the_nice_man_with_the_badge/fl5mg6e/,1584840268,1,True,False,Conservative,t5_2qh6p,0,[],text,t2_57u0smqh,False,False,
[],,skimmily,,,,,,[],Think about all the people who aren’t even tested. That percentage is even lower.,,1584840242,{},fl5mexq,False,t3_fmq2y7,False,True,t1_fl5johk,/r/Conservative/comments/fmq2y7/united_states_coronavirus_24218_cases_and_316/fl5mexq/,1584840243,1,True,False,Conservative,t5_2qh6p,0,[],text,t2_1q7jolve,False,False,
[],,PunishedNomad,,,,libertarian conservative,dark,[],Holy shit you're retarded.,,1584840230,{},fl5mec4,False,t3_fmn6ef,False,True,t1_fl5k0b5,/r/Conservative/comments/fmn6ef/illinois_governor_lists_gun_stores_as_essential/fl5mec4/,1584840232,1,True,False,Conservative,t5_2qh6p,0,"[{'e': 'text', 't': 'libertarian conservative'}]",richtext,t2_44eyhktc,False,False,
[],,skarface6,,Conservative,421b644c-8b38-11e1-bc5f-12313d18ad57,1 Timothy 5:23,dark,[],AFAIK they have been denying new folks into jail.,,1584840226,{},fl5me3u,False,t3_fmnljw,False,True,t1_fl53nk3,/r/Conservative/comments/fmnljw/what_can_possibly_go_wrong_nyc_mayor_to_start/fl5me3u/,1584840227,1,True,False,Conservative,t5_2qh6p,0,"[{'e': 'text', 't': '1 Timothy 5:23'}]",richtext,t2_3upit,False,False,
[],,BiPolar_RockNRolla,,,,,,[],Just another dumb as rocks celeb trying to save their fading fame by using politics. When will they learn that being an actor only lets them lecture about acting and nothing else. If they want to play politics then enter politics and forget about acting. Let’s see how much heat they can take when they have to met the public face to face. I doubt any of them would last long.,,1584840200,{},fl5mcs0,False,t3_fmqns4,False,True,t3_fmqns4,/r/Conservative/comments/fmqns4/why_did_john_cusack_lie_about_president_trump/fl5mcs0/,1584840201,1,True,False,Conservative,t5_2qh6p,0,[],text,t2_1g42qr4p,False,False,
[],,PenIsMightier69,,Conservative,421b644c-8b38-11e1-bc5f-12313d18ad57,Conservative,dark,[],"I hope it stays there, but you should remember that over half of the cases in the us are only a few days old. There hasn't been much time for...",,1584840195,{},fl5mcjv,False,t3_fmq2y7,False,True,t1_fl5imrx,/r/Conservative/comments/fmq2y7/united_states_coronavirus_24218_cases_and_316/fl5mcjv/,1584840197,1,True,False,Conservative,t5_2qh6p,0,"[{'e': 'text', 't': 'Conservative'}]",richtext,t2_n0578,False,False,
[],,commanderjdm,,,,,,[],Water is wet.,,1584840148,{},fl5ma4t,False,t3_fmooid,False,True,t1_fl5bu0p,/r/Conservative/comments/fmooid/chinas_coronavirus_recovery_is_all_fake/fl5ma4t/,1584840148,1,True,False,Conservative,t5_2qh6p,0,[],text,t2_10lynk,False,False,
[],,neemarita,,Conservative,421b644c-8b38-11e1-bc5f-12313d18ad57,Conservative,dark,[],The Guardian being center right is the most hysterical thing I have read in a long time.,,1584840142,{},fl5m9v1,False,t3_fmdgox,False,True,t1_fl4n12a,/r/Conservative/comments/fmdgox/whether_its_global_warming_or_this_new_virus_the/fl5m9v1/,1584840143,1,True,False,Conservative,t5_2qh6p,0,"[{'e': 'text', 't': 'Conservative'}]",richtext,t2_eubvh,False,False,
[],,MySoulIsaModem,,,,,,[],"The left are fundamentally authoritarian and even if they truly believe the ends justify the means, and that their ideology will be objectively better if successful and pushed to its conclusion, the left as a matter of policy, practice, and consensus, see controlling and distorting information as tolerable.

The left only want people to receive information that was fabricated and designed to be productive according to leftist narratives, or is filtered through their careful manipulation. Conservatives as a whole seem far more likely to be skeptical, and to want the truth. ""Conservatives"" (anyone who isn't a liberal, by contrast) will be skeptical of conservative politicians and conservative media and usually reside somewhere closer to the middle of the political spectrum. Liberals have become rabid ideologues and are extremely Orwellian in the way they seek to control information. If a liberal wakes up to the fact, they spring back to the center and become ""conservative"" according to the die hard liberals that live in their lovingly nurtured of high octane propaganda that they're constantly consuming and regurgitating.

I'm a centrist. I have voted for Democrats and Republicans and I see both parties as being fundamentally flawed to the point that I have to vote based on my personal conscience and research, rather than faith in a specific party.

People who are seen as ""conservative"" are largely far more objective in their understanding of US politics than liberals are, far more likely to compromise, far more likely to be resistant to being lied to and coddled by the media. And I really think that's because of personality traits. People who support liberal policies tend to have a greater degree of faith in authority, and see power over other people (and the information they receive) as being rightfully wielded by people who are enlightened and sophisticated like them.

A clear example of this is the absolute constant attacks on the First Amendment by the left. Most conservatives want everyone to enjoy the rights that they enjoy when it comes to being able to express themselves, no matter how much they disagree with their opinions. The left wants to enforce a monopoly on ideas and want to use whatever power they have to silence people and ideas that they oppose. This is undeniable to any objective person and this is why as a centrist I see the left as being far more dysfunctional in its ideology than modern American conservatism is.",,1584840133,{},fl5m9el,False,t3_fmnbt7,False,True,t1_fl5bp4k,/r/Conservative/comments/fmnbt7/as_trump_approval_soars_rachel_maddow_and_others/fl5m9el/,1584840135,1,True,False,Conservative,t5_2qh6p,0,[],text,t2_2em5meov,False,False,
[],,UnderworldTourGuide,,,,,,[],Surprised this wasn’t a Babylon Bee headline.  Bravo,,1584840131,{},fl5m999,False,t3_fmpoaw,False,True,t3_fmpoaw,/r/Conservative/comments/fmpoaw/this_shutdown_sucks/fl5m999/,1584840132,1,True,False,Conservative,t5_2qh6p,0,[],text,t2_99breoi,False,False,
[],,UnderworldTourGuide,,,,,,[],Surprised this wasn’t a Babylon Bee headline.  Bravo,,1584840082,{},fl5m6rr,False,t3_fmpoaw,False,True,t3_fmpoaw,/r/Conservative/comments/fmpoaw/this_shutdown_sucks/fl5m6rr/,1584840083,1,True,False,Conservative,t5_2qh6p,0,[],text,t2_99breoi,False,False,
[],,bi-speech,,,,,,[],You can upvote and be happy that a country taking action while not supporting their everyday lives/government. It is ok to support others during this global pandemic and be happy for any good news.,,1584840021,{},fl5m3m7,False,t3_fmj4pd,False,True,t3_fmj4pd,/r/Conservative/comments/fmj4pd/i_would_like_to_kindly_invite_the_70k_people_who/fl5m3m7/,1584840022,1,True,False,Conservative,t5_2qh6p,0,[],text,t2_2rvd9xia,False,False,
[],,ave_maria9334,,,,Paleoconservative,dark,[],We are living through one wild timeline.,,1584840009,{},fl5m30m,False,t3_fmn6ef,False,True,t3_fmn6ef,/r/Conservative/comments/fmn6ef/illinois_governor_lists_gun_stores_as_essential/fl5m30m/,1584840010,1,True,False,Conservative,t5_2qh6p,0,"[{'e': 'text', 't': 'Paleoconservative'}]",richtext,t2_3jinrt63,False,False,
[],,skarface6,,Conservative,421b644c-8b38-11e1-bc5f-12313d18ad57,1 Timothy 5:23,dark,[],Do you not realize that the pay gap is entirely fictitious? Because we do. This is poking fun at it.,,1584840008,{},fl5m2yu,False,t3_fmpoaw,False,True,t1_fl5kcze,/r/Conservative/comments/fmpoaw/this_shutdown_sucks/fl5m2yu/,1584840009,1,True,False,Conservative,t5_2qh6p,0,"[{'e': 'text', 't': '1 Timothy 5:23'}]",richtext,t2_3upit,False,False,
[],,AntonPercivalVIIII,,,,"Conservative, Christian",dark,[],Thank-you for your service.,,1584839999,{},fl5m2jh,True,t3_fmoqod,False,True,t1_fl5d1rd,/r/Conservative/comments/fmoqod/nolte_we_now_know_truckers_and_stock_boys_are/fl5m2jh/,1584840001,1,True,False,Conservative,t5_2qh6p,0,"[{'e': 'text', 't': 'Conservative, Christian'}]",richtext,t2_36p59za5,False,False,
[],,[deleted],,,,,dark,[],[removed],,1584839976,{},fl5m1cq,False,t3_fmn6ef,False,True,t1_fl5lkad,/r/Conservative/comments/fmn6ef/illinois_governor_lists_gun_stores_as_essential/fl5m1cq/,1584839978,1,True,False,Conservative,t5_2qh6p,0,,,,,,
[],,skarface6,,Conservative,421b644c-8b38-11e1-bc5f-12313d18ad57,1 Timothy 5:23,dark,[],Yikes. Sounds really rough.,,1584839974,{},fl5m18s,False,t3_fmj4pd,False,True,t1_fl5kpho,/r/Conservative/comments/fmj4pd/i_would_like_to_kindly_invite_the_70k_people_who/fl5m18s/,1584839976,1,True,False,Conservative,t5_2qh6p,0,"[{'e': 'text', 't': '1 Timothy 5:23'}]",richtext,t2_3upit,False,False,
[],,[deleted],,,,,dark,[],[removed],,1584839958,{},fl5m0eu,False,t3_fmf7at,False,True,t1_fl3vmkw,/r/Conservative/comments/fmf7at/larry_the_cable_guy_blasts_clueless_celebs_for/fl5m0eu/,1584839960,1,True,False,Conservative,t5_2qh6p,0,,,,,,
[],,skarface6,,Conservative,421b644c-8b38-11e1-bc5f-12313d18ad57,1 Timothy 5:23,dark,[],Just as soon as he’s out of the race.,,1584839933,{},fl5lz4e,False,t3_fmo8ya,False,True,t1_fl587oj,/r/Conservative/comments/fmo8ya/a_mere_8_days_ago_joe_biden_was_still_attacking/fl5lz4e/,1584839935,1,True,False,Conservative,t5_2qh6p,0,"[{'e': 'text', 't': '1 Timothy 5:23'}]",richtext,t2_3upit,False,False,
[],,TheModernDaVinci,,,,,,[],That statement wasnt a warning. It was a threat.,,1584839899,{},fl5lxbx,False,t3_fmnsve,False,True,t1_fl56uc5,/r/Conservative/comments/fmnsve/wapo_calls_for_end_to_live_broadcasts_of_trumps/fl5lxbx/,1584839900,1,True,False,Conservative,t5_2qh6p,0,[],text,t2_qd1dy,False,False,
[],,drmode2000,,,,,,[],Exactly,,1584839873,{},fl5lw0x,False,t3_fmp4ue,False,True,t1_fl5kf6w,/r/Conservative/comments/fmp4ue/marijuana_stores_listed_as_essential_businesses/fl5lw0x/,1584839875,1,True,False,Conservative,t5_2qh6p,0,[],text,t2_55k9ln24,False,False,
[],,jim351,,,,,,[],Hillary is pure evil it's been proven time and again there is not a more horrible person on the face of the Earth. There may be horrible people but she blatantly does her evil in the face of everyone and believes we should just take it.  Hillary cares about no one but herself. So I find it no surprise that she would criticize Trump and our country. She will never get over that she was found by the American people to be the horrible person she is and did not get what she wanted the presidency.,,1584839866,{},fl5lvom,False,t3_fmgulp,False,True,t3_fmgulp,/r/Conservative/comments/fmgulp/it_is_true_chinese_ambassador_backs_hillary/fl5lvom/,1584839867,1,True,False,Conservative,t5_2qh6p,0,[],text,t2_3pdr7hj1,False,False,
[],,CriticalEscapeBike,,,,Rational,dark,[],"&gt;The politics of Australia has been very partisan lately. We have all gotten behind our conservative PM in this crisis, left and right (for the most part).

Let's hope cooler heads prevail and the U.S. turns around.",,1584839833,{},fl5ltyq,False,t3_fmdgm1,False,True,t1_fl5ecf1,/r/Conservative/comments/fmdgm1/the_extreme_state_lockdowns_the_california_and/fl5ltyq/,1584839834,1,True,False,Conservative,t5_2qh6p,0,"[{'e': 'text', 't': 'Rational'}]",richtext,t2_2smbojfe,False,False,
[],,[deleted],,,,,dark,[],[removed],,1584839818,{},fl5lt79,False,t3_fmpofh,False,True,t3_fmpofh,/r/Conservative/comments/fmpofh/too_many_people_in_the_media_cannot_seem_to_tell/fl5lt79/,1584839820,1,True,False,Conservative,t5_2qh6p,0,,,,,,
[],,JenovaProjekt,,,,,,[],like we didn't pay for that shit in the first place,,1584839807,{},fl5lsmi,False,t3_fmell0,False,True,t3_fmell0,/r/Conservative/comments/fmell0/israeli_drug_company_donating_6m_doses_of_malaria/fl5lsmi/,1584839809,1,True,False,Conservative,t5_2qh6p,0,[],text,t2_16e0ev,False,False,True
[],,UnderworldTourGuide,,,,,,[],I like the assumption that the American people are too stupid to check validity for themselves and decide what is good vs bad info.  Good thing journalists are there to be the arbiters of truth and let us dummies know what we are supposed to believe.,,1584839804,{},fl5lsgw,False,t3_fmnsve,False,True,t3_fmnsve,/r/Conservative/comments/fmnsve/wapo_calls_for_end_to_live_broadcasts_of_trumps/fl5lsgw/,1584839806,1,True,False,Conservative,t5_2qh6p,0,[],text,t2_99breoi,False,False,
[],,battistajo,,,,,,[],Fuck both of 'em.,,1584839789,{},fl5lroy,False,t3_fmjdda,False,True,t3_fmjdda,/r/Conservative/comments/fmjdda/chinese_ambassador_applauds_hillary_clinton_for/fl5lroy/,1584839790,1,True,False,Conservative,t5_2qh6p,0,[],text,t2_1qlp4unp,False,False,
[],,PurpleAngel23,,PURPLEBOLD,,Irish Refugee Descendant,dark,[],You posted that twice. I deleted this comment and left the one people were replying to. You’re welcome.,,1584839781,{},fl5lraw,False,t3_fmjdda,False,True,t1_fl4ol2x,/r/Conservative/comments/fmjdda/chinese_ambassador_applauds_hillary_clinton_for/fl5lraw/,1584839783,1,True,False,Conservative,t5_2qh6p,0,"[{'e': 'text', 't': 'Irish Refugee Descendant'}]",richtext,t2_1sn5vaw6,False,False,
[],,[deleted],,,,,dark,[],[removed],,1584839780,{},fl5lr9g,False,t3_fmq2y7,False,True,t1_fl5jisp,/r/Conservative/comments/fmq2y7/united_states_coronavirus_24218_cases_and_316/fl5lr9g/,1584839782,1,True,False,Conservative,t5_2qh6p,0,,,,,,
[],,RayZintos,,,,FreeAintFree,dark,[],Year of the rat.,,1584839780,{},fl5lr8p,False,t3_fmo0t2,False,True,t1_fl5kwwo,/r/Conservative/comments/fmo0t2/beijings_attempts_to_elude_blame_for_the_wuhan/fl5lr8p/,1584839782,1,True,False,Conservative,t5_2qh6p,0,"[{'e': 'text', 't': 'FreeAintFree'}]",richtext,t2_nvhnwmf,False,False,
[],,[deleted],,,,,dark,[],[removed],,1584839761,{},fl5lq9h,False,t3_fmnsve,False,True,t3_fmnsve,/r/Conservative/comments/fmnsve/wapo_calls_for_end_to_live_broadcasts_of_trumps/fl5lq9h/,1584839762,1,True,False,Conservative,t5_2qh6p,0,,,,,,
[],,CriticalEscapeBike,,,,Rational,dark,[],"*""Okay hon, I'm in the airlock now...""*",,1584839708,{},fl5lnke,False,t3_fmlkhr,False,True,t3_fmlkhr,/r/Conservative/comments/fmlkhr/new_york_citys_health_department_releases_guide/fl5lnke/,1584839710,1,True,False,Conservative,t5_2qh6p,0,"[{'e': 'text', 't': 'Rational'}]",richtext,t2_2smbojfe,False,False,
[],,fareastfarneman,,,,Conservative,dark,[],I laughed WAY too hard at this. I’m sure many won’t get the /s and will downvote.,,1584839681,{},fl5lm5w,False,t3_fmpoaw,False,True,t3_fmpoaw,/r/Conservative/comments/fmpoaw/this_shutdown_sucks/fl5lm5w/,1584839682,1,True,False,Conservative,t5_2qh6p,0,"[{'e': 'text', 't': 'Conservative'}]",richtext,t2_2vxyg3n0,False,True,
[],,joegnar,,,,,,[],He should start using that presidental emergency alert text option... Daily. The screeching media would be priceless.,,1584839675,{},fl5llue,False,t3_fmnsve,False,True,t3_fmnsve,/r/Conservative/comments/fmnsve/wapo_calls_for_end_to_live_broadcasts_of_trumps/fl5llue/,1584839676,1,True,False,Conservative,t5_2qh6p,0,[],text,t2_50dwst84,False,False,
[],,fareastfarneman,,,,Conservative,dark,[],I laughed WAY too hard at this. I’m sure many won’t get the /s and will downvote.,,1584839661,{},fl5ll4n,False,t3_fmpoaw,False,True,t1_fl5kcze,/r/Conservative/comments/fmpoaw/this_shutdown_sucks/fl5ll4n/,1584839663,1,True,False,Conservative,t5_2qh6p,0,"[{'e': 'text', 't': 'Conservative'}]",richtext,t2_2vxyg3n0,False,True,
[],,petdude19827,,,,,,[],"Machine guns, suppressors, short battled rifles and shotguns, I can go on.",,1584839645,{},fl5lkad,False,t3_fmn6ef,False,True,t1_fl5c7eu,/r/Conservative/comments/fmn6ef/illinois_governor_lists_gun_stores_as_essential/fl5lkad/,1584839647,1,True,False,Conservative,t5_2qh6p,0,[],text,t2_4ks08qwh,False,False,
[],,PurpleAngel23,,PURPLEBOLD,,Irish Refugee Descendant,dark,[],I cannot stand her. She’s like an angsty 12 year old who wears her brother’s clothes.,,1584839608,{},fl5lics,False,t3_fmfwbn,False,True,t3_fmfwbn,/r/Conservative/comments/fmfwbn/rachel_maddow_urges_networks_not_to_air_president/fl5lics/,1584839609,1,True,False,Conservative,t5_2qh6p,0,"[{'e': 'text', 't': 'Irish Refugee Descendant'}]",richtext,t2_1sn5vaw6,False,False,
[],,cheshirecat456,,,,,,[],Former murder capital of usa,,1584839590,{},fl5lhgb,False,t3_fmj4pd,False,True,t1_fl52cwz,/r/Conservative/comments/fmj4pd/i_would_like_to_kindly_invite_the_70k_people_who/fl5lhgb/,1584839592,1,True,False,Conservative,t5_2qh6p,0,[],text,t2_55y8iaj2,False,False,
[],,CherryCokeNixon,,,,Buckleyite Conservative,dark,[],The guy in this story is talking about healthy adults without underlying health conditions.,,1584839580,{},fl5lgv4,True,t3_fmq15y,False,True,t1_fl5gbcd,/r/Conservative/comments/fmq15y/a_medical_worker_describes_terrifying_lung/fl5lgv4/,1584839581,1,True,False,Conservative,t5_2qh6p,0,"[{'e': 'text', 't': 'Buckleyite Conservative'}]",richtext,t2_dgcu8,False,True,
[],,[deleted],,,,,dark,[],[removed],,1584839574,{},fl5lgku,False,t3_fmpoaw,False,True,t3_fmpoaw,/r/Conservative/comments/fmpoaw/this_shutdown_sucks/fl5lgku/,1584839575,1,True,False,Conservative,t5_2qh6p,0,,,,,,
[],,[deleted],,,,,dark,[],[removed],,1584839558,{},fl5lftk,False,t3_fmf7at,False,True,t1_fl4qawt,/r/Conservative/comments/fmf7at/larry_the_cable_guy_blasts_clueless_celebs_for/fl5lftk/,1584839560,1,True,False,Conservative,t5_2qh6p,0,,,,,,
[],,[deleted],,,,,dark,[],[removed],,1584839554,{},fl5lfkx,False,t3_fmdgox,False,True,t1_fl3xe96,/r/Conservative/comments/fmdgox/whether_its_global_warming_or_this_new_virus_the/fl5lfkx/,1584839556,1,True,False,Conservative,t5_2qh6p,0,,,,,,
[],,jaghut987,,,,Conservative,dark,[],Absolutely not,,1584839537,{},fl5lepj,False,t3_fmr2fq,False,True,t3_fmr2fq,/r/Conservative/comments/fmr2fq/doj_wants_to_suspend_constitutional_rights_during/fl5lepj/,1584839538,1,True,False,Conservative,t5_2qh6p,0,"[{'e': 'text', 't': 'Conservative'}]",richtext,t2_553ftykb,False,False,
[],,dochood138,,,,,,[],"So you want celebrities to shut up, but respect the opinion of a comedian?",,1584839533,{},fl5legx,False,t3_fmf7at,False,True,t1_fl436mc,/r/Conservative/comments/fmf7at/larry_the_cable_guy_blasts_clueless_celebs_for/fl5legx/,1584839534,1,True,False,Conservative,t5_2qh6p,0,[],text,t2_zr7vk,False,False,
[],,RedBaronsBrother,,,,Conservative,dark,[],"Article I, Section 8 lays out the powers of the Federal Government.  Neither of those two things are in there.  Because the Founders thought people might get confused at the idea of limited government, they added the 10th Amendment, which explicitly says that the Federal Government has no powers other than those listed in the Constitution.",,1584839357,{},fl5l5gl,False,t3_fm0vcf,False,True,t1_fl5jpda,/r/Conservative/comments/fm0vcf/wheres_my_money/fl5l5gl/,1584839359,1,True,False,Conservative,t5_2qh6p,0,"[{'e': 'text', 't': 'Conservative'}]",richtext,t2_2n5itl1r,False,False,
[],,SpaghettiDildo13,,,,,,[],"Where have guns been taken from people? I've owned them in California and New York, don't recall any infringements. Like your libertarian friend, you have no idea what happens in the world outside of your fractured ""conservative"" bubble",,1584839346,{},fl5l4v2,False,t3_fmn6ef,False,True,t1_fl5ka1s,/r/Conservative/comments/fmn6ef/illinois_governor_lists_gun_stores_as_essential/fl5l4v2/,1584839348,1,True,False,Conservative,t5_2qh6p,0,[],text,t2_3jasvqsy,False,False,
[],,Plantsrmedicine72,,,,Conservative 2A,dark,[],"I bet this bitch goes home everyday, chugs some wine, and hate-masterbates with her big fake orange dong she's named Donald and curses at it the whole time.",,1584839336,{},fl5l4c3,False,t3_fmqf7b,False,True,t3_fmqf7b,/r/Conservative/comments/fmqf7b/rachel_maddow_wants_president_trumps_daily/fl5l4c3/,1584839337,1,True,False,Conservative,t5_2qh6p,0,"[{'e': 'text', 't': 'Conservative 2A'}]",richtext,t2_5ocjbr3h,False,False,
[],,neryen,,,,,,[],"While that is true.. we ignored it when we heard about it in December.  


Our government failed us, they trusted China to take care of it.",,1584839325,{},fl5l3tq,False,t3_fmh8bd,False,True,t3_fmh8bd,/r/Conservative/comments/fmh8bd/china_may_have_prevented_95_of_virus_cases_if_it/fl5l3tq/,1584839327,1,True,False,Conservative,t5_2qh6p,0,[],text,t2_4qp9n,False,False,
[],,xperiment229,,,,Texas Conservative,dark,[],"I can only imagine 
what it will be like 
when I walk by your side.
I can only imagine 
what my eyes will see, 
when your face 
is before me.
......
https://youtu.be/N_lrrq_opng",,1584839252,{},fl5kzza,False,t3_fmj4pd,False,True,t3_fmj4pd,/r/Conservative/comments/fmj4pd/i_would_like_to_kindly_invite_the_70k_people_who/fl5kzza/,1584839253,1,True,False,Conservative,t5_2qh6p,0,"[{'e': 'text', 't': 'Texas Conservative'}]",richtext,t2_40shtrb8,False,False,
[],,BiPolar_RockNRolla,,,,,,[],Last thing anybody needs is a repeat of that gong show.,,1584839240,{},fl5kzea,False,t3_fmqxtg,False,True,t3_fmqxtg,/r/Conservative/comments/fmqxtg/trump_officials_weigh_reopening_obamacare/fl5kzea/,1584839241,1,True,False,Conservative,t5_2qh6p,0,[],text,t2_1g42qr4p,False,False,
[],,cmdrcaboose2,,,,,,[],"Odd, we are not governed by the UN. Their opinion is worthless.",,1584839239,{},fl5kzdv,False,t3_fme5tx,False,True,t1_fl545ag,/r/Conservative/comments/fme5tx/coronavirus_gun_control_philly_police_halt/fl5kzdv/,1584839240,1,True,False,Conservative,t5_2qh6p,0,[],text,t2_6f7cf,False,False,
[],,DownvoteEveryCat,,,,Pro 2A,dark,[],"Yeah, but at the same time, the US government and medical community should have looked at China’s official reports and numbers with far more skepticism than they did. 

It wasn’t hard to tell even in the early weeks that it was never “just the flu”. 

But they squandered the two month lead time they had before shit started to hit the fan. Really disappointing.",,1584839222,{},fl5kyis,False,t3_fmfneg,False,True,t1_fl45i0o,/r/Conservative/comments/fmfneg/the_coronavirus_pandemic_was_avoidable_china_hid/fl5kyis/,1584839224,1,True,False,Conservative,t5_2qh6p,0,"[{'e': 'text', 't': 'Pro 2A'}]",richtext,t2_ff46i,False,True,
[],,[deleted],,,,,dark,[],[removed],,1584839220,{},fl5kyes,False,t3_fm6de3,False,True,t1_fl3028c,/r/Conservative/comments/fm6de3/this_is_real_this_isnt_some_funny_meme_this_is/fl5kyes/,1584839222,1,True,False,Conservative,t5_2qh6p,0,,,,,,
[],,siluetten,,,,,,[],Unfortunatly this will not be the last virus to originate in China. China is the most populated country in the world and virus can easily spread. Wuhandemic-19 and counting.,,1584839191,{},fl5kwwo,False,t3_fmo0t2,False,True,t1_fl5dpl0,/r/Conservative/comments/fmo0t2/beijings_attempts_to_elude_blame_for_the_wuhan/fl5kwwo/,1584839193,1,True,False,Conservative,t5_2qh6p,0,[],text,t2_ykkfit9,False,False,
[],,myrrdynwyllt,,,,,,[],Not testing asymptomatic people skews the numbers and make this thing look worse than it really is.,,1584839173,{},fl5kvza,False,t3_fmkxoh,False,True,t1_fl5b4cg,/r/Conservative/comments/fmkxoh/dr_fauci_gives_asymptomatic_americans_yet_another/fl5kvza/,1584839175,1,True,False,Conservative,t5_2qh6p,0,[],text,t2_d6j8r2b,False,False,
[],,JesusIsMyZoloft,,,,Ben Shapiro's Ilk,dark,[],"Forget that it looks bad to the people on the streets, why would you think it was a good idea in the first place to respond to a disease that's going to kill a lot of people by singing a song that starts ""Imagineer there's no heaven""?",,1584839124,{},fl5kth8,False,t3_fmj4pd,False,True,t3_fmj4pd,/r/Conservative/comments/fmj4pd/i_would_like_to_kindly_invite_the_70k_people_who/fl5kth8/,1584839125,1,True,False,Conservative,t5_2qh6p,0,"[{'e': 'text', 't': ""Ben Shapiro's Ilk""}]",richtext,t2_qgga9,False,False,
[],,UnderworldTourGuide,,,,,,[],They really need to declare Gary a gun-free zone; that will fix everything,,1584839114,{},fl5ksyd,False,t3_fmj4pd,False,True,t1_fl5kkxw,/r/Conservative/comments/fmj4pd/i_would_like_to_kindly_invite_the_70k_people_who/fl5ksyd/,1584839115,1,True,False,Conservative,t5_2qh6p,0,[],text,t2_99breoi,False,False,
[],,PurpleAngel23,,PURPLEBOLD,,Irish Refugee Descendant,dark,[],Found the virgin.,,1584839066,{},fl5kqhg,False,t3_fmenr0,False,True,t1_fl4lk44,/r/Conservative/comments/fmenr0/reporters_squirm_as_trump_asked_why_media_echo/fl5kqhg/,1584839068,1,True,False,Conservative,t5_2qh6p,0,"[{'e': 'text', 't': 'Irish Refugee Descendant'}]",richtext,t2_1sn5vaw6,False,False,
[],,extremely_unlikely,,,,,,[],They are the darkness,,1584839052,{},fl5kpqu,False,t3_fmnsve,False,True,t1_fl56uc5,/r/Conservative/comments/fmnsve/wapo_calls_for_end_to_live_broadcasts_of_trumps/fl5kpqu/,1584839054,1,True,False,Conservative,t5_2qh6p,0,[],text,t2_1tbz57p1,False,False,
[],,aso1616,,,,,,[],"I live and work in Porter and a little bit of lake county and my company tried inching our service area into Gary a few months back.  Didn’t go over well.  Thankfully that’s no longer the case.  I sat down with my sup and pretty much told him this is my line in the sand.  I’ve put in 16 years of hard work but if this is how it ends so be it.  It’s utterly amazing how the landscape changes once you “cross” into Gary in some places.  It’s almost post apocalyptic.  Like you could film the walking dead there.  One moment you are in normal society, 200ft later third world country.",,1584839048,{},fl5kpho,False,t3_fmj4pd,False,True,t1_fl52cwz,/r/Conservative/comments/fmj4pd/i_would_like_to_kindly_invite_the_70k_people_who/fl5kpho/,1584839049,1,True,False,Conservative,t5_2qh6p,0,[],text,t2_14z92r,False,False,
[],,trucking54,,,,,,[],But please don’t pull out right in front of me on the highway when the roads are icy. I can’t slow down that fast and you might die.,,1584839043,{},fl5kpal,False,t3_fmoqod,False,True,t3_fmoqod,/r/Conservative/comments/fmoqod/nolte_we_now_know_truckers_and_stock_boys_are/fl5kpal/,1584839044,1,True,False,Conservative,t5_2qh6p,0,[],text,t2_4ijygcux,False,False,
[],,SquidLyf,,,,,,[],Added a few more celebrities to my growing list of those who I will not pay money to.,,1584839016,{},fl5knxj,False,t3_fmoqod,False,True,t3_fmoqod,/r/Conservative/comments/fmoqod/nolte_we_now_know_truckers_and_stock_boys_are/fl5knxj/,1584839018,1,True,False,Conservative,t5_2qh6p,0,[],text,t2_3pytjco7,False,False,
[],,[deleted],,,,,dark,[],[removed],,1584839011,{},fl5knn3,False,t3_fmo3b7,False,True,t1_fl5k2w2,/r/Conservative/comments/fmo3b7/two_new_jersey_homeowners_are_arrested_after/fl5knn3/,1584839012,1,True,False,Conservative,t5_2qh6p,0,,,,,,
[],,Jmjhsrv,,,,Conservative,dark,[],"Some people, myself included, still enjoy going to see films.",,1584838996,{},fl5kmwm,False,t3_fmoqod,False,True,t1_fl5f3pr,/r/Conservative/comments/fmoqod/nolte_we_now_know_truckers_and_stock_boys_are/fl5kmwm/,1584838998,1,True,False,Conservative,t5_2qh6p,0,"[{'e': 'text', 't': 'Conservative'}]",richtext,t2_si46eo2,False,False,
[],,jjharveyca,,,,,,[],No,,1584838989,{},fl5kmij,False,t3_fmqxtg,False,True,t3_fmqxtg,/r/Conservative/comments/fmqxtg/trump_officials_weigh_reopening_obamacare/fl5kmij/,1584838990,1,True,False,Conservative,t5_2qh6p,0,[],text,t2_3yas29er,False,False,
[],,anarchistfajitas,,,,,,[],"My bad, 9 of the last 10 have been republican.

1953 Republican
1958 Republican
1960 Republican
1969 Republican
1973 Republican
1980 Democratic
1981 Republican
1990 Republican
2001 Republican
2007 Republican",,1584838980,{},fl5km3c,False,t3_fme043,False,True,t1_fl5izb3,/r/Conservative/comments/fme043/under_my_plan/fl5km3c/,1584838981,1,True,False,Conservative,t5_2qh6p,0,[],text,t2_3zox6now,False,False,
[],,[deleted],,,,,dark,[],[removed],,1584838962,{},fl5kl5f,False,t3_fmqxtg,False,True,t3_fmqxtg,/r/Conservative/comments/fmqxtg/trump_officials_weigh_reopening_obamacare/fl5kl5f/,1584838964,1,True,False,Conservative,t5_2qh6p,0,,,,,,
[],,ClownShowPede,,,,,,[],"I love Australia and it’s people are the best. I hope things improve there. I know you didn’t get hit as hard as others but I’m sure it’s still disrupted normal life. 

But yeah we need to understand if precious time was wasted and by whom. Our intelligence is supposed to protect us from exactly this sort of thing. 
Stay safe and healthy.",,1584838962,{},fl5kl5c,False,t3_fmfneg,False,True,t1_fl5hufj,/r/Conservative/comments/fmfneg/the_coronavirus_pandemic_was_avoidable_china_hid/fl5kl5c/,1584838964,1,True,False,Conservative,t5_2qh6p,0,[],text,t2_51uqr8l2,False,False,
[],,jivatman,,,,,,[],How is this possible? In America sawed-off shotguns are illegal.,,1584838958,{},fl5kkxw,False,t3_fmj4pd,False,True,t1_fl5jmuu,/r/Conservative/comments/fmj4pd/i_would_like_to_kindly_invite_the_70k_people_who/fl5kkxw/,1584838959,1,True,False,Conservative,t5_2qh6p,0,[],text,t2_3wt30,False,False,
[],,Curious-Concert,,,,,,[],"Should we be getting upset that our constitution is getting shredded? I won't get upset when it is you in the gulag for wrong think, comrade, if that is what you mean.",,1584838938,{},fl5kjvt,False,t3_fmo3b7,False,True,t1_fl5k2w2,/r/Conservative/comments/fmo3b7/two_new_jersey_homeowners_are_arrested_after/fl5kjvt/,1584838939,1,True,False,Conservative,t5_2qh6p,0,[],text,t2_5zvbn25t,False,False,
[],,[deleted],,,,,dark,[],[removed],,1584838936,{},fl5kjsk,False,t3_fmdgox,False,True,t1_fl4fcfc,/r/Conservative/comments/fmdgox/whether_its_global_warming_or_this_new_virus_the/fl5kjsk/,1584838938,1,True,False,Conservative,t5_2qh6p,0,,,,,,
[],,Z88_DysonSphere,,Constitutionalist,583c0f1a-8b38-11e1-85c2-12313d096aae,Asian Conservative,dark,[],"Am Asian American, of Indian descent, not Chinese, but I agree. The dems only to pretend to care about Asians when it suits their narrative. Otherwise, they can't make us pretend we're victims like other minority groups, so they just lump us together with whites a lot of the time and call us XYZphobic too. We've seen it time and time again.",,1584838932,{},fl5kjl9,False,t3_flzb0v,False,True,t3_flzb0v,/r/Conservative/comments/flzb0v/any_other_asianamericans_in_here_getting/fl5kjl9/,1584838933,1,True,False,Conservative,t5_2qh6p,0,"[{'e': 'text', 't': 'Asian Conservative'}]",richtext,t2_35un9ar9,False,False,
[],,VooDooPrinceLoA,,,,Reagan Conservative,dark,[],LOL they tested her?,,1584838895,{},fl5khpo,False,t3_fmqwav,False,True,t3_fmqwav,/r/Conservative/comments/fmqwav/pence_second_lady_test_negative_for_coronavirus/fl5khpo/,1584838896,1,True,False,Conservative,t5_2qh6p,0,"[{'e': 'text', 't': 'Reagan Conservative'}]",richtext,t2_376ng7yp,False,False,
[],,findthewarmspot,,,,,,[],Good news!,,1584838862,{},fl5kg2i,False,t3_fmqwav,False,True,t3_fmqwav,/r/Conservative/comments/fmqwav/pence_second_lady_test_negative_for_coronavirus/fl5kg2i/,1584838864,1,True,False,Conservative,t5_2qh6p,0,[],text,t2_14ofk6,False,False,
[],,BrinTheCSNoob,,,,,,[],"Then show me where the people are given the explicit right to food, water, and shelter within the Constitution.",,1584838849,{},fl5kfcd,False,t3_fmn6ef,False,True,t1_fl5btzv,/r/Conservative/comments/fmn6ef/illinois_governor_lists_gun_stores_as_essential/fl5kfcd/,1584838850,1,True,False,Conservative,t5_2qh6p,0,[],text,t2_173v58,False,False,
[],,tenshon,,,,Conservative Christian,dark,[],"With the coming unemployment, prisoner releases, and lack of supplies - guns will definitely be essential.",,1584838846,{},fl5kf6w,True,t3_fmp4ue,False,True,t1_fl5ixav,/r/Conservative/comments/fmp4ue/marijuana_stores_listed_as_essential_businesses/fl5kf6w/,1584838848,1,True,False,Conservative,t5_2qh6p,0,"[{'e': 'text', 't': 'Conservative Christian'}]",richtext,t2_9t4q6,False,False,
[],,SquidLyf,,,,,,[],Passing Side -- [Truck] -- Suicide,,1584838806,{},fl5kd3q,False,t3_fmoqod,False,True,t1_fl5f7mk,/r/Conservative/comments/fmoqod/nolte_we_now_know_truckers_and_stock_boys_are/fl5kd3q/,1584838807,1,True,False,Conservative,t5_2qh6p,0,[],text,t2_3pytjco7,False,False,
[],,leetchaos,,,,Libertarian Conservative,dark,[],"You said they will be at that point tomorrow, they clearly won't be. I just quoted the article you linked.",,1584838803,{},fl5kcyv,False,t3_fmdgox,False,True,t1_fl5bc1x,/r/Conservative/comments/fmdgox/whether_its_global_warming_or_this_new_virus_the/fl5kcyv/,1584838804,1,True,False,Conservative,t5_2qh6p,0,"[{'e': 'text', 't': 'Libertarian Conservative'}]",richtext,t2_4506v,False,False,
