all_awardings,associated_award,author,author_flair_background_color,author_flair_css_class,author_flair_richtext,author_flair_template_id,author_flair_text,author_flair_text_color,author_flair_type,author_fullname,author_patreon_flair,author_premium,awarders,body,collapsed_because_crowd_control,comment_type,created_utc,gildings,id,is_submitter,link_id,locked,no_follow,parent_id,permalink,retrieved_on,score,send_replies,stickied,subreddit,subreddit_id,top_awarded_type,total_awards_received,treatment_tags,distinguished
[],,SamInPajamas,,,"[{'e': 'text', 't': 'Conservative'}]",,Conservative,dark,richtext,t2_5yszzv2b,False,False,[],"Wow. You see the words ""drive by"" and instantly think of black people? That is really racist of you. Im pretty sure it was the White Italian mafia that first started using them. You should really check yourself",,,1601895597,{},g7rxlu7,False,t3_j57ffs,False,True,t1_g7qh9jh,/r/Conservative/comments/j57ffs/president_trump_surprises_supporters_gathered_at/g7rxlu7/,1601895608,1,True,False,Conservative,t5_2qh6p,,0,[],
[],,extremely_unlikely,,,[],,,,text,t2_1tbz57p1,False,False,[],I would fuck with them every chance I get.,,,1601895586,{},g7rxl9w,False,t3_j58wrp,False,True,t1_g7qhk65,/r/Conservative/comments/j58wrp/white_house_correspondents_association_outrageous/g7rxl9w/,1601895596,1,True,False,Conservative,t5_2qh6p,,0,[],
[],,J0kerr,,,"[{'e': 'text', 't': 'Conservative'}]",,Conservative,dark,richtext,t2_f87z6,False,False,[],Once again I agree. We should give slaves reparations and slave owners should pay it. Now find me those slaves and slave owners.,,,1601895580,{},g7rxkyi,False,t3_j58ptc,False,True,t3_j58ptc,/r/Conservative/comments/j58ptc/with_prop_16_the_slave_reparations_task_force_and/g7rxkyi/,1601895591,1,True,False,Conservative,t5_2qh6p,,0,[],
[],,jeeperbleeper,,,[],,,,text,t2_txzeudt,False,False,[],I remember in the early days of the internet how it was thought that people being able to post anonymously was going to lead to amazing things.,,,1601895540,{},g7rxiuw,False,t3_j5evok,False,True,t1_g7rvj8f,/r/Conservative/comments/j5evok/tara_reade_gets_60_minutes_interview_in_australia/g7rxiuw/,1601895551,1,True,False,Conservative,t5_2qh6p,,0,[],
[],,PuddleJumper1021,,,"[{'e': 'text', 't': 'Constitutional Conservative'}]",,Constitutional Conservative,dark,richtext,t2_49pb206w,False,False,[],The looters need to maintain law and order and stop committing crimes. Therefore they should be charged.,,,1601895532,{},g7rxihv,False,t3_j58tnf,False,True,t3_j58tnf,/r/Conservative/comments/j58tnf/soros_funded_california_da_to_police_determine/g7rxihv/,1601895544,1,True,False,Conservative,t5_2qh6p,,0,[],
[],,ChipAndJoannaExotic,,,[],,,,text,t2_63snpjg0,False,False,[],"I get that all publicity is good publicity but I don’t think this case applies when you portray yourselves as some tough brawler dudes that are uber patriots and your hashtag is taken over by half naked men making out, lol",,,1601895532,{},g7rxigq,False,t3_j5c215,False,True,t1_g7r4nss,/r/Conservative/comments/j5c215/the_proudboys_twitter_hashtag_has_been_taken_over/g7rxigq/,1601895543,1,True,False,Conservative,t5_2qh6p,,0,[],
[],,[deleted],,,,,,dark,,,,,[],[removed],,,1601895530,{},g7rxidn,False,t3_j5gsqc,False,True,t1_g7ruszb,/r/Conservative/comments/j5gsqc/terrible_a_poll_about_trumps_covid_diagnosis/g7rxidn/,1601895541,1,True,False,Conservative,t5_2qh6p,,0,[],
[],,Xenu2177,,,[],,,,text,t2_2hv2p8ad,False,False,[],...and the DA most likely not press charges and let him go,,,1601895508,{},g7rxh5y,False,t3_j5g6dr,False,True,t3_j5g6dr,/r/Conservative/comments/j5g6dr/portland_man_arrested_after_shattering_patrol_car/g7rxh5y/,1601895518,1,True,False,Conservative,t5_2qh6p,,0,[],
[],,SamInPajamas,,,"[{'e': 'text', 't': 'Conservative'}]",,Conservative,dark,richtext,t2_5yszzv2b,False,False,[],Even while sick he does more events than Biden. What a machine,,,1601895499,{},g7rxgp4,False,t3_j57ffs,False,True,t3_j57ffs,/r/Conservative/comments/j57ffs/president_trump_surprises_supporters_gathered_at/g7rxgp4/,1601895510,1,True,False,Conservative,t5_2qh6p,,0,[],
[],,[deleted],,,,,,dark,,,,,[],[removed],,,1601895482,{},g7rxfrh,False,t3_j4zqx9,False,True,t1_g7outui,/r/Conservative/comments/j4zqx9/communists_now_barred_from_immigrating_into_the_us/g7rxfrh/,1601895493,1,True,False,Conservative,t5_2qh6p,,0,[],
[],,Tongbulgyo,,,"[{'e': 'text', 't': 'Black Conservative '}]",,Black Conservative ,dark,richtext,t2_7ffcggsx,False,False,[],"Ventilator friend has some lingering wheezing, coughing, shortness of breath, and a whole hell of a lot of mucus to get rid of. And I tend to agree with you, I've had patients perfectly fine for morning vitals get sent out to the ER (we're more akin to an acute rehab facility, so no ER, ICU, etc) before the sun goes down.",,,1601895434,{},g7rxd4c,False,t3_j4wjbb,False,True,t1_g7rw89d,/r/Conservative/comments/j4wjbb/president_trump_says_hes_feeling_good_despite/g7rxd4c/,1601895445,1,True,False,Conservative,t5_2qh6p,,0,[],
[],,TheNothingKing,,,[],,,,text,t2_53cnzer4,False,False,[],Are you required to tell your employer which sexuality you have in America? That would be messed up.,,,1601895407,{},g7rxbro,False,t3_j586bc,False,True,t3_j586bc,/r/Conservative/comments/j586bc/gavin_newsom_signs_law_requiring_california/g7rxbro/,1601895418,1,True,False,Conservative,t5_2qh6p,,0,[],
[],,[deleted],,,,,,dark,,,,,[],[removed],,,1601895346,{},g7rx8rf,False,t3_j57ffs,False,True,t1_g7qjmw2,/r/Conservative/comments/j57ffs/president_trump_surprises_supporters_gathered_at/g7rx8rf/,1601895356,1,True,False,Conservative,t5_2qh6p,,0,[],
[],,Ragin_PenguinZ,,,"[{'e': 'text', 't': 'Black Conservative'}]",,Black Conservative,dark,richtext,t2_dopvf,False,False,[],Obliterated,,,1601895331,{},g7rx85i,False,t3_j5c88i,False,True,t1_g7rc33a,/r/Conservative/comments/j5c88i/down_goes_biden/g7rx85i/,1601895342,1,True,False,Conservative,t5_2qh6p,,0,[],
[],,Mtwice11,,,[],,,,text,t2_7ig7rrcc,False,False,[],"Because lockdowns of the entire population harm everyone when selective isolation is only needed, only petty politicians think otherwise",,,1601895326,{},g7rx7xk,False,t3_j5en04,False,True,t3_j5en04,/r/Conservative/comments/j5en04/the_case_for_lockdowns_is_littered_with_dangerous/g7rx7xk/,1601895338,1,True,False,Conservative,t5_2qh6p,,0,[],
[],,tamper,,,[],,,,text,t2_5o89w,False,False,[],"The press is not an organization, it is *just an idea™*",,,1601895322,{},g7rx7qt,False,t3_j58wrp,False,True,t1_g7qu5ea,/r/Conservative/comments/j58wrp/white_house_correspondents_association_outrageous/g7rx7qt/,1601895333,1,True,False,Conservative,t5_2qh6p,,0,[],
[],,[deleted],,,,,,dark,,,,,[],[removed],,,1601895284,{},g7rx5x3,False,t3_j57ffs,False,True,t3_j57ffs,/r/Conservative/comments/j57ffs/president_trump_surprises_supporters_gathered_at/g7rx5x3/,1601895294,1,True,False,Conservative,t5_2qh6p,,0,[],
[],,Dan-In-SC,,,"[{'e': 'text', 't': 'Constitutional Conservative'}]",,Constitutional Conservative,dark,richtext,t2_1o0d4hsp,False,False,[],The 2A is one of our fundamental Constitutional rights.  Anyone that has plans to take it away should be disqualified - ESPECIALLY when they can't be upfront and honest about it.,,,1601895245,{},g7rx44k,True,t3_j5atas,False,True,t1_g7rw6zk,/r/Conservative/comments/j5atas/james_okeefe_strikes_again_project_veritas/g7rx44k/,1601895255,1,True,False,Conservative,t5_2qh6p,,0,[],
[],,globalistas,,,"[{'e': 'text', 't': 'Conservative'}]",,Conservative,dark,richtext,t2_bcui8,False,False,[],"The Age of Karen is upon us, for real!",,,1601895240,{},g7rx3xc,False,t3_j58vpn,False,True,t3_j58vpn,/r/Conservative/comments/j58vpn/jennifer_rubin_calls_for_trump_to_be_indicted_and/g7rx3xc/,1601895250,1,True,False,Conservative,t5_2qh6p,,0,[],
[],,[deleted],,,,,,dark,,,,,[],[removed],,,1601895227,{},g7rx3co,False,t3_j51raj,False,True,t1_g7qkkzm,/r/Conservative/comments/j51raj/they_can_never_accept_it/g7rx3co/,1601895238,1,True,False,Conservative,t5_2qh6p,,0,[],
[],,[deleted],,,,,,dark,,,,,[],[removed],,,1601895223,{},g7rx363,False,t3_j5h5yw,False,True,t3_j5h5yw,/r/Conservative/comments/j5h5yw/trumps_debate_debacle_shows_why_we_republicans/g7rx363/,1601895234,1,True,False,Conservative,t5_2qh6p,,0,[],
[],,TheCatOfAges1,,,"[{'e': 'text', 't': 'Conservative'}]",,Conservative,dark,richtext,t2_60mmgujq,False,False,[],"Now, im not speaking for everyone, but i think a lot of people here arent against trump.",,,1601895206,{},g7rx2dk,False,t3_j5h5yw,False,True,t3_j5h5yw,/r/Conservative/comments/j5h5yw/trumps_debate_debacle_shows_why_we_republicans/g7rx2dk/,1601895217,1,True,False,Conservative,t5_2qh6p,,0,[],
[],,PerceivedShift,,Constitutional Conservative,"[{'e': 'text', 't': 'Constitutional Conservative'}]",7baa8bac-9592-11e1-a881-12313b088941,Constitutional Conservative,dark,richtext,t2_azsn3,False,False,[],"Three words:  Fuck the press

The press is free to fail, journalistic malpractice and slander will bring an end to the traditional press.  The ""press"" has a right to exist, but it ends there, they have no right to speak to the president, only privilege. When they constantly bring up dumb shit like ""will you denounce white supremacy?!"" after he has done so dozens of times and make shit up from ""undisclosed sources"" (Like he had trouble breathing after being diagnosed) they forfeit their privilege. Start with Jim Acosta.",,,1601895200,{},g7rx22z,False,t3_j58wrp,False,True,t3_j58wrp,/r/Conservative/comments/j58wrp/white_house_correspondents_association_outrageous/g7rx22z/,1601895211,1,True,False,Conservative,t5_2qh6p,,0,[],
[],,[deleted],,,,,,dark,,,,,[],[removed],,,1601895198,{},g7rx1yj,False,t3_j57ffs,False,True,t1_g7qn2h9,/r/Conservative/comments/j57ffs/president_trump_surprises_supporters_gathered_at/g7rx1yj/,1601895209,1,True,False,Conservative,t5_2qh6p,,0,[],
[],,AutoModerator,,,[],,,,text,t2_6l4z3,False,True,[],"Tired of reporting this thread? Debate us on discord instead: https://discord.gg/conservative - This is an automated message that appears when probable report abuse is detected. We've found this can lead to a productive discussion in an environment better suited for that sort of thing.

*I am a bot, and this action was performed automatically. Please [contact the moderators of this subreddit](/message/compose/?to=/r/Conservative) if you have any questions or concerns.*",,,1601895174,{},g7rx0sf,False,t3_j5h5yw,False,True,t3_j5h5yw,/r/Conservative/comments/j5h5yw/trumps_debate_debacle_shows_why_we_republicans/g7rx0sf/,1601895184,1,False,True,Conservative,t5_2qh6p,,0,[],moderator
[],,[deleted],,,,,,dark,,,,,[],[removed],,,1601895167,{},g7rx0fx,False,t3_j5h5yw,False,True,t3_j5h5yw,/r/Conservative/comments/j5h5yw/trumps_debate_debacle_shows_why_we_republicans/g7rx0fx/,1601895178,1,True,False,Conservative,t5_2qh6p,,0,[],
[],,[deleted],,,,,,dark,,,,,[],[removed],,,1601895158,{},g7rx027,False,t3_j4ob5x,False,True,t1_g7npxeo,/r/Conservative/comments/j4ob5x/inadmissible_trump_bans_chinese_communist_party/g7rx027/,1601895169,1,True,False,Conservative,t5_2qh6p,,0,[],
[],,[deleted],,,,,,dark,,,,,[],[removed],,,1601895120,{},g7rwy8o,False,t3_j51raj,False,True,t3_j51raj,/r/Conservative/comments/j51raj/they_can_never_accept_it/g7rwy8o/,1601895132,1,True,False,Conservative,t5_2qh6p,,0,[],
[],,TMWNN,,,"[{'e': 'text', 't': 'Conservative'}]",,Conservative,dark,richtext,t2_51qb9,False,False,[],Now look up the difference between Minnesota polls and the actual results [in 2016](https://en.wikipedia.org/wiki/2016_United_States_presidential_election_in_Minnesota).,,,1601895113,{},g7rwxwv,False,t3_j5777r,False,True,t1_g7r1f66,/r/Conservative/comments/j5777r/six_minnesota_mayors_just_abandoned_their_party/g7rwxwv/,1601895124,1,True,False,Conservative,t5_2qh6p,,0,[],
[],,Billy-Mays-Ghost,,,[],,,,text,t2_3knkce1b,False,True,[],Damn I wish my car had that stuff.,,,1601895111,{},g7rwxs4,False,t3_j5g6dr,False,True,t1_g7rt3wx,/r/Conservative/comments/j5g6dr/portland_man_arrested_after_shattering_patrol_car/g7rwxs4/,1601895122,1,True,False,Conservative,t5_2qh6p,,0,[],
[],,[deleted],,,,,,dark,,,,,[],[removed],,,1601895079,{},g7rww6h,False,t3_j58yvf,False,True,t1_g7qxi6e,/r/Conservative/comments/j58yvf/president_trump_signs_executive_order_to_increase/g7rww6h/,1601895090,1,True,False,Conservative,t5_2qh6p,,0,[],
[],,[deleted],,,,,,dark,,,,,[],[removed],,,1601895051,{},g7rwusk,False,t3_j58yvf,False,True,t1_g7rdbsh,/r/Conservative/comments/j58yvf/president_trump_signs_executive_order_to_increase/g7rwusk/,1601895062,1,True,False,Conservative,t5_2qh6p,,0,[],
[],,Lucyriccardo,,,[],,,,text,t2_6wissifn,False,True,[],"Someone is still fanning the flames. And after this one peters out, another one will pop up in its place.",,,1601895038,{},g7rwu55,False,t3_j596te,False,True,t1_g7qz9er,/r/Conservative/comments/j596te/de_blasio_wants_nyc_to_shut_down_covid19_hot/g7rwu55/,1601895049,1,True,False,Conservative,t5_2qh6p,,0,[],
[],,PettyWitch,,,[],,,,text,t2_5bz3rao,False,False,[],I don't get where the problem is. Separation of church and state. Why do religious leaders need to have the ear of politicians?,,,1601895022,{},g7rwt9p,False,t3_j59a7b,False,True,t3_j59a7b,/r/Conservative/comments/j59a7b/aoc_no_why_would_i_meet_with_jewish_community/g7rwt9p/,1601895033,1,True,False,Conservative,t5_2qh6p,,0,[],
[],,bsdlinuxnerd,,,[],,,,text,t2_4x2043f7,False,False,[],This deserves more upvotes!,,,1601895016,{},g7rwszy,False,t3_j5evok,False,True,t1_g7rldbb,/r/Conservative/comments/j5evok/tara_reade_gets_60_minutes_interview_in_australia/g7rwszy/,1601895027,1,True,False,Conservative,t5_2qh6p,,0,[],
[],,[deleted],,,,,,dark,,,,,[],[removed],,,1601895014,{},g7rwsuo,False,t3_j57ffs,False,True,t1_g7qiris,/r/Conservative/comments/j57ffs/president_trump_surprises_supporters_gathered_at/g7rwsuo/,1601895024,1,True,False,Conservative,t5_2qh6p,,0,[],
[],,Krugnuggets,,,"[{'e': 'text', 't': 'Conservative'}]",,Conservative,dark,richtext,t2_5if9146g,False,False,[],"I mean, who cares.  Nobody would even know who the Proud Boys are if Joe Biden hadn't brought them up in a presidential debate.  Now they are gaining new members like never before.  If they are a white supremacist organization--which they aren't, their chair is black and Cuban--then Joe Biden did a better job at recruiting for them than Trump ever did.  I'm pretty sure they would be happy to take anyone into their ranks regardless of race or sexual orientation as long as they love western values.",,,1601895006,{},g7rwsgp,False,t3_j58jaw,False,True,t3_j58jaw,/r/Conservative/comments/j58jaw/twitter_users_flood_proudboys_hashtag_with_gay/g7rwsgp/,1601895017,1,True,False,Conservative,t5_2qh6p,,0,[],
[],,[deleted],,,,,,dark,,,,,[],[removed],,,1601894996,{},g7rwrvz,False,t3_j5g5t9,False,True,t1_g7rqd2a,/r/Conservative/comments/j5g5t9/florida_man_allegedly_requested_mailin_ballot_for/g7rwrvz/,1601895007,1,True,False,Conservative,t5_2qh6p,,0,[],
[],,[deleted],,,,,,dark,,,,,[],[removed],,,1601894994,{},g7rwrtk,False,t3_j57ffs,False,True,t1_g7qfhlf,/r/Conservative/comments/j57ffs/president_trump_surprises_supporters_gathered_at/g7rwrtk/,1601895006,1,True,False,Conservative,t5_2qh6p,,0,[],
[],,[deleted],,,,,,dark,,,,,[],[removed],,,1601894992,{},g7rwrns,False,t3_j58yvf,False,True,t1_g7qxi6e,/r/Conservative/comments/j58yvf/president_trump_signs_executive_order_to_increase/g7rwrns/,1601895003,1,True,False,Conservative,t5_2qh6p,,0,[],
[],,ureecka,,,"[{'e': 'text', 't': 'Minnesota Conservative'}]",,Minnesota Conservative,dark,richtext,t2_4o5h4ulj,False,False,[],I think we'll.turn it.,,,1601894988,{},g7rwrg8,False,t3_j58yvf,False,True,t1_g7r6zfr,/r/Conservative/comments/j58yvf/president_trump_signs_executive_order_to_increase/g7rwrg8/,1601894998,1,True,False,Conservative,t5_2qh6p,,0,[],
[],,Billy-Mays-Ghost,,,[],,,,text,t2_3knkce1b,False,True,[],"\*Sniff, sniff",,,1601894967,{},g7rwqda,False,t3_j56rwb,False,True,t1_g7qji56,/r/Conservative/comments/j56rwb/flashback_thomas_sowell_schools_joe_biden/g7rwqda/,1601894977,1,True,False,Conservative,t5_2qh6p,,0,[],
[],,Billy-Mays-Ghost,,,[],,,,text,t2_3knkce1b,False,True,[],"I don't know, I'm not a woman.",,,1601894881,{},g7rwmdp,False,t3_j58v8j,False,True,t1_g7qlhuj,/r/Conservative/comments/j58v8j/who_wants_to_guess_what_level_nycs_murder_rate/g7rwmdp/,1601894892,1,True,False,Conservative,t5_2qh6p,,0,[],
[],,mildshockmonday,,,[],,,,text,t2_zpvyp,False,False,[],"An investigation by political appointees into Steve Herman, the Voice of America's White House bureau chief, for anti-Trump bias is the **latest act that may break federal laws promising its journalistic independence.**

Wondering why you left out this key comment from the NPR writer? Did you just read the headline and skip the article itself?",,,1601894862,{},g7rwlkg,False,t3_j59y1z,False,True,t3_j59y1z,/r/Conservative/comments/j59y1z/political_aides_investigate_voa_white_house/g7rwlkg/,1601894873,1,False,False,Conservative,t5_2qh6p,,0,[],
[],,[deleted],,,,,,dark,,,,,[],[removed],,,1601894860,{},g7rwlgx,False,t3_j57ffs,False,True,t1_g7qn4lc,/r/Conservative/comments/j57ffs/president_trump_surprises_supporters_gathered_at/g7rwlgx/,1601894870,1,True,False,Conservative,t5_2qh6p,,0,[],
[],,Billy-Mays-Ghost,,,[],,,,text,t2_3knkce1b,False,True,[],All?,,,1601894857,{},g7rwlc8,False,t3_j58v8j,False,True,t3_j58v8j,/r/Conservative/comments/j58v8j/who_wants_to_guess_what_level_nycs_murder_rate/g7rwlc8/,1601894868,1,True,False,Conservative,t5_2qh6p,,0,[],
[],,NudeCurdeJew,,,[],,,,text,t2_72h7uyh5,False,False,[],"I hope Harpy Harris watches. If she really dose believe his accusers, that is.",,,1601894856,{},g7rwlah,False,t3_j5evok,False,True,t3_j5evok,/r/Conservative/comments/j5evok/tara_reade_gets_60_minutes_interview_in_australia/g7rwlah/,1601894868,1,True,False,Conservative,t5_2qh6p,,0,[],
[],,TMWNN,,,"[{'e': 'text', 't': 'Conservative'}]",,Conservative,dark,richtext,t2_51qb9,False,False,[],"Same thing happened in the UK. The Labour party focused on urban issues and constituencies and ignored or denigrated the desires (including Brexit) and economic needs of industrial northern England. As a result, in 2019 the ""[Red Wall](https://en.wikipedia.org/wiki/Red_wall_(British_politics\))"" of seats that had been safe for Labour (sometimes for an entire century) voted Conservative, contributing to the massive landslide for that party.",,,1601894824,{},g7rwjsi,False,t3_j5777r,False,True,t1_g7r6b9w,/r/Conservative/comments/j5777r/six_minnesota_mayors_just_abandoned_their_party/g7rwjsi/,1601894836,1,True,False,Conservative,t5_2qh6p,,0,[],
[],,[deleted],,,,,,dark,,,,,[],[removed],,,1601894820,{},g7rwjk9,False,t3_j57pzt,False,True,t3_j57pzt,/r/Conservative/comments/j57pzt/nba_finals_game_2_ratings_crash_by_68_least/g7rwjk9/,1601894830,1,True,False,Conservative,t5_2qh6p,,0,[],
[],,SamInPajamas,,,"[{'e': 'text', 't': 'Conservative'}]",,Conservative,dark,richtext,t2_5yszzv2b,False,False,[],"&gt; slagged 

i will never understand why you brits care so much about american politics. Maybe worry about your own country, with its higher death rate from Covid.",,,1601894800,{},g7rwios,False,t3_j57ffs,False,True,t1_g7qkafj,/r/Conservative/comments/j57ffs/president_trump_surprises_supporters_gathered_at/g7rwios/,1601894811,1,True,False,Conservative,t5_2qh6p,,0,[],
[],,Throw-The-O,,,[],,,,text,t2_4nfogthq,False,False,[],"God, there is always something!",,,1601894720,{},g7rwevd,False,t3_j58vpn,False,True,t3_j58vpn,/r/Conservative/comments/j58vpn/jennifer_rubin_calls_for_trump_to_be_indicted_and/g7rwevd/,1601894730,1,True,False,Conservative,t5_2qh6p,,0,[],
[],,WWDE,,,[],,,,text,t2_4vj6ik2m,False,False,[],The democrats,,,1601894685,{},g7rwd96,False,t3_j5777r,False,True,t1_g7rc6ii,/r/Conservative/comments/j5777r/six_minnesota_mayors_just_abandoned_their_party/g7rwd96/,1601894696,1,True,False,Conservative,t5_2qh6p,,0,[],
[],,[deleted],,,,,,dark,,,,,[],[removed],,,1601894671,{},g7rwcl0,False,t3_j58yvf,False,True,t1_g7rj9bl,/r/Conservative/comments/j58yvf/president_trump_signs_executive_order_to_increase/g7rwcl0/,1601894682,1,True,False,Conservative,t5_2qh6p,,0,[],
[],,Hachiman-8BannerLord,,,[],,,,text,t2_7l66ct1w,False,False,[],Apparently they think it will be problem or issue to the proud boys that they will be personally bothered with it as most see them as white-supremacist/nazi. What I don’t understand is aren’t some of them at least curious and care to make their own research to get their own conclusions about the group or a subject in general?,,,1601894670,{},g7rwci8,False,t3_j58jaw,False,True,t1_g7qxk19,/r/Conservative/comments/j58jaw/twitter_users_flood_proudboys_hashtag_with_gay/g7rwci8/,1601894681,1,True,False,Conservative,t5_2qh6p,,0,[],
[],,ChineeCheetah,,,"[{'e': 'text', 't': 'Anti-Marxist Conservative'}]",,Anti-Marxist Conservative,dark,richtext,t2_62tj9e66,False,False,[],Sounds just like children inventing excuses to get out of trouble.,,,1601894660,{},g7rwc1k,False,t3_j5fype,False,True,t3_j5fype,/r/Conservative/comments/j5fype/take_a_wild_guess_why_dems_suddenly_oppose/g7rwc1k/,1601894671,1,True,False,Conservative,t5_2qh6p,,0,[],
[],,[deleted],,,,,,dark,,,,,[],[removed],,,1601894628,{},g7rwahl,False,t3_j58yvf,False,True,t1_g7r15nr,/r/Conservative/comments/j58yvf/president_trump_signs_executive_order_to_increase/g7rwahl/,1601894639,1,True,False,Conservative,t5_2qh6p,,0,[],
[],,[deleted],,,,,,dark,,,,,[],[removed],,,1601894610,{},g7rw9lj,False,t3_j54f25,False,True,t1_g7pn9yr,/r/Conservative/comments/j54f25/man_arrested_after_allegedly_shooting_at_truck/g7rw9lj/,1601894621,1,True,False,Conservative,t5_2qh6p,,0,[],
[],,TheLebeast,,,[],,,,text,t2_l0ed0,False,False,[],"Im glad youre okay! :) is your ventilator friend okay now?

Im a nurse too! Luckily none of us have caught it (yet), but who knows. 

I dont wish for Trumps death of course (im a liberal btw), but whenever theres good news on him in the hospital, im always saying to just take it with a grain of salt. Sure hell most likely be fine, but it can spiral downwards really quick and out of nowhere.",,,1601894584,{},g7rw89d,False,t3_j4wjbb,False,True,t1_g7rorrz,/r/Conservative/comments/j4wjbb/president_trump_says_hes_feeling_good_despite/g7rw89d/,1601894594,1,True,False,Conservative,t5_2qh6p,,0,[],
[],,[deleted],,,,,,dark,,,,,[],[removed],,,1601894569,{},g7rw7gu,False,t3_j58yvf,False,True,t1_g7qxi6e,/r/Conservative/comments/j58yvf/president_trump_signs_executive_order_to_increase/g7rw7gu/,1601894580,1,True,False,Conservative,t5_2qh6p,,0,[],
[],,Dolobene,,,[],,,,text,t2_qr74u,False,False,[],"...but sure, focus on petty gun ownership issues in such times",,,1601894560,{},g7rw6zk,False,t3_j5atas,False,True,t3_j5atas,/r/Conservative/comments/j5atas/james_okeefe_strikes_again_project_veritas/g7rw6zk/,1601894571,1,True,False,Conservative,t5_2qh6p,,0,[],
[],,Krugnuggets,,,"[{'e': 'text', 't': 'Conservative'}]",,Conservative,dark,richtext,t2_5if9146g,False,False,[],There are still polls out there that have Trump at like -20.  The polls are useless.  Mainstream media and pollsters are out of touch.  Their polls have not evolved with society or the internet.  Polls can also use loaded questions to achieve desired--instead of accurate--results in an attempt to manipulate the population.,,,1601894558,{},g7rw6xe,False,t3_j55vn8,False,True,t3_j55vn8,/r/Conservative/comments/j55vn8/new_poll_taken_after_trumps_hospitalization_shows/g7rw6xe/,1601894570,1,True,False,Conservative,t5_2qh6p,,0,[],
[],,RPA031,,,[],,,,text,t2_4k136l5v,False,False,[],"Unless...

Jonathan Reiner, professor of medicine and surgery at George Washington University school of medicine and health services, said in a tweet: 

“By taking a joy ride outside Walter Reed the president is placing his Secret Service detail at grave risk.”

“In the hospital when we go into close contact with a Covid patient we dress in full PPE: Gown, gloves, N95, eye protection, hat. This is the height of irresponsibility.”",,,1601894556,{},g7rw6s5,False,t3_j58vpn,False,True,t1_g7qhtup,/r/Conservative/comments/j58vpn/jennifer_rubin_calls_for_trump_to_be_indicted_and/g7rw6s5/,1601894567,1,True,False,Conservative,t5_2qh6p,,0,[],
[],,Billy-Mays-Ghost,,,[],,,,text,t2_3knkce1b,False,True,[],SHAME.,,,1601894553,{},g7rw6oe,False,t3_j5cwa0,False,True,t3_j5cwa0,/r/Conservative/comments/j5cwa0/academics_bizarre_i_was_uninformed_ignorant_and/g7rw6oe/,1601894565,1,True,False,Conservative,t5_2qh6p,,0,[],
[],,[deleted],,,,,,dark,,,,,[],[removed],,,1601894504,{},g7rw45f,False,t3_j58yvf,False,True,t1_g7rj9bl,/r/Conservative/comments/j58yvf/president_trump_signs_executive_order_to_increase/g7rw45f/,1601894515,1,True,False,Conservative,t5_2qh6p,,0,[],
[],,[deleted],,,,,,dark,,,,,[],[removed],,,1601894461,{},g7rw28b,False,t3_j57ffs,False,True,t1_g7r397u,/r/Conservative/comments/j57ffs/president_trump_surprises_supporters_gathered_at/g7rw28b/,1601894472,1,True,False,Conservative,t5_2qh6p,,0,[],
[],,kwambo,,,[],,,,text,t2_co30na,False,False,[],Probably not in a sealed container.,,,1601894452,{},g7rw1sc,False,t3_j57c20,False,True,t1_g7q8vae,/r/Conservative/comments/j57c20/trump_briefly_leaves_hospital_for_driveby/g7rw1sc/,1601894463,1,True,False,Conservative,t5_2qh6p,,0,[],
[],,[deleted],,,,,,dark,,,,,[],[removed],,,1601894412,{},g7rw02k,False,t3_j57ffs,False,True,t1_g7q92xn,/r/Conservative/comments/j57ffs/president_trump_surprises_supporters_gathered_at/g7rw02k/,1601894423,1,True,False,Conservative,t5_2qh6p,,0,[],
[],,3frommedawg,,,[],,,,text,t2_3fmwkddp,False,False,[],"Im so glad the corrupt communist party leader supports my countries president, it really shows how bad those democrats are and how good that communist party is.",,,1601894391,{},g7rvz4b,False,t3_j5594s,False,True,t3_j5594s,/r/Conservative/comments/j5594s/kim_jong_un_shows_more_sympathy_to_president/g7rvz4b/,1601894401,1,True,False,Conservative,t5_2qh6p,,0,[],
[],,[deleted],,,,,,dark,,,,,[],[removed],,,1601894379,{},g7rvylk,False,t3_j511qw,False,True,t1_g7rmd1q,/r/Conservative/comments/j511qw/biden_leads_by_10_points_as_majority_of_americans/g7rvylk/,1601894391,1,True,False,Conservative,t5_2qh6p,,0,[],
[],,Mecmecmecmecmec,,,[],,,,text,t2_47g1jp25,False,False,[],"They were reeeeaaallllyyy hoping he was gonna die over the weekend. They’re experiencing the same disappointment like when Hillary lost, and mueller lost, and Schiff lost...",,,1601894362,{},g7rvxtg,False,t3_j58vpn,False,True,t3_j58vpn,/r/Conservative/comments/j58vpn/jennifer_rubin_calls_for_trump_to_be_indicted_and/g7rvxtg/,1601894373,1,True,False,Conservative,t5_2qh6p,,0,[],
[],,king-of-caterpillars,,,"[{'e': 'text', 't': 'Conservative'}]",,Conservative,dark,richtext,t2_6z990gmj,False,False,[],"Can we be real? 

There are people out there that are anti-Semitic. They happen to be liberal as well. There are white supremacists out there that happen to be conservative. A small group of hateful people don’t represent everyone on that side.",,,1601894360,{},g7rvxpg,False,t3_j59a7b,False,True,t1_g7qo9qq,/r/Conservative/comments/j59a7b/aoc_no_why_would_i_meet_with_jewish_community/g7rvxpg/,1601894371,1,True,False,Conservative,t5_2qh6p,,0,[],
[],,Zlatan4Ever,,Probably a troll,"[{'e': 'text', 't': 'Freedom first'}]",,Freedom first,dark,richtext,t2_15xiv3,False,True,[],"Media is shooting themselves in the head now. How can I trust any of them? It’s like campaign networks. In Russia the state kills journalist, in the western world they commit suicide.",,,1601894348,{},g7rvx71,False,t3_j531we,False,True,t3_j531we,/r/Conservative/comments/j531we/b_oneill_the_abuse_of_language_is_astonishing/g7rvx71/,1601894359,1,True,False,Conservative,t5_2qh6p,,0,[],
[],,[deleted],,,,,,dark,,,,,[],[removed],,,1601894334,{},g7rvwjh,False,t3_j57pzt,False,True,t1_g7r41qe,/r/Conservative/comments/j57pzt/nba_finals_game_2_ratings_crash_by_68_least/g7rvwjh/,1601894344,1,True,False,Conservative,t5_2qh6p,,0,[],
[],,ZoAngelic,,,"[{'e': 'text', 't': 'Asian Conservative'}]",,Asian Conservative,dark,richtext,t2_owtll,False,False,[],"the sane Californians need to congregate into one place and forcibly seperate themselvs from the rest of the state like your life and livelihood depend on it, because it does. California has gone bat shit crazy.",,,1601894303,{},g7rvv5d,False,t3_j58ptc,False,True,t3_j58ptc,/r/Conservative/comments/j58ptc/with_prop_16_the_slave_reparations_task_force_and/g7rvv5d/,1601894313,1,True,False,Conservative,t5_2qh6p,,0,[],
[],,[deleted],,,,,,dark,,,,,[],[removed],,,1601894258,{},g7rvt15,False,t3_j57ffs,False,True,t1_g7qyi79,/r/Conservative/comments/j57ffs/president_trump_surprises_supporters_gathered_at/g7rvt15/,1601894269,1,True,False,Conservative,t5_2qh6p,,0,[],
[],,BigFlippa,,,[],,,,text,t2_2kl1o149,False,False,[],You know what's crazy?? Trump did the drive by because Democrats are saying he isn't capable of running the country because he's on medication. That's not me making it up. Pelosi and co. are literally throwing a fit because Trump isn't giving them his medical information.,,,1601894238,{},g7rvs2c,False,t3_j58vpn,False,True,t3_j58vpn,/r/Conservative/comments/j58vpn/jennifer_rubin_calls_for_trump_to_be_indicted_and/g7rvs2c/,1601894248,1,True,False,Conservative,t5_2qh6p,,0,[],
[],,jd_porter,,,"[{'e': 'text', 't': 'Conservative'}]",,Conservative,dark,richtext,t2_ql33h,False,False,[],I wouldn't doubt for a second that the Dems are seriously weighing this possibility right now.,,,1601894227,{},g7rvrjt,False,t3_j58vpn,False,True,t1_g7rv8jt,/r/Conservative/comments/j58vpn/jennifer_rubin_calls_for_trump_to_be_indicted_and/g7rvrjt/,1601894237,1,True,False,Conservative,t5_2qh6p,,0,[],
[],,DagitabPH,,,"[{'e': 'text', 't': 'Limitadong Pamahalaan'}]",,Limitadong Pamahalaan,dark,richtext,t2_15kw86,False,False,[],"I'm sorry, but I want news, not olds.",,,1601894203,{},g7rvqd6,False,t3_j5777r,False,True,t3_j5777r,/r/Conservative/comments/j5777r/six_minnesota_mayors_just_abandoned_their_party/g7rvqd6/,1601894214,1,True,False,Conservative,t5_2qh6p,,0,[],
[],,[deleted],,,,,,dark,,,,,[],[removed],,,1601894202,{},g7rvqb8,False,t3_j57pzt,False,True,t3_j57pzt,/r/Conservative/comments/j57pzt/nba_finals_game_2_ratings_crash_by_68_least/g7rvqb8/,1601894212,1,True,False,Conservative,t5_2qh6p,,0,[],
[],,[deleted],,,,,,dark,,,,,[],[removed],,,1601894200,{},g7rvq8m,False,t3_j51raj,False,True,t1_g7qqs5r,/r/Conservative/comments/j51raj/they_can_never_accept_it/g7rvq8m/,1601894211,1,True,False,Conservative,t5_2qh6p,,0,[],
[],,icon0clast6,,,[],,,,text,t2_7wm1f,False,False,[],But masks 100% work I thought?,,,1601894178,{},g7rvp43,False,t3_j58vpn,False,True,t1_g7rrkra,/r/Conservative/comments/j58vpn/jennifer_rubin_calls_for_trump_to_be_indicted_and/g7rvp43/,1601894189,1,True,False,Conservative,t5_2qh6p,,0,[],
[],,Zlatan4Ever,,Probably a troll,"[{'e': 'text', 't': 'Freedom first'}]",,Freedom first,dark,richtext,t2_15xiv3,False,True,[],Yes. They can’t handle the truth. He is well. But let’s wait two more days. Days 7-10 are critical.,,,1601894166,{},g7rvokc,False,t3_j57ffs,False,True,t1_g7qjp9u,/r/Conservative/comments/j57ffs/president_trump_surprises_supporters_gathered_at/g7rvokc/,1601894177,1,True,False,Conservative,t5_2qh6p,,0,[],
[],,[deleted],,,,,,dark,,,,,[],[removed],,,1601894116,{},g7rvm1r,False,t3_j5h05y,False,True,t3_j5h05y,/r/Conservative/comments/j5h05y/this_election_is_crucial_marklevinshow_lays_it/g7rvm1r/,1601894128,1,False,False,Conservative,t5_2qh6p,,0,[],
[],,[deleted],,,,,,dark,,,,,[],[removed],,,1601894111,{},g7rvlry,False,t3_j57ffs,False,True,t3_j57ffs,/r/Conservative/comments/j57ffs/president_trump_surprises_supporters_gathered_at/g7rvlry/,1601894122,1,True,False,Conservative,t5_2qh6p,,0,[],
[],,TheFirstCrew,,,"[{'e': 'text', 't': 'Conservative'}]",,Conservative,dark,richtext,t2_u3xgx,False,False,[],Even Liberal [Snopes](https://www.snopes.com/fact-check/trump-coronavirus-rally-remark/) calls bullshit on your claim.,,,1601894097,{},g7rvl04,False,t3_j4p0tw,False,True,t1_g7pk0qt,/r/Conservative/comments/j4p0tw/reminder_democrats_on_coronavirus_after_trumps/g7rvl04/,1601894108,1,True,False,Conservative,t5_2qh6p,,0,[],
[],,KingFerocious93,,,[],,,,text,t2_j7xo6,False,False,[],"Kanye and the hodge twins got me to research more of this can’t believe I’m saying this, but I’m gonna Vote for trump. Fuxk Biden especially after seeing that debate he’s just pandering it’s so fucking fake it’s obvious. 
He’s even getting celebrities like the rock and cardi b to endorse him Lol!",,,1601894088,{},g7rvkjm,False,t3_j5255w,False,True,t1_g7r5sz5,/r/Conservative/comments/j5255w/joe_biden_architect_of_mass_incarceration/g7rvkjm/,1601894099,1,True,False,Conservative,t5_2qh6p,,0,[],
[],,FightMeYouBitch,,,"[{'e': 'text', 't': 'Classical Liberal'}]",,Classical Liberal,dark,richtext,t2_tr9z7e0,False,True,[],"No, I didn't bother Googling her before I made my comment. I don't make a habit out of keeping up with every action of every lunatic in America. She's a self aggrandizing piece of trash. I don't care what she's doing.",,,1601894062,{},g7rvj8f,False,t3_j5evok,False,True,t1_g7ru8cu,/r/Conservative/comments/j5evok/tara_reade_gets_60_minutes_interview_in_australia/g7rvj8f/,1601894074,1,True,False,Conservative,t5_2qh6p,,0,[],
[],,Zlatan4Ever,,Probably a troll,"[{'e': 'text', 't': 'Freedom first'}]",,Freedom first,dark,richtext,t2_15xiv3,False,True,[],So a deeper family drama that should be private.,,,1601894060,{},g7rvj3z,False,t3_j57ffs,False,True,t1_g7r7mov,/r/Conservative/comments/j57ffs/president_trump_surprises_supporters_gathered_at/g7rvj3z/,1601894071,1,True,False,Conservative,t5_2qh6p,,0,[],
[],,belladoyle,,,[],,,,text,t2_4fi1u,False,False,[],They are really doing their best to cover this one up,,,1601894010,{},g7rvgv2,False,t3_j5evok,False,True,t3_j5evok,/r/Conservative/comments/j5evok/tara_reade_gets_60_minutes_interview_in_australia/g7rvgv2/,1601894021,1,True,False,Conservative,t5_2qh6p,,0,[],
[],,notsojeff,,,"[{'e': 'text', 't': 'Unalienable Rights'}]",,Unalienable Rights,dark,richtext,t2_2zhb13ft,False,False,[],"&gt; What does white supremacy have to do with antifa

Well, it seems that Antifa is mostly made up of white people who use black people as political tools, which seems like white supremacy to me.  But the left's reality inversion field is strong.",,,1601894010,{},g7rvgua,False,t3_j4t8g3,False,True,t1_g7ovpq1,/r/Conservative/comments/j4t8g3/chris_wallaces_recollection_of_the_debate_claims/g7rvgua/,1601894021,1,True,False,Conservative,t5_2qh6p,,0,[],
[],,[deleted],,,,,,dark,,,,,[],[removed],,,1601893984,{},g7rvfq2,False,t3_j5azij,False,True,t3_j5azij,/r/Conservative/comments/j5azij/nba_finals_game_2_ratings_crash_by_68_least/g7rvfq2/,1601893995,1,True,False,Conservative,t5_2qh6p,,0,[],
[],,jackrafter88,,,[],,,,text,t2_bj2pexj,False,False,[],"Thinking that way, composing the text, spell checking your message and then saying yep, send. Wow.",,,1601893983,{},g7rvfnz,False,t3_j58vpn,False,True,t3_j58vpn,/r/Conservative/comments/j58vpn/jennifer_rubin_calls_for_trump_to_be_indicted_and/g7rvfnz/,1601893993,1,True,False,Conservative,t5_2qh6p,,0,[],
[],,Zlatan4Ever,,Probably a troll,"[{'e': 'text', 't': 'Freedom first'}]",,Freedom first,dark,richtext,t2_15xiv3,False,True,[],Swedish radio interviewed a Democrat voter In Wisconsin who said she didn’t believe that Trump was actually infected by covid. So this was aired Sunday morning in Sweden.  Two hours later my mom who is never conspiratorial said “I wonder if Trump was sick”. Power of left wing media is incredible.,,,1601893977,{},g7rvffk,False,t3_j57ffs,False,True,t3_j57ffs,/r/Conservative/comments/j57ffs/president_trump_surprises_supporters_gathered_at/g7rvffk/,1601893987,1,True,False,Conservative,t5_2qh6p,,0,[],
[],,rip901,,,[],,,,text,t2_l7iqk,False,False,[],"It's not that they don't help protect you at all, they do. But the main reason for people to wear them is to reduce the spread if you personally are infected. 

If I wear a mask and someone else is infected without a mask, the droplets cannot get in my mouth or nose, but they would still be everywhere else, on pretty much every surface that person was near. That's why they've been stressing that you should wash your hands frequently.",,,1601893971,{},g7rvf6o,False,t3_j5cu4u,False,True,t1_g7rgmz6,/r/Conservative/comments/j5cu4u/n95_masks_help_cloth_masks_not_so_much_efficacy/g7rvf6o/,1601893982,1,True,False,Conservative,t5_2qh6p,,0,[],
[],,Patch95,,,[],,,,text,t2_7k890,False,False,[],"Given that the system worked exactly as it should to detect this breach

""Manatee Supervisor of Elections Mike Bennett said his staff discovered the alleged fraud during a routine check of the voter roll, which is conducted whenever someone requests a mail-in ballot, according to the Sarasota Herald-Tribune. He said that the voter database is also consistently updated with information that includes voters who die.

Bennett said that as soon as officials pulled up the file, it showed that his wife, Ursula Wiggins, was deceased, reports said.

They said they noticed discrepancies in the handwriting on the absentee ballot request for Wiggins's wife and her signature on file.""

Given his wife was only deceased a month I would say that the system is working well to detect any fraud. And this is clearly enough of a rarity that it makes the news.",,,1601893912,{},g7rvck0,False,t3_j5g5t9,False,True,t1_g7rq3ar,/r/Conservative/comments/j5g5t9/florida_man_allegedly_requested_mailin_ballot_for/g7rvck0/,1601893923,1,True,False,Conservative,t5_2qh6p,,0,[],
[],,notsojeff,,,"[{'e': 'text', 't': 'Unalienable Rights'}]",,Unalienable Rights,dark,richtext,t2_2zhb13ft,False,False,[],"Haha, I wondered if that was the case.  Don't worry about it, I'm not going to check back in to see the edit.  GGs.",,,1601893858,{},g7rva1w,False,t3_j26864,False,True,t1_g7qbibd,/r/Conservative/comments/j26864/college_football_coach_replaces_blm_sign_taped_to/g7rva1w/,1601893869,1,True,False,Conservative,t5_2qh6p,,0,[],
[],,[deleted],,,,,,dark,,,,,[],[removed],,,1601893834,{},g7rv8wr,False,t3_j57ffs,False,True,t1_g7qm3ij,/r/Conservative/comments/j57ffs/president_trump_surprises_supporters_gathered_at/g7rv8wr/,1601893844,1,True,False,Conservative,t5_2qh6p,,0,[],
[],,Willyb63,,,[],,,,text,t2_okazs,False,False,[],it would be hilarious if pelosi wants to impeach him for endangering the lives of the secret service..,,,1601893826,{},g7rv8jt,False,t3_j58vpn,False,True,t3_j58vpn,/r/Conservative/comments/j58vpn/jennifer_rubin_calls_for_trump_to_be_indicted_and/g7rv8jt/,1601893837,1,True,False,Conservative,t5_2qh6p,,0,[],
[],,sturdylemur,,,[],,,,text,t2_15r7kv,False,False,[],Link?,,,1601893818,{},g7rv87f,False,t3_j4wncm,False,True,t1_g7qh50h,/r/Conservative/comments/j4wncm/media_willfully_ignore_hunter_biden_scandal_he/g7rv87f/,1601893829,1,True,False,Conservative,t5_2qh6p,,0,[],
[],,notsojeff,,,"[{'e': 'text', 't': 'Unalienable Rights'}]",,Unalienable Rights,dark,richtext,t2_2zhb13ft,False,False,[],Just call it what it is: EBWP (Everyone But White People).,,,1601893789,{},g7rv6u5,False,t3_j4ysk2,False,True,t1_g7pkz3j,/r/Conservative/comments/j4ysk2/antifa_black_bloc_militants_smash_up_businesses/g7rv6u5/,1601893800,1,True,False,Conservative,t5_2qh6p,,0,[],
