all_awardings,associated_award,author,author_flair_background_color,author_flair_css_class,author_flair_richtext,author_flair_template_id,author_flair_text,author_flair_text_color,author_flair_type,author_fullname,author_patreon_flair,author_premium,awarders,body,collapsed_because_crowd_control,comment_type,created_utc,gildings,id,is_submitter,link_id,locked,no_follow,parent_id,permalink,retrieved_on,score,send_replies,stickied,subreddit,subreddit_id,top_awarded_type,total_awards_received,treatment_tags,distinguished,author_cakeday
[],,BostonDodgeGuy,,,[],,,,text,t2_gsvdc,False,False,[],"&gt; You can’t use ad blocker on mobile (or at least for IOS).

Adblock on iOS in the store.",,,1617814065,{},gtpfrtb,False,t3_mlrubc,False,True,t1_gtoyp2y,/r/Conservative/comments/mlrubc/1_in_3_americans_are_watching_less_sports_blame/gtpfrtb/,1617815651,2,True,False,Conservative,t5_2qh6p,,0,[],,
[],,chaotik1986,,,"[{'e': 'text', 't': 'Christian Conservative'}]",,Christian Conservative,dark,richtext,t2_2u0cq6yi,False,False,[],"5 years, maybe 3 since it's a world wide effort and wouldneed to have no deaths or or unexpected side effects.The AstraZeneca vaccine has now caused blood clots. I didnt even get blood clots from covid, so I'll take my chances with covid again",,,1617814062,{},gtpfrn9,False,t3_mlumaw,False,True,t1_gtot8ys,/r/Conservative/comments/mlumaw/us_not_implementing_vaccine_passports/gtpfrn9/,1617815649,1,True,False,Conservative,t5_2qh6p,,0,[],,
[],,aDShisno,,,[],,,,text,t2_5lrjf9rc,False,False,[],"While it’s beyond questionable why they even received immunity in the first place imagine that you were wary about the policy but you followed it both because it was the law of the land AND you knew you had immunity in case you were right and it was a stupid law, only to now be liable for all of Cuomo’s idiocy because you chose to follow the stupid law instead of being fined out of existence.  Now you just get to be sued out of existence instead.",,,1617814061,{},gtpfriz,False,t3_mm62k9,False,True,t3_mm62k9,/r/Conservative/comments/mm62k9/cuomo_repeals_his_nursing_home_legal_immunity/gtpfriz/,1617815648,3,True,False,Conservative,t5_2qh6p,,0,[],,
[],,mystraw,,,"[{'e': 'text', 't': 'Conservative'}]",,Conservative,dark,richtext,t2_2n9t0qnj,False,False,[],"You know I'm making fun too?  I mean they didn't move to Texas.  Geeze, do I have to tag all of my sarcasm?",,,1617814059,{},gtpfrdw,False,t3_mm4wyg,False,True,t1_gtpbu6s,/r/Conservative/comments/mm4wyg/mlb_shocked_to_learn_of_high_gun_ownership_levels/gtpfrdw/,1617815645,2,True,False,Conservative,t5_2qh6p,,0,[],,
[],,Js588213,,,[],,,,text,t2_4lnh6hnr,False,False,[],I mean they are kinda packed like sardines over there,,,1617814054,{},gtpfr08,False,t3_mm677s,False,False,t3_mm677s,/r/Conservative/comments/mm677s/blue_new_york_identified_as_top_hot_spot_of_the/gtpfr08/,1617815639,5,True,False,Conservative,t5_2qh6p,,0,[],,
[],,DiogenicLight,,Conservative,"[{'e': 'text', 't': 'Constitutional Conservative'}]",421b644c-8b38-11e1-bc5f-12313d18ad57,Constitutional Conservative,dark,richtext,t2_57bfkjzq,False,False,[],"&gt;	I do not see ~~left or~~ right. I see ~~humans~~ someone I can troll.

FTFY",,,1617814050,{},gtpfqjs,False,t3_mlh54d,False,True,t1_gtpdp9y,/r/Conservative/comments/mlh54d/boycotting_two_of_my_favorite_things_coke_and/gtpfqjs/,1617815633,1,True,False,Conservative,t5_2qh6p,,0,[],,
[],,yada-yada-yoda,,,"[{'e': 'text', 't': 'Conservative'}]",,Conservative,dark,richtext,t2_1zlmsqok,False,False,[],Quit fantasizing about his dick.,,,1617814046,{},gtpfqa7,False,t3_mlz2vu,False,True,t1_gtpa3al,/r/Conservative/comments/mlz2vu/hunter_biden_admits_to_bbc_he_got_a_job_at/gtpfqa7/,1617815630,-1,True,False,Conservative,t5_2qh6p,,0,[],,
[],,Unlikely_Tomorrow,,,[],,,,text,t2_5xn6t2az,False,False,[],Wait so they're limiting the amount of ID's you can show to vote? I thought you didn't even need ID to vote in most cases in the last presidential election. Look at mail in voting any tom dick and harry could've voted,,,1617814045,{},gtpfq6u,False,t3_mlnr0b,False,True,t1_gtpfib6,/r/Conservative/comments/mlnr0b/the_bigotry_of_low_expectations/gtpfq6u/,1617815628,1,True,False,Conservative,t5_2qh6p,,0,[],,
[],,[deleted],,,,,,dark,,,,,[],[removed],,,1617814041,{},gtpfpt7,False,t3_mlnr0b,False,True,t1_gtp2k5c,/r/Conservative/comments/mlnr0b/the_bigotry_of_low_expectations/gtpfpt7/,1617815623,1,True,False,Conservative,t5_2qh6p,,0,[],,
[],,[deleted],,,,,,dark,,,,,[],[removed],,,1617814039,{},gtpfplw,False,t3_mm203z,False,True,t3_mm203z,/r/Conservative/comments/mm203z/breaking_us_military_to_accept_people_who/gtpfplw/,1617815621,1,True,False,Conservative,t5_2qh6p,,0,[],,
[],,CallmeCli3nt,,,[],,,,text,t2_2j7dbjv,False,False,[],Politics should have nothing to do with a good ball game. How bout we get them to tell everyone to fuck off.,,,1617814033,{},gtpfp5n,False,t3_mlysth,False,True,t3_mlysth,/r/Conservative/comments/mlysth/want_the_mlb_to_respect_conservatives_boycott_the/gtpfp5n/,1617815613,1,True,False,Conservative,t5_2qh6p,,0,[],,
[],,widdlyscudsandbacon,,,[],,,,text,t2_mp8si,False,False,[],"The NY Post ran a story featuring some of the ""tamer"" pictures with Hunters dick and the young girl on his bed blurred out.

Anons have compared things like a scar on his neices ankle in a normal picture with what appears to be the same scar in the same place on the leg of one of the young girls in the laptop pics. 

The problem with our media is that if the big names choose not to cover a story, then the only people investigating can be marginalized as conspiracy theorists. But really, all we want is for you to look for yourself and make your own determination.

There was some fucked up shit on that laptop. And I was able to figure out Hunter is a fucked up dude (in my opinion) pretty quick without needing to see the CP itself. Combine that with the Anons work and it seems really, blatantly obvious to me. 

But by all means, please do some digging and form your own conclusion!",,,1617814032,{},gtpfp1j,False,t3_mlz2vu,False,False,t1_gtpdr74,/r/Conservative/comments/mlz2vu/hunter_biden_admits_to_bbc_he_got_a_job_at/gtpfp1j/,1617815611,1,True,False,Conservative,t5_2qh6p,,0,[],,
[],,Aero1515,,,[],,,,text,t2_5orozwnp,False,False,[],"I’m totally an honest good person.  I have my opinion and I respect yours, we can probably leave it at that?",,,1617814024,{},gtpfoev,False,t3_mlysth,False,True,t1_gtpeyjx,/r/Conservative/comments/mlysth/want_the_mlb_to_respect_conservatives_boycott_the/gtpfoev/,1617815603,1,True,False,Conservative,t5_2qh6p,,0,[],,
[],,jicty,,,[],,,,text,t2_64gcr,False,False,[],The problem with his covid policy is that he tried to give everyone a little bit but just ended up pissing everyone off. The left thought he didn't do enough and the right thought he did too much. If he would have just picked a side then he would have had a lot more supporters. Instead he to make everyone happy and he ended up making nobody happy.,,,1617814019,{},gtpfnyc,False,t3_mm1i9s,False,True,t1_gtpez6h,/r/Conservative/comments/mm1i9s/ohios_new_stand_your_ground_gun_law_takes_effect/gtpfnyc/,1617815596,2,True,False,Conservative,t5_2qh6p,,0,[],,
[],,masterfain,,,[],,,,text,t2_6192q,False,False,[],Good thing Amazon is in the alliance,,,1617814017,{},gtpfnt5,False,t3_mm5wed,False,True,t1_gtpdlps,/r/Conservative/comments/mm5wed/1000_woke_companies_unite_against/gtpfnt5/,1617815594,0,True,False,Conservative,t5_2qh6p,,0,[],,
[],,[deleted],,,,,,dark,,,,,[],[removed],,,1617814016,{},gtpfno7,False,t3_mlz2y8,False,True,t3_mlz2y8,/r/Conservative/comments/mlz2y8/moving_mlb_allstar_game_from_atlanta_is_serious/gtpfno7/,1617815592,1,True,False,Conservative,t5_2qh6p,,0,[],,
[],,HandsomeNorthernBoy,,,[],,,,text,t2_7xi2uxuj,False,False,[],"As a gymnastics fan, I was horrified that my favorite team held a #BLM meet. 
Sports should be sports and not platform to promote *liberal* political views",,,1617814011,{},gtpfna5,False,t3_mlrubc,False,True,t3_mlrubc,/r/Conservative/comments/mlrubc/1_in_3_americans_are_watching_less_sports_blame/gtpfna5/,1617815588,1,True,False,Conservative,t5_2qh6p,,0,[],,
[],,CleftOfVenus,,,[],,,,text,t2_4a0s1,False,False,[],"Despite the media narrative, the real issue isn't with requiring identification to vote, as that already existed in Georgia since 2004. However, it is entirely clear that this law was completely politically motivated to give the GOP a better chance of winning by implementing changes that negatively affect counties that are more democratic in the state. 

For example (Borrowed from another thread somewhere, and non even fully comprehensive):

* Early voting has been expanded in a lot of rural counties that favor republicans, but not in more populous counties that favor democrats.
* If election problems arise (which is a common occurrence, particularly in crowded, urban precincts), it is now more difficult to extend voting hours.
* The Republican-controlled legislature has more control over the State Election Board.
* The secretary of state is removed as a voting member of the State Election Board.
* The G.O.P.-led legislature is empowered to suspend county election officials.

These changes (particularly the last three) in fact make it easier for the GOP to commit the ""boogeyman"" of election fraud. 

Instead we have both the Left and the Right distracted by the conversation around access to identification, rather than discussing the quite obviously politically motivated changes actually being implemented. 

Both sides do this when they have the power to do so, so let's not pretend this isn't the case here. Trump claiming voter fraud for every single election merely shifted the Overton window to provide cover for more of these moves in states that can enact them, in order to provide better chances for GOP election success.",,,1617814011,{},gtpfn9e,False,t3_mm1yn6,False,True,t1_gtp4vju,/r/Conservative/comments/mm1yn6/wokeacola_coke_facing_blowback_for_resistance_to/gtpfn9e/,1617815587,1,True,False,Conservative,t5_2qh6p,,0,[],,
[],,bostonbean,,,[],,,,text,t2_6j3q3,False,False,[],"Swore off MLB, local leagues are good enough and don't have the plateful of inappropriate political BS.",,,1617814006,{},gtpfmrx,False,t3_mlysth,False,True,t3_mlysth,/r/Conservative/comments/mlysth/want_the_mlb_to_respect_conservatives_boycott_the/gtpfmrx/,1617815580,1,True,False,Conservative,t5_2qh6p,,0,[],,
[],,LongIslandaInNJ,,,"[{'e': 'text', 't': 'Deplorable'}]",,Deplorable,dark,richtext,t2_ww6s8p2,False,False,[],"&gt;in the pandemic

I think you also need to add during the BLM era. People were running around looting stores, smashing windows, torching cars and garbage pails. While people were dining in the streets because there was no indoor dining people were harassed. Families in apartments cooped up because they did not feel safe to walk down streets or with Covid. Of course people left the city in droves. If rich families had a second home, they are there now. If average families or individuals were told they could work from home, they left for suburbs/NJ/CT.",,,1617814005,{},gtpfmqz,False,t3_mm0139,False,True,t1_gtojyw0,/r/Conservative/comments/mm0139/quality_of_life_plummets_taxes_rocket_and_new/gtpfmqz/,1617815580,2,True,False,Conservative,t5_2qh6p,,0,[],,
[],,chakkali,,,"[{'e': 'text', 't': 'Classical Liberal'}]",,Classical Liberal,dark,richtext,t2_1trdxo5v,False,False,[],"I had a buddy that got shot and killed at a neighboring middle school when I was growing up. In school, reports said it sounded like a balloon popping and he fell over. 7th grader, killed by another person. Both of the parties were black. It didn’t get national headlines, I do know that to be fact. 

I don’t know the political affiliation of either party, I do know it hurt me when I heard the news of a friend getting shot. Got anymore straws you want to draw, whatabouts?",,,1617814003,{},gtpfmku,False,t3_mm1yn6,False,True,t1_gtpexa5,/r/Conservative/comments/mm1yn6/wokeacola_coke_facing_blowback_for_resistance_to/gtpfmku/,1617815577,2,True,False,Conservative,t5_2qh6p,,0,[],,
[],,thecleaner47129,,,[],,,,text,t2_cbxrz,False,False,[],"""Projection "", as in Sep 2021",,,1617814000,{},gtpfmat,False,t3_mllk86,False,True,t1_gtnpxre,/r/Conservative/comments/mllk86/biden_now_wants_to_restart_construction_on_trumps/gtpfmat/,1617815574,0,True,False,Conservative,t5_2qh6p,,0,[],,
[],,Ajaxx6,,,[],,,,text,t2_6zkqw,False,False,[],"Honest question, do most of you understand the stance of why the voter bill is problematic for most of Georgia's constituents? I see a lot of comments that are completely wrong or misinformed about what it's like here and I would love to hear opinions from the other side.",,,1617813986,{},gtpfl3d,False,t3_mm4wyg,False,True,t3_mm4wyg,/r/Conservative/comments/mm4wyg/mlb_shocked_to_learn_of_high_gun_ownership_levels/gtpfl3d/,1617815559,1,True,False,Conservative,t5_2qh6p,,0,[],,
[],,Proud_Ad_8403,,,[],,,,text,t2_9ildkajs,False,False,[],Welcome to the world of medicine. All medicine has issues,,,1617813984,{},gtpfkw5,False,t3_mm0ojh,False,True,t1_gtp9293,/r/Conservative/comments/mm0ojh/european_medicines_agency_official_links/gtpfkw5/,1617815555,0,True,False,Conservative,t5_2qh6p,,0,[],,
[],,amluchon,,,[],,,,text,t2_2a2c1yo3,False,False,[],"So, the VP should not have to deal in countries where his family has business interests due to a conflict of interest? What a novel idea - would you extend it to, say, the President as well?",,,1617813962,{},gtpfj3p,False,t3_mlz2vu,False,True,t1_gtpdmes,/r/Conservative/comments/mlz2vu/hunter_biden_admits_to_bbc_he_got_a_job_at/gtpfj3p/,1617815531,1,True,False,Conservative,t5_2qh6p,,0,[],,
[],,FleshyRepairDrone,,,"[{'e': 'text', 't': 'Anti-Communist'}]",,Anti-Communist,dark,richtext,t2_1wpbafm,False,True,[],"Because you need to have a background in science to say ""cutting off your reproductive organs is probably not a good idea.""?


Never mind the alarmingly high suicide rate of those who transition.",,,1617813962,{},gtpfj3c,False,t3_mm3txb,False,False,t1_gtp88l6,/r/Conservative/comments/mm3txb/breaking_arkansas_is_first_state_to_allow_minors/gtpfj3c/,1617815531,7,True,False,Conservative,t5_2qh6p,,0,[],,
[],,gregsf84,,,[],,,,text,t2_1vg01iny,False,False,[],No American should ever have to fear any political party. This country is so hell bent on both parties how about just doing the right thing has anybody ever tried that,,,1617813961,{},gtpfj1b,False,t3_mlysth,False,True,t3_mlysth,/r/Conservative/comments/mlysth/want_the_mlb_to_respect_conservatives_boycott_the/gtpfj1b/,1617815530,1,True,False,Conservative,t5_2qh6p,,0,[],,
[],,Effective-Camp-4664,,,[],,,,text,t2_7weqjl4n,False,False,[],While on the same time defaming china using falsified or at least questionable 'facts'.,,,1617813960,{},gtpfiwl,False,t3_mgqu6w,False,True,t1_gsumd64,/r/Conservative/comments/mgqu6w/how_sarscov2_may_have_escaped_from_a_wuhan_lab/gtpfiwl/,1617815528,1,True,False,Conservative,t5_2qh6p,,0,[],,
[],,Worthsome,,,[],,,,text,t2_9hnxa07,False,False,[],"&gt;The idea that you should be exposed to undue criticism due to your skin color

  
This is why I think you should read up on white defensiveness.  
   
Firstly it's not criticism. Just as white privilege isn't. It's just a description of something that occurs.   
The fact that you think a simple description is a criticism is white defensiveness in action.   


Secondly it's not ""due to your skin color"" -  it's due to the fact the you are in the majority. The skin color of the majority in the US happens to be white.   


I hope I'm not coming off as patronising.  This subject of white defensiveness is new to me and more people should know about it.  There would be a lot less accusations of racism if it was more widely understood.      


[https://en.wikipedia.org/wiki/White\_defensiveness](https://en.wikipedia.org/wiki/White_defensiveness)",,,1617813956,{},gtpfim0,False,t3_mlrubc,False,True,t1_gtpcg65,/r/Conservative/comments/mlrubc/1_in_3_americans_are_watching_less_sports_blame/gtpfim0/,1617815524,1,True,False,Conservative,t5_2qh6p,,0,[],,
[],,hitometootoo,,,[],,,,text,t2_1qyy0klv,False,False,[],"Yes, in every state you need to show and prove your identity with a photo ID before you vote during registration, during voting or after with a provisional ballot. The difference is I can use a number of sources to prove my identity at different stages of the voting process currently.

But voter ID cards are trying to limit the means you have to prove your identity with just that card, instead of the 5 - 10 ways we have now. Remember, all the current means to prove your identity now is cross checked several times before your vote is even allowed to be casted / counted.

People wouldn't have a problem with that card either if it was free and easy to get for all people (such as mail in to get the card like you can to get a passport). Though most have the means to pay and travel to a DMV to get a license, not everyone does. If even 1% of people in a state don't have the means to do either, their votes can swing a state / vote.",,,1617813953,{},gtpfib6,False,t3_mlnr0b,False,True,t1_gtpeyod,/r/Conservative/comments/mlnr0b/the_bigotry_of_low_expectations/gtpfib6/,1617815520,1,True,False,Conservative,t5_2qh6p,,0,[],,
[],,Unlikely_Tomorrow,,,[],,,,text,t2_5xn6t2az,False,False,[],They did but they rigged it again and turned it blue magically,,,1617813948,{},gtpfhxy,False,t3_mljt5u,False,True,t1_gtnmsv0,/r/Conservative/comments/mljt5u/google_removes_entire_state_of_georgia_from/gtpfhxy/,1617815515,1,True,False,Conservative,t5_2qh6p,,0,[],,
[],,belladoyle,,,"[{'e': 'text', 't': 'Conservative'}]",,Conservative,dark,richtext,t2_4fi1u,False,False,[],😘,,,1617813943,{},gtpfhhs,False,t3_mlysth,False,True,t1_gtpff9g,/r/Conservative/comments/mlysth/want_the_mlb_to_respect_conservatives_boycott_the/gtpfhhs/,1617815508,0,True,False,Conservative,t5_2qh6p,,0,[],,
[],,EmperorChaseYoung,,,[],,,,text,t2_a4b8fc53,False,False,[],We have come full circle,,,1617813933,{},gtpfgm4,False,t3_mm677s,False,True,t3_mm677s,/r/Conservative/comments/mm677s/blue_new_york_identified_as_top_hot_spot_of_the/gtpfgm4/,1617815495,2,True,False,Conservative,t5_2qh6p,,0,[],,
[],,rlm1966,,,[],,,,text,t2_38hmw,False,False,[],"Heels-Up doesn't think Biden completes this term much less get another, as long as things go the way she plans.",,,1617813926,{},gtpfg1b,False,t3_mm0qk7,False,True,t1_gtp1qqw,/r/Conservative/comments/mm0qk7/bidens_border_policy_is_so_bad_even_democrats_are/gtpfg1b/,1617815486,1,True,False,Conservative,t5_2qh6p,,0,[],,
[],,AetherCorp,,,[],,,,text,t2_5feerzyc,False,False,[],You clearly do if you think he should walk or get off easy,,,1617813923,{},gtpffuh,False,t3_mlgru5,False,True,t1_gtlgzr5,/r/Conservative/comments/mlgru5/corporate_media_and_leftist_corporations_are/gtpffuh/,1617815484,1,True,False,Conservative,t5_2qh6p,,0,[],,
[],,NinjaElectron,,,[],,,,text,t2_s7o5a,False,False,[],"https://coloradosun.com/2021/04/06/voting-laws-georgia-colorado/
https://www.npr.org/2021/04/07/984857562/fact-check-how-colorado-georgia-voting-laws-differ-despite-conservatives-claims",,,1617813922,{},gtpffrw,False,t3_mlfs93,False,True,t1_gtl882k,/r/Conservative/comments/mlfs93/priceless_mlb_is_moving_its_allstar_game_to/gtpffrw/,1617815482,1,True,False,Conservative,t5_2qh6p,,0,[],,
[],,averageadrian101,,,[],,,,text,t2_41v3c61s,False,False,[],"Everyone uses their high level name whenever they can, politicians,celebrities, athletes. Biden’s case is no different from Trumps, Obamas, Clinton’s, anyone who says otherwise is wrong. Unfortunately this is the way of life and the more popular you or close relative are the more connections you’ll have. Hunter should’ve never been at Burisma. And Trumps kids should’ve never been in office.",,,1617813922,{},gtpffrd,False,t3_mlz2vu,False,True,t3_mlz2vu,/r/Conservative/comments/mlz2vu/hunter_biden_admits_to_bbc_he_got_a_job_at/gtpffrd/,1617815482,2,True,False,Conservative,t5_2qh6p,,0,[],,
[],,RedHotRudabaga,,,[],,,,text,t2_7pszl2bs,False,False,[],"Weird that you think that this dude is on the side of the left, when your side beat a cop to death in DC months ago.",,,1617813918,{},gtpfffp,False,t3_mm30fv,False,True,t3_mm30fv,/r/Conservative/comments/mm30fv/nation_of_islam_mourns_brother_noah_green_who/gtpfffp/,1617815478,-6,True,False,Conservative,t5_2qh6p,,0,[],,
[],,GivesNoFuks,,,[],,,,text,t2_2r98o9ou,False,False,[],"Ah, the old ""I know you are but what am I?"" Argument. No, I'm the embodiment of my SN... I give no fucks 🤣🤣",,,1617813916,{},gtpff9g,False,t3_mlysth,False,True,t1_gtpf0q2,/r/Conservative/comments/mlysth/want_the_mlb_to_respect_conservatives_boycott_the/gtpff9g/,1617815476,1,True,False,Conservative,t5_2qh6p,,0,[],,
[],,Section225,,,"[{'e': 'text', 't': 'Moderate Conservative'}]",,Moderate Conservative,dark,richtext,t2_5xlgp,False,False,[],"The Biden supporters try to say that the public is less concerned about threats to the U.S. from immigration, and more concerned about militant extremism, the spread of infectious diseases, and China's global influence.  

First of all, I don't see any concern from the left about China, and second of all, how do they think those other two things will BECOME a bigger threat to them??

""I'm concerned about terrorists, but let anybody that wants to walk into the country.  I'm also concerned about a contagious virus spreading...so yeah, let anybody that wants to walk into the country.""",,,1617813913,{},gtpff0n,False,t3_mm0qk7,False,True,t3_mm0qk7,/r/Conservative/comments/mm0qk7/bidens_border_policy_is_so_bad_even_democrats_are/gtpff0n/,1617815472,1,True,False,Conservative,t5_2qh6p,,0,[],,
[],,SouthernDudeYT,,,[],,,,text,t2_2uq9y7kg,False,False,[],Idk but the left will find a way to say it is,,,1617813910,{},gtpfeox,False,t3_mm1i9s,False,False,t1_gtpabgb,/r/Conservative/comments/mm1i9s/ohios_new_stand_your_ground_gun_law_takes_effect/gtpfeox/,1617815468,9,True,False,Conservative,t5_2qh6p,,0,[],,
[],,Mindfather,,,[],,,,text,t2_5utssqbo,False,False,[],They are radically racist.,,,1617813909,{},gtpfeme,False,t3_mm30fv,False,True,t3_mm30fv,/r/Conservative/comments/mm30fv/nation_of_islam_mourns_brother_noah_green_who/gtpfeme/,1617815467,2,True,False,Conservative,t5_2qh6p,,0,[],,
[],,Proud_Ad_8403,,,[],,,,text,t2_9ildkajs,False,False,[],A lot of people. Technically he did have that power but he chose not to use it. I don't think anyone will forgive him for that as silly as it sounds,,,1617813894,{},gtpfdbr,False,t3_mm0zdy,False,True,t1_gtopmg7,/r/Conservative/comments/mm0zdy/exclusive_pence_returns_to_maga_world_with/gtpfdbr/,1617815448,2,True,False,Conservative,t5_2qh6p,,0,[],,
[],,kyle2897,,,[],,,,text,t2_104t1g,False,False,[],Ya they can take point,,,1617813893,{},gtpfdar,False,t3_mm203z,False,True,t3_mm203z,/r/Conservative/comments/mm203z/breaking_us_military_to_accept_people_who/gtpfdar/,1617815448,1,True,False,Conservative,t5_2qh6p,,0,[],,
[],,Long-Cardiologist492,,,[],,,,text,t2_9fwxxpm2,False,True,[],Money printer goes brrrrrrrr,,,1617813884,{},gtpfch1,False,t3_mlzsnm,False,True,t3_mlzsnm,/r/Conservative/comments/mlzsnm/is_the_fed_hiding_something_why_weekly_money/gtpfch1/,1617815436,2,True,False,Conservative,t5_2qh6p,,0,[],,
[],,[deleted],,,,,,dark,,,,,[],[removed],,,1617813880,{},gtpfc69,False,t3_mm1i9s,False,True,t3_mm1i9s,/r/Conservative/comments/mm1i9s/ohios_new_stand_your_ground_gun_law_takes_effect/gtpfc69/,1617815432,1,True,False,Conservative,t5_2qh6p,,0,[],,
[],,FleshyRepairDrone,,,"[{'e': 'text', 't': 'Anti-Communist'}]",,Anti-Communist,dark,richtext,t2_1wpbafm,False,True,[],Do they make traps big enough for elephants?,,,1617813867,{},gtpfb3l,False,t3_mm3wuj,False,True,t1_gtp0ge6,/r/Conservative/comments/mm3wuj/with_georgia_voting_rights_protest_abrams_springs/gtpfb3l/,1617815417,3,True,False,Conservative,t5_2qh6p,,0,[],,
[],,tslog724,,,"[{'e': 'text', 't': 'Wisconsin Conservative'}]",,Wisconsin Conservative,dark,richtext,t2_4dw5f6w1,False,False,[],I bet you don't floss...,,,1617813851,{},gtpf9q3,False,t3_mm1c64,False,True,t1_gtouksy,/r/Conservative/comments/mm1c64/another_governor_just_banned_government_mandated/gtpf9q3/,1617815398,1,True,False,Conservative,t5_2qh6p,,0,[],,
[],,Philsie,,,"[{'e': 'text', 't': 'Conservative'}]",,Conservative,dark,richtext,t2_ccbsu,False,False,[],"Lol, imagine the nerve of that state, wanting to prevent election fraud!",,,1617813851,{},gtpf9p5,False,t3_mm4wyg,False,True,t1_gtpf1my,/r/Conservative/comments/mm4wyg/mlb_shocked_to_learn_of_high_gun_ownership_levels/gtpf9p5/,1617815397,1,True,False,Conservative,t5_2qh6p,,0,[],,
[],,[deleted],,,,,,dark,,,,,[],[removed],,,1617813850,{},gtpf9n0,False,t3_mljt5u,False,True,t1_gtnq745,/r/Conservative/comments/mljt5u/google_removes_entire_state_of_georgia_from/gtpf9n0/,1617815396,1,True,False,Conservative,t5_2qh6p,,0,[],,
[],,WhiteNateDogg,,,"[{'e': 'text', 't': 'Libertarian Conservative'}]",,Libertarian Conservative,dark,richtext,t2_171xst,False,False,[],"I'll just use the first definition I can find through Google:

""Authoritarianism is a form of government characterized by the rejection of political plurality, the use of a strong central power to preserve the political status quo, and reductions in the rule of law, separation of powers, and democratic voting.""

So I would say both parties have all but abandoned political plurality. I blame the voters who demand their representatives never ""back down"" i.e. compromise with the other side.

Use of central power to preserve the status quo, well both sides could be accused of that, however only one party believes their political goals should always be implemented at the federal level (for example a $15 minimum wage is entirely different in New York than Mississippi).

Reductions in the rule of law clearly goes to the Democrats, between riots, immigration and CHAZ the Democrats believe law should mostly apply when they feel like it to people who don't share their goals. (There are plenty of moderate Democrats who are far more reasonable to be fair).

Separation of powers, we all know which patty is seriously considering packing the supreme court.

Democratic voting could be argued both ways, the Democrats believe any voting restrictions will inhibit free voting and the Republicans believe that there is too much corruption in our voting process as it is.

I don't necessarily believe the Democrats are evil authoritarians. Their political philosophy believes that central government is a superior form of government organization and that a better society can be achieved by a strong central government essentially forcing us to do the right thing.",,,1617813847,{},gtpf9ca,False,t3_mlxgdz,False,True,t1_gtpc179,/r/Conservative/comments/mlxgdz/the_woke_supremacists_are_the_most_dangerous/gtpf9ca/,1617815392,0,True,False,Conservative,t5_2qh6p,,0,[],,
[],,Prolael,,,[],,,,text,t2_mh5gv,False,False,[],"that’s not supporting a claim, please show me some information that led you to conclude that Biden is a Chinsese puppet.

It can be that he did something that made you form that opinion?",,,1617813834,{},gtpf88c,False,t3_mm46u9,False,True,t1_gtperfp,/r/Conservative/comments/mm46u9/haley_blasts_biden_for_opening_businesses_to_iran/gtpf88c/,1617815378,-3,True,False,Conservative,t5_2qh6p,,0,[],,
[],,FleshyRepairDrone,,,"[{'e': 'text', 't': 'Anti-Communist'}]",,Anti-Communist,dark,richtext,t2_1wpbafm,False,True,[],"If there is one thing I learned living in Michigan, don't get between a michigander and their bowling.",,,1617813830,{},gtpf7vr,False,t3_mm445p,False,True,t1_gtp3hwl,/r/Conservative/comments/mm445p/yup_still_waiting_for_the_maskless_texan/gtpf7vr/,1617815373,1,True,False,Conservative,t5_2qh6p,,0,[],,
[],,Think-Anywhere-7751,,Conservative,"[{'e': 'text', 't': 'Right to Life'}]",421b644c-8b38-11e1-bc5f-12313d18ad57,Right to Life,dark,richtext,t2_8k8t1ox7,False,True,[],"Biden and the rest of the Democrats don't work for the American people.  They work against the American people solely for themselves, their whims and to line their pockets from China, and Iran.",,,1617813826,{},gtpf7jz,False,t3_mm46u9,False,True,t3_mm46u9,/r/Conservative/comments/mm46u9/haley_blasts_biden_for_opening_businesses_to_iran/gtpf7jz/,1617815368,2,True,False,Conservative,t5_2qh6p,,0,[],,
[],,awkwarddorkus,,,[],,,,text,t2_94t1f,False,False,[],Good. They should.,,,1617813825,{},gtpf7ii,False,t3_mm2bfs,False,True,t3_mm2bfs,/r/Conservative/comments/mm2bfs/breaking_indiana_ag_launches_investigation_into_5/gtpf7ii/,1617815367,1,True,False,Conservative,t5_2qh6p,,0,[],,
[],,[deleted],,,,,,dark,,,,,[],[removed],,,1617813823,{},gtpf7d4,False,t3_mm203z,False,True,t1_gtpf2gz,/r/Conservative/comments/mm203z/breaking_us_military_to_accept_people_who/gtpf7d4/,1617815365,1,True,False,Conservative,t5_2qh6p,,0,[],,
[],,n6Wr3sSjgax87Ub6q0GV,,,"[{'e': 'text', 't': 'Trump Conservative'}]",,Trump Conservative,dark,richtext,t2_44j40yi5,False,False,[],I know a ton of folks in infosec and none of them would consider working for Facebook,,,1617813819,{},gtpf6zd,False,t3_mm625k,False,True,t1_gtpeij5,/r/Conservative/comments/mm625k/facebook_apologizes_for_getting_533_million_users/gtpf6zd/,1617815360,1,True,False,Conservative,t5_2qh6p,,0,[],,
[],,Vast_Philosophy_9027,,,[],,,,text,t2_7lupb3hb,False,False,[],He should have got a job at the whitehouse with his fathers name.,,,1617813817,{},gtpf6td,False,t3_mlz2vu,False,True,t3_mlz2vu,/r/Conservative/comments/mlz2vu/hunter_biden_admits_to_bbc_he_got_a_job_at/gtpf6td/,1617815357,1,True,False,Conservative,t5_2qh6p,,0,[],,
[],,AutoModerator,,,[],,,,text,t2_6l4z3,False,True,[],"Tired of reporting this thread? [Donate to this charity instead](https://secure.givelively.org/donate/prevent-child-abuse-america/prevent-child-abuse-america/r-conservative). Alternatively, [join us on discord](https://discord.com/invite/conservative)

*I am a bot, and this action was performed automatically. Please [contact the moderators of this subreddit](/message/compose/?to=/r/Conservative) if you have any questions or concerns.*",,,1617813810,{},gtpf670,False,t3_mlfs93,False,True,t3_mlfs93,/r/Conservative/comments/mlfs93/priceless_mlb_is_moving_its_allstar_game_to/gtpf670/,1617815349,1,False,True,Conservative,t5_2qh6p,,0,[],moderator,
[],,CosmosWater,,,[],,,,text,t2_9xcucbys,False,False,[],"Why would people in the US be worried about that when y'all have mass shootings happening every week, and political and social unrest that hasn't been this contentious since the 50's &amp; 60's?

Also, are you bringing this up because YOU care about what's happening with Uyghurs in China? Or just to make a bad-faith argument?",,,1617813800,{},gtpf5dj,False,t3_mlz2y8,False,True,t1_gto9oi5,/r/Conservative/comments/mlz2y8/moving_mlb_allstar_game_from_atlanta_is_serious/gtpf5dj/,1617815338,1,True,False,Conservative,t5_2qh6p,,0,[],,
[],,Long-Cardiologist492,,,[],,,,text,t2_9fwxxpm2,False,True,[],"It's not ideal, but I don't think this is so bad. There will certainly be at least some shift in the direction of party norms, and it will at least cost the left by way of Dems a few votes. Is it really a BAD thing? Someone publicly stating ""this party has gone insane because of the radical left and I can't take it anymore"" is certainly damaging to the opposition.",,,1617813796,{},gtpf51h,False,t3_mm2idj,False,True,t1_gtoyji0,/r/Conservative/comments/mm2idj/nevada_mayor_leaves_dems_for_gop_says_he_couldnt/gtpf51h/,1617815334,0,True,False,Conservative,t5_2qh6p,,0,[],,
[],,amluchon,,,[],,,,text,t2_2a2c1yo3,False,False,[],"The position he has as a board member at some Ukrainian gas company? I'm sorry, didn't realise this was a shareholders meeting.",,,1617813793,{},gtpf4to,False,t3_mlz2vu,False,True,t1_gtp8tie,/r/Conservative/comments/mlz2vu/hunter_biden_admits_to_bbc_he_got_a_job_at/gtpf4to/,1617815331,1,True,False,Conservative,t5_2qh6p,,0,[],,
[],,[deleted],,,,,,dark,,,,,[],[removed],,,1617813784,{},gtpf403,False,t3_mm3puh,False,True,t1_gtp9s9f,/r/Conservative/comments/mm3puh/biden_warns_georgia_to_smarten_up_and_stop_it_or/gtpf403/,1617815319,1,True,False,Conservative,t5_2qh6p,,0,[],,
[],,Broken_art15,,,[],,,,text,t2_3quiiwcm,False,False,[],Not unless a vaccine gets distributed properly. You sound like an anti vaxxer.,,,1617813779,{},gtpf3n4,False,t3_mm2un0,False,True,t1_gtp3h80,/r/Conservative/comments/mm2un0/no_restrictions_texas_has_fewer_covid_cases_than/gtpf3n4/,1617815314,-2,True,False,Conservative,t5_2qh6p,,0,[],,
[],,Sharadnar,,,[],,,,text,t2_u21tq,False,False,[],"Yeah, even the article itself doesn't support the math. ""Less than $750 billion"" on roads and bridges, which is ignoring the fact that they're explicitly trying to redefine what constitutes""infrastructure"", is still ~37%, a far cry from 6%.

It looks like they're taking a single $115 billion line item for modernizing roads and bridges and portraying that as the only money going to infrastructure.",,,1617813775,{},gtpf37r,False,t3_mm4epy,False,False,t1_gtpdpk7,/r/Conservative/comments/mm4epy/young_not_stupid_if_only_6_of_bidens/gtpf37r/,1617815308,4,True,False,Conservative,t5_2qh6p,,0,[],,
[],,Sulla_Victrix,,Conservative,"[{'e': 'text', 't': 'Conservative'}]",421b644c-8b38-11e1-bc5f-12313d18ad57,Conservative,dark,richtext,t2_9x8r26hl,False,False,[],"""There can be no peace without Unity"" Joe.",,,1617813766,{},gtpf2i3,False,t3_mm3puh,False,True,t3_mm3puh,/r/Conservative/comments/mm3puh/biden_warns_georgia_to_smarten_up_and_stop_it_or/gtpf2i3/,1617815299,1,True,False,Conservative,t5_2qh6p,,0,[],,
[],,wsbFugacity,,,[],,,,text,t2_65ejmm80,False,False,[],Or (self) serving only for their future political prospects.,,,1617813766,{},gtpf2gz,False,t3_mm203z,False,False,t1_gtp9w37,/r/Conservative/comments/mm203z/breaking_us_military_to_accept_people_who/gtpf2gz/,1617815298,4,True,False,Conservative,t5_2qh6p,,0,[],,True
[],,tslog724,,,"[{'e': 'text', 't': 'Wisconsin Conservative'}]",,Wisconsin Conservative,dark,richtext,t2_4dw5f6w1,False,False,[],This sub is what you want it to be. Post content. Be the change you want to see!,,,1617813761,{},gtpf23k,False,t3_mlyvbz,False,True,t1_gtp7hry,/r/Conservative/comments/mlyvbz/this_is_jim_crow_times_a_million_yells_biden/gtpf23k/,1617815292,0,True,False,Conservative,t5_2qh6p,,0,[],,
[],,awkwarddorkus,,,[],,,,text,t2_94t1f,False,False,[],Yeah... no duh. Did he ever deny this?,,,1617813759,{},gtpf1yj,False,t3_mlz2vu,False,True,t3_mlz2vu,/r/Conservative/comments/mlz2vu/hunter_biden_admits_to_bbc_he_got_a_job_at/gtpf1yj/,1617815291,1,True,False,Conservative,t5_2qh6p,,0,[],,
[],,Sidius303,,,[],,,,text,t2_ev3ap,False,False,[],"&gt;Shortly after moving their All-Star game from 1862 to modern-day Denver, Colorado, Major League Baseball was blindsided again and forced to find a new host city.


Even a satirical article can't escape the fact that Georgia is still racist af...",,,1617813756,{},gtpf1my,False,t3_mm4wyg,False,True,t3_mm4wyg,/r/Conservative/comments/mm4wyg/mlb_shocked_to_learn_of_high_gun_ownership_levels/gtpf1my/,1617815286,0,True,False,Conservative,t5_2qh6p,,0,[],,
[],,MarbleFox_,,,[],,,,text,t2_i6w6b0u,False,False,[],"You keep repeating that line, but you have yet to put together a coherent argument demonstrating that *I'm* the one that lost here.",,,1617813755,{},gtpf1kv,False,t3_mlfi4i,False,True,t1_gtpe1e7,/r/Conservative/comments/mlfi4i/blm_activist_maya_echols_warns_all_hell_will/gtpf1kv/,1617815285,0,True,False,Conservative,t5_2qh6p,,0,[],,
[],,belladoyle,,,"[{'e': 'text', 't': 'Conservative'}]",,Conservative,dark,richtext,t2_4fi1u,False,False,[],"Lol. Somebody is triggered alright. Sorry for that, buddy.",,,1617813744,{},gtpf0q2,False,t3_mlysth,False,True,t1_gtp1sdt,/r/Conservative/comments/mlysth/want_the_mlb_to_respect_conservatives_boycott_the/gtpf0q2/,1617815273,0,True,False,Conservative,t5_2qh6p,,0,[],,
[],,cosmicmangobear,,,[],,,,text,t2_5vx4zcoe,False,True,[],"&gt; Every state and county was left to enact their own restrictions

That's how federalism works. The government couldn't have enacted a nationwide lockdown even if they wanted to. It's unconstitutional. If science were the sole factor in determining our laws, we'd be sterilizing anyone with an IQ under 80. The most effective strategy would be locking everyone inside their homes and welding the door shut but there are things we can't do as a democracy, even if the intention behind them is good.",,,1617813741,{},gtpf0g8,False,t3_mlt59z,False,True,t1_gtpdq8a,/r/Conservative/comments/mlt59z/of_states_with_the_most_new_covid_cases_per/gtpf0g8/,1617815269,1,True,False,Conservative,t5_2qh6p,,0,[],,
[],,[deleted],,,,,,dark,,,,,[],[removed],,,1617813741,{},gtpf0f0,False,t3_mm3puh,False,True,t3_mm3puh,/r/Conservative/comments/mm3puh/biden_warns_georgia_to_smarten_up_and_stop_it_or/gtpf0f0/,1617815269,1,True,False,Conservative,t5_2qh6p,,0,[],,
[],,FleshyRepairDrone,,,"[{'e': 'text', 't': 'Anti-Communist'}]",,Anti-Communist,dark,richtext,t2_1wpbafm,False,True,[],Loool that title.,,,1617813738,{},gtpf08c,False,t3_mm445p,False,False,t1_gtp1q51,/r/Conservative/comments/mm445p/yup_still_waiting_for_the_maskless_texan/gtpf08c/,1617815266,1,True,False,Conservative,t5_2qh6p,,0,[],,
[],,Ajaxx6,,,[],,,,text,t2_6zkqw,False,False,[],"You are correct, I replied to wrong comment! My apologies.",,,1617813733,{},gtpezrl,False,t3_mlt59z,False,False,t1_gtoxcgy,/r/Conservative/comments/mlt59z/of_states_with_the_most_new_covid_cases_per/gtpezrl/,1617815260,1,True,False,Conservative,t5_2qh6p,,0,[],,
[],,Grim_Task,,,[],,,,text,t2_50aowavc,False,False,[],"I am 43, but identify as 18. Where is my waiver?",,,1617813726,{},gtpez77,False,t3_mm203z,False,True,t3_mm203z,/r/Conservative/comments/mm203z/breaking_us_military_to_accept_people_who/gtpez77/,1617815253,0,True,False,Conservative,t5_2qh6p,,0,[],,
[],,jake_fordyce,,,"[{'e': 'text', 't': 'Conservative Minarchist'}]",,Conservative Minarchist,dark,richtext,t2_16lvzr,False,False,[],Seriously. After how he acted during the covid shit I can't wait to vote against him.,,,1617813726,{},gtpez6h,False,t3_mm1i9s,False,True,t1_gtp7727,/r/Conservative/comments/mm1i9s/ohios_new_stand_your_ground_gun_law_takes_effect/gtpez6h/,1617815252,3,True,False,Conservative,t5_2qh6p,,0,[],,
[],,Broken_art15,,,[],,,,text,t2_3quiiwcm,False,False,[],Death rate means nothing as it is similar percentage per capita with similar health care. Thus if we see say Michigan with more deaths the problem isn't preventive measures but worse health care per capita.,,,1617813723,{},gtpeyzn,False,t3_mm2un0,False,True,t1_gtp4wbq,/r/Conservative/comments/mm2un0/no_restrictions_texas_has_fewer_covid_cases_than/gtpeyzn/,1617815250,3,True,False,Conservative,t5_2qh6p,,0,[],,
[],,sparrr0w,,,[],,,,text,t2_kegrq,False,False,[],"Aside from all the other ""liberal"" parts of reddit where the genocide is china is regularly mentioned alongside comments of ""fuck china""

I see more outrage about it elsewhere than here",,,1617813722,{},gtpeyv9,False,t3_mlz2y8,False,True,t1_gtp7786,/r/Conservative/comments/mlz2y8/moving_mlb_allstar_game_from_atlanta_is_serious/gtpeyv9/,1617815248,1,True,False,Conservative,t5_2qh6p,,0,[],,
[],,pozer69,,,"[{'e': 'text', 't': '2A'}]",,2A,dark,richtext,t2_q9jna,False,False,[],"The ""elites"" have second and third homes, they will just change their residency and not pay the higher taxes. Most of them went to their Florida home when NY locked down for covid.",,,1617813722,{},gtpeyuy,False,t3_mm0139,False,True,t1_gtp1hir,/r/Conservative/comments/mm0139/quality_of_life_plummets_taxes_rocket_and_new/gtpeyuy/,1617815248,1,True,False,Conservative,t5_2qh6p,,0,[],,
[],,Unlikely_Tomorrow,,,[],,,,text,t2_5xn6t2az,False,False,[],Same to vote can't you just show any official photo ID that's what I was trying to say,,,1617813720,{},gtpeyod,False,t3_mlnr0b,False,True,t1_gtp4bh2,/r/Conservative/comments/mlnr0b/the_bigotry_of_low_expectations/gtpeyod/,1617815245,1,True,False,Conservative,t5_2qh6p,,0,[],,
[],,therealfreshwater,,,"[{'e': 'text', 't': 'Conservative'}]",,Conservative,dark,richtext,t2_1iwcufrk,False,False,[],"Every HR department, and upper level marketing and PR department is filled with woke College grads. More conservative or bill clinton democrats are concerned about their jobs so they appease the mob.",,,1617813719,{},gtpeyk7,False,t3_mm23fi,False,True,t1_gtpdooq,/r/Conservative/comments/mm23fi/its_high_time_we_make_woke_corporate_america_feel/gtpeyk7/,1617815244,2,True,False,Conservative,t5_2qh6p,,0,[],,
[],,ditchdiggergirl,,,[],,,,text,t2_2sp9bld9,False,False,[],"There’s not much correlation between much of anything and covid performance, and that includes political leanings. Mostly density and climate, but those are also baffling with too many exceptions. And the more closely you look at the graphs the more puzzling it gets - massive peaks and declines in regions where nothing has obviously changed during that period. I’m sure someone somewhere is fiercely crunching this data but if anyone has figured out the key predictors of covid outbreaks, I haven’t seen it.",,,1617813712,{},gtpey1c,False,t3_mlt59z,False,True,t1_gtodv1h,/r/Conservative/comments/mlt59z/of_states_with_the_most_new_covid_cases_per/gtpey1c/,1617815235,1,True,False,Conservative,t5_2qh6p,,0,[],,
[],,AtlAmericanist,,,"[{'e': 'text', 't': 'Georgia Americanist'}]",,Georgia Americanist,dark,richtext,t2_7x4uc3rw,False,False,[],Partisan mouth piece,,,1617813708,{},gtpexpd,False,t3_mm670w,False,True,t3_mm670w,/r/Conservative/comments/mm670w/dr_fauci_is_left_stammering_incoherently_after/gtpexpd/,1617815231,3,True,False,Conservative,t5_2qh6p,,0,[],,
[],,KrimsonStorm,,,"[{'e': 'text', 't': 'Shapiro Conservative'}]",,Shapiro Conservative,dark,richtext,t2_mry08,False,False,[],"Remember that Joe Biden was regarded as the toughest on the border from the dem's side. So it would have been EVEN WORSE under any other dem.

It shows how anti solution based their policies are.",,,1617813703,{},gtpexbb,False,t3_mm0qk7,False,True,t3_mm0qk7,/r/Conservative/comments/mm0qk7/bidens_border_policy_is_so_bad_even_democrats_are/gtpexbb/,1617815225,1,True,False,Conservative,t5_2qh6p,,0,[],,
[],,RedHotRudabaga,,,[],,,,text,t2_7pszl2bs,False,False,[],Better than school shootings.  That's the conservative bread and butter.,,,1617813703,{},gtpexa5,False,t3_mm1yn6,False,True,t1_gtp2enn,/r/Conservative/comments/mm1yn6/wokeacola_coke_facing_blowback_for_resistance_to/gtpexa5/,1617815225,-3,True,False,Conservative,t5_2qh6p,,0,[],,
[],,[deleted],,,,,,dark,,,,,[],[removed],,,1617813702,{},gtpex96,False,t3_mlysth,False,True,t3_mlysth,/r/Conservative/comments/mlysth/want_the_mlb_to_respect_conservatives_boycott_the/gtpex96/,1617815225,1,True,False,Conservative,t5_2qh6p,,0,[],,
[],,theflealee,,,[],,,,text,t2_c4cev,False,False,[],It always was,,,1617813700,{},gtpex2m,False,t3_mm677s,False,True,t3_mm677s,/r/Conservative/comments/mm677s/blue_new_york_identified_as_top_hot_spot_of_the/gtpex2m/,1617815222,3,True,False,Conservative,t5_2qh6p,,0,[],,
[],,Chupacabra_Ag,,,[],,,,text,t2_l1l5t,False,False,[],Do you blame them? If you can save $100k a year on taxes that is an extra person you can employ and increase productivity and profits that much more,,,1617813697,{},gtpewtn,False,t3_mlrubc,False,True,t1_gtpa1gs,/r/Conservative/comments/mlrubc/1_in_3_americans_are_watching_less_sports_blame/gtpewtn/,1617815218,1,True,False,Conservative,t5_2qh6p,,0,[],,
[],,feroxsaladin,,,"[{'e': 'text', 't': 'Canadian Conservative'}]",,Canadian Conservative,dark,richtext,t2_yun3uu,False,False,[],"You shouldn’t be surprised 

These people are commie or nazis",,,1617813682,{},gtpevlh,False,t3_mm1yn6,False,True,t1_gtp75mv,/r/Conservative/comments/mm1yn6/wokeacola_coke_facing_blowback_for_resistance_to/gtpevlh/,1617815200,1,True,False,Conservative,t5_2qh6p,,0,[],,
[],,pgs1249,,,"[{'e': 'text', 't': 'Boomer Conservative'}]",,Boomer Conservative,dark,richtext,t2_925n1y3r,False,False,[],"A new tagline for the Biden admin.

**The Biden/Harris Administration**

**Killing jobs 300 at a time.**",,,1617813677,{},gtpev67,False,t3_mm5qab,False,True,t3_mm5qab,/r/Conservative/comments/mm5qab/well_you_voted_for_biden/gtpev67/,1617815194,2,True,False,Conservative,t5_2qh6p,,0,[],,
[],,[deleted],,,,,,dark,,,,,[],[removed],,,1617813673,{},gtpeuuy,False,t3_mlrubc,False,True,t1_gtpetzh,/r/Conservative/comments/mlrubc/1_in_3_americans_are_watching_less_sports_blame/gtpeuuy/,1617815190,1,True,False,Conservative,t5_2qh6p,,0,[],,
[],,Finger_Gunnz,,,[],,,,text,t2_5m5wqg75,False,False,[],How do u “plan” for that?,,,1617813666,{},gtpeubf,False,t3_mm2yto,False,True,t3_mm2yto,/r/Conservative/comments/mm2yto/united_plans_for_half_of_pilots_in_training_to_be/gtpeubf/,1617815182,1,True,False,Conservative,t5_2qh6p,,0,[],,
[],,Blastoplast,,,[],,,,text,t2_cog1t,False,False,[],"The NFL is getting tiresome to me, the social justice pandering is just one facet of a many-faceted shit-diamond. It's the stupid pre-game shows that try adding shitty comedy. It's having bad broadcasters. It's the stupid, sappy human interest stories that they try to shove down your throat. Also how they try to hype up EVERY. FUCKING. GAME. like it's the biggest thing since sliced bread. Why does there have to be a cheesey ass song for Sunday Night Football? Carrie Underwood? Who gives a shit. They're trying to make it larger than life, I'm just trying to watch the damn game.",,,1617813662,{},gtpetzh,False,t3_mlrubc,False,True,t3_mlrubc,/r/Conservative/comments/mlrubc/1_in_3_americans_are_watching_less_sports_blame/gtpetzh/,1617815177,1,True,False,Conservative,t5_2qh6p,,0,[],,
[],,hitometootoo,,,[],,,,text,t2_1qyy0klv,False,False,[],"They say that while also closing down polling locations during election season, attempting to throw out legitimate votes and limiting times to vote early.

Don't believe everything you hear from GA leaders. Their actions say otherwise.

[https://www.governing.com/archive/sl-polling-place-close-ahead-of-november-elections-black-voters.html](https://www.governing.com/archive/sl-polling-place-close-ahead-of-november-elections-black-voters.html)

[https://www.aljazeera.com/news/2020/11/17/georgia-official-senator-implied-throwing-out-legal-votes](https://www.aljazeera.com/news/2020/11/17/georgia-official-senator-implied-throwing-out-legal-votes)

[https://www.npr.org/2020/10/17/924527679/why-do-nonwhite-georgia-voters-have-to-wait-in-line-for-hours-too-few-polling-pl](https://www.npr.org/2020/10/17/924527679/why-do-nonwhite-georgia-voters-have-to-wait-in-line-for-hours-too-few-polling-pl)",,,1617813658,{},gtpetn6,False,t3_mlnr0b,False,True,t1_gtpeie1,/r/Conservative/comments/mlnr0b/the_bigotry_of_low_expectations/gtpetn6/,1617815173,1,True,False,Conservative,t5_2qh6p,,0,[],,
[],,binxrumpy,,,[],,,,text,t2_16g5j5,False,False,[],What if I want them to fear how much they love me?,,,1617813643,{},gtpese5,False,t3_mlysth,False,True,t3_mlysth,/r/Conservative/comments/mlysth/want_the_mlb_to_respect_conservatives_boycott_the/gtpese5/,1617815154,1,True,False,Conservative,t5_2qh6p,,0,[],,
[],,Agreeable_Minute_359,,,[],,,,text,t2_904ivifb,False,False,[],Holy shit lay off the drugs,,,1617813641,{},gtpes7d,False,t3_mlqhv0,False,True,t1_gtnlwat,/r/Conservative/comments/mlqhv0/former_cnn_producer_rips_into_cbs_news_over_ron/gtpes7d/,1617815151,1,True,False,Conservative,t5_2qh6p,,0,[],,
[],,tlock8,,,"[{'e': 'text', 't': 'Libertarian Conservative'}]",,Libertarian Conservative,dark,richtext,t2_7qhxf,False,False,[],"Sure, Biden is a Chinese puppet. He is in the pockets of the CCP and puts their interests before those of the American people.",,,1617813632,{},gtperfp,False,t3_mm46u9,False,False,t1_gtpdfd6,/r/Conservative/comments/mm46u9/haley_blasts_biden_for_opening_businesses_to_iran/gtperfp/,1617815141,5,True,False,Conservative,t5_2qh6p,,0,[],,
[],,barioda,,,[],,,,text,t2_853nug46,False,False,[],"We had a fat guy get a Navy Cross.

His talent with the machine gun was very unparalleled.  He passed enough of the fitness tests though, so the fatness doesn’t count. Kept us alive in an ambush.

People need to save their judgement.  Just cause your are fat doesn’t mean you are totally out of shape. We’ve had fat people burn many skinny folks on the run.",,,1617813613,{},gtpepwe,False,t3_mm203z,False,True,t3_mm203z,/r/Conservative/comments/mm203z/breaking_us_military_to_accept_people_who/gtpepwe/,1617815118,2,True,False,Conservative,t5_2qh6p,,0,[],,
