all_awardings,associated_award,author,author_flair_background_color,author_flair_css_class,author_flair_richtext,author_flair_template_id,author_flair_text,author_flair_text_color,author_flair_type,author_fullname,author_patreon_flair,author_premium,awarders,body,collapsed_because_crowd_control,created_utc,gildings,id,is_submitter,link_id,locked,no_follow,parent_id,permalink,retrieved_on,score,send_replies,stickied,subreddit,subreddit_id,top_awarded_type,total_awards_received,treatment_tags,edited
[],,Chelle-Dalena,,,[],,,,text,t2_7sjhmgv,False,False,[],So- you want all the churches to burn?  Pathetic.,,1594598397,{},fxvojql,False,t3_hq1u4l,False,False,t1_fxv82da,/r/Conservative/comments/hq1u4l/three_churches_have_burned_in_just_over_24_hours/fxvojql/,1594608176,9,True,False,Conservative,t5_2qh6p,,0,[],
[],,[deleted],,,,,,dark,,,,,[],[removed],,1594598392,{},fxvojht,False,t3_hq0maq,False,True,t1_fxuy1po,/r/Conservative/comments/hq0maq/ocasiocortez_says_a_world_without_police_looks/fxvojht/,1594608174,1,True,False,Conservative,t5_2qh6p,,0,[],
[],,jomtienislife,,,[],,,,text,t2_47gs0q1z,False,False,[],I HOPE YOU HAVE NOTICED FOX NEWS IS NOT PROMOTING THIS STORY.,,1594598388,{},fxvoj8t,False,t3_hpu59b,False,True,t3_hpu59b,/r/Conservative/comments/hpu59b/young_mother_shot_and_killed_by_black_lives/fxvoj8t/,1594608170,0,True,False,Conservative,t5_2qh6p,,0,[],
[],,farastray,,,[],,,,text,t2_3cbgq,False,False,[],Puerto Rican’s are very left. Should send them to Cuba,,1594598383,{},fxvoiy8,False,t3_hq1olo,False,True,t1_fxv5clv,/r/Conservative/comments/hq1olo/defending_goya_foods_ufcs_jorge_masvidal_fights/fxvoiy8/,1594608166,1,True,False,Conservative,t5_2qh6p,,0,[],
[],,J0kerr,,,"[{'e': 'text', 't': 'Conservative'}]",,Conservative,dark,richtext,t2_f87z6,False,False,[],BLM is a racist marxist group...they are coming for the white man and the American way of life. We are at war gentlemen..from the enemies within.,,1594598379,{},fxvoip3,False,t3_hpyvs0,False,False,t3_hpyvs0,/r/Conservative/comments/hpyvs0/blm_mob_attacks_disabled_man_with_cerebral_palsy/fxvoip3/,1594608162,4,True,False,Conservative,t5_2qh6p,,0,[],1594606958.0
[],,ManioAmanio,,,[],,,,text,t2_3g8yqzon,False,False,[],"If it was 3D that would more sense, in the sense that do you support big gov or anarchy, do you support economic left or the economic right, and lastly do you have leftist social views or conservative social views, hitler would be a conservative economic middle(?) big gov. The linear just doesn’t accurately depicts the person. Like how can we say he is a leftist when women were supposed to stay at home and pump out kids?",,1594598368,{},fxvoi2o,False,t3_hpv5la,False,True,t1_fxvjp74,/r/Conservative/comments/hpv5la/gervais_people_will_call_you_hitler_if_youre/fxvoi2o/,1594608152,1,True,False,Conservative,t5_2qh6p,,0,[],
[],,mmmelpomene,,,[],,,,text,t2_2uwr0y,False,False,[],"I used to want to write screenplays so yes, I watched every year.

Recently, with the harsh reminders that if I think anything is more or even equally important than and to George Floyd I must be a moron, I’ve really gone off the idea of remotely doing anything in a field where 95 percent of the people would hate me if they knew where I stood, lol.",,1594598368,{},fxvoi1g,False,t3_hpt8c6,False,True,t1_fxtz7x3,/r/Conservative/comments/hpt8c6/charles_barkley_sports_has_turned_into_a_circus/fxvoi1g/,1594608152,1,True,False,Conservative,t5_2qh6p,,0,[],
[],,farmkid71,,,[],,,,text,t2_5pm3vs9b,False,False,[],Same here.,,1594598359,{},fxvohiq,False,t3_hpu59b,False,True,t1_fxuzo5r,/r/Conservative/comments/hpu59b/young_mother_shot_and_killed_by_black_lives/fxvohiq/,1594608144,3,True,False,Conservative,t5_2qh6p,,0,[],
[],,MotuBaby,,,[],,,,text,t2_5z1ovrbd,False,False,[],"I see plenty of people on twitter calling for genocide against my people(India), and none of them get banned. Just last year, people were celebrating the death of 40 Indian soldiers on twitter. Cesspool of terrorism, that's what twitter is.

Calling for the death of one country is racist, and it doesnt get punished, cos twitter has an agenda",,1594598357,{},fxvohf3,False,t3_hq0l8l,False,True,t1_fxv7wbm,/r/Conservative/comments/hq0l8l/if_twitter_marketing_was_honest/fxvohf3/,1594608143,8,True,False,Conservative,t5_2qh6p,,0,[],
[],,CaptainDakkarNemo,,,[],,,,text,t2_36drvq2y,False,False,[],"&gt; says crime is due to massive unemployment

&gt; caused massive unemployment by scaring Amazon away

**slowly claps**

The ignorance is astounding.",,1594598344,{},fxvogmf,False,t3_hq2m6v,False,False,t3_hq2m6v,/r/Conservative/comments/hq2m6v/aoc_suggests_nyc_crime_surge_due_to_unemployment/fxvogmf/,1594608131,5,True,False,Conservative,t5_2qh6p,,0,[],
[],,J0kerr,,,"[{'e': 'text', 't': 'Conservative'}]",,Conservative,dark,richtext,t2_f87z6,False,False,[],How many of those accoutns got banned from Twitter...none of them? Wow.,,1594598344,{},fxvoglt,False,t3_hq34aj,False,False,t3_hq34aj,/r/Conservative/comments/hq34aj/two_officers_were_shot_and_killed_in_my_hometown/fxvoglt/,1594608130,10,True,False,Conservative,t5_2qh6p,,0,[],
[],,Achato,,,[],,,,text,t2_gjelb2f,False,False,[],They cant work on that my friend. They are marxists after all.,,1594598343,{},fxvogjb,False,t3_hpu59b,False,True,t1_fxusynd,/r/Conservative/comments/hpu59b/young_mother_shot_and_killed_by_black_lives/fxvogjb/,1594608129,3,True,False,Conservative,t5_2qh6p,,0,[],
[],,Drunken_Priest,,,"[{'e': 'text', 't': 'Conservative'}]",,Conservative,dark,richtext,t2_3ldvhvo9,False,True,[],"No matter how many times you guys try to connect Trump to Epstein it won't ever stick.   He was the only one willing to help the prosecutor in the 2009 case against Epstein and kicked his ass out of his club when he found out he was a creep.   Just more projection from you guys. 

https://www.thegatewaypundit.com/2019/07/prosecutor-in-2009-epstein-case-said-donald-trump-was-the-only-one-who-helped-him/

https://nypost.com/2019/07/09/trump-barred-jeffrey-epstein-from-mar-a-lago-over-sex-assault-court-docs/",,1594598339,{},fxvogba,False,t3_hq3uaz,False,False,t1_fxvhrff,/r/Conservative/comments/hq3uaz/ghislaine_maxwell_has_tapes_of_two_prominent_us/fxvogba/,1594608126,20,True,False,Conservative,t5_2qh6p,,0,[],
[],,DKCboi4357,,,[],,,,text,t2_55lv25d0,False,False,[],Tucker is the only one who would cover this.,,1594598337,{},fxvog8j,False,t3_hpznw8,False,False,t1_fxur7zu,/r/Conservative/comments/hpznw8/young_mom_24_shot_dead_after_telling_black_lives/fxvog8j/,1594608125,4,True,False,Conservative,t5_2qh6p,,0,[],
[],,[deleted],,,,,,dark,,,,,[],[removed],,1594598334,{},fxvog09,False,t3_hpnlhf,False,True,t3_hpnlhf,/r/Conservative/comments/hpnlhf/an_open_letter_to_sen_mitt_romney/fxvog09/,1594608120,1,True,False,Conservative,t5_2qh6p,,0,[],
[],,PB_Mack,,,"[{'e': 'text', 't': 'Conservative'}]",,Conservative,dark,richtext,t2_3pn8f668,False,False,[],Fire them.  Period.,,1594598331,{},fxvofv7,False,t3_hq33wh,False,False,t3_hq33wh,/r/Conservative/comments/hq33wh/ford_workers_ask_to_stop_making_police_cars_amid/fxvofv7/,1594608119,5,True,False,Conservative,t5_2qh6p,,0,[],
[],,-Phocion-,,,[],,,,text,t2_17qdv3l,False,False,[],"I don’t know why you feel the need to go to the extreme of saying “[f]ascism has little to nothing in common with Conservatism.” Why make such a fatuous, absolutist, and easily disprovable statement? The are many features of fascism that belong more to the ideological right than the left, including nationalism, militarism, ethnocentricity, traditionalism, statism, and corporatism. Let’s just focus on ethnocentricity and nationalism. As I said, ethno-nationalism is arguably *the* essential feature of fascism (including National Socialism). And both ethnocentricity and nationalism, in all their forms, belong to the ideological right. 

I can’t imagine you would be naive enough to dispute this fact as to nationalism, but if you’re considering it, I’d remind you that left-wing movements are fundamentally *international*. To elaborate, the extreme left views the working class of all nations as united in a common struggle against illegitimate power. And the extreme left effectively views states and nations as likely repositories of such illegitimate power, existing to fracture and suppress the working people of the world. Even the center-left, though it believes that the state can be converted into a shield to protect the working class against the powerful, rejects notions of national supremacy and prefers to shift power to international organizations that make each state subject to the oversight of others.

With respect to ethnocentricity, the lines may seem a bit blurrier because the response to right-wing ethnocentricity has, in various cases, been purportedly left-wing ethnocentricity. But ethnocentricity in any form is antithetical to left-wing ideology, because it divides the working class and pits them against one another. Such a division directly undercuts the left-wing vision of uniting the international working class.

To be clear, none of this means that conservatism is inherently fascistic. However, certain conservative ideologies, such as nationalism, when taken to their furthest extent, did form pillars of fascist systems. There’s just no way to deny that and remain in touch with reality.",,1594598331,{},fxvoftk,False,t3_hpv5la,False,True,t1_fxvgq2g,/r/Conservative/comments/hpv5la/gervais_people_will_call_you_hitler_if_youre/fxvoftk/,1594608118,0,True,False,Conservative,t5_2qh6p,,0,[],1594600070.0
[],,marsflighttestchimp,,,[],,,,text,t2_4h3gac7a,False,False,[],Yes Larry. That’s not stalkerish at all buddy... 👀 I stand by my posts and comments for what it’s worth lol,,1594598330,{},fxvofsx,False,t3_hpygry,False,True,t1_fxvnt0w,/r/Conservative/comments/hpygry/brace_yourself_in_2018_the_flu_put_more_of_a/fxvofsx/,1594608118,0,True,False,Conservative,t5_2qh6p,,0,[],
[],,nogainswron,,,[],,,,text,t2_wwdjmej,False,False,[],All the science *experts* advised not to wear a mask adamantly in the beginning. So did science magically change mid pandemic? 🤔,,1594598319,{},fxvof4l,False,t3_hpxqb5,False,True,t1_fxuqfbb,/r/Conservative/comments/hpxqb5/florida_shatters_singleday_coronavirus_record/fxvof4l/,1594608108,1,True,False,Conservative,t5_2qh6p,,0,[],
[],,UnicornMolestor,,,[],,,,text,t2_3vt17ztx,False,True,[],"I have no qualms with your post or having a differing opinion, i support your right for both of those things. I was talking about the toxic comments and replies in this and many of the other posts in this and other political subreddits.",,1594598318,{},fxvof3y,False,t3_hq2m6v,False,True,t1_fxvkbuf,/r/Conservative/comments/hq2m6v/aoc_suggests_nyc_crime_surge_due_to_unemployment/fxvof3y/,1594608108,1,True,False,Conservative,t5_2qh6p,,0,[],
[],,antmeetspeople,,,[],,,,text,t2_5vaqx2wk,False,False,[],I usually vote libertarian every election but this uear im voting red all the way down the ballot.,,1594598312,{},fxvoep8,False,t3_hq01pe,False,True,t3_hq01pe,/r/Conservative/comments/hq01pe/watch_cuban_immigrant_warns_about_the_deadly_pill/fxvoep8/,1594608103,3,True,False,Conservative,t5_2qh6p,,0,[],
[],,Skiftonoid,,,"[{'e': 'text', 't': 'Conservative Catholic'}]",,Conservative Catholic,dark,richtext,t2_1hzvxfb,False,True,[],"The Catholic Church is more than just the religious institution for worship. It also includes institutions like Catholic Charities, which offers budget counseling, immigration assistance, adoption assistance, and more. Plus the money Was used largely to save a ton of jobs. But I get it, churches are bad because, something.",,1594598311,{},fxvoenb,False,t3_hq1u4l,False,False,t1_fxvctvy,/r/Conservative/comments/hq1u4l/three_churches_have_burned_in_just_over_24_hours/fxvoenb/,1594608102,17,True,False,Conservative,t5_2qh6p,,0,[],
[],,Ihateunerds,,,"[{'e': 'text', 't': 'Pro-Life Conservative'}]",,Pro-Life Conservative,dark,richtext,t2_k8nde,False,False,[],Ouch. I got Dalvin Cook at 12 and Devontae Adams at 13. But I also picked up Derrick Henry and Lamar Jackson later too. I crushed the regular season and of course lost in my first playoff game after a 1st round bye. But we payout weekly high score winners at $50 a week and I won 4 of those so still came out on top of a $150 buy in,,1594598310,{},fxvoelq,False,t3_hpt8c6,False,True,t1_fxvo40u,/r/Conservative/comments/hpt8c6/charles_barkley_sports_has_turned_into_a_circus/fxvoelq/,1594608101,1,True,False,Conservative,t5_2qh6p,,0,[],
[],,J0kerr,,,"[{'e': 'text', 't': 'Conservative'}]",,Conservative,dark,richtext,t2_f87z6,False,False,[],This was my man for president. I hope he runs again..he has my vote 100%,,1594598303,{},fxvoe7e,False,t3_hq334f,False,False,t3_hq334f,/r/Conservative/comments/hq334f/cruz_to_introduce_legislation_so_governments/fxvoe7e/,1594608096,12,True,False,Conservative,t5_2qh6p,,0,[],
[],,[deleted],,,,,,dark,,,,,[],[removed],,1594598299,{},fxvodyi,False,t3_hpzspi,False,True,t3_hpzspi,/r/Conservative/comments/hpzspi/university_of_washington_agrees_that_black/fxvodyi/,1594608092,1,True,False,Conservative,t5_2qh6p,,0,[],
[],,slayer_f-150,,,[],,,,text,t2_13hdd3,False,False,[],"""The sheriff believes that the owner may have been targeted because he had recently posted pictures of a large gun collection he owned on social media""

One reason why you shouldn't post pictures of your pew-pews on social media.

I mean, it's pretty stupid for them to try to rob the homeowner knowing that he is armed but equally dumb to advertise what you own. 

I personally lost all of mine in horrific boating accident last year. /s.",,1594598298,{},fxvodvg,False,t3_hptdjs,False,True,t3_hptdjs,/r/Conservative/comments/hptdjs/homeowner_in_wesley_chapel_near_tampa_shoots_and/fxvodvg/,1594608091,1,True,False,Conservative,t5_2qh6p,,0,[],
[],,L0rdOfBac0n,,,"[{'e': 'text', 't': 'Reagan Conservative'}]",,Reagan Conservative,dark,richtext,t2_5zjxq3r2,False,False,[],"Unfortunately, even though Sanders has horrible flaws, I don’t think it’s him",,1594598294,{},fxvodmv,False,t3_hq3uaz,False,False,t1_fxvmd44,/r/Conservative/comments/hq3uaz/ghislaine_maxwell_has_tapes_of_two_prominent_us/fxvodmv/,1594608087,17,True,False,Conservative,t5_2qh6p,,0,[],
[],,wormocious,,,[],,,,text,t2_cxj31,False,False,[],Who the fuck downvotes someone asking for sourcing. That’s pathetic.,,1594598288,{},fxvod8w,False,t3_hq3uaz,False,False,t1_fxvmb99,/r/Conservative/comments/hq3uaz/ghislaine_maxwell_has_tapes_of_two_prominent_us/fxvod8w/,1594608081,9,True,False,Conservative,t5_2qh6p,,0,[],
[],,specturnal,,,[],,,,text,t2_3kvtk91l,False,False,[],"growing up in the suburbs, that's not true at all lol. We had a police car sitting at the entrance to our neighborhood frequently.",,1594598269,{},fxvoc7q,False,t3_hq0maq,False,True,t1_fxveyqg,/r/Conservative/comments/hq0maq/ocasiocortez_says_a_world_without_police_looks/fxvoc7q/,1594608066,3,True,False,Conservative,t5_2qh6p,,0,[],
[],,Stewpid,,,"[{'e': 'text', 't': 'MAGA'}]",,MAGA,dark,richtext,t2_4bp60,False,False,[],"It is 100% true. Democrats are like cancer, it destroys everything it touches. Every problem facing our country today was either caused by Democrats or made worse by Democrats.",,1594598263,{},fxvobuj,True,t3_hp6uzp,False,True,t1_fxu4peh,/r/Conservative/comments/hp6uzp/why_it_sucks_to_be_a_democrat_in_2020_democrats/fxvobuj/,1594608060,1,True,False,Conservative,t5_2qh6p,,0,[],
[],,Educational-Painting,,,"[{'e': 'text', 't': 'Millennial Conservative'}]",,Millennial Conservative,dark,richtext,t2_4y4tf68x,False,False,[],I would love to see an elite be held accountable just once at best we get a scapegoat.,,1594598260,{},fxvobne,False,t3_hpu59b,False,True,t1_fxvg7xi,/r/Conservative/comments/hpu59b/young_mother_shot_and_killed_by_black_lives/fxvobne/,1594608057,2,True,False,Conservative,t5_2qh6p,,0,[],
[],,J0kerr,,,"[{'e': 'text', 't': 'Conservative'}]",,Conservative,dark,richtext,t2_f87z6,False,False,[],"This is war....the left owns everything, so now they are weilding the weapons to destroy/kill the conservative voice. Make no mistake, we are at war now.",,1594598259,{},fxvobli,False,t3_hpy6g4,False,False,t3_hpy6g4,/r/Conservative/comments/hpy6g4/deadly_discussion_young_mom_24_shot_dead_after/fxvobli/,1594608057,4,True,False,Conservative,t5_2qh6p,,0,[],
[],,[deleted],,,,,,dark,,,,,[],[removed],,1594598250,{},fxvob3x,False,t3_hpt7n5,False,True,t3_hpt7n5,/r/Conservative/comments/hpt7n5/listen_up/fxvob3x/,1594608049,1,True,False,Conservative,t5_2qh6p,,0,[],
[],,farastray,,,[],,,,text,t2_3cbgq,False,False,[],Classic socialist trick!!!,,1594598245,{},fxvoasl,False,t3_hq2m6v,False,True,t1_fxv9omj,/r/Conservative/comments/hq2m6v/aoc_suggests_nyc_crime_surge_due_to_unemployment/fxvoasl/,1594608045,3,True,False,Conservative,t5_2qh6p,,0,[],
[],,Midtncop1,,,[],,,,text,t2_j1roh,False,False,[],"I swear to god, every time I see a picture of that woman I can smell the crazy coming off her. Holy shit.",,1594598243,{},fxvoang,False,t3_hpyftp,False,True,t3_hpyftp,/r/Conservative/comments/hpyftp/pelosi_no_regrets_about_downplaying_coronavirus/fxvoang/,1594608042,2,True,False,Conservative,t5_2qh6p,,0,[],
[],,TAVAGAHB,,,[],,,,text,t2_5mrfnzmk,False,False,[],"The violence of the protests and the bending over backward to its agenda has pushed me right. To be honest, I don’t think my politics have changed at all; I think the democrats did.

I can see someone like Ilhan Omar existing as a Democrat 10-15 years ago and I can see them being thankful and a proud American. She doesn’t even pretend. The mayor of my city is allowing homeless kids to take over a beautiful historic neighborhood and cover it with graffiti and their tents. People who wouldn’t walk through the ghetto for a million dollars are defending the people who commit crimes there over the cops who wake up every day and volunteer to work there. The entire world is acting like this fringe politics from gender studies classrooms at insane colleges is real. It’s not. I’m sorry. It’s just not. My family is American as all hell and yes, I am proud to be American. I would literally be made fun of for saying that around my friends. People literally have *no idea* how bad so many countries are. 

Meanwhile I’m seeing a bunch of kids I grew up with who I *know* are rich as hell talking shit about this country every chance they get. What the fuck happened? Seriously, how did we allow this shit to get so bad?",,1594598234,{},fxvoa5a,False,t3_hpu59b,False,False,t1_fxuzvke,/r/Conservative/comments/hpu59b/young_mother_shot_and_killed_by_black_lives/fxvoa5a/,1594608036,9,True,False,Conservative,t5_2qh6p,,0,[],
[],,rareiamgery,,,[],,,,text,t2_36k28,False,False,[],"As I read through the article app I could think of was Chris Rocks ‘I understand’ skit. 

He didn’t need to fire the shots at him, but I understand. 

Link for reference: https://youtu.be/J8TqhBIEbWA",,1594598233,{},fxvoa2h,False,t3_hq4btd,False,False,t1_fxvlazk,/r/Conservative/comments/hq4btd/angry_georgia_father_arrested_after_finding_man/fxvoa2h/,1594608035,7,True,False,Conservative,t5_2qh6p,,0,[],
[],,[deleted],,,,,,dark,,,,,[],[deleted],,1594598231,{},fxvo9zh,False,t3_hq1u4l,False,True,t1_fxv82da,/r/Conservative/comments/hq1u4l/three_churches_have_burned_in_just_over_24_hours/fxvo9zh/,1594608033,1,True,False,Conservative,t5_2qh6p,,0,[],
[],,byes111,,,[],,,,text,t2_1wwz897h,False,False,[],Some states follow castle doctrine some tell you you must retreat and cower,,1594598231,{},fxvo9yo,False,t3_hq4btd,False,False,t1_fxvlts8,/r/Conservative/comments/hq4btd/angry_georgia_father_arrested_after_finding_man/fxvo9yo/,1594608033,9,True,False,Conservative,t5_2qh6p,,0,[],
[],,SomeSkinnyWhiteBoy,,,[],,,,text,t2_d72y4r6,False,False,[],Based,,1594598226,{},fxvo9o7,False,t3_hpv5la,False,True,t3_hpv5la,/r/Conservative/comments/hpv5la/gervais_people_will_call_you_hitler_if_youre/fxvo9o7/,1594608029,1,False,False,Conservative,t5_2qh6p,,0,[],
[],,Corst_D_Luffy,,,[],,,,text,t2_6j5b32d1,False,False,[],"Of course that's how trump's team would spin it. That's a given.

 On paper yes they would need a clinical study to be official. But that doesn't mean that someone knowledgeable in that field can't tell just by seeing how that person acts. To know that he is.",,1594598224,{},fxvo9jc,False,t3_hpjj7v,False,True,t1_fxvmlvy,/r/Conservative/comments/hpjj7v/trump_denies_minnesota_governors_request_for_500m/fxvo9jc/,1594608027,1,True,False,Conservative,t5_2qh6p,,0,[],
[],,supremegnkdroid,,,[],,,,text,t2_5clr3dnx,False,False,[],Go paint a blue line in front of deblasio house,,1594598202,{},fxvo8a5,False,t3_hq3wp4,False,True,t3_hq3wp4,/r/Conservative/comments/hq3wp4/black_lives_matter_mural_by_trump_tower_becomes/fxvo8a5/,1594608005,3,True,False,Conservative,t5_2qh6p,,0,[],
[],,[deleted],,,,,,dark,,,,,[],[removed],,1594598198,{},fxvo83r,False,t3_hpu59b,False,True,t1_fxvf45m,/r/Conservative/comments/hpu59b/young_mother_shot_and_killed_by_black_lives/fxvo83r/,1594608002,1,True,False,Conservative,t5_2qh6p,,0,[],1594598640.0
[],,shiftycansnipe,,,[],,,,text,t2_228hxuck,False,False,[],"That’s ok, too. I don’t fault anyone who doesn’t wanna have that ingrained.",,1594598194,{},fxvo7tf,False,t3_hq3uaz,False,True,t1_fxvnmza,/r/Conservative/comments/hq3uaz/ghislaine_maxwell_has_tapes_of_two_prominent_us/fxvo7tf/,1594607998,1,True,False,Conservative,t5_2qh6p,,0,[],
[],,1991TalonTSI,,,"[{'e': 'text', 't': 'Conservative'}]",,Conservative,dark,richtext,t2_384chgri,False,False,[],"Jesus Christ, these people are making me HATE the left. I used to just simply see them as idiots, but I genuinely hate these fuckers now. The shit they have done over the past couple months is to damn far.",,1594598182,{},fxvo71u,False,t3_hpu3ai,False,True,t3_hpu3ai,/r/Conservative/comments/hpu3ai/no_words_leftists_attack_officer_ismael_chavezs/fxvo71u/,1594607987,3,True,False,Conservative,t5_2qh6p,,0,[],
[],,PenIsMightier69,,Conservative,"[{'e': 'text', 't': 'Conservative'}]",421b644c-8b38-11e1-bc5f-12313d18ad57,Conservative,dark,richtext,t2_n0578,False,False,[],"&gt;But they say Casillas asked his wife for a gun, and after the 20-year-old jumped out of a window, the dad met him in the front yard and continued the beating, threatening his life and firing shots through the neighborhood as the young man ran away, officials said.

I'll gladly help another dad beat the shit out of the likes of said 20-year old, but if one of my neighbors started shooting in my neighborhood and risking the lives of my family I might be upset. Especially if it was to pursue/scare rather than to defend.

With no harm done, I probably wouldn't vote to convict if I were a juror, but I agree it would be checked. Passion should not justify bad judgement.",,1594598180,{},fxvo6x4,False,t3_hq4btd,False,False,t3_hq4btd,/r/Conservative/comments/hq4btd/angry_georgia_father_arrested_after_finding_man/fxvo6x4/,1594607986,8,True,False,Conservative,t5_2qh6p,,0,[],
[],,NeedsMoreCondiments,,,[],,,,text,t2_2eym8kjl,False,False,[],"Yes, slavery is and was terrible! That's why  the country abolished it (relatively/comparitivly) swiftly after forming... It was ""progressive"" of the USA to be anti-slavery at the time. You also clearly don't appreciate men like Lincoln who fought fiercely to end it. The USA is a GREAT nation, but perhaps you're too ""privalleged"" to understand that. There's millions of non-Americans who would die for what you/we already have (and what our ancestors sacrificed for).

Also, like Islandguy117 said, you're *completely* insane if you don't understand the incredible violence and sickening stuff that went on in Roman times... with slaves",,1594598171,{},fxvo6ct,False,t3_hpu133,False,True,t1_fxvfcjy,/r/Conservative/comments/hpu133/trump_automatic_10_years_in_prison_for_attempting/fxvo6ct/,1594607978,2,True,False,Conservative,t5_2qh6p,,0,[],
[],,dallassucks976,,,[],,,,text,t2_5fufdcfe,False,False,[],I took him with 24th overall pick. I had Saquon at 1 and that fucked me too,,1594598130,{},fxvo40u,False,t3_hpt8c6,False,True,t1_fxvj76m,/r/Conservative/comments/hpt8c6/charles_barkley_sports_has_turned_into_a_circus/fxvo40u/,1594607945,3,True,False,Conservative,t5_2qh6p,,0,[],
[],,the_stroked_woodsman,,,[],,,,text,t2_11sqta,False,False,[],If they don’t want to make police cars anymore then why don’t they quit their jobs? Plenty of other people will be happy to build those vehicles.,,1594598111,{},fxvo2wd,False,t3_hq33wh,False,False,t3_hq33wh,/r/Conservative/comments/hq33wh/ford_workers_ask_to_stop_making_police_cars_amid/fxvo2wd/,1594607930,7,True,False,Conservative,t5_2qh6p,,0,[],
[],,ALargeRock,,,"[{'e': 'text', 't': 'Jewish Conservative'}]",,Jewish Conservative,dark,richtext,t2_miaxc,False,False,[],"You can bring a case against anyone for anything. The judicial system is there to strike it down, or proceed with the charges. 

That said, it’s fucking retarded to bring this case up.",,1594598105,{},fxvo2jq,False,t3_hpt1th,False,False,t1_fxvkip1,/r/Conservative/comments/hpt1th/missouri_couples_gun_rights_defended_in_letter_to/fxvo2jq/,1594607924,4,True,False,Conservative,t5_2qh6p,,0,[],
[],,HMBeliever,,,[],,,,text,t2_dghf9,False,False,[],So you clearly do not understand what treason means. Good to know.,,1594598092,{},fxvo1sx,False,t3_hpu133,False,True,t1_fxvhxqb,/r/Conservative/comments/hpu133/trump_automatic_10_years_in_prison_for_attempting/fxvo1sx/,1594607914,5,True,False,Conservative,t5_2qh6p,,0,[],
[],,Chelle-Dalena,,,[],,,,text,t2_7sjhmgv,False,False,[],Whataboutism is a pathetic response to churches being burned.  People who speak as you have truly come off as showing agreement with the burnings to anyone reading this thread.  Condemn the churches being burned or start your own thread with your own complaints regarding your whataboutist deflections.,,1594598092,{},fxvo1ss,False,t3_hq1u4l,False,False,t1_fxvctvy,/r/Conservative/comments/hq1u4l/three_churches_have_burned_in_just_over_24_hours/fxvo1ss/,1594607914,34,True,False,Conservative,t5_2qh6p,,0,[],
[],,HighCaliberMitch,,,"[{'e': 'text', 't': '41.7% Right'}]",,41.7% Right,dark,richtext,t2_24efetwj,False,False,[],"Did he do it after the fact or later, I remember him not deploying the guard being an issue?",,1594598083,{},fxvo18y,False,t3_hpz0cu,False,True,t1_fxvnqbx,/r/Conservative/comments/hpz0cu/trump_admin_declines_to_pay_for_minnesota_riot/fxvo18y/,1594607906,1,True,False,Conservative,t5_2qh6p,,0,[],
[],,Navid80,,,[],,,,text,t2_3ktasauo,False,False,[],"I wonder if Chris “Fredo” Cuomo or Don Lemon will cover this? Oops no, it doesn’t fit the narrative.",,1594598076,{},fxvo0v8,False,t3_hpy6g4,False,True,t3_hpy6g4,/r/Conservative/comments/hpy6g4/deadly_discussion_young_mom_24_shot_dead_after/fxvo0v8/,1594607900,2,True,False,Conservative,t5_2qh6p,,0,[],
[],,James_PRZ,,,[],,,,text,t2_nmx5nyh,False,False,[],not unlike this subreddit,,1594598075,{},fxvo0td,False,t3_hpv5la,False,True,t1_fxu2i5p,/r/Conservative/comments/hpv5la/gervais_people_will_call_you_hitler_if_youre/fxvo0td/,1594607899,0,True,False,Conservative,t5_2qh6p,,0,[],
[],,freedomhertz,,,"[{'e': 'text', 't': 'ΜΟΛΩΝ ΛΑΒΕ'}]",,ΜΟΛΩΝ ΛΑΒΕ,dark,richtext,t2_phiwys,False,False,[],"You saw the shit they just pulled right...they started on the suburbs at the end there when support was starting to waiver but these ""protests"" are slowly progressing further and further each time they happen.  Maybe not this go around but the next one that gets whipped up will almost certainly see more people getting killed.",,1594598066,{},fxvo0a7,False,t3_hpt7n5,False,True,t1_fxu660n,/r/Conservative/comments/hpt7n5/listen_up/fxvo0a7/,1594607891,3,True,False,Conservative,t5_2qh6p,,0,[],
[],,[deleted],,,,,,dark,,,,,[],[removed],,1594598064,{},fxvo075,False,t3_hq0l8l,False,True,t1_fxvn6go,/r/Conservative/comments/hq0l8l/if_twitter_marketing_was_honest/fxvo075/,1594607890,1,True,False,Conservative,t5_2qh6p,,0,[],
[],,mmmelpomene,,,[],,,,text,t2_2uwr0y,False,False,[],"My father used to watch everything under the sun, as he played just about everything growing up.

He now watches all his football on ESPN Classic.  Not sure how he stands on all other sports.",,1594598031,{},fxvny7q,False,t3_hpt8c6,False,True,t1_fxu4s21,/r/Conservative/comments/hpt8c6/charles_barkley_sports_has_turned_into_a_circus/fxvny7q/,1594607858,1,True,False,Conservative,t5_2qh6p,,0,[],
[],,jrr24601,,,[],,,,text,t2_11zjhr,False,False,[],"Add ""Have conversation chains that are nearly impossible to follow!""",,1594598022,{},fxvnxoc,False,t3_hq0l8l,False,False,t3_hq0l8l,/r/Conservative/comments/hq0l8l/if_twitter_marketing_was_honest/fxvnxoc/,1594607851,120,True,False,Conservative,t5_2qh6p,,0,[],
[],,russiabot1776,,,"[{'e': 'text', 't': 'Путин-мой приятель'}]",,Путин-мой приятель,dark,richtext,t2_p5f5s0l,False,False,[],Which is why your comment was absurd,,1594598006,{},fxvnwor,False,t3_hpxqb5,False,True,t1_fxvham3,/r/Conservative/comments/hpxqb5/florida_shatters_singleday_coronavirus_record/fxvnwor/,1594607838,1,True,False,Conservative,t5_2qh6p,,0,[],
[],,[deleted],,,,,,dark,,,,,[],[removed],,1594598002,{},fxvnwhz,False,t3_hpwv7z,False,True,t1_fxv58sm,/r/Conservative/comments/hpwv7z/awww_the_good_ol_dayz/fxvnwhz/,1594607835,1,True,False,Conservative,t5_2qh6p,,0,[],
[],,floppywaffles776,,,"[{'e': 'text', 't': 'Millennial Conservative'}]",,Millennial Conservative,dark,richtext,t2_62ryclp1,False,False,[],When did they switch?,,1594597997,{},fxvnw70,False,t3_hpwv7z,False,True,t1_fxvdt5k,/r/Conservative/comments/hpwv7z/awww_the_good_ol_dayz/fxvnw70/,1594607831,1,True,False,Conservative,t5_2qh6p,,0,[],
[],,greenthumb2356,,,[],,,,text,t2_3vu0ka7w,False,True,[],Anything the left disagrees with is racist.,,1594597996,{},fxvnw4b,False,t3_hq0l8l,False,False,t1_fxv7wbm,/r/Conservative/comments/hq0l8l/if_twitter_marketing_was_honest/fxvnw4b/,1594607829,12,True,False,Conservative,t5_2qh6p,,0,[],
[],,bartoksic,,,"[{'e': 'text', 't': 'ex-Ancap'}]",,ex-Ancap,dark,richtext,t2_8bya7,False,False,[],"Studies show the publicity is actually a motive for most mass shooters, so they don't publish their names any more. It might be the same reasoning here.",,1594597991,{},fxvnvu3,False,t3_hq35ly,False,False,t1_fxvfaby,/r/Conservative/comments/hq35ly/man_allegedly_plows_car_into_florida_church_sets/fxvnvu3/,1594607826,3,True,False,Conservative,t5_2qh6p,,0,[],
[],,antmeetspeople,,,[],,,,text,t2_5vaqx2wk,False,False,[],"They patrol A LOT in the early morning and at night.

Atleast from what ive seen.

Used to be a night owl and now an early bird.",,1594597967,{},fxvnuek,False,t3_hq0maq,False,False,t1_fxvf4gr,/r/Conservative/comments/hq0maq/ocasiocortez_says_a_world_without_police_looks/fxvnuek/,1594607805,4,True,False,Conservative,t5_2qh6p,,0,[],
[],,[deleted],,,,,,dark,,,,,[],[removed],,1594597959,{},fxvnty2,False,t3_hpu59b,False,True,t1_fxvh7y3,/r/Conservative/comments/hpu59b/young_mother_shot_and_killed_by_black_lives/fxvnty2/,1594607798,1,True,False,Conservative,t5_2qh6p,,0,[],1594599028.0
[],,Desh23,,,[],,,,text,t2_iu05k,False,False,[],Is that why they invited him to host the Golden Globes 5 times?,,1594597953,{},fxvntkh,False,t3_hpv5la,False,True,t1_fxtxwr7,/r/Conservative/comments/hpv5la/gervais_people_will_call_you_hitler_if_youre/fxvntkh/,1594607793,1,True,False,Conservative,t5_2qh6p,,0,[],
[],,floppywaffles776,,,"[{'e': 'text', 't': 'Millennial Conservative'}]",,Millennial Conservative,dark,richtext,t2_62ryclp1,False,False,[],I don't get it. I get fucking ridiculed and can be fired if I let anyone know I have a Confederate flag but when Clinton had one it was okay,,1594597950,{},fxvntep,False,t3_hpwv7z,False,True,t3_hpwv7z,/r/Conservative/comments/hpwv7z/awww_the_good_ol_dayz/fxvntep/,1594607791,1,True,False,Conservative,t5_2qh6p,,0,[],
[],,TechSupportLarry,,,[],,,,text,t2_qs1fc8o,False,False,[],"Lol did you count your comments to figure that out? And do you really think someone would get insulted by such a low level insult you attempted? 😂

It actually wasn't that tough. I just filtered your comments to only the politics sub assuming you were a fraud and you are.",,1594597944,{},fxvnt0w,False,t3_hpygry,False,True,t1_fxvncza,/r/Conservative/comments/hpygry/brace_yourself_in_2018_the_flu_put_more_of_a/fxvnt0w/,1594607786,0,True,False,Conservative,t5_2qh6p,,0,[],
[],,ShakeyCheese,,,"[{'e': 'text', 't': 'PaleoConservative'}]",,PaleoConservative,dark,richtext,t2_20y98vz,False,True,[],Would this not be affirmative action?,,1594597940,{},fxvnss8,False,t3_hpt8c6,False,True,t1_fxvn8m8,/r/Conservative/comments/hpt8c6/charles_barkley_sports_has_turned_into_a_circus/fxvnss8/,1594607782,1,True,False,Conservative,t5_2qh6p,,0,[],
[],,Devil-sAdvocate,,conservative,"[{'e': 'text', 't': 'conservative'}]",,conservative,dark,richtext,t2_11t9ba,False,False,[],Just paint a blue lives matter mural in front of Gracie Mansion (Bill de Blasio's residence). He wouldn't dare mess with the 1st amendment would he? If he tries to stop it thats a hate crime.,,1594597938,{},fxvnson,False,t3_hq3wp4,False,False,t3_hq3wp4,/r/Conservative/comments/hq3wp4/black_lives_matter_mural_by_trump_tower_becomes/fxvnson/,1594607781,10,True,False,Conservative,t5_2qh6p,,0,[],
[],,-TiredOfAllThisShit-,,,[],,,,text,t2_5myuwxcb,False,False,[],"All lives matter = “you’re racist”

Black lives matter = “you fight for equality”

What a messed up world",,1594597936,{},fxvnsjh,False,t3_hq3wp4,False,False,t3_hq3wp4,/r/Conservative/comments/hq3wp4/black_lives_matter_mural_by_trump_tower_becomes/fxvnsjh/,1594607779,15,True,False,Conservative,t5_2qh6p,,0,[],
[],,MisterMouser,,,[],,,,text,t2_qoybn,False,False,[],"Correction, he was sexually abusing and exploiting the 14 year old. Why must the authors use words like relationship that attempt to slowly normalize crimes like this?",,1594597931,{},fxvns8x,False,t3_hq4btd,False,False,t1_fxvmhh5,/r/Conservative/comments/hq4btd/angry_georgia_father_arrested_after_finding_man/fxvns8x/,1594607775,11,True,False,Conservative,t5_2qh6p,,0,[],
[],,nogainswron,,,[],,,,text,t2_wwdjmej,False,False,[],"If we count all the deaths as factual. Even though Dr. Birx *admitted* they were inflated by 25% because they weren’t confirmed cases, not to mention all of the deaths *with* covid are being counted as deaths *from* covid. 

Then we’re going to have to inflate that number of confirmed cases by at least 50% since they keep saying that we have such a *problem* with asymptotic spread. Which lowers the death percentage drastically.",,1594597927,{},fxvns0b,False,t3_hpy16l,False,True,t1_fxupxiw,/r/Conservative/comments/hpy16l/covid19_how_effective_is_wearing_a_mask_lets_look/fxvns0b/,1594607771,1,True,False,Conservative,t5_2qh6p,,0,[],
[],,letihontas,,,[],,,,text,t2_1aj3w9oz,False,False,[],"That idea is so unbelievably naive. As evidenced by this incident, domestic disturbances are the most dangerous sorts of calls. 

Maybe sending in a social worker with the police is a decent idea, but alone? Yikes.",,1594597919,{},fxvnrk9,False,t3_hq34aj,False,False,t1_fxvmjvm,/r/Conservative/comments/hq34aj/two_officers_were_shot_and_killed_in_my_hometown/fxvnrk9/,1594607765,19,True,False,Conservative,t5_2qh6p,,0,[],
[],,GhostCorps973,,,[],,,,text,t2_h6kb5,False,False,[],"Person shoots someone, says BLM. The entire movement is to blame.    
    
Daily videos of cops murdering people, it's only a few bad apples!",,1594597914,{},fxvnr7v,False,t3_hpu59b,False,True,t1_fxugly3,/r/Conservative/comments/hpu59b/young_mother_shot_and_killed_by_black_lives/fxvnr7v/,1594607760,-4,True,False,Conservative,t5_2qh6p,,0,[],
[],,LessThannDennis,,,[],,,,text,t2_2mpxubwo,False,False,[],Wait till you find out what is happening to innocent black people across the country.,,1594597913,{},fxvnr63,False,t3_hpu59b,False,True,t3_hpu59b,/r/Conservative/comments/hpu59b/young_mother_shot_and_killed_by_black_lives/fxvnr63/,1594607760,0,True,False,Conservative,t5_2qh6p,,0,[],
[],,h989,,,[],,,,text,t2_66c4f,False,False,[],I guess it’s more of Trump refusing to wear one and downplaying the pandemic previously,,1594597908,{},fxvnqw3,False,t3_hpwf8g,False,True,t1_fxu62gt,/r/Conservative/comments/hpwf8g/liberals_lose_their_minds_after_trump_dons_mask/fxvnqw3/,1594607756,2,True,False,Conservative,t5_2qh6p,,0,[],
[],,TheGentlemanBeast,,,[],,,,text,t2_yyxop,False,False,[],"For the most part what you are saying is correct, but the governor did deploy the NG. 

It’s one of the few good things he’s done.",,1594597899,{},fxvnqbx,False,t3_hpz0cu,False,True,t1_fxv8a6m,/r/Conservative/comments/hpz0cu/trump_admin_declines_to_pay_for_minnesota_riot/fxvnqbx/,1594607748,2,True,False,Conservative,t5_2qh6p,,0,[],
[],,Tyrotoxism44,,,[],,,,text,t2_90x1q,False,False,[],Anywhere a sympathy card can be sent to?,,1594597897,{},fxvnq6u,False,t3_hq34aj,False,False,t3_hq34aj,/r/Conservative/comments/hq34aj/two_officers_were_shot_and_killed_in_my_hometown/fxvnq6u/,1594607746,7,True,False,Conservative,t5_2qh6p,,0,[],
[],,alexandhisworld,,,[],,,,text,t2_15d6lp,False,False,[],It’s as if the world has changed,,1594597884,{},fxvnpfb,False,t3_hpwv7z,False,True,t1_fxub4xe,/r/Conservative/comments/hpwv7z/awww_the_good_ol_dayz/fxvnpfb/,1594607736,-1,True,False,Conservative,t5_2qh6p,,0,[],
[],,greenthumb2356,,,[],,,,text,t2_3vu0ka7w,False,True,[],"Yes, we must protect our wrong think and vote.",,1594597879,{},fxvnp3y,False,t3_hq0l8l,False,False,t1_fxvnh1y,/r/Conservative/comments/hq0l8l/if_twitter_marketing_was_honest/fxvnp3y/,1594607732,17,True,False,Conservative,t5_2qh6p,,0,[],
[],,mmmelpomene,,,[],,,,text,t2_2uwr0y,False,False,[],"Don’t you think these new customers are most likely people who played team sports themselves growing up?  

Do you think the ‘basement weebs’ (great term btw) qualify?",,1594597878,{},fxvnp3s,False,t3_hpt8c6,False,True,t1_fxuzdca,/r/Conservative/comments/hpt8c6/charles_barkley_sports_has_turned_into_a_circus/fxvnp3s/,1594607731,1,True,False,Conservative,t5_2qh6p,,0,[],
[],,mninp,,,[],,,,text,t2_1kczkv7f,False,False,[],"Yup, agreed here. I served in the Army (not tying to upstage him or anything just making a point) and I care about all Americans. If BLM was a noble organization, I’d be right out there with them. But they’re not. They’re Marxists, and they have literally admitted such. Many people are being fooled. They want to destroy America and replace it. It’s on their website.

And for the navy guy, thank you for your service brother.",,1594597876,{},fxvnoyd,False,t3_hpmp5w,False,True,t1_fxt3ema,/r/Conservative/comments/hpmp5w/the_2020_red_wave_could_be_starting_already_in/fxvnoyd/,1594607729,1,True,False,Conservative,t5_2qh6p,,0,[],
[],,[deleted],,,,,,dark,,,,,[],[removed],,1594597874,{},fxvnot7,False,t3_hpu133,False,True,t1_fxvc793,/r/Conservative/comments/hpu133/trump_automatic_10_years_in_prison_for_attempting/fxvnot7/,1594607727,1,True,False,Conservative,t5_2qh6p,,0,[],
[],,Pokebongo,,,[],,,,text,t2_zi77d,False,False,[],Have you watched the invention of lying? Conservatives won’t have him I promise.,,1594597863,{},fxvno78,False,t3_hpv5la,False,True,t1_fxu3zsn,/r/Conservative/comments/hpv5la/gervais_people_will_call_you_hitler_if_youre/fxvno78/,1594607719,1,True,False,Conservative,t5_2qh6p,,0,[],
[],,[deleted],,,,,,dark,,,,,[],[removed],,1594597862,{},fxvno3o,False,t3_hpxyrw,False,True,t1_fxvesei,/r/Conservative/comments/hpxyrw/thomas_sowell_systemic_racism_has_no_meaning/fxvno3o/,1594607717,1,True,False,Conservative,t5_2qh6p,,0,[],
[],,EmperorDemon23,,,[],,,,text,t2_5i7e1myp,False,False,[],How many people play hoi4.... that plus historians who look at Russian history,,1594597859,{},fxvnnxt,False,t3_hpv5la,False,True,t1_fxvanfh,/r/Conservative/comments/hpv5la/gervais_people_will_call_you_hitler_if_youre/fxvnnxt/,1594607715,2,True,False,Conservative,t5_2qh6p,,0,[],
[],,RUST_LIFE,,,[],,,,text,t2_ix1jn,False,False,[],"I didn't ask what the laws were, I asked what people think would be a just punishment.

As a side note, the destruction of art in france is subject to a term of inprisonment of up to 7 years, and a fine up to 100k Euro, or half the value of the piece. Which in that case would probably be a billion dollars.",,1594597854,{},fxvnnnq,False,t3_hpu133,False,True,t1_fxvlrzh,/r/Conservative/comments/hpu133/trump_automatic_10_years_in_prison_for_attempting/fxvnnnq/,1594607711,1,True,False,Conservative,t5_2qh6p,,0,[],1594598327.0
[],,Porsche957,,,[],,,,text,t2_5ezz2eew,False,False,[],"I don't want to see it, other than positive identication of the accused.",,1594597844,{},fxvnmza,False,t3_hq3uaz,False,False,t1_fxvjx8b,/r/Conservative/comments/hq3uaz/ghislaine_maxwell_has_tapes_of_two_prominent_us/fxvnmza/,1594607700,7,True,False,Conservative,t5_2qh6p,,0,[],
[],,HoneyPot-Gold,,,[],,,,text,t2_6e26300i,False,False,[],THAAAAAANK YOUUUU!!!,,1594597822,{},fxvnlob,True,t3_hpjj7v,False,True,t1_fxtzmyw,/r/Conservative/comments/hpjj7v/trump_denies_minnesota_governors_request_for_500m/fxvnlob/,1594607682,1,True,False,Conservative,t5_2qh6p,,0,[],
[],,Dope_Reddit_Guy,,,"[{'e': 'text', 't': 'Conservative'}]",,Conservative,dark,richtext,t2_1zpzfxg7,False,False,[],"Chicagoan here, I’m leaving this week! Chicago is a beautiful city but I can’t stand the government here anymore and will be going back down south and voting straight red.",,1594597803,{},fxvnkkm,False,t3_hq0cva,False,True,t3_hq0cva,/r/Conservative/comments/hq0cva/it_takes_3_weeks_to_escape_illinois/fxvnkkm/,1594607666,2,True,False,Conservative,t5_2qh6p,,0,[],
[],,Auspicios,,,[],,,,text,t2_106obr,False,False,[],"People will call you things, wellcome to the Internet.",,1594597801,{},fxvnkfy,False,t3_hpv5la,False,True,t3_hpv5la,/r/Conservative/comments/hpv5la/gervais_people_will_call_you_hitler_if_youre/fxvnkfy/,1594607664,2,True,False,Conservative,t5_2qh6p,,0,[],
[],,Madholm,,,[],,,,text,t2_nqtp5,False,False,[],"What a bunch of fucking morons.  

You guys do realize that he lives in a different country and doesn’t share your views on practically any issue.",,1594597792,{},fxvnjy1,False,t3_hpv5la,False,True,t3_hpv5la,/r/Conservative/comments/hpv5la/gervais_people_will_call_you_hitler_if_youre/fxvnjy1/,1594607657,1,True,False,Conservative,t5_2qh6p,,0,[],
[],,Auspicios,,,[],,,,text,t2_106obr,False,False,[],"People will call you things, wellcome to the Internet.",,1594597789,{},fxvnjr1,False,t3_hpv5la,False,True,t3_hpv5la,/r/Conservative/comments/hpv5la/gervais_people_will_call_you_hitler_if_youre/fxvnjr1/,1594607655,1,True,False,Conservative,t5_2qh6p,,0,[],
[],,TA_Dreamin,,,[],,,,text,t2_pnyji,False,False,[],I live in indy and haven't heard of this. What the fuck?,,1594597788,{},fxvnjoa,False,t3_hpu59b,False,True,t3_hpu59b,/r/Conservative/comments/hpu59b/young_mother_shot_and_killed_by_black_lives/fxvnjoa/,1594607653,2,True,False,Conservative,t5_2qh6p,,0,[],
[],,[deleted],,,,,,dark,,,,,[],[removed],,1594597783,{},fxvnjfi,False,t3_hpzwgx,False,True,t1_fxut3it,/r/Conservative/comments/hpzwgx/a_homeowner_was_playing_video_games_when_three/fxvnjfi/,1594607650,0,True,False,Conservative,t5_2qh6p,,0,[],1594603085.0
[],,[deleted],,,,,,dark,,,,,[],[removed],,1594597768,{},fxvnih2,False,t3_hpvm81,False,True,t1_fxvlw07,/r/Conservative/comments/hpvm81/video_antifa_rioter_tries_to_throws_a_gas/fxvnih2/,1594607637,1,True,False,Conservative,t5_2qh6p,,0,[],
[],,CaptainDakkarNemo,,,[],,,,text,t2_36drvq2y,False,False,[],"No where does it say that. Stop making assumptions.

Even if she did, that's in no way justification for killing someone.",,1594597767,{},fxvnie9,False,t3_hpu59b,False,True,t1_fxvgjhd,/r/Conservative/comments/hpu59b/young_mother_shot_and_killed_by_black_lives/fxvnie9/,1594607636,3,True,False,Conservative,t5_2qh6p,,0,[],
[],,unRealityEngineer,,,"[{'e': 'text', 't': 'Reagan Conservative'}]",,Reagan Conservative,dark,richtext,t2_52v1j2fw,False,False,[],"Never too late. 

*cough cough*",,1594597754,{},fxvnhle,False,t3_hq3lq8,False,True,t1_fxvgzm7,/r/Conservative/comments/hq3lq8/more_mediahyped_hysteria_fearmongering_nbc_doctor/fxvnhle/,1594607625,0,True,False,Conservative,t5_2qh6p,,0,[],
