all_awardings,associated_award,author,author_flair_background_color,author_flair_css_class,author_flair_richtext,author_flair_template_id,author_flair_text,author_flair_text_color,author_flair_type,author_fullname,author_patreon_flair,author_premium,awarders,body,collapsed_because_crowd_control,created_utc,gildings,id,is_submitter,link_id,locked,no_follow,parent_id,permalink,retrieved_on,score,send_replies,stickied,subreddit,subreddit_id,total_awards_received,treatment_tags
[],,Prankishmanx21,,,"[{'e': 'text', 't': '2A Conservative'}]",,2A Conservative,dark,richtext,t2_10yfjm,False,False,[],I feel terrible for the guy but what was he thinking defending his store with a sword all by him self. I'd have to have at least two other people and we don't have to have AR-15s before I'd even try.,,1590926392,{},fseylba,False,t3_gtsnbh,False,True,t3_gtsnbh,/r/Conservative/comments/gtsnbh/mob_of_protesters_brutally_beat_dallas_man_for/fseylba/,1590926399,1,True,False,Conservative,t5_2qh6p,0,[]
[],,t_3_s,,,[],,,,text,t2_z1fxh,False,False,[],"Even if that is true, this is like if the cop did that to someone who had smoker’s lung would it be fair to consider the mans death as died from smoker’s lung or did he die because he was depraved of oxygen.",,1590926391,{},fseylb5,False,t3_gtwwjz,False,True,t1_fsexrqq,/r/Conservative/comments/gtwwjz/autopsy_of_george_floyd_revealed_that_drugs_were/fseylb5/,1590926398,1,True,False,Conservative,t5_2qh6p,0,[]
[],,SamInPajamas,,,[],,,,text,t2_5yszzv2b,False,False,[],No.,,1590926387,{},fseyl5b,False,t3_gto8ul,False,True,t1_fsedi6i,/r/Conservative/comments/gto8ul/group_of_men_form_circle_around_outnumbered_cop/fseyl5b/,1590926388,1,True,False,Conservative,t5_2qh6p,0,[]
[],,DragoniaCrimson,,,[],,,,text,t2_oobwryd,False,False,[],Me and the boys about to save a dude,,1590926340,{},fseyj9k,False,t3_gto8ul,False,True,t3_gto8ul,/r/Conservative/comments/gto8ul/group_of_men_form_circle_around_outnumbered_cop/fseyj9k/,1590926341,1,True,False,Conservative,t5_2qh6p,0,[]
[],,REALLY_REALLYBIGMAN,,,[],,,,text,t2_23db7f7s,False,False,[],It's definitely troubling.  I fear for a significant uptick.,,1590926331,{},fseyiwl,False,t3_gtr56j,False,True,t1_fse5vfk,/r/Conservative/comments/gtr56j/now_this_is_what_its_all_about_my_friends_the/fseyiwl/,1590926332,1,True,False,Conservative,t5_2qh6p,0,[]
[],,subchop710,,,[],,,,text,t2_3hkluh1,False,False,[],So the Nazis didn't NEED the factories to make tanks?,,1590926302,{},fseyhpi,False,t3_gtr45s,False,True,t1_fseyehz,/r/Conservative/comments/gtr45s/crosspost_from_another_subreddit/fseyhpi/,1590926302,1,True,False,Conservative,t5_2qh6p,0,[]
[],,1991TalonTSI,,,"[{'e': 'text', 't': 'Conservative'}]",,Conservative,dark,richtext,t2_384chgri,False,False,[],"Read through the comments on any post in that sub...they think they are fighting ""fire with fire"" or it's just an ""eye for eye"". Burning and looting is fine in that sub. Not sure where you missed that.",,1590926299,{},fseyhkv,False,t3_gtqkw7,False,True,t1_fsdykwz,/r/Conservative/comments/gtqkw7/reddit_allows_organisation_of_violent_riots_by/fseyhkv/,1590926300,1,True,False,Conservative,t5_2qh6p,0,[]
[],,nesquik8,,,[],,,,text,t2_43bdvhlu,False,True,[],"Do you think your offering too much credit to rioters by suggesting they are an organized movement with a common purpose?

Seems more likely a random collective of people who enjoy chaos",,1590926297,{},fseyhil,False,t3_gtpmd5,False,True,t1_fsewpxz,/r/Conservative/comments/gtpmd5/the_gift_shop_i_opened_up_here_in_town_was_looted/fseyhil/,1590926298,1,True,False,Conservative,t5_2qh6p,0,[]
[],,stormbringer89,,,[],,,,text,t2_7pz2c,False,True,[],Unfortunately that is unconstitutional.,,1590926291,{},fseyh99,False,t3_gtx1dv,False,True,t1_fseyeow,/r/Conservative/comments/gtx1dv/celebrities_blasted_for_donating_to_protester/fseyh99/,1590926292,1,True,False,Conservative,t5_2qh6p,0,[]
[],,zGreenline,,,[],,,,text,t2_4l4mg6ii,False,False,[],I'm speechless.,,1590926279,{},fseygsi,False,t3_gtrkgx,False,True,t3_gtrkgx,/r/Conservative/comments/gtrkgx/dallas_rioters_nearly_beat_a_man_to_death_for_the/fseygsi/,1590926280,1,True,False,Conservative,t5_2qh6p,0,[]
[],,TheClincher7,,,[],,,,text,t2_3cx5nefb,False,False,[],Yeah right. Go watch an NFL or NBA game and tell me they have genetic disadvantage.,,1590926273,{},fseygk8,False,t3_gtss6z,False,True,t1_fse89na,/r/Conservative/comments/gtss6z/cnns_van_jones_even_the_most_wellintentioned/fseygk8/,1590926275,1,True,False,Conservative,t5_2qh6p,0,[]
[],,3s0me,,,[],,,,text,t2_5ag94hr4,False,False,[],"Being a wanted man in Hungary must be good thing ATM, given the state of affairs there",,1590926259,{},fseyg0a,False,t3_gtxnko,False,True,t1_fsey558,/r/Conservative/comments/gtxnko/george_soros_89_is_still_on_a_quest_to_destroy/fseyg0a/,1590926260,1,True,False,Conservative,t5_2qh6p,0,[]
[],,Sin4sin,,,[],,,,text,t2_sswlx,False,False,[],"When in doubt, blame other races when videos show otherwise.",,1590926242,{},fseyfbh,False,t3_gtomuk,False,True,t3_gtomuk,/r/Conservative/comments/gtomuk/minneapolis_mayor_says_white_supremacists_out_of/fseyfbh/,1590926243,1,True,False,Conservative,t5_2qh6p,0,[]
[],,Plantsrmedicine72,,,"[{'e': 'text', 't': 'Conservative 2A'}]",,Conservative 2A,dark,richtext,t2_5ocjbr3h,False,False,[],"Sadly, the Supreme Court ruled that the police in fact are under no obligation to protect citizens",,1590926242,{},fseyfb4,False,t3_gtwwjz,False,True,t1_fsewz9n,/r/Conservative/comments/gtwwjz/autopsy_of_george_floyd_revealed_that_drugs_were/fseyfb4/,1590926243,1,True,False,Conservative,t5_2qh6p,0,[]
[],,CCCmonster,,,[],,,,text,t2_10ad77,False,False,[],"Easy solution here, no bail until riots are over if caught rioting",,1590926227,{},fseyeow,False,t3_gtx1dv,False,True,t3_gtx1dv,/r/Conservative/comments/gtx1dv/celebrities_blasted_for_donating_to_protester/fseyeow/,1590926228,1,True,False,Conservative,t5_2qh6p,0,[]
[],,ljout,,,[],,,,text,t2_1g79egfj,False,False,[],You realize it's a weekend right?,,1590926225,{},fseyelj,False,t3_gto5i0,False,True,t1_fsef3nl,/r/Conservative/comments/gto5i0/yes/fseyelj/,1590926226,1,True,False,Conservative,t5_2qh6p,0,[]
[],,jflb96,,,[],,,,text,t2_gjxnt,False,False,[],Why would it compel something that it doesn't need?,,1590926222,{},fseyehz,False,t3_gtr45s,False,True,t1_fsew49f,/r/Conservative/comments/gtr45s/crosspost_from_another_subreddit/fseyehz/,1590926224,1,True,False,Conservative,t5_2qh6p,0,[]
[],,ShortsAtTheFair,,,[],,,,text,t2_5k2s6sx0,False,False,[],"fascist economy is a type of ""monopoly capitalism"", which preserves the ""fundamental traits of capitalist production"", such as the fact that production is carried out for the market by privately owned firms which employ workers for a certain wage. In fact, it is well-known that Hitler and Mussolini were propped up directly by European big capitalists at the time. Capital was doing better in Germany under the Nazis than it did in US under FDR. Not because of overall increases in economic performance in one country versus another, but because of the economic policies of the regime. 
Even the first use of the word “privatization” (or “reprivatization”) in English occurred in the 1930s, in the context of explaining economic policy in the Third Reich. Indeed, the English word was formulated as a translation of the German word “Reprivatisierung,” which had itself been newly minted under the Third Reich.",,1590926220,{},fseyef5,False,t3_gtr45s,False,True,t1_fsew49f,/r/Conservative/comments/gtr45s/crosspost_from_another_subreddit/fseyef5/,1590926221,1,True,False,Conservative,t5_2qh6p,0,[]
[],,Prankishmanx21,,,"[{'e': 'text', 't': '2A Conservative'}]",,2A Conservative,dark,richtext,t2_10yfjm,False,False,[],Did you not see the other video from another angle where he was having what appeared to be rocks thrown at him before he Chased the dude?,,1590926202,{},fseydqg,False,t3_gtsnbh,False,True,t1_fse7leg,/r/Conservative/comments/gtsnbh/mob_of_protesters_brutally_beat_dallas_man_for/fseydqg/,1590926203,1,True,False,Conservative,t5_2qh6p,0,[]
[],,StoneHausThrowaway,,,[],,,,text,t2_ixwe0,False,False,[],You misspelled staged.,,1590926193,{},fseydd4,False,t3_gtr56j,False,True,t1_fse0dgg,/r/Conservative/comments/gtr56j/now_this_is_what_its_all_about_my_friends_the/fseydd4/,1590926194,1,True,False,Conservative,t5_2qh6p,0,[]
[],,FightMeYouBitch,,,"[{'e': 'text', 't': 'Classical Liberal'}]",,Classical Liberal,dark,richtext,t2_tr9z7e0,False,False,[],I've never understood why police keep suspects handcuffed and laying face down. It seems to me like as soon ad they are cuffed they should be put in the back of a squad car (which is basically a mobile cage).,,1590926189,{},fseyd7o,False,t3_gtwwjz,False,True,t1_fsewz9n,/r/Conservative/comments/gtwwjz/autopsy_of_george_floyd_revealed_that_drugs_were/fseyd7o/,1590926191,1,True,False,Conservative,t5_2qh6p,0,[]
[],,Luddveeg,,,[],,,,text,t2_12oi5b,False,False,[],"Because Norway and Denmark, countries with higher HDI than the US, are hellholes (?)",,1590926182,{},fseycwo,False,t3_gtr45s,False,True,t3_gtr45s,/r/Conservative/comments/gtr45s/crosspost_from_another_subreddit/fseycwo/,1590926184,1,True,False,Conservative,t5_2qh6p,0,[]
[],,jflb96,,,[],,,,text,t2_gjxnt,False,False,[],"Yes. The idea is that everyone receives an equal cut of the profits of their work, rather than the people that make the money being kept on subsistence wages so that the profits can be maximised for the people at the top.",,1590926157,{},fseybwq,False,t3_gtr45s,False,True,t1_fsexrup,/r/Conservative/comments/gtr45s/crosspost_from_another_subreddit/fseybwq/,1590926159,1,True,False,Conservative,t5_2qh6p,0,[]
[],,Reed-EQ-Luss,,,[],,,,text,t2_6e446snx,False,False,[],He probably would have died even if the police didn't show up,,1590926135,{},fseyb0w,False,t3_gtwwjz,False,True,t3_gtwwjz,/r/Conservative/comments/gtwwjz/autopsy_of_george_floyd_revealed_that_drugs_were/fseyb0w/,1590926137,1,True,False,Conservative,t5_2qh6p,0,[]
[],,NoleFan723,,,"[{'e': 'text', 't': 'Florida Conservative'}]",,Florida Conservative,dark,richtext,t2_6979apfo,False,False,[],"Please. When rioting and looting wear your masks. Lol.
Seriously though,  great picture",,1590926129,{},fseyarf,False,t3_gtr56j,False,True,t3_gtr56j,/r/Conservative/comments/gtr56j/now_this_is_what_its_all_about_my_friends_the/fseyarf/,1590926129,1,True,False,Conservative,t5_2qh6p,0,[]
[],,Billy-Mays-Ghost,,Conservative,"[{'e': 'text', 't': 'Conservative'}]",421b644c-8b38-11e1-bc5f-12313d18ad57,Conservative,dark,richtext,t2_3knkce1b,False,True,[],Makes it easier for me to know who not to watch anymore.,,1590926113,{},fseya5n,False,t3_gtx1dv,False,True,t3_gtx1dv,/r/Conservative/comments/gtx1dv/celebrities_blasted_for_donating_to_protester/fseya5n/,1590926115,1,True,False,Conservative,t5_2qh6p,0,[]
[],,FightMeYouBitch,,,"[{'e': 'text', 't': 'Classical Liberal'}]",,Classical Liberal,dark,richtext,t2_tr9z7e0,False,False,[],It's like using a taser. Tasing someone a couple of times is usually harmless. Tasing them a dozen times or more can cause serious harm. There's a proper amount of force needed to subdue someone. And then there's excessive force. Kneeling on the neck of someone who is already handcuffed is excessive.,,1590926110,{},fseya10,False,t3_gtwwjz,False,True,t1_fsewfmv,/r/Conservative/comments/gtwwjz/autopsy_of_george_floyd_revealed_that_drugs_were/fseya10/,1590926112,1,True,False,Conservative,t5_2qh6p,0,[]
[],,CrimsonTFT,,,[],,,,text,t2_6k2cum8b,False,False,[],Doesnt fit the agebda of the sub,,1590926108,{},fsey9y3,False,t3_gtvn4f,False,True,t1_fsetpsj,/r/Conservative/comments/gtvn4f/minneapolis_police_shooting_paint_balls_at/fsey9y3/,1590926108,1,True,False,Conservative,t5_2qh6p,0,[]
[],,yopeee,,,"[{'e': 'text', 't': 'Gowdy for AG'}]",,Gowdy for AG,dark,richtext,t2_j9u2u,False,False,[],"I have never seen such a shitty group of people other than r/sacramento. These people for months shit on each other, called the cops on neighbors, threatened individuals, harrassed people... then refused to go back to work. Wanted the government to pay for everything. Then ripped up Open Up protestors claiming they were alt right nazis for protesting and being selfish for not caring about covid... not 1 week later they are destroying a city miles away because of a very unfortunate situation... a protestor was shot in the face with rubber bullets which will now escalate. No one wearing masks.... AND THEY ARE SUPPORTING AND ENCOURAGING IT.",,1590926096,{},fsey9gt,False,t3_gtq847,False,True,t3_gtq847,/r/Conservative/comments/gtq847/i_consider_myself_a_liberal_im_disgusted_by_my/fsey9gt/,1590926097,1,True,False,Conservative,t5_2qh6p,0,[]
[],,NabroleonBonaparte,,,"[{'e': 'text', 't': 'Frank Meyer Conservative'}]",,Frank Meyer Conservative,dark,richtext,t2_feid1,False,False,[],Drugs are to George Floyd’s asphyxiation what COVID is to a person with pre-existing conditions.,,1590926064,{},fsey887,False,t3_gtwwjz,False,True,t3_gtwwjz,/r/Conservative/comments/gtwwjz/autopsy_of_george_floyd_revealed_that_drugs_were/fsey887/,1590926065,1,True,False,Conservative,t5_2qh6p,0,[]
[],,XColdLogicX,,,[],,,,text,t2_1a8sqiaz,False,False,[],"So your saying the US military isnt the best in the world? Or the strongest and most well equipped? Because we both know the answer. No system is perfect, but obviously it works.",,1590926048,{},fsey7jo,False,t3_gtr45s,False,True,t3_gtr45s,/r/Conservative/comments/gtr45s/crosspost_from_another_subreddit/fsey7jo/,1590926050,1,True,False,Conservative,t5_2qh6p,0,[]
[],,raggs75,,,"[{'e': 'text', 't': 'Reagan Conservative'}]",,Reagan Conservative,dark,richtext,t2_5uppb,False,False,[],I missed how the cop in Jacksonville had something to do with that?,,1590926048,{},fsey7jm,False,t3_gtr56j,False,True,t1_fsevcpl,/r/Conservative/comments/gtr56j/now_this_is_what_its_all_about_my_friends_the/fsey7jm/,1590926050,1,True,False,Conservative,t5_2qh6p,0,[]
[],,stormbringer89,,,[],,,,text,t2_7pz2c,False,True,[],It's fucking funny to see them squirm over this.,,1590926046,{},fsey7h0,False,t3_gtvn4f,False,True,t1_fsepxgr,/r/Conservative/comments/gtvn4f/minneapolis_police_shooting_paint_balls_at/fsey7h0/,1590926047,1,True,False,Conservative,t5_2qh6p,0,[]
[],,Sin4sin,,,[],,,,text,t2_sswlx,False,False,[],"These are the bright people rioting and looting apple stores, gucci stores and liquor stores... yeah...",,1590926030,{},fsey6tj,False,t3_gtrnfb,False,True,t3_gtrnfb,/r/Conservative/comments/gtrnfb/a_rioter_dressed_a_child_up_in_black_bloc_and/fsey6tj/,1590926032,1,True,False,Conservative,t5_2qh6p,0,[]
[],,motherofmalinois,,,[],,,,text,t2_dcmd56q,False,False,[],"Guy looks like he’s posturing, that’s brain damage and usually the beginning of the end.",,1590926006,{},fsey5ur,False,t3_gtrkgx,False,True,t3_gtrkgx,/r/Conservative/comments/gtrkgx/dallas_rioters_nearly_beat_a_man_to_death_for_the/fsey5ur/,1590926007,1,True,False,Conservative,t5_2qh6p,0,[]
[],,skarface6,,,"[{'e': 'text', 't': 'Easter Worshipper'}]",,Easter Worshipper,dark,richtext,t2_3upit,False,False,[],what in the what,,1590926005,{},fsey5tp,False,t3_gtpxo6,False,True,t1_fse7vxe,/r/Conservative/comments/gtpxo6/look_at_this_professional_disarm_an_antifa/fsey5tp/,1590926006,1,True,False,Conservative,t5_2qh6p,0,[]
[],,snagglesohone,,,[],,,,text,t2_1cje5x99,False,False,[],"I got my protest check from him. Not a bad gig, managed to get off unemployment.",,1590925999,{},fsey5le,False,t3_gtxnko,False,True,t3_gtxnko,/r/Conservative/comments/gtxnko/george_soros_89_is_still_on_a_quest_to_destroy/fsey5le/,1590926000,1,True,False,Conservative,t5_2qh6p,0,[]
[],,HNutz,,,[],,,,text,t2_89l1x8w,False,False,[],Pretty much.,,1590925992,{},fsey5bh,False,t3_gtrbmj,False,True,t1_fsdux8t,/r/Conservative/comments/gtrbmj/boy_wearing_maga_hat_gets_attacked_by_rioters/fsey5bh/,1590925993,1,True,False,Conservative,t5_2qh6p,0,[]
[],,Jasonberg,,,[],,,,text,t2_45xke,False,True,[],"People need to understand how Soros makes his money.  

There’s a reason he is a wanted man in Hungary and Russia.",,1590925988,{},fsey558,False,t3_gtxnko,False,True,t3_gtxnko,/r/Conservative/comments/gtxnko/george_soros_89_is_still_on_a_quest_to_destroy/fsey558/,1590925989,1,True,False,Conservative,t5_2qh6p,0,[]
[],,[deleted],,,,,,dark,,,,,[],[removed],,1590925969,{},fsey4eh,False,t3_gtwwjz,False,True,t1_fsex8kj,/r/Conservative/comments/gtwwjz/autopsy_of_george_floyd_revealed_that_drugs_were/fsey4eh/,1590925971,1,True,False,Conservative,t5_2qh6p,0,[]
[],,griffnin,,,[],,,,text,t2_1233h4,False,False,[],"yeah otherwise they’ll realise socialism isn’t just starving to death, and there goes their only  rebuttal",,1590925957,{},fsey3ww,False,t3_gtr45s,False,True,t1_fsevs30,/r/Conservative/comments/gtr45s/crosspost_from_another_subreddit/fsey3ww/,1590925958,1,True,False,Conservative,t5_2qh6p,0,[]
[],,HNutz,,,[],,,,text,t2_89l1x8w,False,False,[],EXACTLY!,,1590925925,{},fsey2oh,False,t3_gtr56j,False,True,t1_fseaqjt,/r/Conservative/comments/gtr56j/now_this_is_what_its_all_about_my_friends_the/fsey2oh/,1590925927,1,True,False,Conservative,t5_2qh6p,0,[]
[],,skarface6,,,"[{'e': 'text', 't': 'Easter Worshipper'}]",,Easter Worshipper,dark,richtext,t2_3upit,False,False,[],What a maroon.,,1590925896,{},fsey1is,False,t3_gtss6z,False,True,t3_gtss6z,/r/Conservative/comments/gtss6z/cnns_van_jones_even_the_most_wellintentioned/fsey1is/,1590925897,1,True,False,Conservative,t5_2qh6p,0,[]
[],,MysteryLobster,,,[],,,,text,t2_xokjg,False,False,[],"Bruh 100,000 people have died in the US alone in the past 6 months",,1590925890,{},fsey1b8,False,t3_gtr45s,False,True,t1_fsejosw,/r/Conservative/comments/gtr45s/crosspost_from_another_subreddit/fsey1b8/,1590925892,1,True,False,Conservative,t5_2qh6p,0,[]
[],,XColdLogicX,,,[],,,,text,t2_1a8sqiaz,False,False,[],The irony about his posts...how does this kid not get it?,,1590925884,{},fsey125,False,t3_gtr45s,False,True,t1_fseufap,/r/Conservative/comments/gtr45s/crosspost_from_another_subreddit/fsey125/,1590925886,1,True,False,Conservative,t5_2qh6p,0,[]
[],,jojolemlolo,,,[],,,,text,t2_67o6behe,False,False,[],"Hey, [what about this compilation of cops in the past few days?](https://www.reddit.com/r/PublicFreakout/comments/gtr02f/police_actively_seeking_out_fights_compilation/) I'm not saying all cops are bad, it's unrealistic and foolish to assume each individual policeman is attributed to oppressive behavior. However, when cops do things like that right after one of them *happened* to be recorded on camera murdering a black man, it alludes to the fact that the system is dysfunctional.  Even before the riots, it has been scary for black people to even be close with police officers in fear that they would be next. I know it has been for me, and I don't feel powerful now, I feel even more terrified by them. 

I am not justifying the reaction of the so-called protesters in OP's video either.",,1590925882,{},fsey0z2,False,t3_gtrbmj,False,True,t1_fsdux8t,/r/Conservative/comments/gtrbmj/boy_wearing_maga_hat_gets_attacked_by_rioters/fsey0z2/,1590925883,1,True,False,Conservative,t5_2qh6p,0,[]
[],,ubik202,,,[],,,,text,t2_6038tk93,False,False,[],"Damn i didn't see the full video, just the edited cnn one. That is very fucked up and I agree that policeman was wrong.",,1590925881,{},fsey0xz,True,t3_gtwwjz,False,True,t1_fsexfe2,/r/Conservative/comments/gtwwjz/autopsy_of_george_floyd_revealed_that_drugs_were/fsey0xz/,1590925882,1,True,False,Conservative,t5_2qh6p,0,[]
[],,subchop710,,,[],,,,text,t2_3hkluh1,False,False,[],"Oh I know. I'm military. And it works *splendidly* lol

Look, even if it worked well (spoiler: it often is mired by excess and inefficiency) that's not a good argument. You really want the whole country doing this shit?

How bout you come enjoy all these benefits before you sing its praises. Idiot.",,1590925875,{},fsey0p0,False,t3_gtr45s,False,True,t1_fsexuzj,/r/Conservative/comments/gtr45s/crosspost_from_another_subreddit/fsey0p0/,1590925876,1,True,False,Conservative,t5_2qh6p,0,[]
[],,raffu280,,,"[{'e': 'text', 't': 'Conservative'}]",,Conservative,dark,richtext,t2_v9e0bi,False,False,[],"No one can argue now that the second ""Civil War"" has not started for real.",,1590925854,{},fsexzto,True,t3_gtxr0k,False,True,t3_gtxr0k,/r/Conservative/comments/gtxr0k/riots_spiral_out_of_control_chaos_erupts_in_25/fsexzto/,1590925855,1,True,False,Conservative,t5_2qh6p,0,[]
[],,[deleted],,,,,,dark,,,,,[],[removed],,1590925852,{},fsexzrq,False,t3_gsreua,False,True,t1_fsdk5vo,/r/Conservative/comments/gsreua/spot_the_difference/fsexzrq/,1590925853,1,True,False,Conservative,t5_2qh6p,0,[]
[],,glorybeef,,,[],,,,text,t2_25t7g75u,False,False,[],Haha this didn't age well. The only news I seem to hear about the US is reports of its militarised police state oppressing protesting citizens. Please vote in your rigged elections while you still have the chance,,1590925817,{},fsexyeu,False,t3_gk7pvv,False,True,t3_gk7pvv,/r/Conservative/comments/gk7pvv/the_ultimate_commitment_to_free_speech/fsexyeu/,1590925818,1,True,False,Conservative,t5_2qh6p,0,[]
[],,griffnin,,,[],,,,text,t2_1233h4,False,False,[],yes that’s what it’s intended to stop,,1590925770,{},fsexwj6,False,t3_gtr45s,False,True,t1_fsexrup,/r/Conservative/comments/gtr45s/crosspost_from_another_subreddit/fsexwj6/,1590925771,1,True,False,Conservative,t5_2qh6p,0,[]
[],,Shmoode,,,[],,,,text,t2_f9d2c,False,False,[],No. [3 cops pinned george down while he plead for his life.](https://en.as.com/en/2020/05/30/videos/1590837044_573616.html),,1590925770,{},fsexwit,False,t3_gto8ul,False,True,t1_fsevh5m,/r/Conservative/comments/gto8ul/group_of_men_form_circle_around_outnumbered_cop/fsexwit/,1590925771,1,True,False,Conservative,t5_2qh6p,0,[]
[],,Kman3578,,,[],,,,text,t2_61202mhd,False,False,[],Is that Barack and Joe?,,1590925768,{},fsexwfq,False,t3_gtr7mi,False,True,t3_gtr7mi,/r/Conservative/comments/gtr7mi/protesters_thoughts_right_now/fsexwfq/,1590925769,1,True,False,Conservative,t5_2qh6p,0,[]
[],,DanReach,,,"[{'e': 'text', 't': 'Constitutional Conservative'}]",,Constitutional Conservative,dark,richtext,t2_6nrqf,False,False,[],"I can't watch that again. It is disturbing. There is a difference between choking life out of someone and ignoring medical distress you did not cause. I'd also consider that the criminal actions of those cops exacerbated an existing issue that caused his death. In any event, I think ignoring his cries for help while he was dying is criminal, tantamount to killing him yourself",,1590925749,{},fsexvor,False,t3_gtwwjz,False,True,t1_fsex8kj,/r/Conservative/comments/gtwwjz/autopsy_of_george_floyd_revealed_that_drugs_were/fsexvor/,1590925750,1,True,False,Conservative,t5_2qh6p,0,[]
[],,_Hender_,,,[],,,,text,t2_idqt222,False,False,[],Oh and to make it clear I'm not from the US.,,1590925748,{},fsexvni,False,t3_gtofsl,False,True,t1_fsexuzk,/r/Conservative/comments/gtofsl/the_coronavirus_doesnt_apply_to_liberals_right/fsexvni/,1590925749,1,True,False,Conservative,t5_2qh6p,0,[]
[],,_Hender_,,,[],,,,text,t2_idqt222,False,False,[],"There is a difference between not being able to get a haircut and systematic oppression of your fellow humans but ok.
You lot stormed the capitol with guns and none did anything, these people(not all black mind you) protested peacefully till the cops attacked them.
I thought youse love the don't thread on me flag, where is it now?",,1590925731,{},fsexuzk,False,t3_gtofsl,False,True,t3_gtofsl,/r/Conservative/comments/gtofsl/the_coronavirus_doesnt_apply_to_liberals_right/fsexuzk/,1590925732,1,True,False,Conservative,t5_2qh6p,0,[]
[],,XColdLogicX,,,[],,,,text,t2_1a8sqiaz,False,False,[],"The US military is one of the largest socialist organized groups out there. They get paid, receive benefits, and are taken care of by American tax dollars. Hows that communism for you, idiot?",,1590925731,{},fsexuzj,False,t3_gtr45s,False,True,t1_fsevzxj,/r/Conservative/comments/gtr45s/crosspost_from_another_subreddit/fsexuzj/,1590925732,1,True,False,Conservative,t5_2qh6p,0,[]
[],,[deleted],,,,,,dark,,,,,[],[removed],,1590925728,{},fsexuvg,False,t3_gtrbmj,False,True,t1_fse2hnk,/r/Conservative/comments/gtrbmj/boy_wearing_maga_hat_gets_attacked_by_rioters/fsexuvg/,1590925729,1,True,False,Conservative,t5_2qh6p,0,[]
[],,the_BIGHEAD,,,[],,,,text,t2_75043,False,False,[],I’m ready. 12ga alternating slug and buckshot,,1590925714,{},fsexu9y,False,t3_gtic64,False,True,t1_fsbzgy1,/r/Conservative/comments/gtic64/minneapolis_protester_warns_the_unrest_will_hit/fsexu9y/,1590925715,1,True,False,Conservative,t5_2qh6p,0,[]
[],,lil_baby_aidy,,,[],,,,text,t2_1lw16axz,False,False,[],"Do you guys see what's happening right now, to America, under capitalism? Especially what happened near the beginning of the pandemic",,1590925693,{},fsextgj,False,t3_gtr45s,False,True,t3_gtr45s,/r/Conservative/comments/gtr45s/crosspost_from_another_subreddit/fsextgj/,1590925693,1,True,False,Conservative,t5_2qh6p,0,[]
[],,Ehutch14,,,[],,,,text,t2_3vkq6e5x,False,False,[],"Yeah, next time, go inside, what a concept",,1590925688,{},fsexta9,False,t3_gtxgf9,False,True,t3_gtxgf9,/r/Conservative/comments/gtxgf9/minnesota_police_and_national_guard_enforcing_the/fsexta9/,1590925690,1,True,False,Conservative,t5_2qh6p,0,[]
[],,[deleted],,,,,,dark,,,,,[],[removed],,1590925670,{},fsexsjh,False,t3_gtrbmj,False,True,t1_fse0pj0,/r/Conservative/comments/gtrbmj/boy_wearing_maga_hat_gets_attacked_by_rioters/fsexsjh/,1590925671,1,True,False,Conservative,t5_2qh6p,0,[]
[],,DK_Son,,,[],,,,text,t2_efs5d,False,False,[],4:1 - One short guy keeping everyone back so the other 3 could crush his body.,,1590925657,{},fsexs11,False,t3_gto8ul,False,True,t1_fsevh5m,/r/Conservative/comments/gto8ul/group_of_men_form_circle_around_outnumbered_cop/fsexs11/,1590925658,1,True,False,Conservative,t5_2qh6p,0,[]
[],,ShortsAtTheFair,,,[],,,,text,t2_5k2s6sx0,False,False,[],Isn't the point of socialism to stop the exploitation of workers by non-workers tho? (Don't downvote me to hell. I'm genuinely asking),,1590925653,{},fsexrup,False,t3_gtr45s,False,True,t1_fse1rat,/r/Conservative/comments/gtr45s/crosspost_from_another_subreddit/fsexrup/,1590925654,1,True,False,Conservative,t5_2qh6p,0,[]
[],,Upstanding-Gentleman,,,[],,,,text,t2_4vz2adgq,False,False,[],He’s already said that that would be caused by the drugs combined with the situation but most people would have and can survive this specific neck pressure for that amount of time.,,1590925650,{},fsexrqq,False,t3_gtwwjz,False,True,t1_fsexfe2,/r/Conservative/comments/gtwwjz/autopsy_of_george_floyd_revealed_that_drugs_were/fsexrqq/,1590925650,1,True,False,Conservative,t5_2qh6p,0,[]
[],,[deleted],,,,,,dark,,,,,[],[removed],,1590925594,{},fsexpk0,False,t3_gto8ul,False,True,t3_gto8ul,/r/Conservative/comments/gto8ul/group_of_men_form_circle_around_outnumbered_cop/fsexpk0/,1590925595,1,True,False,Conservative,t5_2qh6p,0,[]
[],,[deleted],,,,,,dark,,,,,[],[removed],,1590925572,{},fsexoof,False,t3_gtrbmj,False,True,t3_gtrbmj,/r/Conservative/comments/gtrbmj/boy_wearing_maga_hat_gets_attacked_by_rioters/fsexoof/,1590925574,1,True,False,Conservative,t5_2qh6p,0,[]
[],,lordfoofoo,,,[],,,,text,t2_jehdp,False,False,[],I'm not even American. I'm British. But I consider America to be an amazing place that I would love to go to. I'm so annoyed. We told them Antifa was dangerous. We told everyone their tactics would lead to a worsening situation. Now it's happening. But who wants to gloat. It sucks.,,1590925555,{},fsexnz1,False,t3_gtundb,False,True,t3_gtundb,/r/Conservative/comments/gtundb/antifa_not_white_supremacy_is_provoking_violence/fsexnz1/,1590925556,1,True,False,Conservative,t5_2qh6p,0,[]
[],,AEgirSystems,,,"[{'e': 'text', 't': 'Constutional Originalist'}]",,Constutional Originalist,dark,richtext,t2_sfes7,False,False,[],Darwin at his best...,,1590925553,{},fsexnxh,False,t3_gtx9cq,False,True,t3_gtx9cq,/r/Conservative/comments/gtx9cq/video_blm_rioter_sets_himself_on_fire_with_a/fsexnxh/,1590925555,1,True,False,Conservative,t5_2qh6p,0,[]
[],,Fuzzygestalt,,,[],,,,text,t2_afeej,False,False,[],You're talking about due process when a police officer executed a man in broad daylight.,,1590925518,{},fsexml7,False,t3_gtgc99,False,True,t1_fscanzo,/r/Conservative/comments/gtgc99/destroying_minorityowned_businesses_and_lowincome/fsexml7/,1590925520,1,True,False,Conservative,t5_2qh6p,0,[]
[],,Dalai-Parma,,,"[{'e': 'text', 't': 'Better Dead Than Red'}]",,Better Dead Than Red,dark,richtext,t2_5bl4702j,False,False,[],BuT sOcIaL dIsTaNcInG,,1590925411,{},fsexiev,False,t3_gtr56j,False,True,t3_gtr56j,/r/Conservative/comments/gtr56j/now_this_is_what_its_all_about_my_friends_the/fsexiev/,1590925412,1,True,False,Conservative,t5_2qh6p,0,[]
[],,Here_2_Comment,,,[],,,,text,t2_323fp2yq,False,False,[],I'm not,,1590925410,{},fsexidx,False,t3_gto8ul,False,True,t1_fsdunn2,/r/Conservative/comments/gto8ul/group_of_men_form_circle_around_outnumbered_cop/fsexidx/,1590925411,1,True,False,Conservative,t5_2qh6p,0,[]
[],,darkjediii,,,[],,,,text,t2_j4dz9,False,False,[],Found the undercover cops,,1590925404,{},fsexi5c,False,t3_gto8ul,False,True,t3_gto8ul,/r/Conservative/comments/gto8ul/group_of_men_form_circle_around_outnumbered_cop/fsexi5c/,1590925406,1,True,False,Conservative,t5_2qh6p,0,[]
[],,PeruseTheNews,,,[],,,,text,t2_1mt217x7,False,False,[],"How about Trump's retweet of a guy saying, ""The only good Democrat is a dead Democrat""?",,1590925398,{},fsexhws,False,t3_gssce0,False,True,t1_fs7ikfz,/r/Conservative/comments/gssce0/exposed_ilhan_omars_daughter_isra_hirsi_retweets/fsexhws/,1590925399,1,True,False,Conservative,t5_2qh6p,0,[]
[],,FightMeYouBitch,,,"[{'e': 'text', 't': 'Classical Liberal'}]",,Classical Liberal,dark,richtext,t2_tr9z7e0,False,False,[],I don't care if he snorted a pound of coke from between the ass cheeks of a syphilitic whore. He should not have had a cop's knee on his neck for eight minutes. Right now George Floyd should be out on bail awaiting trial for his crime. He should not be dead.,,1590925393,{},fsexhp9,False,t3_gtwwjz,False,True,t3_gtwwjz,/r/Conservative/comments/gtwwjz/autopsy_of_george_floyd_revealed_that_drugs_were/fsexhp9/,1590925394,1,True,False,Conservative,t5_2qh6p,0,[]
[],,berlinito,,,[],,,,text,t2_3fw7q2ew,False,False,[],Actually yours was a comment about how insurance DOESN’T work for small businesses. And it was in a chain of comments about how insurance works relative to the plight of small business owners who are seeing damage due to protests. Why are they protesting?,,1590925386,{},fsexhgd,False,t3_gtq847,False,True,t1_fsevm01,/r/Conservative/comments/gtq847/i_consider_myself_a_liberal_im_disgusted_by_my/fsexhgd/,1590925388,1,True,False,Conservative,t5_2qh6p,0,[]
[],,NilDovah,,,[],,,,text,t2_81eis7d,False,False,[],Nah. It’s terrorism: the use of terror to accomplish one’s political goals.,,1590925378,{},fsexh45,False,t3_gtsq8s,False,True,t1_fse8wa6,/r/Conservative/comments/gtsq8s/salt_lake_rioters_assault_an_elderly_man_and_set/fsexh45/,1590925379,1,True,False,Conservative,t5_2qh6p,0,[]
[],,ChronoGuru,,,"[{'e': 'text', 't': 'Moderate Conservative'}]",,Moderate Conservative,dark,richtext,t2_19inuh22,False,False,[],"Don't worry, the ironic part is this guy is probably an actual basement dweller who only says this because he's never had to rely on the police and lives in ignorance.",,1590925364,{},fsexgma,False,t3_gtsurj,False,True,t1_fseol6z,/r/Conservative/comments/gtsurj/what_cnn_wont_show_you_michigan_sheriff_throws/fsexgma/,1590925365,1,True,False,Conservative,t5_2qh6p,0,[]
[],,subchop710,,,[],,,,text,t2_3hkluh1,False,False,[],"No, we 100% agree there. Riots aren't the way to fight it.

Until that happened, the right and left were united on this front.

Well, more specifically, until the left began defending the rioting.",,1590925357,{},fsexgby,False,t3_gtr45s,False,True,t1_fseww2q,/r/Conservative/comments/gtr45s/crosspost_from_another_subreddit/fsexgby/,1590925358,1,True,False,Conservative,t5_2qh6p,0,[]
[],,AEgirSystems,,,"[{'e': 'text', 't': 'Constutional Originalist'}]",,Constutional Originalist,dark,richtext,t2_sfes7,False,False,[],"Good, now let's stop watching their dumb movies",,1590925357,{},fsexgax,False,t3_gtq0m1,False,True,t3_gtq0m1,/r/Conservative/comments/gtq0m1/celebrities_blasted_for_donating_to_protester/fsexgax/,1590925357,1,True,False,Conservative,t5_2qh6p,0,[]
[],,raffu280,,,"[{'e': 'text', 't': 'Conservative'}]",,Conservative,dark,richtext,t2_v9e0bi,False,False,[],"""Emperor Palpatine"" himself.",,1590925339,{},fsexfm4,True,t3_gtxnko,False,True,t3_gtxnko,/r/Conservative/comments/gtxnko/george_soros_89_is_still_on_a_quest_to_destroy/fsexfm4/,1590925340,1,True,False,Conservative,t5_2qh6p,0,[]
[],,t_3_s,,,[],,,,text,t2_z1fxh,False,False,[],He stops being able to scream and stops moving 4 minutes into the [video](https://youtu.be/FOIzqRV2w0A)  and the cop keeps his knee on his neck for ~5 minutes after that.,,1590925333,{},fsexfe2,False,t3_gtwwjz,False,True,t1_fsetrui,/r/Conservative/comments/gtwwjz/autopsy_of_george_floyd_revealed_that_drugs_were/fsexfe2/,1590925334,1,True,False,Conservative,t5_2qh6p,0,[]
[],,bmoregood,,,[],,,,text,t2_p4kd6,False,False,[],Late stage r/politics,,1590925303,{},fsexe9r,False,t3_gtl0ke,False,True,t1_fsd3047,/r/Conservative/comments/gtl0ke/bruh/fsexe9r/,1590925305,1,True,False,Conservative,t5_2qh6p,0,[]
[],,regollyek,,,"[{'e': 'text', 't': 'Classical Liberal'}]",,Classical Liberal,dark,richtext,t2_ga677,False,False,[],"Based upon this message you clearly stereotype about half of the country.

I don't watch Fox news, most conservatives don't either. And calling it alt-right just shows your bias.

I'm not even pro-police, I just think BLM has done nothing of value, Kaepernick did nothing of value. People like to be righteous and holy on Twitter but when it comes to real life change they do nothing. Like with Reddit, like with these riots.",,1590925301,{},fsexe59,False,t3_gtgpm5,False,True,t1_fsdbww0,/r/Conservative/comments/gtgpm5/obama_called_rioters_thugs_but_now_that_trump_did/fsexe59/,1590925302,1,True,False,Conservative,t5_2qh6p,0,[]
[],,stormbringer89,,,[],,,,text,t2_7pz2c,False,True,[],I would rather the children grow up into anything rather than being dead or having dead parents.,,1590925299,{},fsexe3b,False,t3_gtlxke,False,True,t1_fsd4g3u,/r/Conservative/comments/gtlxke/scotus_rejects_challenge_to_coronavirus_limits_on/fsexe3b/,1590925300,1,True,False,Conservative,t5_2qh6p,0,[]
[],,GEHAS,,,[],,,,text,t2_1wzpu9ax,False,False,[],Glory to the imprerium,,1590925278,{},fsexd8d,False,t3_gto8ul,False,True,t1_fsdzuzq,/r/Conservative/comments/gto8ul/group_of_men_form_circle_around_outnumbered_cop/fsexd8d/,1590925279,1,True,False,Conservative,t5_2qh6p,0,[]
[],,kyotelife11,,,[],,,,text,t2_3ck5bel0,False,False,[],"I am neither black, nor conservative. That being said, I don't support small businesses and private property being looted and damaged. But I absolutely, 100% support protestors. In fact, I plan on attending a protest in my town this evening. People have every right to be upset and speak out. But aimless property damage is not acceptable.",,1590925238,{},fsexbnv,False,t3_gtotmw,False,True,t3_gtotmw,/r/Conservative/comments/gtotmw/being_a_black_conservative/fsexbnv/,1590925239,1,True,False,Conservative,t5_2qh6p,0,[]
[],,raffu280,,,"[{'e': 'text', 't': 'Conservative'}]",,Conservative,dark,richtext,t2_v9e0bi,False,False,[],Only parts of Chicago.,,1590925228,{},fsexba7,True,t3_gtp42d,False,True,t1_fsdwm5n,/r/Conservative/comments/gtp42d/riots_spiral_out_of_control_cop_cars_torched_in/fsexba7/,1590925229,1,True,False,Conservative,t5_2qh6p,0,[]
[],,beefman202,,,[],,,,text,t2_6dpt3kuh,False,False,[],never said it did? thought we were naming tragedies,,1590925189,{},fsex9t1,False,t3_gtr56j,False,True,t1_fsewxfw,/r/Conservative/comments/gtr56j/now_this_is_what_its_all_about_my_friends_the/fsex9t1/,1590925190,1,True,False,Conservative,t5_2qh6p,0,[]
[],,[deleted],,,,,,dark,,,,,[],[removed],,1590925173,{},fsex98j,False,t3_gtrkgx,False,True,t1_fsedd82,/r/Conservative/comments/gtrkgx/dallas_rioters_nearly_beat_a_man_to_death_for_the/fsex98j/,1590925174,1,True,False,Conservative,t5_2qh6p,0,[]
[],,t_3_s,,,[],,,,text,t2_z1fxh,False,False,[],We can literally [see](https://youtu.be/FOIzqRV2w0A)  the cop have his knee on this neck for ~9 minutes. We can see him stop speaking and moving around 4 minutes in. How are they going to say with a straight face that he did not die of asphyxiation.,,1590925156,{},fsex8kj,False,t3_gtwwjz,False,True,t3_gtwwjz,/r/Conservative/comments/gtwwjz/autopsy_of_george_floyd_revealed_that_drugs_were/fsex8kj/,1590925158,1,True,False,Conservative,t5_2qh6p,0,[]
[],,jasonrodrigue,,,[],,,,text,t2_1plf91qt,False,False,[],"/instantkarma

That’s what he gets.",,1590925152,{},fsex8ev,False,t3_gtx9cq,False,True,t3_gtx9cq,/r/Conservative/comments/gtx9cq/video_blm_rioter_sets_himself_on_fire_with_a/fsex8ev/,1590925153,1,True,False,Conservative,t5_2qh6p,0,[]
[],,RetardMcChucklefucks,,,[],,,,text,t2_5pvut3fq,False,False,[],Yup. Liberals moved on to their next war,,1590925133,{},fsex7pp,False,t3_gtr56j,False,True,t1_fse69ox,/r/Conservative/comments/gtr56j/now_this_is_what_its_all_about_my_friends_the/fsex7pp/,1590925134,1,True,False,Conservative,t5_2qh6p,0,[]
[],,Prankishmanx21,,,"[{'e': 'text', 't': '2A Conservative'}]",,2A Conservative,dark,richtext,t2_10yfjm,False,False,[],Calling it out isn't about trying to change the minds of the left. it's about making sure that the left-wing narrative isn't the only information the normies in the cemter are getting.,,1590925120,{},fsex77j,False,t3_gtmixn,False,True,t1_fsdppyl,/r/Conservative/comments/gtmixn/minnesota_officials_link_arrested_looters_to/fsex77j/,1590925122,1,True,False,Conservative,t5_2qh6p,0,[]
[],,bobobubu000,,,[],,,,text,t2_572bgiit,False,False,[],"Seens like they wanted to take the hat, dude was obviously there to provoke. Cant say what happened but what I did not see anyone attacking the guy, just saw them reaching for the hat that was in guys hand and he was not letting it go.",,1590925113,{},fsex6x2,False,t3_gtrbmj,False,True,t3_gtrbmj,/r/Conservative/comments/gtrbmj/boy_wearing_maga_hat_gets_attacked_by_rioters/fsex6x2/,1590925114,1,True,False,Conservative,t5_2qh6p,0,[]
[],,RetardMcChucklefucks,,,[],,,,text,t2_5pvut3fq,False,False,[],"I've been trying to explain this ""hivemind think"" to people and they think I'm the crazy drone 🤯",,1590925104,{},fsex6ki,False,t3_gtr56j,False,True,t1_fseuaaz,/r/Conservative/comments/gtr56j/now_this_is_what_its_all_about_my_friends_the/fsex6ki/,1590925106,1,True,False,Conservative,t5_2qh6p,0,[]
[],,AEgirSystems,,,"[{'e': 'text', 't': 'Constutional Originalist'}]",,Constutional Originalist,dark,richtext,t2_sfes7,False,False,[],"And you are still watching there movies, why... you gave them the money to fund the destruction of the US",,1590925040,{},fsex44i,False,t3_gtqujv,False,True,t3_gtqujv,/r/Conservative/comments/gtqujv/celebrities_help_minneapolis_protesters_make_bail/fsex44i/,1590925041,1,True,False,Conservative,t5_2qh6p,0,[]
[],,RetardMcChucklefucks,,,[],,,,text,t2_5pvut3fq,False,False,[],I'm in agreement with this dude,,1590925038,{},fsex423,False,t3_gtr56j,False,True,t1_fsevq0n,/r/Conservative/comments/gtr56j/now_this_is_what_its_all_about_my_friends_the/fsex423/,1590925040,1,True,False,Conservative,t5_2qh6p,0,[]
[],,loluwrong,,,[],,,,text,t2_4i3o5,False,False,[],Remember when he got a softball question from a reporter and got his feelings hurt?,,1590924979,{},fsex1ts,False,t3_gtopyu,False,True,t1_fsdg8lr,/r/Conservative/comments/gtopyu/chris_cuomos_viewership_drops_50_after/fsex1ts/,1590924980,1,True,False,Conservative,t5_2qh6p,0,[]
