all_awardings,associated_award,author,author_flair_background_color,author_flair_css_class,author_flair_richtext,author_flair_template_id,author_flair_text,author_flair_text_color,author_flair_type,author_fullname,author_patreon_flair,author_premium,awarders,body,collapsed_because_crowd_control,created_utc,gildings,id,is_submitter,link_id,locked,no_follow,parent_id,permalink,retrieved_on,score,send_replies,stickied,subreddit,subreddit_id,total_awards_received,treatment_tags,edited
[],,paulbrook,,,"[{'e': 'text', 't': 'Conservative Independent'}]",,Conservative Independent,dark,richtext,t2_9fwqrq2,False,False,[],Love it.,,1588887359,{},fpt9rol,False,t3_gfc0er,False,True,t3_gfc0er,/r/Conservative/comments/gfc0er/when_their_only_response_is_people_will_die/fpt9rol/,1588893644,2,True,False,Conservative,t5_2qh6p,0,[],
[],,datguti,,,[],,,,text,t2_1vxwywc9,False,False,[],Well what you want to happen doesn't mean it's going to happen.,,1588887356,{},fpt9rga,False,t3_gfec27,False,True,t3_gfec27,/r/Conservative/comments/gfec27/tara_reade_calls_for_biden_to_drop_out_of/fpt9rga/,1588893641,1,True,False,Conservative,t5_2qh6p,0,[],
[],,UAvi8tor,,,[],,,,text,t2_24ynqkwb,False,False,[],Sweden has incentives to stay safe though,,1588887353,{},fpt9rap,False,t3_gf735f,False,True,t3_gf735f,/r/Conservative/comments/gf735f/sweden_did_not_have_a_lockdown_experts_predicted/fpt9rap/,1588893638,1,True,False,Conservative,t5_2qh6p,0,[],
[],,PurpleAngel23,,PURPLEBOLD,"[{'e': 'text', 't': 'Easter Worshipper'}]",,Easter Worshipper,dark,richtext,t2_1sn5vaw6,False,False,[],It is.,,1588887351,{},fpt9r5i,True,t3_gf9p9f,False,True,t1_fpt279z,/r/Conservative/comments/gf9p9f/i_swear_to_god/fpt9r5i/,1588893636,1,True,False,Conservative,t5_2qh6p,0,[],
[],,dieseloter,,,[],,,,text,t2_q9jkv,False,False,[],"I don't think you're right. Just personal experience, but when I've been in the US and talked to people about Norway, the majority I feel like think the country is very socialist, and seem surprised when I explain how it's not. 

But, I think especially radical leftists exploit how Scandinavian countries are talked about the media, then claim that's socialism.",,1588887350,{},fpt9r37,False,t3_gf735f,False,False,t1_fpt8j1b,/r/Conservative/comments/gf735f/sweden_did_not_have_a_lockdown_experts_predicted/fpt9r37/,1588893635,11,True,False,Conservative,t5_2qh6p,0,[],
[],,ahrimanic_trance,,,"[{'e': 'text', 't': 'The Realest'}]",,The Realest,dark,richtext,t2_iu9uz,False,False,[],I feel like a citizen would probably get disappeared if they didn't answer positively about China in this survey,,1588887346,{},fpt9qrs,True,t3_gffr8x,False,True,t3_gffr8x,/r/Conservative/comments/gffr8x/china_gets_top_score_as_citizens_rank_their/fpt9qrs/,1588893630,1,True,False,Conservative,t5_2qh6p,0,[],
[],,[deleted],,,,,,dark,,,,,[],[deleted],,1588887341,{},fpt9qdu,False,t3_gd9sxi,False,True,t1_fpihj97,/r/Conservative/comments/gd9sxi/shes_sorry/fpt9qdu/,1588893624,1,True,False,Conservative,t5_2qh6p,0,[],
[],,dfaen,,,[],,,,text,t2_4d9d6m5x,False,False,[],"I think you might find that there would be a lot of resistance from the right for certain groups to be armed. Not all liberals hate guns. Not all conservatives like guns. The whole debate, like the majority of debates in this country, are manipulated to benefit off the back of the common person. Do people genuinely think the NRA cares about its rank and file members? Or is it more likely it serves vested interests? To be clear I don’t have a problem with gun ownership existing, however, there needs to a sensible framework in place. I doubt anyone is going to disagree with the position that a rich person shouldn’t be able to just go and buy themselves a fighter jet, or a fully operational tank. The fear mongering that liberals are out for people’s guns is whipped up by the right unfortunately. It’s sad because it simply pits regular Americans against each other only to benefit vested interests.",,1588887340,{},fpt9qc2,False,t3_gf9lsr,False,True,t1_fpt7zpb,/r/Conservative/comments/gf9lsr/greg_abbott_eliminates_jail_for_texas_business/fpt9qc2/,1588893623,-4,True,False,Conservative,t5_2qh6p,0,[],
[],,poopdeck,,,[],,,,text,t2_309ca,False,False,[],"I claim that more citizens of that country actually pay taxes vs. drain the welfare system, enabling a better life for all who buy in",,1588887332,{},fpt9pqg,False,t3_gf735f,False,False,t1_fpt6a7o,/r/Conservative/comments/gf735f/sweden_did_not_have_a_lockdown_experts_predicted/fpt9pqg/,1588893614,8,True,False,Conservative,t5_2qh6p,0,[],
[],,XilentRain,,,[],,,,text,t2_5qsxv,False,True,[],Help me out can anyone give me a source for historical figures of mail in or absentee ballot fraud?,,1588887330,{},fpt9plo,False,t3_gfe30h,False,True,t3_gfe30h,/r/Conservative/comments/gfe30h/and_it_begins_cdc_recommends_mailin_voting_due_to/fpt9plo/,1588893611,-1,True,False,Conservative,t5_2qh6p,0,[],
[],,brendbil,,,[],,,,text,t2_4k8g2atd,False,False,[],"A minority of them are doing it now, and a smaller minority of us. But yes, our civilisation has come further and I think our beliefs and ideals are better.",,1588887326,{},fpt9pcw,False,t3_gf735f,False,True,t1_fpt8ksq,/r/Conservative/comments/gf735f/sweden_did_not_have_a_lockdown_experts_predicted/fpt9pcw/,1588893607,1,True,False,Conservative,t5_2qh6p,0,[],
[],,[deleted],,,,,,dark,,,,,[],[removed],,1588887326,{},fpt9pbv,False,t3_gf5dzo,False,True,t1_fprnm4r,/r/Conservative/comments/gf5dzo/huge_update_dr_fauci_and_dr_birx_used_imperial/fpt9pbv/,1588893607,1,True,False,Conservative,t5_2qh6p,0,[],
[],,allstarsean,,,[],,,,text,t2_976qm,False,False,[],"By this logic then our president has being assaulting tons of people on Twitter, even minors.",,1588887317,{},fpt9om0,False,t3_gf7n2y,False,True,t1_fpsewr8,/r/Conservative/comments/gf7n2y/facebook_appoints_woman_who_attacked_13yearold/fpt9om0/,1588893595,2,True,False,Conservative,t5_2qh6p,0,[],
[],,russiabot1776,,,"[{'e': 'text', 't': 'Путин-мой приятель'}]",,Путин-мой приятель,dark,richtext,t2_p5f5s0l,False,False,[],If you have anything to be added let me know!,,1588887308,{},fpt9o0o,False,t3_gf95h6,False,False,t1_fpsxvf9,/r/Conservative/comments/gf95h6/cbs_news_admits_to_airing_staged_coronavirus_clip/fpt9o0o/,1588893586,4,True,False,Conservative,t5_2qh6p,0,[],
[],,jackmagger,,,"[{'e': 'text', 't': 'Proud American'}]",,Proud American,dark,richtext,t2_361xmukn,False,False,[],"Yeah it’s all bullshit. They just want to take anything they can from law abiding citizens.

Criminals who possess illegal firearms or illegally obtained firearms will not give them up just because of a new law. They’re already breaking the law so what’s new? 

Why is it so hard to understand such a simple concept?",,1588887306,{},fpt9nu0,False,t3_gffl7s,False,False,t3_gffl7s,/r/Conservative/comments/gffl7s/we_only_want_to_ban_military_grade_weapons_2/fpt9nu0/,1588893582,19,True,False,Conservative,t5_2qh6p,0,[],
[],,SPF_Infinity,,,[],,,,text,t2_459vfiil,False,False,[],"We also have wayyyy more money than those countries in every measurable way. GDP, per capita, etc...

So why if we are the richest and greatest country in the world are we unable to recreate the success that other countries have had?",,1588887290,{},fpt9mn1,False,t3_gf735f,False,True,t1_fpt9e20,/r/Conservative/comments/gf735f/sweden_did_not_have_a_lockdown_experts_predicted/fpt9mn1/,1588893563,3,True,False,Conservative,t5_2qh6p,0,[],
[],,[deleted],,,,,,dark,,,,,[],[removed],,1588887265,{},fpt9kx4,False,t3_gff51l,False,True,t3_gff51l,/r/Conservative/comments/gff51l/doj_drops_michael_flynn_prosecution/fpt9kx4/,1588893537,1,True,False,Conservative,t5_2qh6p,0,[],
[],,benjamin_chr,,,[],,,,text,t2_l5mlqax,False,False,[],Everything is better than trump😊,,1588887260,{},fpt9ki3,False,t3_gf5c44,False,True,t3_gf5c44,/r/Conservative/comments/gf5c44/democrats_are_suddenly_okay_with_voting_for_a_man/fpt9ki3/,1588893529,1,True,False,Conservative,t5_2qh6p,0,[],
[],,wiking11b,,,[],,,,text,t2_4dv4g3p3,False,False,[],"And that was just a comparison for 2 states, nothing to do with the national debt. Nice try, though.",,1588887249,{},fpt9jrm,False,t3_geu8uz,False,True,t1_fpt9gqi,/r/Conservative/comments/geu8uz/but_thats_none_of_my_business/fpt9jrm/,1588893518,1,True,False,Conservative,t5_2qh6p,0,[],
[],,[deleted],,,,,,dark,,,,,[],[removed],,1588887240,{},fpt9j2r,False,t3_gf735f,False,True,t1_fpstolh,/r/Conservative/comments/gf735f/sweden_did_not_have_a_lockdown_experts_predicted/fpt9j2r/,1588893506,1,True,False,Conservative,t5_2qh6p,0,[],
[],,Standard_Stand,,,[],,,,text,t2_65cp4zcz,False,False,[],Gooden. Fucking autocorrect,,1588887222,{},fpt9htx,False,t3_gfbdop,False,True,t1_fpt7alr,/r/Conservative/comments/gfbdop/darryl_strawberry_goes_to_bat_for_trump_steps_up/fpt9htx/,1588893486,1,True,False,Conservative,t5_2qh6p,0,[],
[],,wiking11b,,,[],,,,text,t2_4dv4g3p3,False,False,[],You're right. It's worse.,,1588887206,{},fpt9gqi,False,t3_geu8uz,False,True,t1_fpt8ash,/r/Conservative/comments/geu8uz/but_thats_none_of_my_business/fpt9gqi/,1588893468,1,True,False,Conservative,t5_2qh6p,0,[],
[],,TrumpTrainFullSteam,,,[],,,,text,t2_omfrp4v,False,False,[],Haha look at the melt down in politics. Lmfao. Those idiots and Chyna bots are straight up retarded.,,1588887182,{},fpt9f16,False,t3_gfc9nz,False,True,t3_gfc9nz,/r/Conservative/comments/gfc9nz/justice_dept_dropping_flynns_criminal_case/fpt9f16/,1588893441,2,True,False,Conservative,t5_2qh6p,0,[],
[],,DM_ME_SKITTLES,,,[],,,,text,t2_4357n3nf,False,False,[],That's such a hard comparison to make. We have many cities in the US with higher populations than any of those ENTIRE countries. We are far more diverse in ethnic backgrounds and everything else you could name. Which means lots more people living in poverty and lots more people making millions. The US in general is all about keeping up with the Jones's and our culture suffers because of that.,,1588887168,{},fpt9e20,False,t3_gf735f,False,False,t1_fpt8e7v,/r/Conservative/comments/gf735f/sweden_did_not_have_a_lockdown_experts_predicted/fpt9e20/,1588893425,23,True,False,Conservative,t5_2qh6p,0,[],
[],,ObviousTrollxx32,,,"[{'e': 'text', 't': 'ΜΟΛΩΝ ΛΑΒΕ'}]",,ΜΟΛΩΝ ΛΑΒΕ,dark,richtext,t2_3tfbwlfk,False,False,[],"B-b-but, I thought Canada was SO much better than the US! Canada doesn't have a gun problem! Why do they need to even bother! 

/s for the blind",,1588887164,{},fpt9dre,False,t3_gffl7s,False,False,t3_gffl7s,/r/Conservative/comments/gffl7s/we_only_want_to_ban_military_grade_weapons_2/fpt9dre/,1588893421,38,True,False,Conservative,t5_2qh6p,0,[],
[],,BeefyBelisarius,,,"[{'e': 'text', 't': 'Marxism Delenda Est'}]",,Marxism Delenda Est,dark,richtext,t2_3qjn9gzc,False,False,[],"&gt; we fired all the people who DIDN'T have integrity

Just a handful. Many, many more still need firing.",,1588887159,{},fpt9deq,False,t3_gfc9nz,False,True,t1_fpsy93l,/r/Conservative/comments/gfc9nz/justice_dept_dropping_flynns_criminal_case/fpt9deq/,1588893415,2,True,False,Conservative,t5_2qh6p,0,[],
[],,elleand202,,,"[{'e': 'text', 't': 'Mug Club'}]",,Mug Club,dark,richtext,t2_2j1fiwe4,False,False,[],"Stop acting like ""science"" is this monolithic bloc. And anyways, not questioning the consensus goes against the very core of the scientific method. You're suppose to hypothesize, and test, and see if the results confirm prior knowledge or cast doubt on it.

If you can't question it, it becomes a dogma.",,1588887156,{},fpt9d7w,False,t3_gf5crp,False,True,t1_fpshsg6,/r/Conservative/comments/gf5crp/this_is_not_the_new_normal_of_a_free_nation/fpt9d7w/,1588893411,2,True,False,Conservative,t5_2qh6p,0,[],
[],,cybervision2100,,,[],,,,text,t2_5o3mf1jk,False,False,[],How do you feel about becoming a Muslim colony,,1588887155,{},fpt9d5f,False,t3_gf735f,False,True,t1_fpsm8o2,/r/Conservative/comments/gf735f/sweden_did_not_have_a_lockdown_experts_predicted/fpt9d5f/,1588893410,1,True,False,Conservative,t5_2qh6p,0,[],
[],,GruntledSymbiont,,,"[{'e': 'text', 't': 'CONSERVATIVE'}]",,CONSERVATIVE,dark,richtext,t2_dbrlp,False,False,[],"No, not OK, just never going to stop in the islamic world. This is permanently normalized behavior so consider very carefully before you allow muslims into your country or anywhere near your own children.",,1588887152,{},fpt9cx6,False,t3_gex3hn,False,True,t1_fpt72my,/r/Conservative/comments/gex3hn/everything_that_is_wrong_with_our_country_right/fpt9cx6/,1588893407,1,True,False,Conservative,t5_2qh6p,0,[],
[],,radiofreejoe,,,[],,,,text,t2_6afi8,False,False,[],What's your opinion on Trudeau's handling of covid?,,1588887149,{},fpt9crg,False,t3_gf9lsr,False,True,t1_fpsnfwc,/r/Conservative/comments/gf9lsr/greg_abbott_eliminates_jail_for_texas_business/fpt9crg/,1588893404,2,True,False,Conservative,t5_2qh6p,0,[],
[],,[deleted],,,,,,dark,,,,,[],[removed],,1588887100,{},fpt9996,False,t3_gfdnmk,False,True,t1_fpt13mk,/r/Conservative/comments/gfdnmk/breaking_flynn_case_dropped_by_justice_department/fpt9996/,1588893347,1,True,False,Conservative,t5_2qh6p,0,[],
[],,suhdude539,,,[],,,,text,t2_2wmmfv5v,False,False,[],"How exactly are you losing your right to free speech and religion? You can still say whatever you want, and you can still practice whatever religion you want. There’s nothing that’s stopping you from kneeling towards Mecca 5 times a day inside your own home",,1588887084,{},fpt984d,False,t3_gf5bth,False,True,t1_fpru3hz,/r/Conservative/comments/gf5bth/the_shutdown_is_the_largest_infringement_of/fpt984d/,1588893330,-1,True,False,Conservative,t5_2qh6p,0,[],
[],,LesterBurnham3409,,,[],,,,text,t2_104jos,False,False,[],"However, that is not the position that liberals take on the matter.",,1588887083,{},fpt9828,False,t3_gf735f,False,True,t1_fpt4071,/r/Conservative/comments/gf735f/sweden_did_not_have_a_lockdown_experts_predicted/fpt9828/,1588893329,1,True,False,Conservative,t5_2qh6p,0,[],
[],,Drunkenly_Responding,,,"[{'e': 'text', 't': 'Conservative'}]",,Conservative,dark,richtext,t2_c3zuv,False,False,[],"\&gt;  We’ll get them back. 

I remember in 2001 the country being scared as shit, we were all too willing to go with the changes and laws that were created under the guise that they would protect our freedom. 

There's certainly been no abuses of the Patriot Act ever...",,1588887071,{},fpt977b,False,t3_gf5bth,False,True,t1_fpspgb3,/r/Conservative/comments/gf5bth/the_shutdown_is_the_largest_infringement_of/fpt977b/,1588893315,3,True,False,Conservative,t5_2qh6p,0,[],
[],,[deleted],,,,,,dark,,,,,[],[removed],,1588887067,{},fpt96x9,False,t3_gfaj1q,False,True,t3_gfaj1q,/r/Conservative/comments/gfaj1q/the_cumulative_number_new_york_times_headlines/fpt96x9/,1588893310,1,True,False,Conservative,t5_2qh6p,0,[],
[],,fifaislife206,,,"[{'e': 'text', 't': 'Reagan Conservative'}]",,Reagan Conservative,dark,richtext,t2_qwcbo,False,False,[],Is that English?,,1588887060,{},fpt96f2,False,t3_gf735f,False,False,t1_fpt6kvc,/r/Conservative/comments/gf735f/sweden_did_not_have_a_lockdown_experts_predicted/fpt96f2/,1588893301,4,True,False,Conservative,t5_2qh6p,0,[],
[],,PsychoPusheen,,,[],,,,text,t2_2hvotf58,False,False,[],"Snowden worked for the NSA and the US actively tried to extradite him, he is a credible source.

Project Veritas is a political group, their only purpose is to sway individuals into an ideology or idea.

And before you keep making assumptions without any evidence, I don’t watch CNN nor FoxNews (both equally bad) 

Let me give it back to you, keep feeding on what some internet clowns tell you what’s true and what isn’t.",,1588887052,{},fpt95u2,False,t3_gf5crp,False,True,t1_fpt66f4,/r/Conservative/comments/gf5crp/this_is_not_the_new_normal_of_a_free_nation/fpt95u2/,1588893291,0,True,False,Conservative,t5_2qh6p,0,[],
[],,nycfjc,,,[],,,,text,t2_1av27ocm,False,False,[],"Ever had a conversation with a Liberal?

If it's not reported on CNN or MSNBC, or written in the WaPo or NUT, it's incorrect, evil and not to be believed.

Rub their noses in FACTS all you want. Won't work.

Like the Reagan quote...

""Well, the trouble with our liberal friends is not that they're ignorant; it's just that they know so much that isn't so.” ",,1588887050,{},fpt95pt,False,t3_gfdnmk,False,True,t1_fpsz5sb,/r/Conservative/comments/gfdnmk/breaking_flynn_case_dropped_by_justice_department/fpt95pt/,1588893290,3,True,False,Conservative,t5_2qh6p,0,[],
[],,skarface6,,,"[{'e': 'text', 't': 'Easter Worshipper'}]",,Easter Worshipper,dark,richtext,t2_3upit,False,False,[],Sure you can.,,1588887041,{},fpt953f,True,t3_gfc0er,False,True,t1_fpt8yem,/r/Conservative/comments/gfc0er/when_their_only_response_is_people_will_die/fpt953f/,1588893279,3,True,False,Conservative,t5_2qh6p,0,[],
[],,DamagingChicken,,,[],,,,text,t2_9lcv5,False,False,[],Exactly! Joe Biden has been quoted saying we all must believe all women and he is not following his own directive hahaha,,1588887039,{},fpt94xs,False,t3_gf5c44,False,True,t1_fpt78pc,/r/Conservative/comments/gf5c44/democrats_are_suddenly_okay_with_voting_for_a_man/fpt94xs/,1588893276,1,True,False,Conservative,t5_2qh6p,0,[],
[],,dieseloter,,,[],,,,text,t2_q9jkv,False,False,[],"No correlation is not causation. 
But, Norway and Sweden are extremely similar in political structure, societal structure, distribution of age, general health, and very similar in terms of culture. Comparing Norway and Sweden culturally is almost like comparing Canada and the US. 

Now I truly believe Norway handled it better than Sweden, because we were preventative. Because of that, we are able to open society up rather quickly. Schools are opening up next week nation wide as an example. We have several times less deaths than Sweden, per capita. And heard immunity is not necessarily something to count on. But time will tell. 

Sweden has about the same amount per capita as the US in terms of deaths, that's true. Could that be something one could expect give the population density in the hardest hit areas in the US, even when one shuts down? 

Now there are plenty of articles floating around both supporting shutdowns, and claiming them to be ineffective. 

Time will tell, we haven't experienced anything such as this in modern times.",,1588887035,{},fpt94mh,False,t3_gf735f,False,True,t1_fpt7rnq,/r/Conservative/comments/gf735f/sweden_did_not_have_a_lockdown_experts_predicted/fpt94mh/,1588893272,3,True,False,Conservative,t5_2qh6p,0,[],
[],,LesterBurnham3409,,,[],,,,text,t2_104jos,False,False,[],"I love it when people bring up the ""grab 'em by the pussy"" quote. Because it's not what he said. what he actually said was, "" ...I just start kissing them. It’s like a magnet. Just kiss. I don’t even wait. And when you’re a star, they let you do it. You can do anything.  Grab ’em by the pussy. You can do anything. ""

 He is clearly saying that because he is star women **LET HIM** do those things. Which means he had consent.  Is it crass and vulgar? Absolutely. But I challenge anyone to deny that Trump had women throwing themselves at him because he is rich and famous.",,1588887017,{},fpt93ee,False,t3_gf735f,False,True,t1_fpszkju,/r/Conservative/comments/gf735f/sweden_did_not_have_a_lockdown_experts_predicted/fpt93ee/,1588893251,3,True,False,Conservative,t5_2qh6p,0,[],
[],,brendbil,,,[],,,,text,t2_4k8g2atd,False,False,[],"Fair comment, thank you. I'm no expert either.

I think our public health agency have made crucial mistakes. In terms of strategy to a part, but mostly in terms of messaging. I concede that keeping lots of industries open have increased the deaths, but in my opinion so does recession and isolation. I notice that just by working from home - I miss the gym, I drink more. I don't sleep or eat as well. I'm less motivated. I feel isolated even though I'm married and can still keep my job. Imagine being evicted or just living alone and unemployed. 

(Paraphrased) Tegnell said there was no course for alarm if you travelled in Wuhan in January. He said there was no reason to cancel skiing trips to the Alps in February. He said it doesn't spread human to human, and that masks or face-guards (the plastic visir) didn't make a difference in elder care homes. Why he was made the front man, and why he was so wrong I don't know. But that's a major factor in my opinion, imagine the premier authority saying such things. Of course the spread increases. This also meant parties and public gatherings that shouldn't have happened did.

Maybe a cure is around the corner, maybe it isn't. From the numbers I believe 20% of urban Swedees have been exposed, more than in Norway. That may mean it will be over sooner here, but who knows?

Edit - I will also add that Swedes are careful. My grandmother has only met my aunt the past month, who does her shopping. I have been into the office twice the last month. It's not like we just ignore it.",,1588887002,{},fpt92a7,False,t3_gf735f,False,True,t1_fpt31x7,/r/Conservative/comments/gf735f/sweden_did_not_have_a_lockdown_experts_predicted/fpt92a7/,1588893233,1,True,False,Conservative,t5_2qh6p,0,[],
[],,DamagingChicken,,,[],,,,text,t2_9lcv5,False,False,[],The post title literally says “accused of rape” learn to read,,1588886996,{},fpt91vq,False,t3_gf5c44,False,True,t1_fpt5pzq,/r/Conservative/comments/gf5c44/democrats_are_suddenly_okay_with_voting_for_a_man/fpt91vq/,1588893227,2,True,False,Conservative,t5_2qh6p,0,[],
[],,Tells_you_a_tale,,,"[{'e': 'text', 't': 'Often has ""concerns""'}]",,"Often has ""concerns""",dark,richtext,t2_a5n12,False,False,[],"
&gt;it's the blue policies in the blue parts of the red state that are getting all of the federal money.

Again you have to prove this. If someone receives unemployment that is funded via federal government grant it makes sense they would vote blue. Since cutting welfare is a huge red talking point. You can't just claim its blue policy without backing it up.

&gt;because red state budgets and taxes are generally lower than blue state budgets and taxes. So blue states with higher taxes statewide can generally pay for their services, because of the higher state taxes. 

So what I'm getting from this is poor red state budgeting and tax policies result it more stable blue states footing the bill for them. How is this not blue states funding red states?

&gt;raise local city/county taxes instead. 

Because the social programs were talking about are state level. Which means the state is the entity that does (or doesn't) fund them with state taxes. City and county revenues generally stay in the city or county. Though some of the money will go to welfare programs most is earmarked for police, infrastructure, education, parks, sewage supply, water distribution, public transit and fire suppression. Federal and state Grant's are how nearly all social programs are funded

&gt;Here's a better idea: don't spend what you don't have.

That's the exact point. If the federal government suddenly disappeared, most blue states would be alright, most red ones would not.",,1588886994,{},fpt91pd,False,t3_geu8uz,False,True,t1_fpt6cmf,/r/Conservative/comments/geu8uz/but_thats_none_of_my_business/fpt91pd/,1588893224,1,True,False,Conservative,t5_2qh6p,0,[],
[],,PopeVsJesus,,,[],,,,text,t2_5w3f0,False,False,[],All the natural chemical processes in my brain can be classified as drugs.,,1588886969,{},fpt8zvq,False,t3_gfcmjs,False,True,t1_fpt26sc,/r/Conservative/comments/gfcmjs/san_francisco_gives_free_drugs_alcohol_to/fpt8zvq/,1588893194,1,True,False,Conservative,t5_2qh6p,0,[],
[],,skarface6,,,"[{'e': 'text', 't': 'Easter Worshipper'}]",,Easter Worshipper,dark,richtext,t2_3upit,False,False,[],"So, there are zero self defense cases where the killer should avoid prosecution? Or any kind of case of involuntary manslaughter and the like?",,1588886968,{},fpt8zun,False,t3_gf9odd,False,True,t1_fpt8nd3,/r/Conservative/comments/gf9odd/lebron_james_black_people_literally_hunted/fpt8zun/,1588893193,2,True,False,Conservative,t5_2qh6p,0,[],
[],,Well_thatwas_random,,,"[{'e': 'text', 't': 'Conservative'}]",,Conservative,dark,richtext,t2_n3mkm,False,False,[],I’m thinking of dropping [this](https://giphy.com/gifs/trump-donald-sprinkles-3oKIPf1BaBDILVxbYA) into that r/politics thread.  Wonder how many downvotes I’d get.,,1588886967,{},fpt8zsp,False,t3_gfc9nz,False,True,t3_gfc9nz,/r/Conservative/comments/gfc9nz/justice_dept_dropping_flynns_criminal_case/fpt8zsp/,1588893192,2,True,False,Conservative,t5_2qh6p,0,[],
[],,workforyourstuff,,,"[{'e': 'text', 't': 'Atheist Conservative'}]",,Atheist Conservative,dark,richtext,t2_3l9wd2ha,False,False,[],"Well maybe if Planned Parenthood wasn’t using their funding that was paid for with taxpayer money to donate to political parties, they wouldn’t have that problem.",,1588886966,{},fpt8zpp,False,t3_gf5c44,False,True,t1_fpt3qsz,/r/Conservative/comments/gf5c44/democrats_are_suddenly_okay_with_voting_for_a_man/fpt8zpp/,1588893191,2,True,False,Conservative,t5_2qh6p,0,[],
[],,CyrusBishop,,,[],,,,text,t2_ncw406e,False,False,[],"Well the big difference is that the  Ford stories were all in  support of what she was saying was true. 

All the Reade stories are pretty much calling her a liar and the NYT ""investigation"" showed there was nothing there ..except unwanted touching and sniffing that made women feel u comfortable",,1588886964,{},fpt8zjo,False,t3_gfaj1q,False,False,t3_gfaj1q,/r/Conservative/comments/gfaj1q/the_cumulative_number_new_york_times_headlines/fpt8zjo/,1588893189,3,True,False,Conservative,t5_2qh6p,0,[],
[],,Night_modegood,,,[],,,,text,t2_5yixfc75,False,False,[],The main thing is that I can't spam it to friends,,1588886948,{},fpt8yem,False,t3_gfc0er,False,True,t1_fpt8ndq,/r/Conservative/comments/gfc0er/when_their_only_response_is_people_will_die/fpt8yem/,1588893170,3,True,False,Conservative,t5_2qh6p,0,[],
[],,dollardave,,,[],,,,text,t2_rbjgo,False,False,[],NY is having a hard time? Why did USNS Comfort leave NYC? Why have all the temporary and make shift field hospitals been removed?,,1588886943,{},fpt8y32,False,t3_gfc0er,False,False,t1_fpt6art,/r/Conservative/comments/gfc0er/when_their_only_response_is_people_will_die/fpt8y32/,1588893165,12,True,False,Conservative,t5_2qh6p,0,[],
[],,L0rdOfBac0n,,,[],,,,text,t2_5zjxq3r2,False,False,[],They probably have better ways to do it than fucking giving them alcohol,,1588886930,{},fpt8x50,False,t3_gfcmjs,False,True,t1_fpt8ury,/r/Conservative/comments/gfcmjs/san_francisco_gives_free_drugs_alcohol_to/fpt8x50/,1588893150,1,True,False,Conservative,t5_2qh6p,0,[],
[],,shalomV2,,,[],,,,text,t2_4dox96y9,False,False,[],"Great contribution to the post, important ethos there too hahaha.",,1588886919,{},fpt8wbw,False,t3_gf735f,False,True,t1_fpstolh,/r/Conservative/comments/gf735f/sweden_did_not_have_a_lockdown_experts_predicted/fpt8wbw/,1588893136,1,True,False,Conservative,t5_2qh6p,0,[],
[],,corky63,,,[],,,,text,t2_12vskv,False,False,[],If I had an Airbnb I would worry that the city would force a homeless person on me at a rate that they would set like Medicare does with hospitals.,,1588886913,{},fpt8vww,False,t3_gf6fk4,False,True,t3_gf6fk4,/r/Conservative/comments/gf6fk4/la_city_council_votes_to_name_hotels_that_refuse/fpt8vww/,1588893129,2,True,False,Conservative,t5_2qh6p,0,[],
[],,GuerillaYourDreams,,,"[{'e': 'text', 't': 'Strong Conservative'}]",,Strong Conservative,dark,richtext,t2_3crxvutd,False,False,[],I think it’s a combination of lots of young people and lots of bots and paid shills!,,1588886912,{},fpt8vuh,False,t3_gfc9nz,False,True,t1_fpt7vq2,/r/Conservative/comments/gfc9nz/justice_dept_dropping_flynns_criminal_case/fpt8vuh/,1588893128,3,True,False,Conservative,t5_2qh6p,0,[],
[],,jumpei_danglo,,,[],,,,text,t2_d8uj8,False,False,[],"This is incoherent.  Why are they supposed to ""stand up to strong women that happen to have different views""?",,1588886911,{},fpt8vr0,False,t3_gf5c44,False,True,t1_fpsveab,/r/Conservative/comments/gf5c44/democrats_are_suddenly_okay_with_voting_for_a_man/fpt8vr0/,1588893126,-2,True,False,Conservative,t5_2qh6p,0,[],
[],,PopeVsJesus,,,[],,,,text,t2_5w3f0,False,False,[],Alcoholics can die if they suddenly stop drinking it.,,1588886898,{},fpt8ury,False,t3_gfcmjs,False,True,t1_fpszgwf,/r/Conservative/comments/gfcmjs/san_francisco_gives_free_drugs_alcohol_to/fpt8ury/,1588893111,0,True,False,Conservative,t5_2qh6p,0,[],
[],,hgghjhg7776,,,"[{'e': 'text', 't': 'Constitutional Conservative'}]",,Constitutional Conservative,dark,richtext,t2_4l5x11v1,False,False,[],"&gt;Scandinavian countries are not socialist whatsoever. There is a difference between socialism and high taxes that support social programs.

High taxation, wealth redistribution, social engineering and forced collectivized social programs are all hallmarks of socialism. 

In the US we have a bastardized health care system which is why it is so broken. If insurance acted as insurance and the healthcare marketplace operated the way food marketplaces operate, our system would be the envy of the world. We could still spend a fortune on people who dont or wont work and still come out ahead.",,1588886879,{},fpt8tco,False,t3_gf735f,False,False,t1_fpstolh,/r/Conservative/comments/gf735f/sweden_did_not_have_a_lockdown_experts_predicted/fpt8tco/,1588893089,4,True,False,Conservative,t5_2qh6p,0,[],1588890078.0
[],,Thuggled,,,"[{'e': 'text', 't': 'Aggresively Conservative'}]",,Aggresively Conservative,dark,richtext,t2_6u4ui,False,False,[],"Well, your business may or may not  survive others have to be open.  It's fucked that they don't get to take the risks.",,1588886868,{},fpt8slo,False,t3_gf735f,False,False,t1_fpt57ms,/r/Conservative/comments/gf735f/sweden_did_not_have_a_lockdown_experts_predicted/fpt8slo/,1588893075,4,True,False,Conservative,t5_2qh6p,0,[],1588888286.0
[],,RonPaulaAbdulJubar,,,[],,,,text,t2_cryhi,False,False,[],glorious reddit meltdown lol,,1588886867,{},fpt8sk5,False,t3_gfcxqq,False,False,t3_gfcxqq,/r/Conservative/comments/gfcxqq/doj_drops_case_against_michael_flynn_in_wake_of/fpt8sk5/,1588893075,7,True,False,Conservative,t5_2qh6p,0,[],
[],,flacopaco1,,,[],,,,text,t2_iien0lt,False,False,[],I think you just killed half of this user base lol,,1588886867,{},fpt8shq,False,t3_gf735f,False,True,t1_fpstolh,/r/Conservative/comments/gf735f/sweden_did_not_have_a_lockdown_experts_predicted/fpt8shq/,1588893074,-2,True,False,Conservative,t5_2qh6p,0,[],
[],,FreeThoughts22,,,"[{'e': 'text', 't': 'Reagan Conservative'}]",,Reagan Conservative,dark,richtext,t2_yy6oi,False,False,[],Only time will tell for sure. I’m betting Norway gets a 2nd wave 1month after they reopen while infections in sweden fall sharply. If herd immunity isn’t a thing as you say a vaccine also won’t work.,,1588886858,{},fpt8rwf,False,t3_gf735f,False,False,t1_fpt7vob,/r/Conservative/comments/gf735f/sweden_did_not_have_a_lockdown_experts_predicted/fpt8rwf/,1588893064,6,True,False,Conservative,t5_2qh6p,0,[],
[],,cbrad1713,,,[],,,,text,t2_bnkw6,False,False,[],"Just to verify, this is the guy that plead guilty, right?",,1588886851,{},fpt8rdo,False,t3_gfd5fi,False,True,t3_gfd5fi,/r/Conservative/comments/gfd5fi/he_is_an_innocent_man_trump_happy_after_doj_drops/fpt8rdo/,1588893056,-5,True,False,Conservative,t5_2qh6p,0,[],
[],,imcomingbackagain,,,[],,,,text,t2_4do7sng4,False,False,[],"Thank you.

What draws you to being liberal? What are your main issues that you feel strongly about?",,1588886831,{},fpt8px1,False,t3_gf735f,False,True,t1_fpstqds,/r/Conservative/comments/gf735f/sweden_did_not_have_a_lockdown_experts_predicted/fpt8px1/,1588893032,2,True,False,Conservative,t5_2qh6p,0,[],
[],,RollingOwl,,,[],,,,text,t2_12v7gtq3,False,False,[],Yes but jails aren’t that much nicer or cleaner than prisons.,,1588886817,{},fpt8owj,False,t3_gf5crp,False,True,t1_fps76gd,/r/Conservative/comments/gf5crp/this_is_not_the_new_normal_of_a_free_nation/fpt8owj/,1588893015,1,True,False,Conservative,t5_2qh6p,0,[],
[],,PickleRick750,,,[],,,,text,t2_kh52o0k,False,False,[],Why dontchya go cough on someone you sociopath.,,1588886806,{},fpt8o2f,False,t3_gegi2d,False,True,t1_fpt5sex,/r/Conservative/comments/gegi2d/tx_salon_owner_arrested_for_opening_up_she_was/fpt8o2f/,1588893002,1,True,False,Conservative,t5_2qh6p,0,[],
[],,Venus230,,,[],,,,text,t2_4ppb8q10,False,True,[],Trudeau is Castro.,,1588886802,{},fpt8nud,True,t3_gffl7s,False,False,t3_gffl7s,/r/Conservative/comments/gffl7s/we_only_want_to_ban_military_grade_weapons_2/fpt8nud/,1588892998,36,True,False,Conservative,t5_2qh6p,0,[],
[],,skarface6,,,"[{'e': 'text', 't': 'Easter Worshipper'}]",,Easter Worshipper,dark,richtext,t2_3upit,False,False,[],It’s the underlying mentality.,,1588886796,{},fpt8ndq,True,t3_gfc0er,False,True,t1_fpt1k5o,/r/Conservative/comments/gfc0er/when_their_only_response_is_people_will_die/fpt8ndq/,1588892991,3,True,False,Conservative,t5_2qh6p,0,[],
[],,SubjectQuote3,,,[],,,,text,t2_4knry6l6,False,False,[],"""So, any time that someone is killed the person killing them should be indicted? Is that your standard?""

&amp;#x200B;

YES haha wtf",,1588886795,{},fpt8nd3,False,t3_gf9odd,False,True,t1_fpsxk9d,/r/Conservative/comments/gf9odd/lebron_james_black_people_literally_hunted/fpt8nd3/,1588892991,3,True,False,Conservative,t5_2qh6p,0,[],
[],,skarface6,,,"[{'e': 'text', 't': 'Easter Worshipper'}]",,Easter Worshipper,dark,richtext,t2_3upit,False,False,[],"&gt;it’s the best rap

FTFY",,1588886775,{},fpt8lvo,True,t3_gfc0er,False,True,t1_fpsxn65,/r/Conservative/comments/gfc0er/when_their_only_response_is_people_will_die/fpt8lvo/,1588892966,2,True,False,Conservative,t5_2qh6p,0,[],
[],,Well_thatwas_random,,,"[{'e': 'text', 't': 'Conservative'}]",,Conservative,dark,richtext,t2_n3mkm,False,False,[],For sure. It basically is a leftist group that only upvotes when you say we must stay at home and not let anyone die while tearing up the constitution.,,1588886766,{},fpt8l70,False,t3_gfc9nz,False,True,t1_fpt1g5p,/r/Conservative/comments/gfc9nz/justice_dept_dropping_flynns_criminal_case/fpt8l70/,1588892956,1,True,False,Conservative,t5_2qh6p,0,[],
[],,BelleVieLime,,,"[{'e': 'text', 't': '2nd Amendment'}]",,2nd Amendment,dark,richtext,t2_2q31i0sh,False,False,[],"its okay to separate. 

""they"" aren't compatible.   but then, You guys were doing the raping in the 8th century yourself, right?",,1588886761,{},fpt8ksq,False,t3_gf735f,False,True,t1_fpt52dv,/r/Conservative/comments/gf735f/sweden_did_not_have_a_lockdown_experts_predicted/fpt8ksq/,1588892950,1,True,False,Conservative,t5_2qh6p,0,[],
[],,CheesyJokesters,,,[],,,,text,t2_plg0klx,False,False,[],"That’s not the fault of the lockdown - it’s a fault on job security and lack of economic failsafes, an over dependcy on stocks, trillions of dollars of debt...",,1588886753,{},fpt8kbk,False,t3_gf5crp,False,True,t1_fpt50j9,/r/Conservative/comments/gf5crp/this_is_not_the_new_normal_of_a_free_nation/fpt8kbk/,1588892942,1,True,False,Conservative,t5_2qh6p,0,[],
[],,HickieHippie,,,[],,,,text,t2_vu3u3t,False,False,[],You said “slightly higher than the US” this is not true at all. They have significantly higher tax rates than the US and I can give factual proof if needed.,,1588886743,{},fpt8jl6,False,t3_gf735f,False,False,t1_fpt6a7o,/r/Conservative/comments/gf735f/sweden_did_not_have_a_lockdown_experts_predicted/fpt8jl6/,1588892931,12,True,False,Conservative,t5_2qh6p,0,[],
[],,cmdaniels1986,,,[],,,,text,t2_1ah2ryhx,False,False,[],Most conservatives know that Scandinavian countries are capitalistic with a heavy safety net. The leftist drones don't care,,1588886736,{},fpt8j1b,False,t3_gf735f,False,False,t1_fpszysm,/r/Conservative/comments/gf735f/sweden_did_not_have_a_lockdown_experts_predicted/fpt8j1b/,1588892922,8,True,False,Conservative,t5_2qh6p,0,[],
[],,cbrad1713,,,[],,,,text,t2_bnkw6,False,False,[],"Yes, and if he had plead ""not guilty"" that would actually matter, but he plead ""guilty.""",,1588886711,{},fpt8h8e,False,t3_gfc9nz,False,True,t1_fpt7re8,/r/Conservative/comments/gfc9nz/justice_dept_dropping_flynns_criminal_case/fpt8h8e/,1588892893,-7,True,False,Conservative,t5_2qh6p,0,[],
[],,workforyourstuff,,,"[{'e': 'text', 't': 'Atheist Conservative'}]",,Atheist Conservative,dark,richtext,t2_3l9wd2ha,False,False,[],"Rape is a pretty heavy accusation to make. Got any evidence to support that? Or is an accusation enough to prove it? Because I’m accusing you of rape right now. Go turn yourself in, please.",,1588886705,{},fpt8guc,False,t3_gf5c44,False,True,t1_fpsscmh,/r/Conservative/comments/gf5c44/democrats_are_suddenly_okay_with_voting_for_a_man/fpt8guc/,1588892887,2,True,False,Conservative,t5_2qh6p,0,[],
[],,zach_bfield,,,[],,,,text,t2_32dj63bw,False,False,[],"There’s Americans all over the world, some just haven’t come home yet",,1588886698,{},fpt8ga1,False,t3_gf9lsr,False,True,t1_fpsnfwc,/r/Conservative/comments/gf9lsr/greg_abbott_eliminates_jail_for_texas_business/fpt8ga1/,1588892878,2,True,False,Conservative,t5_2qh6p,0,[],
[],,geronl72,,Reagan conservative,"[{'e': 'text', 't': 'Reagan conservative'}]",,Reagan conservative,dark,richtext,t2_42evlo0g,False,False,[],Liberals are always launching fake conservative groups to endorse them.,,1588886689,{},fpt8fnf,False,t3_gf7aqr,False,True,t3_gf7aqr,/r/Conservative/comments/gf7aqr/the_lincoln_project_a_conservative_group_endorses/fpt8fnf/,1588892868,1,True,False,Conservative,t5_2qh6p,0,[],
[],,d0mie89,,,[],,,,text,t2_3n4mq36u,False,False,[],Kick ass,,1588886689,{},fpt8fmq,False,t3_gfab86,False,True,t3_gfab86,/r/Conservative/comments/gfab86/texas_supreme_court_orders_dallas_salon_owner/fpt8fmq/,1588892868,3,True,False,Conservative,t5_2qh6p,0,[],
[],,DrBones99,,,[],,,,text,t2_p15xkke,False,False,[],"Sounds pretty similar to America. It’s “cool” to shit on Trump and conservatives because that’s what the entire entertainment industry pushes. However people don’t really know what they hate trump when you actually get down to details, they just know all their friends hate him so it must be the right thing to do. There are also tons of people who do like Trump but are nervous about saying it out loud.",,1588886687,{},fpt8fgk,False,t3_gf735f,False,True,t1_fpsul0g,/r/Conservative/comments/gf735f/sweden_did_not_have_a_lockdown_experts_predicted/fpt8fgk/,1588892865,1,True,False,Conservative,t5_2qh6p,0,[],
[],,[deleted],,,,,,dark,,,,,[],[removed],,1588886686,{},fpt8fdv,False,t3_gf735f,False,True,t1_fpsl9uk,/r/Conservative/comments/gf735f/sweden_did_not_have_a_lockdown_experts_predicted/fpt8fdv/,1588892863,1,True,False,Conservative,t5_2qh6p,0,[],
[],,AlfadorsBoggle,,,[],,,,text,t2_2hve5hib,False,False,[],It shouldn't require media attention.  Law enforcement should be doing their jobs enforcing the law.,,1588886685,{},fpt8fas,False,t3_gf9odd,False,False,t1_fpss0ow,/r/Conservative/comments/gf9odd/lebron_james_black_people_literally_hunted/fpt8fas/,1588892862,7,True,False,Conservative,t5_2qh6p,0,[],
[],,[deleted],,,,,,dark,,,,,[],[removed],,1588886681,{},fpt8f0h,False,t3_gfcwtz,False,True,t3_gfcwtz,/r/Conservative/comments/gfcwtz/canada_just_banned_12_gauge_and_10_gauge_shotguns/fpt8f0h/,1588892857,1,True,False,Conservative,t5_2qh6p,0,[],
[],,morry32,,,[],,,,text,t2_f4iqo,False,False,[],199 Republicans in the House,,1588886680,{},fpt8eyq,False,t3_gf5crp,False,True,t1_fpt79ve,/r/Conservative/comments/gf5crp/this_is_not_the_new_normal_of_a_free_nation/fpt8eyq/,1588892857,1,True,False,Conservative,t5_2qh6p,0,[],
[],,[deleted],,,,,,dark,,,,,[],[removed],,1588886669,{},fpt8e7v,False,t3_gf735f,False,True,t1_fpt84lz,/r/Conservative/comments/gf735f/sweden_did_not_have_a_lockdown_experts_predicted/fpt8e7v/,1588892844,9,True,False,Conservative,t5_2qh6p,0,[],
[],,cliu1222,,,[],,,,text,t2_3ybfapgj,False,False,[],She is a close associate of Uygur. She has gotten heat in the past for being an Armenian woman working on a show called The Young Turks.,,1588886662,{},fpt8dqa,False,t3_geu8uz,False,True,t1_fprnivc,/r/Conservative/comments/geu8uz/but_thats_none_of_my_business/fpt8dqa/,1588892837,1,True,False,Conservative,t5_2qh6p,0,[],
[],,ImOfficerBrady,,,[],,,,text,t2_33iv2q66,False,False,[],I’m sure there’s been a few good outcomes from MeToo but the vast majority have been women making up false rape accusations in order to ruin a mans life.,,1588886645,{},fpt8civ,False,t3_gf5c44,False,True,t1_fpsu7wu,/r/Conservative/comments/gf5c44/democrats_are_suddenly_okay_with_voting_for_a_man/fpt8civ/,1588892817,3,True,False,Conservative,t5_2qh6p,0,[],
[],,workforyourstuff,,,"[{'e': 'text', 't': 'Atheist Conservative'}]",,Atheist Conservative,dark,richtext,t2_3l9wd2ha,False,False,[],"Fortunately, the legal system does not agree with you that the burden of proof lies on the accused. The appropriate question to ask is “was this accusation ever *proven?*

If you have any evidence that Trump committed the crimes he’s accused of, but the only thing you’ve managed to do is provide more instances of him saying dumb shit (not illegal) and more accusations. Anyone can accuse anyone of anything. That’s not proof. If that’s your standard of proof, I’m gonna need you to go to the police station and turn yourself in because I’m accusing you of raping me and you can’t prove that it didn’t happen.",,1588886634,{},fpt8bow,False,t3_gf5c44,False,True,t1_fpst5l3,/r/Conservative/comments/gf5c44/democrats_are_suddenly_okay_with_voting_for_a_man/fpt8bow/,1588892804,0,True,False,Conservative,t5_2qh6p,0,[],
[],,Thatzionoverthere,,,[],,,,text,t2_hgwl6,False,False,[],Jesus this is why you’re not a government accountant. National debt isn’t the same as personal debt.,,1588886621,{},fpt8ash,False,t3_geu8uz,False,True,t1_fps8qsa,/r/Conservative/comments/geu8uz/but_thats_none_of_my_business/fpt8ash/,1588892789,1,True,False,Conservative,t5_2qh6p,0,[],
[],,CHUM_GRUNDLER,,,[],,,,text,t2_cz1jq,False,False,[],if progressives didn't have double standards they'd have no standards at all,,1588886611,{},fpt8a2m,False,t3_gf5c44,False,True,t3_gf5c44,/r/Conservative/comments/gf5c44/democrats_are_suddenly_okay_with_voting_for_a_man/fpt8a2m/,1588892778,1,True,False,Conservative,t5_2qh6p,0,[],
[],,[deleted],,,,,,dark,,,,,[],[removed],,1588886605,{},fpt89mx,False,t3_gf5c44,False,True,t3_gf5c44,/r/Conservative/comments/gf5c44/democrats_are_suddenly_okay_with_voting_for_a_man/fpt89mx/,1588892770,1,True,False,Conservative,t5_2qh6p,0,[],
[],,nothanks_8,,,[],,,,text,t2_55qq87vs,False,True,[],"I have very rarely agreed with Justice Ginsburg, but (from either political side of this) if she had any respect for her position or her ideology (an ideology she believes is best for the United States), she would have retired during the Obama Administration so that a liberal could have been appointed.

But people, like her, don't care about this country, they care about power. She's become a selfish, power-hungry monster who will do anything to keep her status.",,1588886604,{},fpt89j9,False,t3_gfe8vi,False,True,t3_gfe8vi,/r/Conservative/comments/gfe8vi/ginsburg_eviscerates_9th_circuits_handling_of/fpt89j9/,1588892769,3,True,False,Conservative,t5_2qh6p,0,[],
[],,[deleted],,,,,,dark,,,,,[],[removed],,1588886569,{},fpt86yb,False,t3_gfdnmk,False,True,t1_fpt4h68,/r/Conservative/comments/gfdnmk/breaking_flynn_case_dropped_by_justice_department/fpt86yb/,1588892728,1,True,False,Conservative,t5_2qh6p,0,[],
[],,Cedarfoot,,,[],,,,text,t2_4d8ov7an,False,True,[],Truly what matters here,,1588886565,{},fpt86q1,False,t3_gfdnmk,False,True,t1_fpswgvh,/r/Conservative/comments/gfdnmk/breaking_flynn_case_dropped_by_justice_department/fpt86q1/,1588892723,2,True,False,Conservative,t5_2qh6p,0,[],
[],,Thatzionoverthere,,,[],,,,text,t2_hgwl6,False,False,[],Most states do that are not near the Great Lakes,,1588886551,{},fpt85n6,False,t3_geu8uz,False,True,t1_fpsqjq4,/r/Conservative/comments/geu8uz/but_thats_none_of_my_business/fpt85n6/,1588892706,1,True,False,Conservative,t5_2qh6p,0,[],
[],,santanzchild,,,[],,,,text,t2_bh5wk,False,False,[],I do manual labor outdoors. You can shove your mask.,,1588886548,{},fpt85fi,False,t3_gff2mq,False,False,t3_gff2mq,/r/Conservative/comments/gff2mq/rhode_island_mayor_people_not_wearing_coronavirus/fpt85fi/,1588892702,8,True,False,Conservative,t5_2qh6p,0,[],
[],,ahnst,,,[],,,,text,t2_eqk4s,False,False,[],"Not necessarily.  People vote for someone, and people vote against someone. 

Just like the anti-trump republicans - they're not voting for Biden, they're voting against trump.

I wish I was in college again. Or actually wish I had my current wisdom and a college body. that would be ideal.

I preferred Bernie like I preferred Trump. Someone more ""outside"" the political establishment to come in and shake things up. Yes, Bernie is a career politician, but it seemed like he played by himself rather than play nice with the democratic political machine.",,1588886545,{},fpt8593,False,t3_gf5c44,False,True,t1_fpt4a1g,/r/Conservative/comments/gf5c44/democrats_are_suddenly_okay_with_voting_for_a_man/fpt8593/,1588892699,1,True,False,Conservative,t5_2qh6p,0,[],
[],,TALead,,,[],,,,text,t2_47xow2vv,False,False,[],The tax rate in Denmark is significantly higher than anywhere in the US AND this doesn’t account for VAT which is 25%.,,1588886537,{},fpt84lz,False,t3_gf735f,False,False,t1_fpt6a7o,/r/Conservative/comments/gf735f/sweden_did_not_have_a_lockdown_experts_predicted/fpt84lz/,1588892689,31,True,False,Conservative,t5_2qh6p,0,[],
