all_awardings,associated_award,author,author_flair_background_color,author_flair_css_class,author_flair_template_id,author_flair_text,author_flair_text_color,awarders,body,collapsed_because_crowd_control,comment_type,created_utc,gildings,id,is_submitter,link_id,locked,no_follow,parent_id,permalink,retrieved_on,score,send_replies,stickied,subreddit,subreddit_id,top_awarded_type,total_awards_received,treatment_tags,author_flair_richtext,author_flair_type,author_fullname,author_patreon_flair,author_premium
[],,[deleted],,,,,dark,[],[removed],,,1606647574,{},ge0iz3m,False,t3_k2vlb2,False,True,t1_gdz71wb,/r/Conservative/comments/k2vlb2/ohio_certifies_presidential_election_results/ge0iz3m/,1606648482,1,True,False,Conservative,t5_2qh6p,,0,[],,,,,
[],,LonelyMachines,,,,2A Conservative,dark,[],"&gt; Is this an Iranian paper?

No.  It's an anti-Trump, anti-Israel paper.  Now that Trump is on his way out of office, they have a shrinking window in which to milk his Presidency for material.",,,1606647574,{},ge0iz27,False,t3_k32co8,False,True,t3_k32co8,/r/Conservative/comments/k32co8/ny_times_taken_to_woodshed_for_claiming_irans/ge0iz27/,1606648482,1,True,False,Conservative,t5_2qh6p,,0,[],"[{'e': 'text', 't': '2A Conservative'}]",richtext,t2_616yb,False,False
[],,[deleted],,,,,dark,[],[removed],,,1606647570,{},ge0iysp,False,t3_k32co8,False,True,t3_k32co8,/r/Conservative/comments/k32co8/ny_times_taken_to_woodshed_for_claiming_irans/ge0iysp/,1606648479,1,True,False,Conservative,t5_2qh6p,,0,[],,,,,
[],,Jattack33,,,,,,[],People will defend the rights of the intruder,,,1606647570,{},ge0iypb,False,t3_k2s248,False,True,t3_k2s248,/r/Conservative/comments/k2s248/police_boy_13_home_alone_calls_parents_about_man/ge0iypb/,1606648478,1,True,False,Conservative,t5_2qh6p,,0,[],[],text,t2_tvlzu,False,False
[],,milothemenace,,,,,,[],"Agree to disagree. If I were a billionaire, I wouldn’t want to be robbed by the government. And if politicians shouldn’t be allowed to lie to the public, I’d like to see her say the shit she says while hooked up to a lie detector machine lol",,,1606647565,{},ge0iyex,False,t3_k34jbd,False,True,t1_ge0goci,/r/Conservative/comments/k34jbd/aocs_among_us_stream_on_twitch_nets_200k_for/ge0iyex/,1606648476,1,True,False,Conservative,t5_2qh6p,,0,[],[],text,t2_72lsg0y0,False,False
[],,Imagoof4e,,,,Conservative,dark,[],"The NYT?

Where is Robert Levinson? Were his remains returned? Did they acknowledge they held him in their prison?

I don’t know what happened with this particular incident, but people saying they are peaceful?   


Peaceful people don’t hang other people from cranes lining the highway.

For my part, I wish no nuclear weapons existed...ever.

   
One day, some madman shall...well you must all know the potential for something like that to be used for harm.

 The  earth can’t take much more. Just my humble opinion.",,,1606647548,{},ge0iwzm,False,t3_k32co8,False,True,t3_k32co8,/r/Conservative/comments/k32co8/ny_times_taken_to_woodshed_for_claiming_irans/ge0iwzm/,1606648464,1,True,False,Conservative,t5_2qh6p,,0,[],"[{'e': 'text', 't': 'Conservative'}]",richtext,t2_5sqnnah5,False,False
[],,MinuteTo2359,,,,Conservative - UK,dark,[],"&gt;A full-service NHS also can’t wait for us all to become COVID-impervious. The litany of other health problems exacerbated by coercive restrictions and an NHS myopically consumed with a single illness has grown fatiguingly familiar: cardiovascular disease, cancer, mental health decline, suicide… An NHS additionally obsessed by vaccine delivery could further cramp non-COVID treatments. Infinitely foreshortening queues for standard care might seem to justify all the mean things that Americans say about Britain’s ‘socialized medicine’.

&gt;We cannot allow promising vaccines to entice us into acceptance of indefinite subjugation and penury. Civil liberties are rights, not privileges. Normal life is not a special treat awarded only if we behave ourselves. Grown-ups in liberal democracies should make their own decisions about taking medical risks.


Painfully accurate assessment of our current situation.",,,1606647513,{},ge0iucg,False,t3_k35n1v,False,True,t3_k35n1v,/r/Conservative/comments/k35n1v/lionel_shriver_we_uk_need_a_dose_of_vaccine/ge0iucg/,1606648442,2,True,False,Conservative,t5_2qh6p,,0,[],"[{'e': 'text', 't': 'Conservative - UK'}]",richtext,t2_176qfj,False,False
[],,HostileErectile,,,,,,[],"so? we likely wont die out, so is this a problem?",,,1606647496,{},ge0it2t,False,t3_k2yf03,False,True,t3_k2yf03,/r/Conservative/comments/k2yf03/mouse_utopia_study_in_which_a_colony_of_mice_were/ge0it2t/,1606648432,1,True,False,Conservative,t5_2qh6p,,0,[],[],text,t2_16pqaq,False,False
[],,[deleted],,,,,dark,[],[removed],,,1606647495,{},ge0iszi,False,t3_k2xwcs,False,True,t1_gdy7ed5,/r/Conservative/comments/k2xwcs/pennsylvania_supreme_court_vacates_lower_courts/ge0iszi/,1606648431,1,True,False,Conservative,t5_2qh6p,,0,[],,,,,
[],,-paperbrain-,,,,,,[],"The party of ""law and order"" ladies and gentlemen.",,,1606647489,{},ge0isl3,False,t3_k30jtg,False,True,t1_gdzv8t4,/r/Conservative/comments/k30jtg/nyc_bar_in_covid19_hotspot_refuses_to_shut_down/ge0isl3/,1606648428,1,True,False,Conservative,t5_2qh6p,,0,[],[],text,t2_mbwyqoj,False,False
[],,[deleted],,,,,dark,[],[removed],,,1606647483,{},ge0is5g,False,t3_k2vlb2,False,True,t1_gdz7ygq,/r/Conservative/comments/k2vlb2/ohio_certifies_presidential_election_results/ge0is5g/,1606648423,1,True,False,Conservative,t5_2qh6p,,0,[],,,,,
[],,Hiddenagenda876,,,,,,[],Children can’t vote either and neither could women when the constitution was written. The census has little to do with voting and everything to do with funding for public resources that everyone uses and city planning to keep up with population demand.,,,1606647480,{},ge0irw1,False,t3_k2ydmj,False,True,t1_gdycmey,/r/Conservative/comments/k2ydmj/supreme_court_agrees_to_hear_trumps_plan_to/ge0irw1/,1606648421,1,True,False,Conservative,t5_2qh6p,,0,[],[],text,t2_101hvt,False,False
[],,Keithfedak,,,,Conservative,dark,[],People with any amount of wealth can purchase stocks and share the profits or losses.,,,1606647460,{},ge0iqfe,False,t3_k2rrd5,False,True,t1_gdzcqjs,/r/Conservative/comments/k2rrd5/whole_foods_ceo_blasts_socialism_explains_how/ge0iqfe/,1606648408,1,True,False,Conservative,t5_2qh6p,,0,[],"[{'e': 'text', 't': 'Conservative'}]",richtext,t2_39jla857,False,False
[],,incomplete-username,,,,,,[],"Ah my mistake, thanks for correcting me.

Still an international crime to kill military personnel without declaring hostilities",,,1606647448,{},ge0ipea,False,t3_k2wekr,False,True,t1_ge0c608,/r/Conservative/comments/k2wekr/ted_cruz_hits_excia_boss_john_brennan_over/ge0ipea/,1606648399,1,True,False,Conservative,t5_2qh6p,,0,[],[],text,t2_s1feno5,False,False
[],,CherryCokeNixon,,,,Buckleyite Conservative,dark,[],Pretending anybody compared Joe Biden’s personality or political beliefs to Hugo Chavez is extremely illogical. That’s obviously not what OP did.,,,1606647447,{},ge0ipdf,False,t3_k32nf0,False,True,t1_gdzed4k,/r/Conservative/comments/k32nf0/just_like_biden_chavez_was_losing_on_election/ge0ipdf/,1606648399,1,True,False,Conservative,t5_2qh6p,,0,[],"[{'e': 'text', 't': 'Buckleyite Conservative'}]",richtext,t2_dgcu8,False,True
[],,[deleted],,,,,dark,[],[removed],,,1606647447,{},ge0ipbv,False,t3_k2rr24,False,True,t1_gdxrlql,/r/Conservative/comments/k2rr24/the_smartest_man_in_the_room_has_joined_sidney/ge0ipbv/,1606648398,1,True,False,Conservative,t5_2qh6p,,0,[],,,,,
[],,daddysgotya,,Conservative,421b644c-8b38-11e1-bc5f-12313d18ad57,Don't Tread On Me,dark,[],"[The Obama administration had claimed the events were separate, but recently acknowledged the cash was used as leverage until the Americans were allowed to leave Iran](https://www.cbsnews.com/news/obama-administration-acknowledges-1-7-billion-transfer-to-iran-was-all-cash/)

[Definition of ransom: a consideration paid or demanded for the release of someone or something from captivity](https://www.merriam-webster.com/dictionary/ransom)

Obama admitted it.",,,1606647439,{},ge0ioqx,False,t3_k2wekr,False,True,t1_ge0gtqb,/r/Conservative/comments/k2wekr/ted_cruz_hits_excia_boss_john_brennan_over/ge0ioqx/,1606648393,1,True,False,Conservative,t5_2qh6p,,0,[],"[{'e': 'text', 't': ""Don't Tread On Me""}]",richtext,t2_ksssw,False,False
[],,cummedsohardishitted,,,,,,[],"he made a valid argument and you're just insulting him rather than refuting, i disagree with him but you're definitely an idiot.",,,1606647403,{},ge0im2g,False,t3_k2s248,False,True,t1_gdypo32,/r/Conservative/comments/k2s248/police_boy_13_home_alone_calls_parents_about_man/ge0im2g/,1606648370,1,True,False,Conservative,t5_2qh6p,,0,[],[],text,t2_5cgc6xlo,False,False
[],,Hiddenagenda876,,,,,,[],"Wait....you think illegal immigration was a heavy issue back then...when we (the illegal immigrants) were quite literally forcing natives out of their tribal lands? I see. 

Also, the founding fathers also made constitutional amendments difficult to achieve. Good luck getting one.",,,1606647382,{},ge0ikid,False,t3_k2ydmj,False,True,t1_gdzgkek,/r/Conservative/comments/k2ydmj/supreme_court_agrees_to_hear_trumps_plan_to/ge0ikid/,1606648358,1,True,False,Conservative,t5_2qh6p,,0,[],[],text,t2_101hvt,False,False
[],,acylase,,,,Reagan Conservative,dark,[],No problem. Everybody makes mistakes.,,,1606647361,{},ge0ij3c,False,t3_k32phv,False,True,t1_ge0i3fs,/r/Conservative/comments/k32phv/thouands_of_fake_votes_found_at_wisconsin_recount/ge0ij3c/,1606648346,1,True,False,Conservative,t5_2qh6p,,0,[],"[{'e': 'text', 't': 'Reagan Conservative'}]",richtext,t2_89bbi1uo,False,False
[],,Keithfedak,,,,Conservative,dark,[],How do you define success?,,,1606647356,{},ge0iipf,False,t3_k2rrd5,False,True,t1_gdzlode,/r/Conservative/comments/k2rrd5/whole_foods_ceo_blasts_socialism_explains_how/ge0iipf/,1606648343,1,True,False,Conservative,t5_2qh6p,,0,[],"[{'e': 'text', 't': 'Conservative'}]",richtext,t2_39jla857,False,False
[],,DeluxeCustom,,,,2A,dark,[],These dumb fucking idiots.,,,1606647353,{},ge0iiis,False,t3_k30sig,False,True,t3_k30sig,/r/Conservative/comments/k30sig/black_lives_matter_leader_says_joe_biden/ge0iiis/,1606648341,1,True,False,Conservative,t5_2qh6p,,0,[],"[{'e': 'text', 't': '2A'}]",richtext,t2_4w1l55zq,False,False
[],,acababune,,,,,,[],"California gets a whopping 55 electoral college votes. I am a naturalized citizen and I agree that it should be a question. For electoral college, we should use legal citizen population. Even green card holders (which I used to be one) shouldn’t be counted in my opinion. If you can’t vote then you shouldn’t be counted towards electoral college.",,,1606647328,{},ge0igvo,False,t3_k2ydmj,False,True,t1_gdy2r9h,/r/Conservative/comments/k2ydmj/supreme_court_agrees_to_hear_trumps_plan_to/ge0igvo/,1606648326,1,True,False,Conservative,t5_2qh6p,,0,[],[],text,t2_afmhp,False,False
[],,Keithfedak,,,,Conservative,dark,[],Who does the means of production belong to in other systems?,,,1606647301,{},ge0iewn,False,t3_k2rrd5,False,True,t1_gdz8mwh,/r/Conservative/comments/k2rrd5/whole_foods_ceo_blasts_socialism_explains_how/ge0iewn/,1606648309,1,True,False,Conservative,t5_2qh6p,,0,[],"[{'e': 'text', 't': 'Conservative'}]",richtext,t2_39jla857,False,False
[],,target_locked,,Conservative,421b644c-8b38-11e1-bc5f-12313d18ad57,Conservative,dark,[],"He’s an illegal immigrant.

He’s breaking the law.",,,1606647294,{},ge0iefl,False,t3_k34w5s,False,True,t1_ge06pgd,/r/Conservative/comments/k34w5s/two_dead_in_california_after_local_authorities/ge0iefl/,1606648305,2,True,False,Conservative,t5_2qh6p,,0,[],"[{'e': 'text', 't': 'Conservative'}]",richtext,t2_szntk,False,False
[],,DrumsFromDemaOnYT,,,,US conservative,dark,[],This is the way.,,,1606647260,{},ge0ic0d,False,t3_k2yf03,False,True,t1_gdz7x0n,/r/Conservative/comments/k2yf03/mouse_utopia_study_in_which_a_colony_of_mice_were/ge0ic0d/,1606648282,2,True,False,Conservative,t5_2qh6p,,0,[],"[{'e': 'text', 't': 'US conservative'}]",richtext,t2_3jaad1o1,False,False
[],,Warden_W,,,,,,[],"I mean if we didn’t shut the economy down because masks work, right?",,,1606647259,{},ge0ibz4,False,t3_k34jbd,False,True,t1_ge0du1l,/r/Conservative/comments/k34jbd/aocs_among_us_stream_on_twitch_nets_200k_for/ge0ibz4/,1606648282,2,True,False,Conservative,t5_2qh6p,,0,[],[],text,t2_3m9462b2,False,False
[],,TAMExSTRANGE69,,,,,,[],The 30 cases weren't theirs. Those were civilian cases. This lie has been disproven many times. The affidavits have been backed up my multiple people. They have also gave their statements under threat of perjury. Pretty severe for someone making something up.,,,1606647246,{},ge0iaz1,False,t3_k32mfc,False,True,t1_gdz4vjn,/r/Conservative/comments/k32mfc/pennsylvania_bombshell_biden_994_vs_trump_06/ge0iaz1/,1606648273,1,True,False,Conservative,t5_2qh6p,,0,[],[],text,t2_vre1l,False,False
[],,[deleted],,,,,dark,[],[removed],,,1606647213,{},ge0i8ji,False,t3_k34w5k,False,True,t1_gdzwdyt,/r/Conservative/comments/k34w5k/how_biden_plans_on_rewarding_cindy_mccain_for_her/ge0i8ji/,1606648251,1,True,False,Conservative,t5_2qh6p,,0,[],,,,,
[],,Hiddenagenda876,,,,,,[],"So you would rather provide less funding for roads, schools, hospitals, etc, than they actually need to handle the population using them....than dealing with the fact that the census counts non-citizens?",,,1606647203,{},ge0i7rz,False,t3_k2ydmj,False,True,t1_gdzn5k1,/r/Conservative/comments/k2ydmj/supreme_court_agrees_to_hear_trumps_plan_to/ge0i7rz/,1606648245,1,True,False,Conservative,t5_2qh6p,,0,[],[],text,t2_101hvt,False,False
[],,25885,,,,,,[],It also matters to those people who would like to know if they’re gonna get bombed or not..,,,1606647181,{},ge0i649,False,t3_k34jbd,False,True,t1_gdzwwis,/r/Conservative/comments/k34jbd/aocs_among_us_stream_on_twitch_nets_200k_for/ge0i649/,1606648230,1,True,False,Conservative,t5_2qh6p,,0,[],[],text,t2_h78jb,False,False
[],,[deleted],,,,,dark,[],[removed],,,1606647180,{},ge0i60z,False,t3_k2zt4f,False,True,t1_gdyrwbf,/r/Conservative/comments/k2zt4f/pennsylvania_supreme_court_tosses_gop/ge0i60z/,1606648229,1,True,False,Conservative,t5_2qh6p,,0,[],,,,,
[],,VegasGurl17,,,,MAGA2020 + 2A 🇺🇸,dark,[],Guess you didn't watch the PA hearing,,,1606647155,{},ge0i470,False,t3_k3483t,False,True,t1_gdzol7e,/r/Conservative/comments/k3483t/dr_navid_keshavarznia_i_conclude_with_high/ge0i470/,1606648214,1,True,False,Conservative,t5_2qh6p,,0,[],"[{'e': 'text', 't': 'MAGA2020 + 2A 🇺🇸'}]",richtext,t2_1orwtrds,False,False
[],,SealTeamFish,,Conservative,421b644c-8b38-11e1-bc5f-12313d18ad57,Conservative,dark,[],"Ah, you right saw wrong name.",,,1606647146,{},ge0i3fs,False,t3_k32phv,False,True,t1_ge0hscq,/r/Conservative/comments/k32phv/thouands_of_fake_votes_found_at_wisconsin_recount/ge0i3fs/,1606648207,1,True,False,Conservative,t5_2qh6p,,0,[],"[{'e': 'text', 't': 'Conservative'}]",richtext,t2_3i7odgag,False,False
[],,Raasul,,,,,,[],Wait... Signature verification for this? But not for an actual election? What the hell is going on over there?,,,1606647127,{},ge0i1z1,False,t3_k340wi,False,True,t1_gdzfyep,/r/Conservative/comments/k340wi/official_recall_petitions_recall_gavin_newsom/ge0i1z1/,1606648195,1,True,False,Conservative,t5_2qh6p,,0,[],[],text,t2_1044lq,False,False
[],,radunas,,,,El Latino Republicano,dark,[],"To everyone reading this post, thank you. 

This is the 7-8th article I posted that was finally visible to everyone and not hidden by reddit. Please review my profile and see that I am not lying to you. There are other articles that were ""posted"" but not visible. 

Stay informed.",,,1606647116,{},ge0i15y,True,t3_k37fx4,False,True,t3_k37fx4,/r/Conservative/comments/k37fx4/over_150_arrested_in_london_antilockdown_protests/ge0i15y/,1606648188,2,True,False,Conservative,t5_2qh6p,,0,[],"[{'e': 'text', 't': 'El Latino Republicano'}]",richtext,t2_5unpj7am,False,False
[],,Hiddenagenda876,,,,,,[],"There is also an incentive to the federal government as taxes paid by immigrants (illegal and not illegal) are more than the cost of services they receive, adding more money to government budgets and to the economy as a whole. 

The CBO disagrees with you. They’ve also found that the tax revenue generate from immigrants is more than the cost of the services they receive and results in a net positive to budgets and the economy.

https://www.cbo.gov/sites/default/files/110th-congress-2007-2008/reports/12-6-immigration.pdf",,,1606647101,{},ge0hzxw,False,t3_k2ydmj,False,True,t1_gdy5hij,/r/Conservative/comments/k2ydmj/supreme_court_agrees_to_hear_trumps_plan_to/ge0hzxw/,1606648177,1,True,False,Conservative,t5_2qh6p,,0,[],[],text,t2_101hvt,False,False
[],,CPargermer,,,,,,[],"It's funny you bring Obama up as an example, since it was Trump who spent years accusing Obama of not being a natural born citizen, despite being unable to provide evidence to support that claim, simply because he's a black man. 

Then again, Trump never really seems to feel proof is all that necessary when making wild accusations. I mean he'll claim that evidence exists, but then it somehow never sees the light of day. I guess some things never change.",,,1606647088,{},ge0hywm,False,t3_k34j2p,False,True,t1_ge0czk7,/r/Conservative/comments/k34j2p/report_atlanta_sees_highest_homicide_rate_since/ge0hywm/,1606648169,1,True,False,Conservative,t5_2qh6p,,0,[],[],text,t2_6mhjx,False,False
[],,[deleted],,,,,dark,[],[removed],,,1606647086,{},ge0hyok,False,t3_k34jbd,False,True,t1_ge05mdn,/r/Conservative/comments/k34jbd/aocs_among_us_stream_on_twitch_nets_200k_for/ge0hyok/,1606648167,1,True,False,Conservative,t5_2qh6p,,0,[],,,,,
[],,dannyfromindy,,,,,,[],"Flight was impossible, as it is in our continuously connected 21st century.",,,1606647072,{},ge0hxkh,False,t3_k2yf03,False,True,t1_gdytt7a,/r/Conservative/comments/k2yf03/mouse_utopia_study_in_which_a_colony_of_mice_were/ge0hxkh/,1606648158,1,True,False,Conservative,t5_2qh6p,,0,[],[],text,t2_y0x8m,False,False
[],,kaazir,,,,,,[],"Its not that she won against them or that she was entirely right at all. The website would have to spend money to defend themselves against her lawyers when all they have to do is give it to her until December 14th. 

As a business what would I rather do, waste money fighting someone's opinion in court when I just have to wait a couple weeks or just let her have it and once we're in the right retract the retraction. 

You're free to say Joe isn't this that and the other for now while there's disputes going on but once the dust settles on the 14th its back to being false again.",,,1606647070,{},ge0hxgh,False,t3_k2xv2h,False,True,t3_k2xv2h,/r/Conservative/comments/k2xv2h/candace_owens_challenges_factchecker_and_wins/ge0hxgh/,1606648157,1,True,False,Conservative,t5_2qh6p,,0,[],[],text,t2_19ncd3se,False,False
[],,milothemenace,,,,,,[],"A social democracy is capitalism with social aspects such as free healthcare, education, etc. 

Socialism is the government redistributing wealth to its people by taking all their shit.

I disagree with both. My parents are actually living in Canada. They live in Ontario where taxes are ridiculous. The government underpays doctors and teachers. In fact, my sister’s school teacher went on strike one day out of every week for an entire semester (schools were closed) because they were underpaid. This is because of this great social democracy you speak so highly of. Live your socialist life. I’ll live my capitalist life thx.",,,1606647067,{},ge0hx9u,False,t3_k34jbd,False,True,t1_ge0g6mv,/r/Conservative/comments/k34jbd/aocs_among_us_stream_on_twitch_nets_200k_for/ge0hx9u/,1606648155,0,True,False,Conservative,t5_2qh6p,,0,[],[],text,t2_72lsg0y0,False,False
[],,SamGropler,,,,,,[],"Afghanistan isn't in the Middle East, though.",,,1606647030,{},ge0huh9,False,t3_k340al,False,True,t1_gdzqx38,/r/Conservative/comments/k340al/us_closed_10_bases_in_afghanistan_as_part_of/ge0huh9/,1606648132,0,True,False,Conservative,t5_2qh6p,,0,[],[],text,t2_8r0yjgtp,False,False
[],,Human-Trust,,,,Adventurously Conservative,dark,[],Just 14? Pity.,,,1606647025,{},ge0hu3k,False,t3_k36a7i,False,True,t3_k36a7i,/r/Conservative/comments/k36a7i/at_least_14_are_shot_in_new_york_city_over_the/ge0hu3k/,1606648129,2,True,False,Conservative,t5_2qh6p,,0,[],"[{'e': 'text', 't': 'Adventurously Conservative'}]",richtext,t2_63pptf6c,False,False
[],,Randomguy3421,,,,,,[],"Well at least she learned her lesson and never did it again.

Oh wait.",,,1606647020,{},ge0htqi,False,t3_k2s248,False,True,t1_gdynndj,/r/Conservative/comments/k2s248/police_boy_13_home_alone_calls_parents_about_man/ge0htqi/,1606648126,1,True,False,Conservative,t5_2qh6p,,0,[],[],text,t2_10yd8h,False,False
[],,GmPc9086itathai,,,,,,[],"Too much hands were in that laboratory in Wuhan, French, EU, China, USA, WHO, Mr.Fauci...
Probably there's a connection line between structure involved in JFK, 9/11.",,,1606647016,{},ge0htfr,False,t3_k344zi,False,True,t3_k344zi,/r/Conservative/comments/k344zi/now_its_india_china_blames_india_for_origin_of/ge0htfr/,1606648124,0,True,False,Conservative,t5_2qh6p,,0,[],[],text,t2_4ilgdnv6,False,False
[],,Feroc,,,,,,[],Who is the last instance to decide if something was really unconstitutional?,,,1606647015,{},ge0htec,False,t3_k2hlf7,False,True,t1_gdyz4ol,/r/Conservative/comments/k2hlf7/pennsylvania_state_judge_upholds_halt_to/ge0htec/,1606648123,1,True,False,Conservative,t5_2qh6p,,0,[],[],text,t2_9d8c2,False,False
[],,So-Fresh,,,,,,[],Any word on the actual trial with Facebook?,,,1606647007,{},ge0hsqo,False,t3_k2xv2h,False,True,t3_k2xv2h,/r/Conservative/comments/k2xv2h/candace_owens_challenges_factchecker_and_wins/ge0hsqo/,1606648117,1,True,False,Conservative,t5_2qh6p,,0,[],[],text,t2_6fh76,False,False
[],,[deleted],,,,,dark,[],[deleted],,,1606647002,{},ge0hscq,False,t3_k32phv,False,True,t1_ge0108x,/r/Conservative/comments/k32phv/thouands_of_fake_votes_found_at_wisconsin_recount/ge0hscq/,1606648114,1,True,False,Conservative,t5_2qh6p,,0,[],,,,,
[],,Hiddenagenda876,,,,,,[],"The CBO disagrees with you. They’ve also found that the tax revenue generate from immigrants is more than the cost of the services they receive and results in a net positive to budgets and the economy. 

https://www.cbo.gov/sites/default/files/110th-congress-2007-2008/reports/12-6-immigration.pdf",,,1606646997,{},ge0hrz9,False,t3_k2ydmj,False,True,t1_gdz4yiw,/r/Conservative/comments/k2ydmj/supreme_court_agrees_to_hear_trumps_plan_to/ge0hrz9/,1606648111,1,True,False,Conservative,t5_2qh6p,,0,[],[],text,t2_101hvt,False,False
[],,Oneshoeleroy,,,,Gun Nut Conservative.,dark,[],"This hurts to read. the IRS being able to collect from someone with a false name and false social security number is nil. It doesn't matter if they're liable. Illegals don't pay taxes, it's not hard to grasp.",,,1606646988,{},ge0hrdd,False,t3_k2ydmj,False,True,t1_ge0godq,/r/Conservative/comments/k2ydmj/supreme_court_agrees_to_hear_trumps_plan_to/ge0hrdd/,1606648106,1,True,False,Conservative,t5_2qh6p,,0,[],"[{'e': 'text', 't': 'Gun Nut Conservative.'}]",richtext,t2_egfaa,False,False
[],,tahliawetnwild,,,,,,[],Someone hates women lol,,,1606646965,{},ge0hple,False,t3_k2yf03,False,True,t1_gdy4t4f,/r/Conservative/comments/k2yf03/mouse_utopia_study_in_which_a_colony_of_mice_were/ge0hple/,1606648091,1,True,False,Conservative,t5_2qh6p,,0,[],[],text,t2_756ojjkf,False,False
[],,blueday7,,,,,,[],Stop pretending you know what you are talking about.   The evidence is overwhelming.,,,1606646962,{},ge0hpd1,False,t3_k3483t,False,True,t1_gdzm4dt,/r/Conservative/comments/k3483t/dr_navid_keshavarznia_i_conclude_with_high/ge0hpd1/,1606648088,2,True,False,Conservative,t5_2qh6p,,0,[],[],text,t2_5z50qan8,False,False
[],,tahliawetnwild,,,,,,[],Most Christians are nice. Christianity is not so nice.,,,1606646915,{},ge0hlwv,False,t3_k2yf03,False,True,t1_gdz5efp,/r/Conservative/comments/k2yf03/mouse_utopia_study_in_which_a_colony_of_mice_were/ge0hlwv/,1606648060,1,True,False,Conservative,t5_2qh6p,,0,[],[],text,t2_756ojjkf,False,False
[],,Yob_i,,,,,,[],Is this supposed to be an example of humanity?,,,1606646905,{},ge0hlaw,False,t3_k2yf03,False,True,t3_k2yf03,/r/Conservative/comments/k2yf03/mouse_utopia_study_in_which_a_colony_of_mice_were/ge0hlaw/,1606648054,1,True,False,Conservative,t5_2qh6p,,0,[],[],text,t2_1vie7828,False,False
[],,Ragerio,,,,,,[],Because being a nation of uneducated morons is somehow good for our global competition? Wtf are you talking about?,,,1606646882,{},ge0hjt4,False,t3_k342p4,False,True,t1_gdzr20b,/r/Conservative/comments/k342p4/report_public_school_enrollment_dropping_across/ge0hjt4/,1606648040,1,True,False,Conservative,t5_2qh6p,,0,[],[],text,t2_80g02,False,False
[],,[deleted],,,,,dark,[],[removed],,,1606646881,{},ge0hjqc,False,t3_k32phv,False,True,t1_gdzohae,/r/Conservative/comments/k32phv/thouands_of_fake_votes_found_at_wisconsin_recount/ge0hjqc/,1606648039,1,True,False,Conservative,t5_2qh6p,,0,[],,,,,
[],,magical_yeast23,,,,,,[],"It's not even an official term.  It's not in the constitution or any state consitution or statute or anything.  It's purely a media invention and now people are mad about the way the media is using their own invention.

Absolutely ridiculous.",,,1606646881,{},ge0hjpc,False,t3_k2xv2h,False,True,t1_gdzgv4c,/r/Conservative/comments/k2xv2h/candace_owens_challenges_factchecker_and_wins/ge0hjpc/,1606648039,1,True,False,Conservative,t5_2qh6p,,0,[],[],text,t2_14n03fxq,False,False
[],,Roland_the_Damned,,,,,,[],"It's the best kind of day when conservatives actually win one over fact checkers...



But wait isnt this posted on r/conservative every other day?



Old news yall still liars",,,1606646877,{},ge0hjgp,False,t3_k2xv2h,False,True,t3_k2xv2h,/r/Conservative/comments/k2xv2h/candace_owens_challenges_factchecker_and_wins/ge0hjgp/,1606648036,1,True,False,Conservative,t5_2qh6p,,0,[],[],text,t2_3mw7lbc8,False,False
[],,CherryCokeNixon,,,,Buckleyite Conservative,dark,[],And next you’ll tell me that the Democratic Party is “right-wing when you consider all the parties in Europe and Latin America!”,,,1606646866,{},ge0hioi,False,t3_k2x1bx,False,False,t1_ge0fl6j,/r/Conservative/comments/k2x1bx/black_lives_matter_leader_says_joe_biden/ge0hioi/,1606648029,2,True,False,Conservative,t5_2qh6p,,0,[],"[{'e': 'text', 't': 'Buckleyite Conservative'}]",richtext,t2_dgcu8,False,True
[],,zerokarmakaren,,,,,,[],"Most people confuse the problems created by monopolies (market based or government given) with capitalism. Also our weak sauce criminal prosecution of individuals that commit crimes on behalf of corporations. If a corporation pays a settlement for wage theft for example, the individuals responsible for that theft should be held just as criminally accountable as an employee pocketing money from the till.",,,1606646864,{},ge0hikl,False,t3_k2rrd5,False,True,t1_gdyy54l,/r/Conservative/comments/k2rrd5/whole_foods_ceo_blasts_socialism_explains_how/ge0hikl/,1606648027,1,True,False,Conservative,t5_2qh6p,,0,[],[],text,t2_6e3c8c2s,False,False
[],,RealityIsAScam,,,,Classical Liberal,dark,[],Torture does not give accurate results and we all know this.,,,1606646860,{},ge0hia5,False,t3_k36qda,False,True,t1_ge0eau7,/r/Conservative/comments/k36qda/bidens_leading_cia_director_pick_backed_torture/ge0hia5/,1606648025,2,True,False,Conservative,t5_2qh6p,,0,[],"[{'e': 'text', 't': 'Classical Liberal'}]",richtext,t2_4k8fpgw,False,False
[],,Hiddenagenda876,,,,,,[],"Yes it would, which is probably not going to happen anytime soon",,,1606646855,{},ge0hhyj,False,t3_k2ydmj,False,True,t1_gdyyah7,/r/Conservative/comments/k2ydmj/supreme_court_agrees_to_hear_trumps_plan_to/ge0hhyj/,1606648022,1,True,False,Conservative,t5_2qh6p,,0,[],[],text,t2_101hvt,False,False
[],,from_gondolin,,,,Small Government,dark,[],Dude the lawsuit documents are publicly posted. Don't blame us if you are too lazy to check them out yourself and rely on fox news to tell you everything.,,,1606646854,{},ge0hhum,False,t3_k2vlyu,False,True,t1_gdxjwd5,/r/Conservative/comments/k2vlyu/looks_like_the_shills_will_be_making_overtime/ge0hhum/,1606648021,1,True,False,Conservative,t5_2qh6p,,0,[],"[{'e': 'text', 't': 'Small Government'}]",richtext,t2_6sdwv,False,False
[],,CherryCokeNixon,,,,Buckleyite Conservative,dark,[],Yes! True!  Great year for China as everyone else scrambles.,,,1606646819,{},ge0hfa5,False,t3_k344zi,False,True,t1_ge0gziw,/r/Conservative/comments/k344zi/now_its_india_china_blames_india_for_origin_of/ge0hfa5/,1606647999,2,True,False,Conservative,t5_2qh6p,,0,[],"[{'e': 'text', 't': 'Buckleyite Conservative'}]",richtext,t2_dgcu8,False,True
[],,RealityIsAScam,,,,Classical Liberal,dark,[],"Are you kidding me bro? Anybody with a brain knows torture doesnt work. Are you grifting? Or just stupid? 

Let's do an example?

I'm pulling your fingernails off while I ask you to tell me which one of your friends built the bomb.

You dont know

How many fingernails will it take before you start rattling random names?

Cmon man.",,,1606646809,{},ge0hegs,False,t3_k36qda,False,True,t1_ge0ax1p,/r/Conservative/comments/k36qda/bidens_leading_cia_director_pick_backed_torture/ge0hegs/,1606647992,3,True,False,Conservative,t5_2qh6p,,0,[],"[{'e': 'text', 't': 'Classical Liberal'}]",richtext,t2_4k8fpgw,False,False
[],,Lev559,,,,,,[],Legally the only people who pick the president are the electors as such no one is actually chosen until they pick. Is that better?,,,1606646806,{},ge0he8t,False,t3_k2xv2h,False,True,t1_ge0gsjk,/r/Conservative/comments/k2xv2h/candace_owens_challenges_factchecker_and_wins/ge0he8t/,1606647990,1,True,False,Conservative,t5_2qh6p,,0,[],[],text,t2_3jgmeqwb,False,False
[],,Hiddenagenda876,,,,,,[],"Does the couple stay in one spot long enough to be considered as residing at their “usual residence”, defined by the census bureau as the place where a person lives or sleeps most of the time? 

https://www.census.gov/content/dam/Census/programs-surveys/decennial/2020-census/2020-Census-Residence-Criteria.pdf",,,1606646795,{},ge0hdeu,False,t3_k2ydmj,False,True,t1_gdye8qm,/r/Conservative/comments/k2ydmj/supreme_court_agrees_to_hear_trumps_plan_to/ge0hdeu/,1606647983,1,True,False,Conservative,t5_2qh6p,,0,[],[],text,t2_101hvt,False,False
[],,[deleted],,,,,dark,[],[removed],,,1606646789,{},ge0hcz1,False,t3_k2yf03,False,True,t3_k2yf03,/r/Conservative/comments/k2yf03/mouse_utopia_study_in_which_a_colony_of_mice_were/ge0hcz1/,1606647979,1,True,False,Conservative,t5_2qh6p,,0,[],,,,,
[],,[deleted],,,,,dark,[],[removed],,,1606646747,{},ge0h9nc,False,t3_k2xv2h,False,True,t3_k2xv2h,/r/Conservative/comments/k2xv2h/candace_owens_challenges_factchecker_and_wins/ge0h9nc/,1606647951,1,True,False,Conservative,t5_2qh6p,,0,[],,,,,
[],,DarkFantom,,,,,,[],Maybe put a /s next time,,,1606646731,{},ge0h8cv,False,t3_k2ydmj,False,True,t1_gdyybc7,/r/Conservative/comments/k2ydmj/supreme_court_agrees_to_hear_trumps_plan_to/ge0h8cv/,1606647941,1,True,False,Conservative,t5_2qh6p,,0,[],[],text,t2_7ho8i,False,False
[],,Flyntstoned,,,,,,[],Crazy to see conservatives trashing the constitution ...,,,1606646698,{},ge0h5na,False,t3_k2ydmj,False,True,t1_gdzn5k1,/r/Conservative/comments/k2ydmj/supreme_court_agrees_to_hear_trumps_plan_to/ge0h5na/,1606647919,1,True,False,Conservative,t5_2qh6p,,0,[],[],text,t2_h3m4r,False,False
[],,aracheb,,,,Conservative,dark,[],Judge to accepted illegal ballots in ny yo make a dem house rep win,,,1606646691,{},ge0h56p,False,t3_k3349a,False,True,t1_gdz98ei,/r/Conservative/comments/k3349a/end_of_recount_maintains_millermeeks_lead_in_iowa/ge0h56p/,1606647915,1,True,False,Conservative,t5_2qh6p,,0,[],"[{'e': 'text', 't': 'Conservative'}]",richtext,t2_1o3aplv0,False,False
[],,[deleted],,,,,dark,[],[removed],,,1606646648,{},ge0h1vq,False,t3_k2vlb2,False,True,t1_gdz7cte,/r/Conservative/comments/k2vlb2/ohio_certifies_presidential_election_results/ge0h1vq/,1606647888,1,True,False,Conservative,t5_2qh6p,,0,[],,,,,
[],,tahliawetnwild,,,,,,[],"It was not included in any of the questionnaires.

Source: worked for the census and filled out my family’s census via documents that were received by mail. The citizenship question was removed.

Stop spreading misinformation!",,,1606646647,{},ge0h1rt,False,t3_k2ydmj,False,True,t1_ge0byr9,/r/Conservative/comments/k2ydmj/supreme_court_agrees_to_hear_trumps_plan_to/ge0h1rt/,1606647888,0,True,False,Conservative,t5_2qh6p,,0,[],[],text,t2_756ojjkf,False,False
[],,Hiddenagenda876,,,,,,[],"The census also doesn’t care about who pays taxes and who doesn’t, except native Americans which are called out specifically because they can choose to live and work solely on their reservation and never pay taxes, including sales tax if things are purchased in the red. When it was written, women didn’t pay taxes except for sales tax, couldn’t vote, and couldnt own land. They still counted in the census. Children count in the census as well.",,,1606646636,{},ge0h11h,False,t3_k2ydmj,False,True,t1_ge03pna,/r/Conservative/comments/k2ydmj/supreme_court_agrees_to_hear_trumps_plan_to/ge0h11h/,1606647881,1,True,False,Conservative,t5_2qh6p,,0,[],[],text,t2_101hvt,False,False
[],,AcrophobicBat,,,,Moderate Conservative,dark,[],They’ve also used the opportunity to occupy some of India’s territory resulting in a border standoff that has already left a couple of dozen soldiers dead on each side and is still ongoing. This is probably also why they’re now blaming India for the virus.,,,1606646615,{},ge0gziw,False,t3_k344zi,False,True,t1_ge0dnvp,/r/Conservative/comments/k344zi/now_its_india_china_blames_india_for_origin_of/ge0gziw/,1606647868,2,True,False,Conservative,t5_2qh6p,,0,[],"[{'e': 'text', 't': 'Moderate Conservative'}]",richtext,t2_1gcjjthr,False,False
[],,KurlyKayla,,,,,,[],Y’all are basic.,,,1606646603,{},ge0gynt,False,t3_k2yf03,False,True,t1_gdz8ygu,/r/Conservative/comments/k2yf03/mouse_utopia_study_in_which_a_colony_of_mice_were/ge0gynt/,1606647861,1,True,False,Conservative,t5_2qh6p,,0,[],[],text,t2_1435yu,False,False
[],,riddledsphinx,,,,,,[],"Yea ok, she was right. But I feel like everyone who actually read the article can agree that this is really some petty shit.

Everyone hyping up Candace Owens and saying they love her over this has guaranteed not read the article or understood what she won over.

She literally challenged and won over word choice that people have been using for decades without issue. Good for her.",,,1606646596,{},ge0gy6n,False,t3_k2xv2h,False,True,t3_k2xv2h,/r/Conservative/comments/k2xv2h/candace_owens_challenges_factchecker_and_wins/ge0gy6n/,1606647855,3,True,False,Conservative,t5_2qh6p,,0,[],[],text,t2_gbw4u,False,False
[],,gusmac,,,,,,[],As a foreigner - they were in the census? Wtf?,,,1606646585,{},ge0gxe0,False,t3_k2ydmj,False,True,t3_k2ydmj,/r/Conservative/comments/k2ydmj/supreme_court_agrees_to_hear_trumps_plan_to/ge0gxe0/,1606647848,1,True,False,Conservative,t5_2qh6p,,0,[],[],text,t2_3wkmx,False,False
[],,RealityIsAScam,,,,Classical Liberal,dark,[],Fuck what I care they asked for? The American people need an audit or they wont trust another election ever again. Idgaf what the trump team is asking for. Im saying what we need is an audit,,,1606646558,{},ge0gvgl,False,t3_k2ea4e,False,True,t1_gdttg43,/r/Conservative/comments/k2ea4e/trump_campaign_spends_3_million_on_partial/ge0gvgl/,1606647832,1,True,False,Conservative,t5_2qh6p,,0,[],"[{'e': 'text', 't': 'Classical Liberal'}]",richtext,t2_4k8fpgw,False,False
[],,Daegoba,,,,,,[],"Exactly. The Census isn’t some sort of Government subsidy or resource department; it’s a head count. Literally. It’s simply old-school data acquisition to provide those who need it with enough info to make an informed decision. 

It’s a fucking head count people. That’s it. Legal or illegal; it doesn’t matter. For our Republic to work, we need real-world data to perform our best. 

If you don’t participate, you’re fucking yourself and everyone else.",,,1606646545,{},ge0guoq,False,t3_k2ydmj,False,True,t1_gdz9cp7,/r/Conservative/comments/k2ydmj/supreme_court_agrees_to_hear_trumps_plan_to/ge0guoq/,1606647826,2,True,False,Conservative,t5_2qh6p,,0,[],[],text,t2_5egdh,False,False
[],,MidnightMercenary85,,,,,,[],"Opinion page which doesn't have much fact. Again, you can call it appeasement or whatever just don't lie about who's it was, why it was done, etc. For mocking the left about safe spaces it is hilarious to watch someone be wrong, then have people double down on the wrong point. Disagree with the policy but Trump's first secretary of state did say Iran was complying and begged him not to get out of the deal.",,,1606646529,{},ge0gtqb,False,t3_k2wekr,False,True,t1_gdzdusv,/r/Conservative/comments/k2wekr/ted_cruz_hits_excia_boss_john_brennan_over/ge0gtqb/,1606647817,1,True,False,Conservative,t5_2qh6p,,0,[],[],text,t2_1p799xa4,False,False
[],,WittgensteinsNiece,,,,,,[],‘President elect’ isn’t a legally defined term to begin with.,,,1606646507,{},ge0gsjk,False,t3_k2xv2h,False,True,t1_gdzc9xa,/r/Conservative/comments/k2xv2h/candace_owens_challenges_factchecker_and_wins/ge0gsjk/,1606647804,1,True,False,Conservative,t5_2qh6p,,0,[],[],text,t2_68wub6e8,False,False
[],,Ramstetter,,,,,,[],"As others are said, you are the one that seems to not understand statistics and probabilities lmao. Oh well.",,,1606646503,{},ge0gsb6,False,t3_k32mfc,False,True,t1_ge05g28,/r/Conservative/comments/k32mfc/pennsylvania_bombshell_biden_994_vs_trump_06/ge0gsb6/,1606647802,1,True,False,Conservative,t5_2qh6p,,0,[],[],text,t2_3hoa4es,False,False
[],,Jigsaw203,,,,,,[],"If she really wanted to make a statement, that money would have came from her own pockets. Not that of the common folks. This doesn't make what she has said any better.",,,1606646486,{},ge0gre2,False,t3_k34jbd,False,True,t3_k34jbd,/r/Conservative/comments/k34jbd/aocs_among_us_stream_on_twitch_nets_200k_for/ge0gre2/,1606647792,1,True,False,Conservative,t5_2qh6p,,0,[],[],text,t2_36up6ecp,False,False
[],,PastRip1,,,,,,[],You are in a Christian subreddit man. Facts aren't welcome in religious areas,,,1606646454,{},ge0gpg6,False,t3_k2yf03,False,True,t1_gdzkoyv,/r/Conservative/comments/k2yf03/mouse_utopia_study_in_which_a_colony_of_mice_were/ge0gpg6/,1606647774,1,True,False,Conservative,t5_2qh6p,,0,[],[],text,t2_55j34srj,False,False
[],,jrohila,,Conservative,421b644c-8b38-11e1-bc5f-12313d18ad57,European Conservative,dark,[],"Western countries having less children is mostly just due to indoctrination of not having babies. First it was study and make career, then it went to saving the world. The thing is, you can study, make career, have children and save the world, but the secret is moderation. Case in point of this is Israel where even secular women have on average 2 children, although religious women have more than 3.",,,1606646452,{},ge0gpc0,False,t3_k2yf03,False,True,t1_gdyu96u,/r/Conservative/comments/k2yf03/mouse_utopia_study_in_which_a_colony_of_mice_were/ge0gpc0/,1606647773,1,True,False,Conservative,t5_2qh6p,,0,[],"[{'e': 'text', 't': 'European Conservative'}]",richtext,t2_36oen,False,False
[],,WittgensteinsNiece,,,,,,[],"&gt; He isn't legally the president elect

‘President elect’ isn’t a legally defined term to begin with.",,,1606646452,{},ge0gpbh,False,t3_k2xv2h,False,True,t1_gdzh118,/r/Conservative/comments/k2xv2h/candace_owens_challenges_factchecker_and_wins/ge0gpbh/,1606647772,1,True,False,Conservative,t5_2qh6p,,0,[],[],text,t2_68wub6e8,False,False
[],,acylase,,,,Reagan Conservative,dark,[],"Her popularity is hugely overrated. She is a media darling, not a ""people's princess""

$200K is a laughable collection. That's what an ordinary religious church/mosque/sinagogue fundraiser collects without any big names attached to it. 

Mind you, United States is the leading country in the world by charity given per capita. 

Our economic ladder is perfect: deep and exponential and we have plenty of hard-working people - from ordinary employees to multibillionaires - given so much money for charity that it covers the whole country.",,,1606646438,{},ge0gogv,False,t3_k34jbd,False,True,t3_k34jbd,/r/Conservative/comments/k34jbd/aocs_among_us_stream_on_twitch_nets_200k_for/ge0gogv/,1606647765,1,True,False,Conservative,t5_2qh6p,,0,[],"[{'e': 'text', 't': 'Reagan Conservative'}]",richtext,t2_89bbi1uo,False,False
[],,Hiddenagenda876,,,,,,[],"There are only specific circumstances that allow your employer to withhold zero taxes from your check and those are 
1. If you’re an independent contractor, but you are still liable for the taxes you owe
2. If you claim exemption on your W4, which you have to meet certain criteria for, such as over paying the previous year by enough to not owe for the current year. 
3. Your employer fucked up your paperwork or are being shady. In that case you need to get it fixed or you need to contact the IRS. Either way, you are still liable for the taxes you owe.

Edit: typo",,,1606646436,{},ge0godq,False,t3_k2ydmj,False,True,t1_ge0cpc8,/r/Conservative/comments/k2ydmj/supreme_court_agrees_to_hear_trumps_plan_to/ge0godq/,1606647764,1,True,False,Conservative,t5_2qh6p,,0,[],[],text,t2_101hvt,False,False
[],,bslawjen,,,,,,[],"&gt; Taxing the hell out of the rich. 

Don't see a problem with that.

&gt; Wanting to write down names of people on a list who’s opinions she doesn’t agree with.

This is iffy, but she actually meant politicians, not everybody. In which case, I kinda agree, politicians should not be allowed to lie to the public.",,,1606646435,{},ge0goci,False,t3_k34jbd,False,True,t1_ge0g95u,/r/Conservative/comments/k34jbd/aocs_among_us_stream_on_twitch_nets_200k_for/ge0goci/,1606647764,1,True,False,Conservative,t5_2qh6p,,0,[],[],text,t2_x1tus,False,False
[],,Helpful_Reception_14,,,,,,[],  upvoted,,,1606646429,{},ge0gnzr,False,t3_jmav8e,False,True,t3_jmav8e,/r/Conservative/comments/jmav8e/reddit_is_going_into_overdrive_with_the/ge0gnzr/,1606647760,1,True,False,Conservative,t5_2qh6p,,0,[],[],text,t2_8nz05ko5,False,False
[],,JimmyEat555,,,,,,[],"there was a push for all paper ballots several years ago. machines are ok, but definitely not machines with a wifi chip in it. Send it back.",,,1606646353,{},ge0girs,False,t3_k2xj6r,False,True,t1_gdyiy28,/r/Conservative/comments/k2xj6r/ohio_certifies_presidential_election_results/ge0girs/,1606647714,1,True,False,Conservative,t5_2qh6p,,0,[],[],text,t2_6qcbrczc,False,False
[],,SturmMilfEnthusiast,,,,,,[],This is pretty close to the answer. Socialists are largely just wannabe-oligarchs that have fashioned enough cultural power to be recognized by the actual oligarchs and welcomed into the game. The narrative and the cultural dominance of left-wing politics is as useful to the oligarchs as the capital and technology of the oligarchs is useful to the lefties. They have more power working together than they could working separately.,,,1606646334,{},ge0ghao,False,t3_k2rrd5,False,True,t1_gdyiivn,/r/Conservative/comments/k2rrd5/whole_foods_ceo_blasts_socialism_explains_how/ge0ghao/,1606647701,1,True,False,Conservative,t5_2qh6p,,0,[],[],text,t2_40eqprsc,False,False
[],,ajf672,,,,,,[],Lmfao,,,1606646321,{},ge0ggh0,False,t3_k2xv2h,False,False,t1_gdxx8sq,/r/Conservative/comments/k2xv2h/candace_owens_challenges_factchecker_and_wins/ge0ggh0/,1606647693,1,True,False,Conservative,t5_2qh6p,,0,[],[],text,t2_ejpoo,False,False
[],,Droziki,,,,,,[],"We can find common ground. Both you and I can agree that no one, under any circumstances, in any universe, at any time, for any reason, would ever, ever, ever utter an untruthful utterance at...

FOUR SEASONS TOTAL LANDSCAPING

Bahahahaha",,,1606646302,{},ge0gf3t,False,t3_k32mfc,False,True,t1_ge0ft3j,/r/Conservative/comments/k32mfc/pennsylvania_bombshell_biden_994_vs_trump_06/ge0gf3t/,1606647682,1,True,False,Conservative,t5_2qh6p,,0,[],[],text,t2_124h1f,False,False
[],,Ullyr_Atreides,,,,Trump 2020,dark,[],"*click click* gotta spend time with the family, it's the holidays after all..",,,1606646299,{},ge0gex6,False,t3_k36a7i,False,True,t3_k36a7i,/r/Conservative/comments/k36a7i/at_least_14_are_shot_in_new_york_city_over_the/ge0gex6/,1606647680,2,True,False,Conservative,t5_2qh6p,,0,[],"[{'e': 'text', 't': 'Trump 2020'}]",richtext,t2_3wis945t,False,False
[],,Yamezj,,,,,,[],Babies' bodies*,,,1606646295,{},ge0gekz,False,t3_k2zlqx,False,True,t1_gdz97im,/r/Conservative/comments/k2zlqx/sajid_javid_we_must_not_allow_woke_activists_to/ge0gekz/,1606647678,2,True,False,Conservative,t5_2qh6p,,0,[],[],text,t2_14ew0u,False,False
[],,BrighamYoung,,,,Russian bot,dark,[],Not even in office yet and he’s already doing an awful job.,,,1606646254,{},ge0gbjy,False,t3_k36n6f,False,True,t3_k36n6f,/r/Conservative/comments/k36n6f/beijing_biden_to_cooperate_with_china_and_offer/ge0gbjy/,1606647651,2,True,False,Conservative,t5_2qh6p,,0,[],"[{'e': 'text', 't': 'Russian bot'}]",richtext,t2_4f7r9,False,True
