all_awardings,associated_award,author,author_flair_background_color,author_flair_css_class,author_flair_richtext,author_flair_template_id,author_flair_text,author_flair_text_color,author_flair_type,author_fullname,author_patreon_flair,author_premium,awarders,body,collapsed_because_crowd_control,created_utc,gildings,id,is_submitter,link_id,locked,no_follow,parent_id,permalink,retrieved_on,score,send_replies,stickied,subreddit,subreddit_id,top_awarded_type,total_awards_received,treatment_tags,edited
[],,multiple4,,,[],,,,text,t2_12iwrs,False,False,[],"Japan has more respect from me than almost any other foreign country, maybe all of them. Not just bc of this, but this obviously helps. They just seem to really be worried about themselves, but also don't seem to do things to fuck over other countries. They just seem like a fair place",,1595375997,{},fytkdu2,False,t3_hvipws,False,False,t3_hvipws,/r/Conservative/comments/hvipws/japan_helps_87_companies_to_exit_china_after/fytkdu2/,1595456692,71,True,False,Conservative,t5_2qh6p,,0,[],
[],,[deleted],,,,,,dark,,,,,[],[removed],,1595375997,{},fytkdtk,False,t3_hvahku,False,True,t1_fytjrgu,/r/Conservative/comments/hvahku/map_of_the_confederate_states_of_america_2020/fytkdtk/,1595456692,1,True,False,Conservative,t5_2qh6p,,0,[],
[],,Boulders025,,,[],,,,text,t2_3rn5dg0z,False,False,[],"There is a lot about Trump that reminds me of Teddy. I really wish Trump was more like him to be honest. 

Teddy was given the chance to become president because they thought he was an idiot that would play ball or that they could make seem really stupid. Instead he did the best job of draining the swamp in American history. Expanded the power of the president, broke up monopolies and was an expert at handling the media(something Trump severely lacks). 

Teddy made a LOT of enemies doing so but never backed down. They even shot him during a speech once and he finished the speech before seeking medical attention, you couldn't silence the guy. He is one of my favorite presidents and when they removed his statue from that museum in New York to appease the ""woke"" mob I was downright pissed. Guy created the national parks for heavens sake and was the first president to invite a black person to dinner at the white house, despite his peers being appalled by it.",,1595375995,{},fytkdpe,False,t3_hv3msi,False,True,t1_fyrrx2h,/r/Conservative/comments/hv3msi/trump_says_cuomo_must_end_nyc_crime_wave_or_he/fytkdpe/,1595456690,1,True,False,Conservative,t5_2qh6p,,0,[],
[],,ck05,,,[],,,,text,t2_l7gke,False,False,[],I think you're all hearing what you truly feel inside!,,1595375990,{},fytkddv,False,t3_hvben3,False,True,t3_hvben3,/r/Conservative/comments/hvben3/i_heard_it_we_all_heard_it_it_sure_sounds_like_a/fytkddv/,1595456685,2,False,False,Conservative,t5_2qh6p,,0,[],
[],,[deleted],,,,,,dark,,,,,[],[removed],,1595375983,{},fytkcx8,False,t3_hvh7v6,False,True,t1_fyteobm,/r/Conservative/comments/hvh7v6/trump_says_coronavirus_crisis_will_get_worse/fytkcx8/,1595456678,36,True,False,Conservative,t5_2qh6p,,0,[],1595388880.0
[],,James8x9,,,[],,,,text,t2_gwdlbn4,False,False,[],A rational thing like this has to make the news? Something is wrong here.,,1595375982,{},fytkcvi,False,t3_hvblps,False,True,t3_hvblps,/r/Conservative/comments/hvblps/trump_aims_to_bar_illegal_immigrants_from/fytkcvi/,1595456678,1,True,False,Conservative,t5_2qh6p,,0,[],
[],,Tinkrr2,,,[],,,,text,t2_25giwew7,False,False,[],"Just sounds like generic political speech. I get it, she's a terrible person but you can't really wish harm upon a person during an interview, especially someone at high risk of committing suicide by assassin.",,1595375976,{},fytkci0,False,t3_hvhjwm,False,True,t3_hvhjwm,/r/Conservative/comments/hvhjwm/trump_wishes_ghislaine_maxwell_well/fytkci0/,1595456672,-2,True,False,Conservative,t5_2qh6p,,0,[],
[],,redwood4est,,,[],,,,text,t2_488vzy9j,False,False,[],"Serious question: how many preventable deaths from coronavirus would make you say “we need a new president”? Not necessarily vote for biden, but want a different republican instead?",,1595375974,{},fytkcbn,False,t3_hvh7v6,False,False,t1_fytalh6,/r/Conservative/comments/hvh7v6/trump_says_coronavirus_crisis_will_get_worse/fytkcbn/,1595456669,5,True,False,Conservative,t5_2qh6p,,0,[],
[],,aseriousfailure,,,[],,,,text,t2_63exkvin,False,False,[],Please tell us why knowing their name changes anything,,1595375970,{},fytkc3y,False,t3_hvf5a8,False,False,t1_fytdojv,/r/Conservative/comments/hvf5a8/next_dumb_statement/fytkc3y/,1595456666,12,True,False,Conservative,t5_2qh6p,,0,[],
[],,me_too_999,,,[],,,,text,t2_1213ep,False,False,[],Why don't we just stop giving a tax break to China?,,1595375962,{},fytkbkt,False,t3_hv5sje,False,True,t3_hv5sje,/r/Conservative/comments/hv5sje/sen_hawley_introduces_bill_to_fine_american/fytkbkt/,1595456658,1,True,False,Conservative,t5_2qh6p,,0,[],
[],,Syracus_,,,[],,,,text,t2_hu7ge3,False,False,[],"It would be a fair point if it wasn't anecdotal. What matters is the trends, not the isolated examples. The trend is that only about 2% of members of congress came from the working class.

&amp;#x200B;

When it comes to overall social-economic mobility, the US is not terrible, but it's not great either, notably it lags behind a number of European countries.

It's definitely not the only country where you can go from poverty to prosperity in one generation, and it takes on average **5** generations in the US to go from poverty to median income. Arguably the median income in the US is pretty low, most people wouldn't call someone making 33k$ in the US ""prosperous"".

&amp;#x200B;

As for the claim that America is the only country where you can go from slave to senator in 4 generations, I'm not sure that being a country in which there were still slaves legally merely 4 generations ago is anything to be proud of.

It does say something about the recent progress at least.",,1595375962,{},fytkbjf,False,t3_hvd0g2,False,False,t1_fyt7d84,/r/Conservative/comments/hvd0g2/john_james_america_is_the_only_country_where_you/fytkbjf/,1595456657,40,True,False,Conservative,t5_2qh6p,,0,[],
[],,WeAreAllFucced,,,[],,,,text,t2_4rckln1z,False,False,[],Fucc what’s the best alternative?,,1595375961,{},fytkbii,False,t3_hvhrgt,False,True,t1_fytcvg6,/r/Conservative/comments/hvhrgt/china_forces_christians_to_renounce_faith_destroy/fytkbii/,1595456657,-2,True,False,Conservative,t5_2qh6p,,0,[],
[],,bisexualfingerguns,,,[],,,,text,t2_4bsfukwu,False,False,[],You guys get triggered by masks so...,,1595375958,{},fytkbby,False,t3_hvhjwm,False,True,t1_fytjrsv,/r/Conservative/comments/hvhjwm/trump_wishes_ghislaine_maxwell_well/fytkbby/,1595456654,0,True,False,Conservative,t5_2qh6p,,0,[],
[],,aiiee1,,,"[{'e': 'text', 't': 'Constitutional Conservative'}]",,Constitutional Conservative,dark,richtext,t2_3ssehgf3,False,False,[],"Yeah, that one note song is getting pretty sad.  Who believes this stuff?",,1595375949,{},fytkaqk,False,t3_hvb7nk,False,False,t1_fys8784,/r/Conservative/comments/hvb7nk/msnbcs_barnicle_trump_may_send_federal_police_to/fytkaqk/,1595456645,4,True,False,Conservative,t5_2qh6p,,0,[],
[],,ck05,,,[],,,,text,t2_l7gke,False,False,[],yes let's cancel her. We love cancelling people here.,,1595375941,{},fytka79,False,t3_hvben3,False,True,t1_fyscnun,/r/Conservative/comments/hvben3/i_heard_it_we_all_heard_it_it_sure_sounds_like_a/fytka79/,1595456636,-7,False,False,Conservative,t5_2qh6p,,0,[],
[],,Bugsydog1,,,"[{'e': 'text', 't': 'Conservative'}]",,Conservative,dark,richtext,t2_2nt9nexh,False,False,[],He could be a middle man for some of the Chinese money that could be coming their way.,,1595375931,{},fytk9l0,False,t3_hvha7w,False,True,t3_hvha7w,/r/Conservative/comments/hvha7w/san_francisco_giants_hire_kaepernick_as_head/fytk9l0/,1595456628,3,True,False,Conservative,t5_2qh6p,,0,[],
[],,Brokeng3ars,,,[],,,,text,t2_2p1feovm,False,False,[],Sorry can you please explain how anything I said is wrong? Exactly why is the Republican party not pretty much the Empire ruled over by Jar Jar Binks?,,1595375930,{},fytk9he,False,t3_huxeh3,False,True,t1_fyrd4f7,/r/Conservative/comments/huxeh3/missouri_ag_moves_to_dismiss_charges_against/fytk9he/,1595456627,0,True,False,Conservative,t5_2qh6p,,0,[],
[],,Quintrell,,,[],,,,text,t2_c15e2,False,False,[],Cop doesn’t have to show you a badge much less let you read the number. That’s totally irrelevant,,1595375929,{},fytk9f9,False,t3_hvf5a8,False,True,t1_fytaqlt,/r/Conservative/comments/hvf5a8/next_dumb_statement/fytk9f9/,1595456625,-9,True,False,Conservative,t5_2qh6p,,0,[],
[],,aboardthegravyboat,,Conservative,"[{'e': 'text', 't': 'Conservative'}]",421b644c-8b38-11e1-bc5f-12313d18ad57,Conservative,dark,richtext,t2_7fq05,False,False,[],It's well defined that non citizens count. I don't think there's case law saying illegal aliens count.,,1595375922,{},fytk8yu,False,t3_hvbz2i,False,True,t1_fysyajq,/r/Conservative/comments/hvbz2i/trump_moves_to_bar_people_who_are_in_us_illegally/fytk8yu/,1595456619,4,True,False,Conservative,t5_2qh6p,,0,[],
[],,kazmaka,,,[],,,,text,t2_1rnni2fu,False,False,[],"I think it's more a case of questions being responded with ""actually you reporters are horrible people"" and then moving on. If the questions were answered honestly people would be happier.",,1595375919,{},fytk8sq,False,t3_hvben3,False,True,t1_fytfule,/r/Conservative/comments/hvben3/i_heard_it_we_all_heard_it_it_sure_sounds_like_a/fytk8sq/,1595456617,-12,True,False,Conservative,t5_2qh6p,,0,[],
[],,FreeThoughts22,,,"[{'e': 'text', 't': 'Reagan Conservative'}]",,Reagan Conservative,dark,richtext,t2_yy6oi,False,False,[],That’s clearly because you can’t read.,,1595375913,{},fytk8dk,False,t3_huxeh3,False,True,t1_fytgrod,/r/Conservative/comments/huxeh3/missouri_ag_moves_to_dismiss_charges_against/fytk8dk/,1595456609,1,True,False,Conservative,t5_2qh6p,,0,[],
[],,Grand_Lock,,,[],,,,text,t2_61szmz08,False,False,[],"Wars will never be fought via foot soldiers anymore, but by brainwashing foreign populations.",,1595375910,{},fytk876,False,t3_hv7ylu,False,False,t1_fyrnvmq,/r/Conservative/comments/hv7ylu/deplatforming_works/fytk876/,1595456607,15,True,False,Conservative,t5_2qh6p,,0,[],
[],,FuckboyMessiah,,,"[{'e': 'text', 't': 'One nation, indivisible'}]",,"One nation, indivisible",dark,richtext,t2_q0xz3,False,False,[],I'm picturing this like Michael Corleone kissing Fredo.,,1595375905,{},fytk7uf,False,t3_hvhjwm,False,True,t3_hvhjwm,/r/Conservative/comments/hvhjwm/trump_wishes_ghislaine_maxwell_well/fytk7uf/,1595456601,2,True,False,Conservative,t5_2qh6p,,0,[],
[],,PrestigiousRespond8,,,"[{'e': 'text', 't': '2A Conservative'}]",,2A Conservative,dark,richtext,t2_5rhki7ot,False,False,[],"Pretty much any right-wing advocacy group.  Hence putting ""bad"" in quotes.",,1595375904,{},fytk7td,False,t3_hv5ehb,False,True,t1_fytetxd,/r/Conservative/comments/hv5ehb/unwoke_is_the_jobs_board_that_helps_companies/fytk7td/,1595456601,2,True,False,Conservative,t5_2qh6p,,0,[],
[],,Cormandragon,,,[],,,,text,t2_jcqdv,False,False,[],We all think pedophiles need to be punished. I hope we can get some hard evidence in the case and whoever we have proof of fucking a child needs to be in jail,,1595375900,{},fytk7jt,False,t3_hvhjwm,False,True,t1_fythshl,/r/Conservative/comments/hvhjwm/trump_wishes_ghislaine_maxwell_well/fytk7jt/,1595456597,3,True,False,Conservative,t5_2qh6p,,0,[],
[],,[deleted],,,,,,dark,,,,,[],[removed],,1595375890,{},fytk6vp,False,t3_hvahku,False,True,t1_fysvqsj,/r/Conservative/comments/hvahku/map_of_the_confederate_states_of_america_2020/fytk6vp/,1595456586,1,True,False,Conservative,t5_2qh6p,,0,[],
[],,giritrobbins,,,[],,,,text,t2_3msd2,False,False,[],They can vote. In local elections. They pay taxes. No taxation without representation.,,1595375885,{},fytk6k8,False,t3_hvblps,False,True,t1_fysk0kl,/r/Conservative/comments/hvblps/trump_aims_to_bar_illegal_immigrants_from/fytk6k8/,1595456583,-1,True,False,Conservative,t5_2qh6p,,0,[],
[],,lord_deadbeef,,,[],,,,text,t2_5si8u9ds,False,False,[],"&gt; Where is the evidence for your claims?

What value would any modicum of evidence provide? Clearly this is a baseless political opinion. The evidence would most likely be a TV show. 

This is why I can't sincerely ask for evidence without starting a massive conversation geared at analyzing whether I'm a troll or not.",,1595375880,{},fytk6ad,False,t3_hvhjwm,False,True,t1_fytgrlz,/r/Conservative/comments/hvhjwm/trump_wishes_ghislaine_maxwell_well/fytk6ad/,1595456578,0,True,False,Conservative,t5_2qh6p,,0,[],
[],,First__Consul,,,[],,,,text,t2_1dljknvb,False,False,[],"Oh, okay. Thanks for explaining your viewpoints.",,1595375880,{},fytk689,False,t3_hv6mku,False,True,t1_fytfs5x,/r/Conservative/comments/hv6mku/fbi_knew_collusion_was_a_nothingburger_but_kept/fytk689/,1595456578,2,True,False,Conservative,t5_2qh6p,,0,[],
[],,COYBIG22920,,,[],,,,text,t2_55mz4fyq,False,False,[],This is not a good comparison at all.,,1595375878,{},fytk64i,False,t3_hvidjf,False,True,t3_hvidjf,/r/Conservative/comments/hvidjf/gop_lawmaker_compares_protesters_to/fytk64i/,1595456576,0,True,False,Conservative,t5_2qh6p,,0,[],
[],,lofty11,,,[],,,,text,t2_ojkgmf7,False,False,[],"As little as possible yes, but after 2+ months destruction of federal property it's about time. Local governments have outright stated they have no interest in enforcing the law or protecting people.",,1595375855,{},fytk4ng,False,t3_hvh5h8,False,False,t1_fythf0x,/r/Conservative/comments/hvh5h8/us_homeland_security_confirms_three_units_sent/fytk4ng/,1595456553,5,True,False,Conservative,t5_2qh6p,,0,[],
[],,Dravaek,,,[],,,,text,t2_37hi5rqh,False,False,[],"If these are what you guy's keep talking about when referring to ""russian bots"", Russia must have some pretty advanced AI! 

/s",,1595375853,{},fytk4il,False,t3_hv9is2,False,False,t1_fyt4iol,/r/Conservative/comments/hv9is2/michigan_school_fires_popular_teacher_for_saying/fytk4il/,1595456550,8,True,False,Conservative,t5_2qh6p,,0,[],
[],,usesbiggerwords,,,[],,,,text,t2_13zzfm8z,False,False,[],"Yes. Part of the problem is American education has become administration-heavy, so a lot of the dollars going into the education system not going to teacher salaries and materials.",,1595375843,{},fytk3vb,False,t3_hvd0g2,False,False,t1_fyte4l8,/r/Conservative/comments/hvd0g2/john_james_america_is_the_only_country_where_you/fytk3vb/,1595456539,4,True,False,Conservative,t5_2qh6p,,0,[],
[],,rudedudemood,,,[],,,,text,t2_3f1d9wtn,False,False,[],"What the fuck is a gender? I only know about sexes. Male,female, and the occasional intersex person.",,1595375841,{},fytk3rz,False,t3_hvhjwm,False,True,t1_fytfst1,/r/Conservative/comments/hvhjwm/trump_wishes_ghislaine_maxwell_well/fytk3rz/,1595456538,0,True,False,Conservative,t5_2qh6p,,0,[],
[],,jivatman,,,[],,,,text,t2_3wt30,False,False,[],"Video games do certain things for balance, as well as gameplay reasons. For example in real life Full-Auto is rarely used, only for a few situations like cover fire. Usually Semi-Auto is used. But I guess that would be more annoying gameplay-wise.

But yeah, 1-bullet would be crazy.",,1595375830,{},fytk33h,False,t3_hvh7v6,False,True,t1_fytj4ho,/r/Conservative/comments/hvh7v6/trump_says_coronavirus_crisis_will_get_worse/fytk33h/,1595456524,1,True,False,Conservative,t5_2qh6p,,0,[],
[],,EclecticYeti,,,[],,,,text,t2_8yrh5mx,False,False,[],god I hope your memeing,,1595375827,{},fytk2xd,False,t3_hvf5a8,False,True,t1_fythosi,/r/Conservative/comments/hvf5a8/next_dumb_statement/fytk2xd/,1595456522,-9,True,False,Conservative,t5_2qh6p,,0,[],
[],,[deleted],,,,,,dark,,,,,[],[removed],,1595375824,{},fytk2nx,False,t3_hvc404,False,True,t1_fysvntv,/r/Conservative/comments/hvc404/ocasiocortez_to_introduce_bill_requiring_federal/fytk2nx/,1595456518,1,True,False,Conservative,t5_2qh6p,,0,[],
[],,[deleted],,,,,,dark,,,,,[],[removed],,1595375823,{},fytk2m8,False,t3_hvhjwm,False,True,t1_fytftay,/r/Conservative/comments/hvhjwm/trump_wishes_ghislaine_maxwell_well/fytk2m8/,1595456517,0,True,False,Conservative,t5_2qh6p,,0,[],
[],,Matt1388,,,[],,,,text,t2_1tuwzb9,False,False,[],Intelligent people want her to live and expose as many people as possible.,,1595375822,{},fytk2k6,False,t3_hvhjwm,False,True,t1_fytepv6,/r/Conservative/comments/hvhjwm/trump_wishes_ghislaine_maxwell_well/fytk2k6/,1595456517,11,True,False,Conservative,t5_2qh6p,,0,[],
[],,excelsior2000,,,"[{'e': 'text', 't': 'Constitutional Conservative'}]",,Constitutional Conservative,dark,richtext,t2_4jim5c14,False,False,[],"That's not an ulterior motive. That's the admitted motive. Companies do this because it makes them money, not as part of a strategy to strengthen an evil regime. We accept this because we're OK with them making money, and we've decided the service they offer is worth it.",,1595375820,{},fytk2g2,False,t3_hv7ylu,False,False,t1_fythpiq,/r/Conservative/comments/hv7ylu/deplatforming_works/fytk2g2/,1595456515,5,True,False,Conservative,t5_2qh6p,,0,[],
[],,reeedh,,,[],,,,text,t2_3msvf6p1,False,False,[],"If that was the case, then US Citizens and residents of the US in Puerto Rico, Guam, Samoa and the USVI should be allowed to have voting representation.",,1595375819,{},fytk2cb,False,t3_hvblps,False,False,t1_fyt3am5,/r/Conservative/comments/hvblps/trump_aims_to_bar_illegal_immigrants_from/fytk2cb/,1595456512,3,True,False,Conservative,t5_2qh6p,,0,[],
[],,[deleted],,,,,,dark,,,,,[],[removed],,1595375805,{},fytk1g1,False,t3_hvhjwm,False,True,t1_fytjrsv,/r/Conservative/comments/hvhjwm/trump_wishes_ghislaine_maxwell_well/fytk1g1/,1595456497,1,True,False,Conservative,t5_2qh6p,,0,[],
[],,LancerLife,,,[],,,,text,t2_14h5i8,False,False,[],"I see. So it’ll be HQ possibly, definitely not separating and running off to the west, though. The majority of operations would probably remain in China anyways.",,1595375799,{},fytk11l,False,t3_hv7ylu,False,True,t1_fytj5zy,/r/Conservative/comments/hv7ylu/deplatforming_works/fytk11l/,1595456491,1,True,False,Conservative,t5_2qh6p,,0,[],
[],,Metafx,,,"[{'e': 'text', 't': 'Conservative'}]",,Conservative,dark,richtext,t2_7pzim,False,False,[],I’m pretty sure it’s because the Indian nations have a complex pseudo-separate sovereign relationship with the United Stares whereas illegal aliens have no independent sovereign standing.,,1595375789,{},fytk0fx,False,t3_hvbz2i,False,False,t1_fytg05r,/r/Conservative/comments/hvbz2i/trump_moves_to_bar_people_who_are_in_us_illegally/fytk0fx/,1595456481,5,True,False,Conservative,t5_2qh6p,,0,[],
[],,Drunken_Priest,,,"[{'e': 'text', 't': 'Conservative'}]",,Conservative,dark,richtext,t2_3ldvhvo9,False,True,[],And?  He was the only one willing to help.  Mental gymnastics is now in session.,,1595375789,{},fytk0fp,False,t3_hvhjwm,False,True,t1_fytiva3,/r/Conservative/comments/hvhjwm/trump_wishes_ghislaine_maxwell_well/fytk0fp/,1595456481,6,True,False,Conservative,t5_2qh6p,,0,[],
[],,RandomJew567,,,[],,,,text,t2_rctyy2f,False,False,[],"Yes, I agree, it *can* be. That's the entire premise of slippery slope, something *might* happen if another event is to happen. Purely going off of that reasoning, however, is fallacious. Eating a donut isn't the same thing as becoming obese, which is what slippery slope is attempting to defend. While eating a donut can lead to obesity, it doesn't directly cause it. Plenty of people eat donuts without becoming obese.

You also ignored the statement after what you quoted, where I clarified that I was talking about doing nothing except for eating a singular donut. In the example I gave, slippery slope was being used in order to defend the statement roughly ""eating a donut will cause me to become obese."" Given that eating a singular donut, alone, won't cause somebody to become obese, slippery slope is fallacious in that example. Could it have consequences that may make it more likely for you to become obese? Absolutely, but that doesn't make the two things equal.

Let's bring this back to the mask example. Political opinions aside, the government mandating masks doesn't equate to them becoming a tyrannical dictatorship. There are plenty of governments across the world who have mandated masks, yet they are not tyrannical dictatorships. It is true that mandating masks could have repercussions, as it gives the government more power, however, the alone connection between forcing people to wear masks and a tyrannical government isn't a true one.",,1595375789,{},fytk0f8,False,t3_htprmh,False,True,t1_fysuig2,/r/Conservative/comments/htprmh/woman_urinates_on_floor_after_refusing_to_leave/fytk0f8/,1595456481,1,True,False,Conservative,t5_2qh6p,,0,[],
[],,[deleted],,,,,,dark,,,,,[],[removed],,1595375789,{},fytk0ey,False,t3_hvhjwm,False,True,t1_fyte6vt,/r/Conservative/comments/hvhjwm/trump_wishes_ghislaine_maxwell_well/fytk0ey/,1595456481,1,True,False,Conservative,t5_2qh6p,,0,[],
[],,[deleted],,,,,,dark,,,,,[],[removed],,1595375785,{},fytk063,False,t3_hv3msi,False,True,t3_hv3msi,/r/Conservative/comments/hv3msi/trump_says_cuomo_must_end_nyc_crime_wave_or_he/fytk063/,1595456477,1,True,False,Conservative,t5_2qh6p,,0,[],
[],,jim351,,,"[{'e': 'text', 't': 'Conservative'}]",,Conservative,dark,richtext,t2_3pdr7hj1,False,False,[],"I am a broad-minded person  and have had a job dealing with many different people for half of my life. I am  aware there have been horrible racial  injustices in our country. But I know I am not personally responsible for a single one of them and remain sympathetic for the need for change.I have spent my entire life and career treating every person I met on who they are  not their race, ethnicity, gender or anything else. This includes some of my closest friends to this day. I in now way have ever shown a racist motive in my life , and  not to  go into my back ground to much , but I  have trusted me life and had others of many different races and backgrounds trust me with theirs. I know many people are like this , but it seems like the second politics enters the equation it goes out the window with most people who can't talk about the things that need to be changed. Politicians and the media seem to sense this and constantly feed off of it. Once people can honestly speak openly to each about it  this may help the problem. I hope !",,1595375784,{},fytk051,False,t3_hv7wea,False,True,t1_fyteotn,/r/Conservative/comments/hv7wea/watch_blm_activist_says_white_men_are_the_common/fytk051/,1595456477,1,True,False,Conservative,t5_2qh6p,,0,[],
[],,su8iefl0w,,,[],,,,text,t2_14q2ju,False,False,[],Wait what about that 13 year old? And the 24 pending cases about sexual assault and other shit?,,1595375778,{},fytjzpf,False,t3_hvhjwm,False,True,t1_fytihuc,/r/Conservative/comments/hvhjwm/trump_wishes_ghislaine_maxwell_well/fytjzpf/,1595456469,4,True,False,Conservative,t5_2qh6p,,0,[],
[],,SubaruSucks,,,"[{'e': 'text', 't': 'Constitutionalist'}]",,Constitutionalist,dark,richtext,t2_rt69p,False,False,[],"I bet Japan becomes the next global superpower. They seem to be the only country right now that both likes their national identity and isn't afraid to stand up to China.

Edit: I didn't realize Japan was getting an age problem. But if they can mitigate that without losing their culture they may have a shot.",,1595375777,{},fytjzny,False,t3_hvipws,False,False,t3_hvipws,/r/Conservative/comments/hvipws/japan_helps_87_companies_to_exit_china_after/fytjzny/,1595456469,45,True,False,Conservative,t5_2qh6p,,0,[],1595383394.0
[],,fsu_bois,,,[],,,,text,t2_4okjsg1g,False,False,[],"A key point to remember
The largest group of voters is actually nonvoters. https://www.politico.com/news/magazine/2020/02/19/knight-nonvoter-study-decoding-2020-election-wild-card-115796

So what happens when you send out millions of mail-in ballots? What's stopping people from going mail box to mail box taking out their ballot? Most people won't know or care. 

With absentee ballots its selected people, basically impossible to know who is getting one ahead of time. As opposed to mail in where you could just walk down a street and grab a bunch. 

Additionally, there is the problem of if the voter rolls are even correct. I personally received voter registration forms for someone else, the person has not lived here for years. People are bad about updating their information meaning ballots are going to be all jacked up. 

Basically this adds up for a increase in voter fraud with the current system. Is it enough to actually effect the election? I doubt it but we don't have anything to really compare this to. 

Here is a article going over the pitfalls of mail-in ballots

https://www.heritage.org/election-integrity/commentary/americas-hidden-voting-epidemic-mail-ballot-failures

Here is one that's a dissent to the above

https://www.politifact.com/factchecks/2020/jun/09/j-christian-adams/misleading-claim-millions-absentee-ballots-end-mis/

You can make up your own mind obviously.

Personally, I believe mail-in ballots will result in a increase of voter fraud it's naive to believe otherwise. Well it be enough to effect the election is the real question.

Also, I downvoted you since you decided to edit your comment insulting a community of people. It's really a sign of immaturity that's rampant on both sides of the aisle.",,1595375773,{},fytjzeh,False,t3_hvfl2n,False,True,t1_fyt1d3t,/r/Conservative/comments/hvfl2n/reporter_denies_making_crude_remark_toward/fytjzeh/,1595456465,2,True,False,Conservative,t5_2qh6p,,0,[],
[],,FuckboyMessiah,,,"[{'e': 'text', 't': 'One nation, indivisible'}]",,"One nation, indivisible",dark,richtext,t2_q0xz3,False,False,[],I think you just convinced me not to vote for Michelle Obama in November.,,1595375768,{},fytjz27,False,t3_hvhjwm,False,True,t1_fytfyjw,/r/Conservative/comments/hvhjwm/trump_wishes_ghislaine_maxwell_well/fytjz27/,1595456460,21,True,False,Conservative,t5_2qh6p,,0,[],
[],,Bugsydog1,,,"[{'e': 'text', 't': 'Conservative'}]",,Conservative,dark,richtext,t2_2nt9nexh,False,False,[],"Trump has to have a plan because the dead are a solid voting block for the Democrats and have been for decades.  There was the story a year or so ago about someone's uncle that was a die hard republican voter his whole life.  It was sad when the uncle passed away.  Imagine the shock when this someone received Democrat mailings that were supposed to go to his uncle.  With a little investigation, it was found that his dead uncle had registered as a Democrat several months after his death and had voted in every election since that time according to the voter roles.  This story came out during the governor's race in Georgia and all the flack about flushing out the problems in the voter rolls.  Any body hear about somebody named Stacy Abrams?",,1595375765,{},fytjyw6,False,t3_huy2uc,False,True,t3_huy2uc,/r/Conservative/comments/huy2uc/poll_biden_leading_in_several_key_battleground/fytjyw6/,1595456457,1,True,False,Conservative,t5_2qh6p,,0,[],
[],,JelloCheesecake,,,[],,,,text,t2_1n45esmj,False,False,[],"First of all, don’t “huh” me as if I knew about that person DMing you. Second of all, for all we know, that person could be trolling you, third of all, it is a decent point that a presidential nominee should be held to more scrutiny than someone not running (NOT to say Clinton isn’t as bad or even worse than Trump, but just to say that it is urgent we discover something terrible about a presidential nominee before they are elected). And fourth, that person is a dumb ass whether or not they were trolling you and it does count. But they didn’t pardon Clinton, they just may have been inferring that dealing with Trump would be more urgent, as I said above.",,1595375757,{},fytjyef,False,t3_hvhjwm,False,True,t1_fythshl,/r/Conservative/comments/hvhjwm/trump_wishes_ghislaine_maxwell_well/fytjyef/,1595456447,2,True,False,Conservative,t5_2qh6p,,0,[],
[],,guyincognito60,,,[],,,,text,t2_3e3ypdnm,False,False,[],The hypocrisy of this post is amazing. The NYT did not dox his family. Tucker claims they were going to without proof so his fans retaliate and dox the journalists who NEVER doxxed him. But NYT is the asshole right? Do you think maybe just maybe Tucker Carlson brought this up to distract from the sexual harassment allegations?,,1595375757,{},fytjyda,False,t3_hv5vv9,False,True,t3_hv5vv9,/r/Conservative/comments/hv5vv9/tucker_exposes_nyt_plot_to_dox_his_family_put/fytjyda/,1595456447,-1,True,False,Conservative,t5_2qh6p,,0,[],
[],,morequotesbytrump,,,[],,,,text,t2_6zle28w6,False,False,[],"I'm just throwing this out there. But what about a transient area such as Las Vegas? There are 10s of thousands of people that are not residents of Las Vegas, but the laws, services, and infrastructure provided by the government of Las Vegas has to represent those 10s of thousands of people. And as the number of people grow, so would the number of representatives needed to discuss these things.",,1595375756,{},fytjyb1,False,t3_hvblps,False,True,t1_fyt757q,/r/Conservative/comments/hvblps/trump_aims_to_bar_illegal_immigrants_from/fytjyb1/,1595456446,1,True,False,Conservative,t5_2qh6p,,0,[],
[],,GardnerIsTheGOAT,,,[],,,,text,t2_4mk9ism5,False,False,[],"Right, of course, I'm just saying that certain statistics are meaningless at this point, like the death rate. High, low, it's a pointless discussion because we have nowhere near enough data to make an educated guess.

The economic situation is difficult. I wanted the entire country to just shutdown for like a month and the government to send money to everyone. Yes the deficit would balloon, but going into a depression isn't any better.

I was born in New Zealand, I should have stayed there haha. That's basically what they did.

It's complicated at this point, because we sorta have the worst of both worlds - the virus is spreading but the economy is wrecked too. I'm glad I'm not in charge of fixing it lol",,1595375750,{},fytjxz1,False,t3_hvh4v9,False,True,t1_fytjisu,/r/Conservative/comments/hvh4v9/trump_asked_all_americans_to_wear_face_coverings/fytjxz1/,1595456440,1,True,False,Conservative,t5_2qh6p,,0,[],
[],,[deleted],,,,,,dark,,,,,[],[removed],,1595375749,{},fytjxwg,False,t3_hvblps,False,True,t1_fysfhfx,/r/Conservative/comments/hvblps/trump_aims_to_bar_illegal_immigrants_from/fytjxwg/,1595456439,1,True,False,Conservative,t5_2qh6p,,0,[],
[],,dgeimz,,,[],,,,text,t2_141fab,False,False,[],"I prefer a T-shaped person. Someone who can be an expert in one thing and have breadth of knowledge. If we get caught up in our own personal past, we have a limited ability to cooperate with others with different pasts.",,1595375747,{},fytjxqk,False,t3_hvgjy6,False,True,t1_fytdglh,/r/Conservative/comments/hvgjy6/the_ap_says_that_history_and_culture_of_white/fytjxqk/,1595456436,-3,True,False,Conservative,t5_2qh6p,,0,[],
[],,[deleted],,,,,,dark,,,,,[],[removed],,1595375743,{},fytjxid,False,t3_hvf5a8,False,True,t1_fyt5noj,/r/Conservative/comments/hvf5a8/next_dumb_statement/fytjxid/,1595456433,-3,False,False,Conservative,t5_2qh6p,,0,[],
[],,agbro10,,,[],,,,text,t2_69cw3t17,False,False,[],"Japan, unlike most western nations prides itself on having a complex economy. 

Whereas most western nations have been progressing to simplified, service based economies. I know Japan isn't perfect with their debt levels and ageing workforce, but they are a united nation and look out for Japan first and foremost.",,1595375738,{},fytjx7i,False,t3_hvipws,False,False,t3_hvipws,/r/Conservative/comments/hvipws/japan_helps_87_companies_to_exit_china_after/fytjx7i/,1595456428,178,True,False,Conservative,t5_2qh6p,,0,[],
[],,flamingosinpink,,,[],,,,text,t2_19stb299,False,False,[],The other day when she heard protesters were on the way to her house who did she call? The POLICE to block her street.,,1595375731,{},fytjwqy,False,t3_hvb7nk,False,False,t3_hvb7nk,/r/Conservative/comments/hvb7nk/msnbcs_barnicle_trump_may_send_federal_police_to/fytjwqy/,1595456421,5,True,False,Conservative,t5_2qh6p,,0,[],
[],,SteveTheSoviet,,Roosevelt Conservative,"[{'e': 'text', 't': 'Roosevelt Conservative'}]",,Roosevelt Conservative,dark,richtext,t2_55h8lnwf,False,False,[],The United States should not have secret courts.,,1595375729,{},fytjwlz,False,t3_hvf5a8,False,True,t3_hvf5a8,/r/Conservative/comments/hvf5a8/next_dumb_statement/fytjwlz/,1595456419,-11,True,False,Conservative,t5_2qh6p,,0,[],
[],,Rivsmama,,,"[{'e': 'text', 't': 'Conservative Values'}]",,Conservative Values,dark,richtext,t2_wutyg,False,False,[],Maybe,,1595375726,{},fytjwh7,False,t3_hvh4v9,False,True,t1_fyt9yw6,/r/Conservative/comments/hvh4v9/trump_asked_all_americans_to_wear_face_coverings/fytjwh7/,1595456415,1,True,False,Conservative,t5_2qh6p,,0,[],
[],,[deleted],,,,,,dark,,,,,[],[removed],,1595375719,{},fytjw15,False,t3_hv7fux,False,True,t3_hv7fux,/r/Conservative/comments/hv7fux/nike_makes_sweatshop_workers_work_overtime_to/fytjw15/,1595456407,1,True,False,Conservative,t5_2qh6p,,0,[],
[],,ThrowRAotheraccount,,,[],,,,text,t2_6asl8htq,False,False,[],Undercover (un-uniformed) police have an entirely different role &amp; uniform &amp; responsibilities than the pseudo-military unidentified uniformed members of the boarder patrol the US has showing up at riots.  How unbelievably dense do you need to be to not see the difference?,,1595375718,{},fytjvxi,False,t3_hvf5a8,False,False,t1_fythrtk,/r/Conservative/comments/hvf5a8/next_dumb_statement/fytjvxi/,1595456406,19,True,False,Conservative,t5_2qh6p,,0,[],
[],,Drunken_Priest,,,"[{'e': 'text', 't': 'Conservative'}]",,Conservative,dark,richtext,t2_3ldvhvo9,False,True,[],I guess reading comprehension isn't your strong suit.  Go back and read my comment again there buddy.,,1595375717,{},fytjvw4,False,t3_hvhjwm,False,True,t1_fytjetu,/r/Conservative/comments/hvhjwm/trump_wishes_ghislaine_maxwell_well/fytjvw4/,1595456405,0,True,False,Conservative,t5_2qh6p,,0,[],
[],,[deleted],,,,,,dark,,,,,[],[deleted],,1595375702,{},fytjuwi,False,t3_hviouh,False,False,t3_hviouh,/r/Conservative/comments/hviouh/lets_stop_the_nonsense_about_federal_agents_in/fytjuwi/,1595456390,19,True,False,Conservative,t5_2qh6p,,0,[],
[],,TheFckingNSA,,,"[{'e': 'text', 't': 'Conservative Woman'}]",,Conservative Woman,dark,richtext,t2_5qnaaf56,False,True,[],I also have mental health problems yes. But the medical problems that I’m talking about is my speech disorders and Tourette’s.,,1595375701,{},fytjuu5,False,t3_hvedz2,False,True,t1_fytjj9m,/r/Conservative/comments/hvedz2/tom_cotton_compares_portland_antifa_to/fytjuu5/,1595456389,3,True,False,Conservative,t5_2qh6p,,0,[],
[],,asdfa1234nknln,,,[],,,,text,t2_4wcpb6dm,False,False,[],"So this is entirely incorrect?

https://www.nbcnews.com/politics/congress/senate-has-uncovered-no-direct-evidence-conspiracy-between-trump-campaign-n970536

I mean even the headline stated what you would want to here? Why do you have a hard time to point to a news article and point facts that was intentionally fake?",,1595375696,{},fytjuhl,False,t3_hssn8x,False,True,t1_fytal11,/r/Conservative/comments/hssn8x/americas_reporters_and_editors_are_liars/fytjuhl/,1595456384,1,True,False,Conservative,t5_2qh6p,,0,[],
[],,Rivsmama,,,"[{'e': 'text', 't': 'Conservative Values'}]",,Conservative Values,dark,richtext,t2_wutyg,False,False,[],"You're right I'm sorry. Im just frustrated with everything and I find myself wanting to argue with everyone lol. Im actually happy he wore the mask. I don't think masks are the be all end all that some people make them out to be, but I do think it is a nice gesture. Of all the fights we are fighting right now, masks are so far down on the list",,1595375693,{},fytjub6,False,t3_hvh4v9,False,True,t1_fythsuv,/r/Conservative/comments/hvh4v9/trump_asked_all_americans_to_wear_face_coverings/fytjub6/,1595456382,1,True,False,Conservative,t5_2qh6p,,0,[],
[],,SgtFraggleRock,,,"[{'e': 'text', 't': 'Sgt Conservative'}]",,Sgt Conservative,dark,richtext,t2_1ho7udul,False,True,[],The left has never had a shortage of useful idiots.,,1595375685,{},fytjtrx,False,t3_hvdrln,False,False,t1_fytheg9,/r/Conservative/comments/hvdrln/watch_chicago_police_release_video_of_antifa/fytjtrx/,1595456374,19,True,False,Conservative,t5_2qh6p,,0,[],
[],,reeedh,,,[],,,,text,t2_3msvf6p1,False,False,[],"No, we don’t, because that is illegal. Non citizens can’t and don’t vote.",,1595375678,{},fytjtck,False,t3_hvblps,False,True,t1_fyt1wij,/r/Conservative/comments/hvblps/trump_aims_to_bar_illegal_immigrants_from/fytjtck/,1595456368,2,True,False,Conservative,t5_2qh6p,,0,[],
[],,One_Eyed_Penguin,,,[],,,,text,t2_6oi459vm,False,False,[],"This is the stupidest hot take of a comment I have seen in a long while.  Holy shit, the head in sand Ostrich maneuver you are doing is incredible.

Edit: ""Individual actors"" yeah, the coordinated delivery of bricks in Portland and coordinated delivery of bats in NYC is ""individual"".  You are a moron.",,1595375678,{},fytjtbz,False,t3_hvedz2,False,False,t1_fyti2xj,/r/Conservative/comments/hvedz2/tom_cotton_compares_portland_antifa_to/fytjtbz/,1595456367,27,True,False,Conservative,t5_2qh6p,,0,[],
[],,aggie1391,,,[],,,,text,t2_66wyn,False,True,[],"Who is 'they'? He runs the fucking DOJ that has her locked up, and Barr is 100% in his pocket to do whatever. Do you actually believe in some mythical deep state or Clinton conspiracy, that hasn't ever been found despite numerous investigations?",,1595375675,{},fytjt4v,False,t3_hvhjwm,False,True,t1_fytclvy,/r/Conservative/comments/hvhjwm/trump_wishes_ghislaine_maxwell_well/fytjt4v/,1595456364,4,True,False,Conservative,t5_2qh6p,,0,[],
[],,su8iefl0w,,,[],,,,text,t2_14q2ju,False,False,[],Bro you know what sub you are in lol?? No facts in here. You have to feed into there propaganda,,1595375674,{},fytjt38,False,t3_hvhjwm,False,True,t1_fyth8ps,/r/Conservative/comments/hvhjwm/trump_wishes_ghislaine_maxwell_well/fytjt38/,1595456364,-17,True,False,Conservative,t5_2qh6p,,0,[],
[],,mattschu55,,,[],,,,text,t2_11m974,False,False,[],Did you or did you not see the gate they broke down?,,1595375674,{},fytjt2m,False,t3_hv68w8,False,False,t1_fyth60y,/r/Conservative/comments/hv68w8/enough_is_enough_missouris_attorney_general/fytjt2m/,1595456362,9,True,False,Conservative,t5_2qh6p,,0,[],
[],,Quintrell,,,[],,,,text,t2_c15e2,False,False,[],You can buy very realistic looking police badges. Absolutely. And not all cops “wear” the badge. Ffs plain clothes law enforcement is super common. They aren’t required to show a badge or look like a police officer. That’s been true for ages yet only now are people suddenly concerned about it. Have you never seen a movie that features a police sting? Hollywood fiction isn’t that far off,,1595375672,{},fytjsw2,False,t3_hvf5a8,False,False,t1_fyt66am,/r/Conservative/comments/hvf5a8/next_dumb_statement/fytjsw2/,1595456361,18,True,False,Conservative,t5_2qh6p,,0,[],
[],,drduke8,,,[],,,,text,t2_53upyvzl,False,False,[],When you start teaching selective history in school this is what you get.,,1595375672,{},fytjsvu,False,t3_hvhx9n,False,False,t1_fytjm5w,/r/Conservative/comments/hvhx9n/star_of_david_now_considered_hatful_imagery_by/fytjsvu/,1595456361,14,True,False,Conservative,t5_2qh6p,,0,[],
[],,cliffotn,,,[],,,,text,t2_348fs,False,False,[],"Relevant!

https://youtu.be/f1ab6uxg908",,1595375670,{},fytjsrn,False,t3_hvf5a8,False,False,t1_fyt2v4p,/r/Conservative/comments/hvf5a8/next_dumb_statement/fytjsrn/,1595456358,10,True,False,Conservative,t5_2qh6p,,0,[],
[],,aseriousfailure,,,[],,,,text,t2_63exkvin,False,False,[],"&gt;But the fact that you just seriously asked “why do we care who arrests us” is all the evidence I need that your political beliefs don’t run much deeper than “libs mad me happy”

Explain the logic behind this stretch of a conclusion.

&amp;#x200B;

&gt;Regardless of whether you agree with what these people are doing, you should agree that they have certain inalienable rights.

Of course they do.

&gt;We’re watching the rise of fascism in real time and you’re happy about it because, for now, the feds haven’t knocked on the door of your double wide. 

Firstly, nice stereotype you got there, secondly, how are we witnessing the ""rise of fascism"" when the so-called ""dictator"" is hated by everyone.

&gt;Ask yourself the question “would I care if Obama did this?” If the answer is no - you’re just dumb. If the answer is yes - you’re dumb and racist. Either way, what you are NOT is a “conservative”.

This is stupid. Just stupid. Would I care if Obama sent in federal troops to thwart a dangerous riot in it's tracks. Yes. I would applaud him for that. Also, what else would I expect from you but the racist argument. No, race doesn't matter here, the point is, this riot in destroying the city of Portland, and Trump sent in federal troops to stop that. The fact that your gotcha statement doesn't take into account that I'm not a dumbass like you think tells me that you need debate experience.",,1595375667,{},fytjslp,False,t3_hvf5a8,False,True,t1_fyti18p,/r/Conservative/comments/hvf5a8/next_dumb_statement/fytjslp/,1595456355,3,True,False,Conservative,t5_2qh6p,,0,[],
[],,FuckboyMessiah,,,"[{'e': 'text', 't': 'One nation, indivisible'}]",,"One nation, indivisible",dark,richtext,t2_q0xz3,False,False,[],"&gt; before you bring up the pussy grabbing tape he says they let you do it implying consent.

You should be ashamed of yourself for saying this.",,1595375666,{},fytjshm,False,t3_hvhjwm,False,True,t1_fytjdjn,/r/Conservative/comments/hvhjwm/trump_wishes_ghislaine_maxwell_well/fytjshm/,1595456353,5,True,False,Conservative,t5_2qh6p,,0,[],
[],,jakefromstatefarm10,,,"[{'e': 'text', 't': 'Anti-Communist'}]",,Anti-Communist,dark,richtext,t2_82ta1,False,False,[],How is this not self awarw,,1595375661,{},fytjs8p,False,t3_hv3msi,False,True,t1_fyt6aoh,/r/Conservative/comments/hv3msi/trump_says_cuomo_must_end_nyc_crime_wave_or_he/fytjs8p/,1595456349,1,True,False,Conservative,t5_2qh6p,,0,[],
[],,KillaB33z,,,"[{'e': 'text', 't': 'Small Government Conservative'}]",,Small Government Conservative,dark,richtext,t2_eajcm,False,False,[],Touché,,1595375658,{},fytjs1t,False,t3_hv7ylu,False,True,t1_fyte4y9,/r/Conservative/comments/hv7ylu/deplatforming_works/fytjs1t/,1595456345,2,True,False,Conservative,t5_2qh6p,,0,[],
[],,Bestprofilename,,,[],,,,text,t2_3t7o3a9,False,False,[],"Okay but in the uk we didn't have slavery four generations ago, so...sort of an idiotic observation.",,1595375656,{},fytjrws,False,t3_hvd0g2,False,True,t3_hvd0g2,/r/Conservative/comments/hvd0g2/john_james_america_is_the_only_country_where_you/fytjrws/,1595456343,3,True,False,Conservative,t5_2qh6p,,0,[],
[],,Drunken_Priest,,,"[{'e': 'text', 't': 'Conservative'}]",,Conservative,dark,richtext,t2_3ldvhvo9,False,True,[],You guys get so triggered trying to defend old senile Joe.   It's funny it really is.,,1595375655,{},fytjrsv,False,t3_hvhjwm,False,True,t1_fytjj5r,/r/Conservative/comments/hvhjwm/trump_wishes_ghislaine_maxwell_well/fytjrsv/,1595456342,3,True,False,Conservative,t5_2qh6p,,0,[],
[],,Boulders025,,,[],,,,text,t2_3rn5dg0z,False,False,[],"I am still voting for Trump but to some degree I agree with op. I feel like we elected Trump to drain the swamp, not get bullied by it. He is far too worried about overstepping his powers. He recently tweeted that he would pull funding from schools for being too political and I am still holding my breath for that one. I wish he was a little less talk and a little more action. 

Still he's our best bet right now and the fact that it'll piss off the left so bad is reason enough for me to vote for him. Plus I really like his global policies, he does a good job of keeping us out of wars and drawn out occupations and I love seeing him stand up to China.",,1595375652,{},fytjrng,False,t3_hv3msi,False,True,t1_fyr5mty,/r/Conservative/comments/hv3msi/trump_says_cuomo_must_end_nyc_crime_wave_or_he/fytjrng/,1595456337,1,True,False,Conservative,t5_2qh6p,,0,[],
[],,The_Mighty_Rex,,,"[{'e': 'text', 't': 'Millennial Conservative'}]",,Millennial Conservative,dark,richtext,t2_cm7ky,False,False,[],If I remember correctly Jefferson would split CA north/south not east/west,,1595375650,{},fytjrgu,False,t3_hvahku,False,True,t1_fytgmrh,/r/Conservative/comments/hvahku/map_of_the_confederate_states_of_america_2020/fytjrgu/,1595456334,2,True,False,Conservative,t5_2qh6p,,0,[],
[],,Daddyknowsbest8,,,"[{'e': 'text', 't': 'TrumpsAlwaysRight'}]",,TrumpsAlwaysRight,dark,richtext,t2_6i73lvn5,False,False,[],Low moral people,,1595375641,{},fytjqw5,False,t3_hvcdbb,False,True,t3_hvcdbb,/r/Conservative/comments/hvcdbb/george_stephanopoulos_wife_says_she_watched_porn/fytjqw5/,1595456325,1,True,False,Conservative,t5_2qh6p,,0,[],
[],,[deleted],,,,,,dark,,,,,[],[removed],,1595375640,{},fytjquq,False,t3_hv5qou,False,True,t1_fys1vn5,/r/Conservative/comments/hv5qou/disney_and_espn_silent_on_contributor_jemele_hill/fytjquq/,1595456325,1,True,False,Conservative,t5_2qh6p,,0,[],
[],,[deleted],,,,,,dark,,,,,[],[removed],,1595375628,{},fytjq43,False,t3_hvipm8,False,True,t3_hvipm8,/r/Conservative/comments/hvipm8/donald_trump_says_he_wishes_maxwell_the_best_and/fytjq43/,1595456312,1,True,False,Conservative,t5_2qh6p,,0,[],
[],,Karmelion,,,[],,,,text,t2_6d58m,False,False,[],When was the last time you were actually a conservative?,,1595375628,{},fytjq2v,False,t3_huxeh3,False,True,t1_fysmn6w,/r/Conservative/comments/huxeh3/missouri_ag_moves_to_dismiss_charges_against/fytjq2v/,1595456311,1,True,False,Conservative,t5_2qh6p,,0,[],
[],,aggie1391,,,[],,,,text,t2_66wyn,False,True,[],"Who runs the DOJ that killed Epstein? It isn't Clinton. Not to mention she doesn't have a trail of bodies, you're a dipshit conspiracy theorist if you think that.",,1595375623,{},fytjpr2,False,t3_hvhjwm,False,True,t1_fytetmv,/r/Conservative/comments/hvhjwm/trump_wishes_ghislaine_maxwell_well/fytjpr2/,1595456305,6,True,False,Conservative,t5_2qh6p,,0,[],
[],,[deleted],,,,,,dark,,,,,[],[deleted],,1595375621,{},fytjpni,False,t3_hvipm8,False,True,t3_hvipm8,/r/Conservative/comments/hvipm8/donald_trump_says_he_wishes_maxwell_the_best_and/fytjpni/,1595456304,1,True,False,Conservative,t5_2qh6p,,0,[],
[],,easy_Money,,,[],,,,text,t2_5xlye,False,False,[],100%,,1595375616,{},fytjpbo,False,t3_hvc404,False,False,t1_fytdl93,/r/Conservative/comments/hvc404/ocasiocortez_to_introduce_bill_requiring_federal/fytjpbo/,1595456295,47,True,False,Conservative,t5_2qh6p,,0,[],
[],,saltstain007,,,[],,,,text,t2_6z1epkfa,False,False,[],"The wording could have been nicer, but yeah he’s about right.",,1595375614,{},fytjp74,False,t3_hvfhs2,False,False,t3_hvfhs2,/r/Conservative/comments/hvfhs2/aoc_claims_rep_ted_yoho_called_her_a_fking_btch/fytjp74/,1595456293,10,True,False,Conservative,t5_2qh6p,,0,[],
[],,[deleted],,,,,,dark,,,,,[],[removed],,1595375609,{},fytjouq,False,t3_hv9is2,False,True,t3_hv9is2,/r/Conservative/comments/hv9is2/michigan_school_fires_popular_teacher_for_saying/fytjouq/,1595456287,1,True,False,Conservative,t5_2qh6p,,0,[],
[],,blue4t,,,"[{'e': 'text', 't': 'Religious Right'}]",,Religious Right,dark,richtext,t2_hnavp,False,False,[],The American Dream.,,1595375597,{},fytjo2r,False,t3_hvd0g2,False,True,t3_hvd0g2,/r/Conservative/comments/hvd0g2/john_james_america_is_the_only_country_where_you/fytjo2r/,1595456276,1,True,False,Conservative,t5_2qh6p,,0,[],
[],,MisterMouser,,,[],,,,text,t2_qoybn,False,False,[],Trump should be friends with the president of Japan now. Invite President Shinzo Abe to a big fancy thank you dinner! I'm serious. This was a heroic and noble initiative they undertook that I really appreciate.,,1595375591,{},fytjnp3,False,t3_hvipws,False,False,t3_hvipws,/r/Conservative/comments/hvipws/japan_helps_87_companies_to_exit_china_after/fytjnp3/,1595456270,349,True,False,Conservative,t5_2qh6p,,0,[],
